ID,Modul,Egység,Fájltípus,Forrásfájl,Sor,Típus,Altípus,Produkciós mód,Státusz,Készültségi akadály,Cím,Mit kell gyártani,Miért (cél),Forrásblokk,Felmondandó / generálandó szöveg (élő forrásból),Forrás-hash,Alt-forrásblokk,Alt-szöveg (élő forrásból),A11y,Eredet,Eredet-megjegyzés,Tech-spec,Derivatívák,Deliverable-ek,Újrahasznosítás célja,Összetevők (kompozit),Külső forrás,Blokkolók,Produkciós szabályok,Emberi döntés,Megjegyzés,Spec-hash,Régi ID-k,Release-fázis (Q-MED-1),Fallback,Végleges fallback
M0.1-DIA-01,M0,M0.1,online-lecke,02 Tervezet/Modulok/M0/Online leckék/M0.1 – Üdv a képzésben! – Éves útiterv & mi köze hozzám.md,132,diagram,,legyártandó,specifikáció kész,,Éves útiterv idővonal (M0→M7→Z),"Horizontális vagy lépcsős idővonal-diagram a 9 állomással: M0, M1, M2, M3, M4, M5, M6, M7, Z. Minden állomásnál a modul kódja + rövid címe (a SLIDE 2 diaszövege alapján, pl. ""M0 – Kickoff, keret, technika""). Mobil-first elrendezés (függőleges lépcsőként mobilon is olvasható). Az animáció (állomások szekvenciális megjelenése) opcionális, statikus SVG is megfelelő.","Megmutatni, hogy van strukturált éves ív (SLIDE 2, „Cél”); vizuálisan átláthatóvá teszi a teljes képzés útját.",,,,,,"visual: informative; alt_note: a lecke előírja az alt-szöveget, de a végleges szöveget a legyártott vizuál alapján kell megírni; note: Kell szöveges leirat / alt a 9 állomás kódjával és címével (lásd M0.1-DIA-01).",AI-generált,AI-generált,"note: SVG (opcionálisan animált szekvenciális reveal); mobil-first, 9 csomópont; reszponzív álló/fekvő arány",alt-text,"M0.1-DIA-01, M0.1-DIA-01::ALTTEXT",,,,,"R1, R5",,"Modulnevek/címek forrása: a SLIDE 2 diaszövege. SLIDE 2 tiszta Input, nincs interakció (lásd a dia záró megjegyzését).",efd3544098e42ea90dad0f9b4b3142549c28cc0ffefaa1b05be4b60e80a2a4be,asset: M0.1-DIA-01 | transcript: M0.1-LEI-01,,,
M0.1-IKO-01,M0,M0.1,online-lecke,02 Tervezet/Modulok/M0/Online leckék/M0.1 – Üdv a képzésben! – Éves útiterv & mi köze hozzám.md,63,icon-set,,legyártandó,specifikáció kész,,Hook-ikon: útiterv / térkép / lépcső,"Egyetlen, egyszerű, letisztult ikon az ""Üdv a madrihképzésben!"" cím (SLIDE 1, „Vizualitás”) alá: útiterv / térkép / lépcső motívum, amely a fejlődési utat szimbolizálja. Mobil-first, jól skálázódó, lapos stílus.","Érzelmi belépés, ráhangolás (SLIDE 1, „Cél”); vizuálisan jelzi, hogy a képzés egy út/útiterv, amin a tanuló elindul.",,,,,,"visual: informative; alt_note: a lecke előírja az alt-szöveget, de a végleges szöveget a legyártott vizuál alapján kell megírni; note: Kell alt-szöveg (lásd M0.1-IKO-01::ALTTEXT).",AI-generált,AI-generált,"note: SVG (vagy PNG transzparens háttérrel), mobil-first, ~512px, lapos/letisztult vonalas stílus",alt-text,"M0.1-IKO-01, M0.1-IKO-01::ALTTEXT",,,,,"R1, R5",,"Dekoratív-szimbolikus, de tartalmat hordoz (út/fejlődés metafora), ezért külön asset. SLIDE 1 vizualitás.",d5e98dc532c1d0fe6f1940d30510976dd880a511193a0ed4d0bbaf3dd1a40c46,asset: M0.1-IKO-01 | alt-text: M0.1-ALT-01,,,
M0.1-IKO-02,M0,M0.1,online-lecke,02 Tervezet/Modulok/M0/Online leckék/M0.1 – Üdv a képzésben! – Éves útiterv & mi köze hozzám.md,211,icon-set,,legyártandó,specifikáció kész,,"3 ígéret-ikon (kézfogás, létra, pajzs)","Három összehangolt stílusú ikon a három ígérethez (SLIDE 3, „Szöveg a dián”): (1) kézfogás = ""Nem vagy egyedül"", (2) létra = ""fejlődési út, nem vizsga"", (3) pajzs = ""Számít a hangod"". Egységes ikon-készlet, mobil-first. A forrás ""pl."" megjegyzése jelzi, hogy a motívumok cserélhetők, de a 3 ígérethez illeszkedjenek.","A 3 ígéret vizuális megerősítése, biztonságérzet közvetítése (SLIDE 3, „Cél”).",,,,,,"visual: informative; alt_note: a lecke előírja az alt-szöveget, de a végleges szöveget a legyártott vizuál alapján kell megírni; note: Kell alt-szöveg mindhárom ikonhoz (lásd M0.1-IKO-02::ALTTEXT).",AI-generált,AI-generált,"note: SVG (vagy PNG transzparens), 3 db egységes stílus, ~256-512px, mobil-first",alt-text,"M0.1-IKO-02, M0.1-IKO-02::ALTTEXT",,,,,"R1, R5",,"3 bullethez tartozik, lásd a SLIDE 3 diaszövegét.",c274943a3b8ab8eb22e72ba3d6fcebbbc2fb5c62a52b82cd7bb97a0b3bad3bc3,asset: M0.1-IKO-02 | alt-text: M0.1-ALT-03,,,
M0.2-DIA-01,M0,M0.2,online-lecke,"02 Tervezet/Modulok/M0/Online leckék/M0.2 – Madrih, nem terapeuta – szerepek és elvárások.md",292,diagram,,legyártandó,specifikáció kész,,SLIDE 4 jelzési folyamatábra: az ötlépéses jelzési út (észreveszem → meghallgatom → nem nyomozok → bevonom a Memunát → közvetlen veszélynél 112),"Ötlépcsős, balról jobbra (mobilon felülről lefelé) folyamatábra 5 csomóponttal és nyilakkal, a SLIDE 4 öt lépésének szövegével, ugyanebben a sorrendben: 1) Észreveszem, és komolyan veszem, 2) Meghallgatom, és nem ígérek teljes titoktartást, 3) Nem nyomozok, nem konfrontálok, és nem próbálom egyedül megoldani, 4) Azonnal bevonom a kijelölt Memunát (összeférhetetlenség esetén a név szerint kijelölt helyettesét), 5) Közvetlen veszélynél előbb a biztonság és a 112, utána a belső jelzés. Egyszerű, tiszta vizuális nyelv, opcionálisan lépésenkénti megjelenítés.","A 'madrih, nem terapeuta' kulcs-logikát egyetlen lineáris jelzési útvonalként teszi megjegyezhetővé; megerősíti, hogy a madrih nem egyedül old meg, hanem jelez.",,,,,,"visual: informative; alt_note: a lecke előírja az alt-szöveget, de a végleges szöveget a legyártott vizuál alapján kell megírni; note: Alt-szöveg / szöveges leirat kell a folyamat sorrendjéről (lásd M0.2-DIA-01::ALTTEXT)",AI-generált,AI-generált,"note: diagram/ábra, mobil-first reszponzív elrendezés (vízszintes→függőleges), magyar feliratokkal; ha animált, lépésenkénti feltűnés",alt-text,"M0.2-DIA-01, M0.2-DIA-01::ALTTEXT",,,,,"R1, R5",,"Megegyezik a dia 1–5 számozott szöveges lépéseivel (SLIDE 4, „Szöveg a dián”).",cc9fe3154209d928926c6a214c4783c1b1417147e3b14d357e9de7cd0234651a,asset: M0.2-DIA-01 | alt-text: M0.2-ALT-03,,,
M0.2-DIA-02,M0,M0.2,online-lecke,"02 Tervezet/Modulok/M0/Online leckék/M0.2 – Madrih, nem terapeuta – szerepek és elvárások.md",135,diagram,,legyártandó,specifikáció kész,,SLIDE 2 kétoszlopos összevetés: „Madrihként csinálom” vs. „Nem (csak) az én feladatom”,"Kétoszlopos összehasonlító vizuális elrendezés/sablon a madrih-felelősség kontrasztjához: bal oszlop „Madrihként csinálom” (keret-tartás, peula/Zmán Kvuca, hangulat-figyelés, jelzés red flag esetén), jobb oszlop „Nem (csak) az én feladatom” (terápia, egyedüli döntés súlyos ügyben, 0–24 ügyelet, az egész ken vitele). Mobil-first reszponzív (oszlopok egymás alá rendeződnek); a két oszlopot vizuális kontraszt (szín/ikon) különböztesse meg.","A SLIDE 2 alap szerep-tisztázását (mit csinál / mit NEM csinál a madrih) egyetlen, gyorsan átlátható kontraszt-vizuálban rögzíti.",,,,,,"visual: informative; alt_note: a lecke előírja az alt-szöveget, de a végleges szöveget a legyártott vizuál alapján kell megírni; note: Alt-szöveg / szöveges leirat kell a két oszlop tartalmáról és a kontrasztról (lásd M0.2-DIA-02::ALTTEXT)",AI-generált,AI-generált,"note: kétoszlopos összevető diagram/sablon, magyar feliratok, mobil-first reszponzív (vízszintes→függőleges); a tartalom-szöveg a SLIDE 2 diaszövegéből",alt-text,"M0.2-DIA-02, M0.2-DIA-02::ALTTEXT",,,,,"R1, R5",,"A forrásban explicit „Vizualitás” elem (SLIDE 2), a többi dia vizuáljaival párhuzamos legyártandó asset. Az oszlopok szöveg-tartalma a SLIDE 2 diaszövegében.",db1e4ad8f1a2de69698b50b140f70e2f12ee7f9bd29f7caf4fc1160be387c3e9,asset: M0.2-DIA-02 | alt-text: M0.2-ALT-04,,,
M0.2-EGY-01,M0,M0.2,online-lecke,"02 Tervezet/Modulok/M0/Online leckék/M0.2 – Madrih, nem terapeuta – szerepek és elvárások.md",210,other,h5p-interaction,legyártandó,specifikáció kész,,Akadálymentes iframe-cím és fókusz-spec a SLIDE 3 interakcióhoz,"Beszédes magyar iframe-cím és akadálymentes konfiguráció a SLIDE 3 Multiple Choice (egyválaszos, rádiógombos) elemeihez: ≥24 px érintőfelület, látható fókusz, billentyűzettel végigvihető, húzásmentes. Drag & Drop csak kiegészítő feladatként kerülhet be, kötelező húzásmentes alternatívával (Matching / Single Choice), ugyanazzal a 4 helyzettel (a SLIDE 3 kérdései).",Az M0 puha kapu completion-eleme akadálymentes legyen (LMS-sztenderd §3 + KAPUS pre-flight); képernyőolvasóval és billentyűzettel is teljesíthető.,,,,,,note: —,emberi,emberi-felvétel,"note: H5P iframe cím (magyar), fókusz-stílus, ≥24px touch target; H5P Multiple Choice konfig (egyválaszos mód, válaszonkénti visszajelzés)",,M0.2-EGY-01,,,,,,,"Nem dekoratív vizuál, hanem kötelező a11y-spec az interaktív elemhez. A 4 helyzet a SLIDE 3 kérdéseiben; a 2. (otthoni bántalmazás) nem alkudható safeguarding-reflex (lásd a SLIDE 3 fejlesztői megjegyzését).",098b92bf89fd2b4193ca0f76805fb875f625bbf4deae4b61ff1721e57daf6ac7,asset: M0.2-EGY-01,,,
M0.2-IKO-01,M0,M0.2,online-lecke,"02 Tervezet/Modulok/M0/Online leckék/M0.2 – Madrih, nem terapeuta – szerepek és elvárások.md",66,icon-set,,legyártandó,specifikáció kész,,SLIDE 1 hook-ikonok: barát / tanár / szuperhős,"3 db egyszerű, egységes stílusú ikon a 'madrih' szereptévképzeteihez: barát (kézfogás), tanár (könyv), szuperhős (köpenyes figura). Mobil-first, egyforma vizuális nyelv, a cím („Miben vagy madrih, és miben nem?”) alá rendezve.","Ráhangolás: vizuálisan érzékelteti, hogy a madrih szerep nem = mindenért felelős hős; a háromféle szerepkép gyorsan felidézi a tévhiteket.",,,,,,"visual: informative; alt_note: a lecke előírja az alt-szöveget, de a végleges szöveget a legyártott vizuál alapján kell megírni; note: Mindegyik ikonhoz alt-szöveg kell (lásd M0.2-IKO-01::ALTTEXT)",AI-generált,AI-generált,"note: 3 ikon, vektoros/PNG, egységes stílus, mobil-first méret, transzparens háttér ajánlott",alt-text,"M0.2-IKO-01, M0.2-IKO-01::ALTTEXT",,,,,"R1, R5",,"Összetartozik a SLIDE 1 hook-kal; a cím dia-szöveg (SLIDE 1, „Vizualitás”). Stílusban egyezzen M0.2-IKO-02-vel.",fb3c1fc457e2b8af8cf585752e79dea682cd6512fb0bb7f77cbe7f4280f19e8a,asset: M0.2-IKO-01 | alt-text: M0.2-ALT-01,,,
M0.2-IKO-02,M0,M0.2,online-lecke,"02 Tervezet/Modulok/M0/Online leckék/M0.2 – Madrih, nem terapeuta – szerepek és elvárások.md",369,icon-set,,legyártandó,specifikáció kész,,SLIDE 5 dugma isit ikonok: kör / chat / kulissza,"3 db kis ikon a dugma isit három színteréhez: kör/kvuca (peulán), chat-buborék (online/csoportchat), kulissza/színpad mögötti (stáb, felfelé). Egységes stílus a SLIDE 1 ikonokkal harmonizálva.","Vizuálisan tagolja a dugma isit három kontextusát (offline kvuca, online, stáb); segíti a 'példa vagyok mindenhol' üzenet rögzülését.",,,,,,"visual: informative; alt_note: a lecke előírja az alt-szöveget, de a végleges szöveget a legyártott vizuál alapján kell megírni; note: Mindegyik ikonhoz alt-szöveg kell (lásd M0.2-IKO-02::ALTTEXT)",AI-generált,AI-generált,"note: 3 ikon, vektoros/PNG, egységes stílus, mobil-first méret",alt-text,"M0.2-IKO-02, M0.2-IKO-02::ALTTEXT",,,,,"R4, R1, R5",,"Cím a dián: 'Dugma isit – nem csak peulán' (SLIDE 5, „Vizualitás”). Stílusban egyezzen M0.2-IKO-01-gyel.",a00bab93539c35c0f8aa15c35a862736fc446758de73c2bc8b50e646a39b936b,asset: M0.2-IKO-02 | alt-text: M0.2-ALT-02,,,
M0.3-FOTO-01,M0,M0.3,online-lecke,"02 Tervezet/Modulok/M0/Online leckék/M0.3 – Hogyan működik a Moodle, H5P és a kapu.md",96,photo,,legyártandó,jogtisztázás alatt,,Moodle-kurzus főoldal screenshot (modul-lista),"Valós képernyőkép a Moodle-kurzus főoldaláról, amin fentről lefelé sorban látszanak a modulok (M0, M1, M2, …, M7, Z), a modulnevek/kódok, és a befejezett elemeket jelző kis pipák. Mobil-first beágyazás a diára. A screenshotba égetett feliratok (modulnevek, kódok) a diaszövegben (SLIDE 2, „Szöveg a dián”) is olvashatók maradnak.","A kurzus-szerkezet megértése, hogy ne legyen „rejtélyes” a felület: a tanuló tudja, hol találja a modulokat, leckéket, peulákat és kapukat.",,,,M0.3-FOTO-01-ALT#1,"A Moodle-kurzus főoldala. A modulok fentről lefelé sorban: M0, M1, M2, …, M7, Z. Minden modul címe mellett pipa jelzi a befejezett elemeket.","visual: informative; note: Kötelező érdemi alt-szöveg (lásd M0.3-FOTO-01::ALTTEXT). A kulcsszöveg nem maradhat csak képbe égetve – a kurzusstruktúra a diaszövegben (SLIDE 2, „Szöveg a dián”) is megjelenik.",emberi,emberi-felvétel,"note: PNG/JPG képernyőkép, mobil-first arány, a végleges Moodle-felület alapján; kis kijelzőn is olvasható felbontás.",alt-text,"M0.3-FOTO-01, M0.3-FOTO-01::ALTTEXT",,,,"R7, R8","R7, R8",,"Az egyetlen ténylegesen beágyazott vizuális a leckében (a lecke szövegslide-okból + 1 screenshotból áll, lásd a lecke meta „Eszköz” sorát). Szövegekvivalense: M0.3-FOTO-01::ALTTEXT + a SLIDE 2 diaszövege.",314392472bc505f6a5eedbe2e3610f3ee90a0c9cac51b082631e677ee47b2c52,asset: M0.3-FOTO-01 | alt-text: M0.3-ALT-01,A,"Stagingben szöveges navigáció: a SLIDE 2 diaszövege (a kurzusstruktúra) és az alt-szöveg; a valós képernyőkép csak a staging build után, a stabil célfelületről készül (R7; RELEASE-MEDIA-STATUS 3.2).",
M0.4-DIA-01,M0,M0.4,online-lecke,02 Tervezet/Modulok/M0/Online leckék/M0.4 – Dugma isit az online térben + bemutatkozó fórum.md,339,diagram,,legyártandó,specifikáció kész,,3 egyszerű online szabály – kártyás összegző diagram,"Három, számozott szabálykártyából álló, megjegyezhető összegző ábra/diagram, mindegyik kártya egy rövid címszabállyal és kísérőikonnal. Az 1. kártyán a csatornaszabály is szerepeljen (hanihnak szervezeti csatornán, nem személyes közösségimédia-fiókról; kettesben zajló helyzet csak indokolt esetben, átlátható módon és egy másik felelős tudtával). A 2. szabálynál (red flag) vizuális kiemelés a gyermekvédelmi jelzés fontosságára, a Memuna azonnali bevonásával és a 112-es ággal (közvetlen veszélynél előbb a biztonság és a 112, utána a belső jelzés).","Rövid, emlékezetes formába önti a 3 szabályt; ez a lecke fő tudás-takeaway-je, amelyre az 5. és 7. slide visszahivatkozik.",,,,,,"visual: informative; alt_note: a lecke előírja az alt-szöveget, de a végleges szöveget a legyártott vizuál alapján kell megírni; note: Leirat/alt-szöveg kötelező: a 3 szabály teljes szövege géppel olvasható formában is. → lásd M0.4-DIA-01::ALTTEXT. Animáció ne legyen az egyetlen információforrás.",AI-generált,AI-generált,note: Mobil-first álló elrendezés; SVG vagy könnyű H5P-animáció (kártyák egyenként megjelenése); olvasható tipográfia; kontrasztos. Statikus fallback kötelező.,alt-text,"M0.4-DIA-01, M0.4-DIA-01::ALTTEXT",,,,,"R1, R5",,Újrahasznosítható print-poszterként → M0.4-POSZ-01 ugyanezt a tartalmat vigye.,7d24bd59338726c956f7cd899a09178fd16953cbae3c62da37c1838f2666973e,asset: M0.4-DIA-01 | alt-text: M0.4-ALT-04,,,
M0.4-IKO-01,M0,M0.4,online-lecke,02 Tervezet/Modulok/M0/Online leckék/M0.4 – Dugma isit az online térben + bemutatkozó fórum.md,65,icon-set,,legyártandó,specifikáció kész,,Online-felület ikonkészlet (chat / insta / messenger / Moodle-komment),"Egységes, lapos ikonkészlet a visszatérő online terekhez: csoportchat (Messenger/WhatsApp/Discord jellegű buborék), insta-sztori/DM, online játék / voice chat, Moodle/tanulási platform komment. Min. 4-5 ikon egy stíluscsaládban.",Vizuális konzisztencia a slide-okon át; az online terek gyors felismerhetősége a felsorolásokban és a Multi Choice opcióknál (SLIDE 1).,,,,,,"visual: informative; alt_note: a lecke előírja az alt-szöveget, de a végleges szöveget a legyártott vizuál alapján kell megírni; note: Dekoratív kísérőként aria-hidden; ahol önállóan jelentést hordoz, ott rövid alt-szöveg az adott felület nevével.",AI-generált,AI-generált,"note: SVG, egységes vonalvastagság és színpaletta, min. 64×64 px-en is olvasható; mobil-first méretezés; világos és sötét háttéren is működjön.",alt-text,"M0.4-IKO-01, M0.4-IKO-01::ALTTEXT",,,,,"R4, R1, R5",,A márka/színvilág passzoljon a többi M0-lecke vizuáljához.,e2327f6a5f07cf6e48f5fe41719c12d8ecced3f31612d3124ac9c3a3229594ec,asset: M0.4-IKO-01,,,
M0.4-ILL-01,M0,M0.4,online-lecke,02 Tervezet/Modulok/M0/Online leckék/M0.4 – Dugma isit az online térben + bemutatkozó fórum.md,101,illustration,,legyártandó,specifikáció kész,,Hook-vizuál: a kvuca online terei a telefonon,"Mobil-first illusztráció: egy telefon képernyője, rajta a négy online érintkezési felület (csoportchat-buborékok, insta-sztori kör, privát üzenet, Moodle-komment) körbeölelve egy madrih-figurát. Hangulata: itt is jelen vagy madrihként.","Ráhangolás: vizuálisan érzékelteti, hogy az online tér ugyanúgy a madrih-szerep része; konkretizálja a négy felsorolt teret.",,,,,,"visual: informative; alt_note: a lecke előírja az alt-szöveget, de a végleges szöveget a legyártott vizuál alapján kell megírni; note: Alt-szöveg kötelező: röviden leírja a telefont és a négy online felületet (chat, insta, privát üzenet, Moodle-komment) madrih-jelenléttel. → lásd M0.4-ILL-01::ALTTEXT",AI-generált,AI-generált,"note: Álló/portré arány (9:16 vagy 4:5), mobil-first; PNG/SVG, H5P slide-háttér felett olvasható szöveggel; semleges, mozgalmi-barát stílus, nem fotorealisztikus.",alt-text,"M0.4-ILL-01, M0.4-ILL-01::ALTTEXT",,,,,"R4, R1, R5",,"Ha az ikon-készlet (M0.4-IKO-01) elkészül, abból építkezzen a vizuál a konzisztenciáért.",8dfa70ac3a31fda4a4d4c8672bf3d0af1905ec0f60e68b4d8d6d1d7c7d030355,asset: M0.4-ILL-01 | alt-text: M0.4-ALT-01,,,
M0.4-ILL-02,M0,M0.4,online-lecke,02 Tervezet/Modulok/M0/Online leckék/M0.4 – Dugma isit az online térben + bemutatkozó fórum.md,177,illustration,,legyártandó,specifikáció kész,,Online szituációk – 4 problémahelyzet jelenetképe,"Négy kis jelenet-illusztráció (vagy egy 4-paneles tabló) a négy tipikus problémahelyzetről: csoportchat-szívatás, késő esti SOS-üzenet (óra hajnali 1-et mutat), kínos insta-sztori, tiszteletlen Moodle-komment. Érzékeny, nem kifigurázó ábrázolás.","Konkretizálja a négy tipikus online helyzetet, ahol a dugma isit kérdésessé válik; segíti a Single Choice döntést (SLIDE 2).",,,,,,"visual: informative; alt_note: a lecke előírja az alt-szöveget, de a végleges szöveget a legyártott vizuál alapján kell megírni; note: Alt-szöveg kötelező mind a 4 jelenethez (a négy helyzet rövid leírása). → lásd M0.4-ILL-02::ALTTEXT. Bántalmazás/önsértés témánál tartalmi érzékenység.",AI-generált,AI-generált,"note: 4 panel vagy 4 különálló kép, mobil-first álló arány; PNG/SVG; egységes stílus az M0.4-IKO-01 ikonkészlettel; szöveg nélkül vagy minimál felirattal (a szöveg a dián van).",alt-text,"M0.4-ILL-02, M0.4-ILL-02::ALTTEXT",,,,,"R4, R1, R5",,"Kerülni a sztereotip vagy stigmatizáló ábrázolást, főleg a 2. (mentális nehézség) helyzetnél.",3eb86834e4cdc37fb7878268d9002955b79570e382792f1d0161b76dc5d8e040,asset: M0.4-ILL-02 | alt-text: M0.4-ALT-02,,,
M0.4-ILL-03,M0,M0.4,online-lecke,02 Tervezet/Modulok/M0/Online leckék/M0.4 – Dugma isit az online térben + bemutatkozó fórum.md,250,illustration,,legyártandó,specifikáció kész,,„Dugma isit vagy sem?” – 3 döntéshelyzet vizuál,"Három kísérő mini-vizuál a SLIDE 3 három helyzetéhez (chat-szívatás, késő esti SOS-üzenet, insta-sztori), amelyek vizuálisan keretezik az A/B döntést. Semleges, hogy ne sugallja a helyes választ.","Segíti a tanulót ráérezni, mi számít dugma isit reakciónak online; vizuális horgony a 3 helyzethez.",,,,,,"visual: informative; alt_note: a lecke előírja az alt-szöveget, de a végleges szöveget a legyártott vizuál alapján kell megírni; note: Alt-szöveg kötelező mindhárom helyzethez (a helyzet semleges leírása, a megoldás elárulása nélkül). → lásd M0.4-ILL-03::ALTTEXT",AI-generált,AI-generált,"note: 3 kép, mobil-first; PNG/SVG; konzisztens az M0.4-ILL-02 stílusával; chat-buborék mockup formátum is megfelelő.",alt-text,"M0.4-ILL-03, M0.4-ILL-03::ALTTEXT",,,,,"R4, R1, R5",,"Nem jelölheti vizuálisan a ✅ helyes választ (a SLIDE 3 három helyzeténél), különben elrontja a feladatot.",88bec4e1407977c9eabffc2c46cabce683c8640ca2f24b9fe9617ff70add8220,asset: M0.4-ILL-03 | alt-text: M0.4-ALT-03,,,
M0.4-POSZ-01,M0,M0.4,online-lecke,02 Tervezet/Modulok/M0/Online leckék/M0.4 – Dugma isit az online térben + bemutatkozó fórum.md,377,poster,,legyártandó,specifikáció kész,,„3 egyszerű szabály online” – nyomtatható poszter/kártya,"A 3 online dugma isit szabály nyomtatható poszter/kártya formában (madrihoknak kitehető vagy peulán használható emlékeztető). Ugyanaz a három szabály, mint a SLIDE 4 / M0.4-DIA-01.",Offline-online összhang: a kickoff-peulához (lásd a SLIDE 7 „Kapcsolat a kickoff-peulához” bekezdését) kapcsolódva fizikai emlékeztetőként is elérhető a 3 szabály.,,,,,,"note: Nagy kontraszt, min. 12 pt törzsszöveg; nyomtatott alt nem értelmezett, de a digitális megosztott PDF-hez tagged-PDF ajánlott.",AI-generált,AI-generált,"note: A4 és A5 (kártya) méret, CMYK, print-ready PDF; nagy kontraszt; a digitális diagram (M0.4-DIA-01) vizuális nyelvével konzisztens.",print-pdf,"M0.4-POSZ-01, M0.4-POSZ-01::PRINTPDF",,,,,"R1, R5",,"Opcionális származtatott asset; csak ha a print-vonal igényelt. Ha nem, törölhető.",7d4b62840fcc71f107ed53ad6a1de4e4ac10f6b52646e0e29f95e67fafa0b152,asset: M0.4-POSZ-01,,,
M0.A-EGY-01,M0,M0.A,peula,02 Tervezet/Modulok/M0/Peulák/M0.A – Kickoff & ismerkedés + közös keret.md,163,other,,legyártandó,specifikáció kész,,Zárókör induló-szavainak rögzítése (képzői jegyzet a Z.A-hoz),"A zárókörben elhangzott induló-szavak/rövid mondatok név nélküli szöveges rögzítése cetlire, a stáb-dossziéba archiválva. A Z.A peula erre köt vissza („milyen szóval indultatok – és milyen szóval érkeztetek meg”). Egy egyszerű sablon/jegyzetlap (cím + üres sorok) elősegítheti a rögzítést.","Megőrzi a kvuca indulási hangulatát/szavait a Z-modul záró visszacsatolásához; a forrás kötelező dokumentációs deliverable-ként írja elő, mert utólag csak emlékezetből pótolható.",,,,,,"note: Szöveges artefaktum; ha digitálisan archiválják, kereshető szöveges formátum ajánlott.",emberi,emberi-felvétel,note: Kézzel írt cetli (esetleg fél A5 jegyzetsablon: „Induló-szavak – M0.A” cím + sorok). Digitális/papír archívum a stáb-dossziéban. Magyar nyelv.; production_phase: trainer-at-runtime,,M0.A-EGY-01,,,,,,,"Leválasztva a korábbi M0.A-FOTO-01-ről (ott a location/lineRef tévesen vegyítette a plakátfotót és a szöveges induló-szó-rögzítést). Borderline: maga a felvétel képzői akció, de a tananyag explicit deliverable-ként írja elő, ezért assetként felvéve. A `technical.production_phase: trainer-at-runtime` azt rögzíti, hogy ez a tétel a peula KÖZBEN keletkezik: a zárókörben ténylegesen elhangzott szavakat kell rögzíteni, tehát központilag, előre nem gyártható. A követelmény változatlanul kötelező, csak a produkciós tervben nem a „most gyártható” kötegben áll.",86344f19f7aef037ee4625874ce62c4a1be921145785aa830dc1da0c73e85a47,asset: M0.A-EGY-01,,,
M0.A-FOTO-01,M0,M0.A,peula,02 Tervezet/Modulok/M0/Peulák/M0.A – Kickoff & ismerkedés + közös keret.md,257,photo,,legyártandó,jogtisztázás alatt,,Kvuca-plakátok archív fotói (Z.A modulhoz),"Nem alapút: a felvétel nélküli megőrzés (felgöngyölt plakát a stáb-dossziéban) az alapértelmezés (HUM-PRIV-02), fotó csak akkor készül, ha a plakát fizikailag nem őrizhető meg. Ilyenkor: a peula után a képző által készített dokumentáló fotók minden kitöltött kvuca-plakátról (Mit várok / Mitől félek / Mit hozok), archiválásra a stáb-dossziéba / digitálisan, a Z.A záró peulához. Nem AI-generált, hanem helyszíni emberi felvétel. Fotózás előtt kötelező adatellenőrzés a peula-leírás 6. lépése szerint: név, elérhetőség vagy érzékeny személyes tartalom nem kerülhet a képre, és a háttérben sem lehet gyerek; feltöltés ellenőrzött tárhelyre (stáb-dosszié / kijelölt tárhely, nem privát galéria), majd törlés a saját eszközről; a cél, a jogalap, a hozzáférés, a megőrzés és a törlés rögzítendő; a kitakarás mellett a fotóhoz külön, önkéntes hozzájárulás kell (18 év alatt a résztvevő és a gondviselő együtt adja, 18 év felett a résztvevő), és a fotó a cél teljesüléséig, legfeljebb 90 napig őrizhető meg, hacsak nincs külön archiválási hozzájárulás (`Adatvédelem – tanulói adatok és AI.md` §3; HUM-PRIV-02; médiakapu: RIGHTS-EVIDENCE R8-2 / D8).",Megőrzi a kvuca induló várakozásait/félelmeit a Z-modul visszacsatolásához („mi valósult meg”); a tananyag-ívhez kötött dokumentációs deliverable.,,,,,,"visual: informative; alt_note: a lecke előírja az alt-szöveget, de a végleges szöveget a legyártott vizuál alapján kell megírni; note: Mivel kézírásos plakátokról készül, az archiváláshoz ajánlott rövid szöveges leirat/átirat is a kereshetőséghez – nevek és azonosítók nélkül, a fotóra vonatkozó szabály szerint (HUM-PRIV-02).",emberi,emberi-felvétel,"note: Telefonos fotó, plakátonként 1, olvasható felbontásban; digitális archívum / stáb-dosszié. Élő helyszíni felvétel.; production_phase: trainer-at-runtime",alt-text,"M0.A-FOTO-01, M0.A-FOTO-01::ALTTEXT",,,,R8,R8,,"Képzői feladat, nem előre legyártott; a tananyag nem kötelező deliverable-ként, hanem csak a fizikai plakát megőrzésének alternatívájaként írja elő (a felvétel nélküli megőrzés az alapút). A korábbi listában ide volt összevonva az induló-szavak rögzítése is – ezt M0.A-EGY-01-ként leválasztottam, mert külön artefaktum (szöveges jegyzet, nem fotó). A `technical.production_phase: trainer-at-runtime` ugyanazt rögzíti, amit a jegyzet eddig is mondott („Képzői feladat, nem előre legyártott”): a fotók – ha készülnek – a peula után, a kitöltött plakátokról készülnek, tehát nem központi előgyártás. Az R8 bizonyíték-követelmény változatlanul érvényes rá.",df1bc824fad8ad8ab3c5abd5ee91d64d4714457cdd7ca7a3fef004cb9eadf500,asset: M0.A-FOTO-01,A,"Felvétel nélküli megőrzés: a kitöltött kvuca-plakát fizikailag, a stáb-dossziéban (HUM-PRIV-02 alapértelmezés); a Z.A visszakötéséhez a képzői jegyzet az adatminimalizált fallback (RELEASE-MEDIA-STATUS 3.2).",igen
M0.A-KART-01,M0,M0.A,peula,02 Tervezet/Modulok/M0/Peulák/M0.A – Kickoff & ismerkedés + közös keret.md,97,card-set,,legyártandó,specifikáció kész,,Red-flag mini-protokoll kártya a képzőnek,"Képzőnek szóló, kéznél tartható segédkártya a 2.4 szakasz 4 lépéses red-flag protokolljával: 1) vedd komolyan, de ne tedd reflektorfénybe; 2) adj kiutat és teret (csendes sarok / szünet; felkavart kiskorú résztvevőt nem küldünk ki egyedül: a kijelölt biztonságos helyen egy felnőtt vele van); 3) tereld vissza a kört egy kész mondattal – a peula utáni beszélgetés csak a 2.2 (Tér) pont szerinti diszkrét, de átlátható helyzetben történhet: kettesben csak indokolt esetben, átlátható módon és egy másik felelős tudtával (HUM-SAFE-02), teljes titoktartás ígérete nélkül; 4) a 2.4 szakasz 4. lépésének teljes szövege szó szerint, rövidítés nélkül – a kiváltó feltétellel, a Memuna azonnali bevonásával, a 112-es ággal és a „ne hagyd egyedül…” mondattal együtt. Tartalmazza a kész „Köszönöm, hogy ezt megosztottad…” mondatot és a titoktartás határát kimondó „Fontos, amit elmondtál…” mondatot (2.4, 3. lépés), valamint az összeférhetetlenségi utat: a Memuna név szerint kijelölt helyettesét (2.4, a lépések utáni pont). Más, kitalált tartalékláncot nem tartalmaz.","Krízishelyzetben gyorsan elérhető, az improvizációt helyettesítő támasz a képzőnek; biztonsági protokoll betartását segíti.",,,,,,"note: Print artefaktum; tiszta tipográfia, kiemelt kulcslépések.",vegyes,vegyes,"note: A5 / A6 kártya, egy- vagy kétoldalas, számozott lépések + kiemelt idézet-mondat; laminálható. Magyar nyelv.",print-pdf,"M0.A-KART-01, M0.A-KART-01::PRINTPDF",,,,,"R1, R5",,,08c02e20bd1504b5a8fbf9652b57147b2715df69046557212bcadafd8f2e3c91,asset: M0.A-KART-01,,,
M0.A-KART-02,M0,M0.A,peula,02 Tervezet/Modulok/M0/Peulák/M0.A – Kickoff & ismerkedés + közös keret.md,51,card-set,,legyártandó,specifikáció kész,,Képzői kártya biztonsági mondatokkal,"Kis segédkártya a képzőnek 2 előkészített biztonsági mondattal a megosztás önkéntességéről és a kiszállás lehetőségéről: „Nem kötelező mély vagy nagyon személyes dolgot megosztani – annyit mondasz, amennyi neked most oké.” + „Ha valami nagyon betalál, nyugodtan mondhatod, hogy erről most nem szeretnél beszélni, vagy jelezhetsz, hogy beszéljünk róla később külön.”. A „később külön” beszélgetés csak a 2.2 (Tér) pont szerinti diszkrét, de átlátható helyzetben történhet: kettesben csak indokolt esetben, átlátható módon és egy másik felelős tudtával (HUM-SAFE-02); a kártya ezt a második mondat alatt röviden jelezze. (Rokon, de eltérő megfogalmazás áll a Blokk 2 biztonsági keretében (4.2, 1. lépés) és a képzői ellenőrző lista 4. pontjában; a változatok még nincsenek egységesítve.)","Biztosítja, hogy a képző a kritikus pillanatokban kéznél lévő, jól megfogalmazott biztonsági mondatokkal tudja kommunikálni a megosztás önkéntességét.",,,,,,"note: Print artefaktum; kiemelt, olvasható idézetek.",vegyes,vegyes,"note: A6 kártya / a red-flag kártya hátoldala, 2 kiemelt idézet-mondat. Magyar nyelv.",print-pdf,"M0.A-KART-02, M0.A-KART-02::PRINTPDF",,,,,"R1, R5",,Összevonható M0.A-KART-01-gyel egy kétoldalas képzői segédkártyaként.,3cfc0e545122295dc49cfd867e8e3e8bcf341a17ce93725e44f006dc09645826,asset: M0.A-KART-02,,,
M0.A-MUNK-01,M0,M0.A,peula,02 Tervezet/Modulok/M0/Peulák/M0.A – Kickoff & ismerkedés + közös keret.md,297,worksheet,,legyártandó,specifikáció kész,,Kvuca-plakát 3 rubrikás sablon (Mit várok / Mitől félek / Mit hozok),"Nagyméretű (csomagolópapír / A1) kitölthető plakát-sablon három rubrikával/oszloppal: „Mit várok?” (mit adjon a képzés), „Mitől félek / mi para?” (idő, teljesítmény, „nem vagyok elég jó”), „Mit hozok / mivel járulok hozzá?” (miben vagyok erős). Üres kitölthető felület, opcionálisan előrenyomtatott rubrika-fejlécekkel. Csoportonként 1 példány, a létszámhoz méretezve (8 fő→2, 12 fő→3, 16–20 fő→4–5 csoport, kb. 4 fő/csoport).","A résztvevők strukturáltan megfogalmazzák várakozásaikat, félelmeiket és erőforrásaikat, és látják, hogy nem egyedül vannak az érzéseikkel; vizuális keret a kiscsoportos munkához és a Z.A modulhoz való későbbi visszacsatoláshoz.",,,,,,"note: Print artefaktum; ha digitális sablonként is kiadásra kerül, a rubrikacímekhez egyértelmű kontraszt és olvasható betűméret szükséges.",vegyes,vegyes,"note: A1 / csomagolópapír, fekvő vagy álló; nyomtatott rubrika-fejlécek + kézzel kitölthető üres mező; csoportonként 1 db, min. 5 példányra méretezve (alternatíva: kézzel rajzolt sablon helyben). Magyar nyelv.",print-pdf,"M0.A-MUNK-01, M0.A-MUNK-01::PRINTPDF",,,,,"R1, R5",,"A 4.2 Blokk 2 6. lépése szerint a kész plakátot a peula után meg kell őrizni a Z.A záró peulához: alapesetben felgöngyölve a stáb-dossziéban, fotó (lásd M0.A-FOTO-01) csak akkor, ha a plakát fizikailag nem őrizhető meg. A 2.1 eszközlista szerint a kitöltéshez post-it/A4 + filcszett (3–4 főnként 1) is kell – ezek beszerzett eszközök, nem legyártandó asset.",2394cc7d31039f3cbb404529f6b4c00e7a678dd4d4f1a08547c4937537a62839,asset: M0.A-MUNK-01,,,
M0.A-MUNK-02,M0,M0.A,peula,02 Tervezet/Modulok/M0/Peulák/M0.A – Kickoff & ismerkedés + közös keret.md,513,worksheet,,legyártandó,specifikáció kész,,Kilépőkártya – 2 kérdéses sablon,"Kis méretű (kb. fél A5 / öntapadós jegyzet méretű) név nélküli kilépőkártya két kérdéssel: 1) „1 dolog, amitől most jól érzed magad az első peula után”; 2) „1 dolog, amivel kapcsolatban még mindig kérdés / bizonytalanság van benned”. Kitölthető üres sorokkal; létszámnyi + tartalék példányban.",Név nélküli visszajelzést gyűjt a stábnak a résztvevők érkezéséről és nyitott kérdéseiről; bemenetet ad a további segítségnyújtáshoz.,,,,,,note: Print artefaktum; kérdésszöveg olvasható betűmérettel.,vegyes,vegyes,"note: Fél A5 vagy sticky note méret, 2 nyomtatott kérdés + üres írásfelület, létszám (8–20) + tartalék példányban. Magyar nyelv. (Alternatíva: sima post-it, ha nem nyomtatott – ekkor nem legyártandó.) A gyűjtő tál/doboz (2.1 eszközlista; 4.5 Blokk 5, 2. lépés) beszerzett eszköz, nem asset.",print-pdf,"M0.A-MUNK-02, M0.A-MUNK-02::PRINTPDF",,,,,"R1, R5",,,02706796810bc362dfed261fc276056bbcd2d60165e0519f8e5f8541491dcfaa,asset: M0.A-MUNK-02,,,
M0.A-MUNK-03,M0,M0.A,peula,02 Tervezet/Modulok/M0/Peulák/M0.A – Kickoff & ismerkedés + közös keret.md,545,worksheet,,legyártandó,specifikáció kész,,"Moodle-belépési segédlet (papíron, a technikai segítségponthoz)","Egyoldalas papír belépési segédlet: Moodle-belépés link/lépések, az M0-leckék megtalálása (belépés → kurzusnév → M0 szakasz), és a 3 leggyakoribb elakadás + kész megoldás: 1) jelszó-visszaállítás („elfelejtett jelszó” / lista a stábnak), 2) M0-leckék megtalálása közös végigvezetéssel, 3) H5P nem indul / lassú net → másik böngésző/telefon, otthonról is megoldható.","Önállóan használható, lépésről lépésre segédlet a technikai segítségponthoz; csökkenti az egyéni elakadások számát a Moodle/H5P belépésnél.",,,,,,"note: Print artefaktum; ha a Moodle-link QR-kódként is szerepel, alt-szöveg/írott URL is kell mellé.",vegyes,vegyes,"note: A4, 1 oldal, számozott lépések + hibaelhárító lista; nyomtatható; néhány tartalék példány. Magyar nyelv.",print-pdf,"M0.A-MUNK-03, M0.A-MUNK-03::PRINTPDF",,,,,"R1, R5",,"A forrás „(ha van)” megfogalmazása opcionálissá teszi, de a 3 elakadás+megoldás konkrét tartalma legyártandó deliverable-t indokol. A blokk opcionális; nagy létszámú elakadásnál (a technikai segítségpont „Ha sokan (≈10-en) akadnak el” pontja) kivetített/megosztott képernyős végigjárás ajánlott – az nem print-asset.",d92eddb071e360422fc49980ecc21e373ce6bc67783da0db0802a22203ab4562,asset: M0.A-MUNK-03,,,
M0.A-POSZ-01,M0,M0.A,peula,02 Tervezet/Modulok/M0/Peulák/M0.A – Kickoff & ismerkedés + közös keret.md,378,poster,,legyártandó,specifikáció kész,,„KÖZÖS KERET” 2 oszlopos flipchart-sablon,"Nagy flipchart / poszter sablon „KÖZÖS KERET – M0 madrihképzés” címmel, két oszloppal: bal „Mit ígér a képzés / stáb?”, jobb „Mit vállalunk mi madrihként?”. Üres, élőben kézzel kitölthető brainstorm-felület. Opcionálisan a forrás (4.3 Blokk 3, 2. lépés) példa-javaslatai (pl. „nem vagytok egyedül”, „érthető elvárások” / „megjelenek a peulákon”, „végigmegyek az online modulokon”) előre a képzői jegyzetbe írhatók indító-prompthoz.","Vizuálisan megjeleníti, hogy a képzésnek átlátható, közösen kimondott kerete van; a kétoldali szerkezet kölcsönös elköteleződést (stáb ígér ↔ madrih vállal) tesz láthatóvá.",,,,,,"note: Print artefaktum; digitális kiadás esetén olvasható fejlécek, jó kontraszt szükséges.",vegyes,vegyes,"note: Flipchart / A1 papír, álló, 2 oszlop, nyomtatott cím + oszlopfejlécek, kézzel kitölthető; 1 db / peula. Magyar nyelv.",print-pdf,"M0.A-POSZ-01, M0.A-POSZ-01::PRINTPDF",,,,,"R1, R5",,,bb217efeff3f5377795dc4f81f4095b15623a747b73191c2cb02faa1315c3a99,asset: M0.A-POSZ-01,,,
M0.A-POSZ-02,M0,M0.A,peula,02 Tervezet/Modulok/M0/Peulák/M0.A – Kickoff & ismerkedés + közös keret.md,189,poster,,legyártandó,specifikáció kész,,„Kihez fordulhatok?” támasz-térkép sablon (buborékábra),"Egyszerű buborék-/csillagdiagram sablon: középen „ÉN, mint madrih”, körülötte üres/feliratozható buborékok a szerepekkel: „mentor / képző”, „ken-vezető”, „Memuna (gyermekvédelem)”, „a Memuna helyettese (összeférhetetlenség esetén)”, „madrih-társ”, „szülőkkel kapcsolattartó” stb. Élőben konkrét névvel kitölthető (pl. „Ági – ken-vezető”). Tartalmazzon legalább 2 mindig kitölthető szerepet (ken-vezető, képző) arra az esetre, ha nincs kijelölt mentor (lásd 4.4.1, 2. lépés: „Ha még nincs kijelölt mentor…”). A Memuna és a helyettese buborékja nem maradhat üresen, és más szereppel sem pótolható; a gyermekvédelmi jelzés címzettje mindig a Memuna (összeférhetetlenség esetén a név szerint kijelölt helyettese).","Tudatosítja a támaszrendszert: kik a konkrét felnőtt/stáb szereplők, akikhez a madrih fordulhat szakmai vagy lelki elakadás esetén.",,,,,,"note: Print artefaktum; ha digitális ábraként készül, alt-szöveg szükséges a központ–buborék kapcsolati struktúra leírásával.",vegyes,vegyes,"note: A1 / tábla-méretű poszter, központ + 5–7 buborék, nyomtatott szerepcímkék + üres névmező; 1 db / peula. Magyar nyelv.",print-pdf,"M0.A-POSZ-02, M0.A-POSZ-02::PRINTPDF",,,,,"R1, R5",,,9e90cd154bc0c7803b32b9b4f83b64fd5829e26cb245b1a5bc1e378c431c1f76,asset: M0.A-POSZ-02,,,
M1-HUB-KART-01,M1,M1-HUB,hub,"02 Tervezet/Modulok/M1/M1 – Vakfolt, tükör, visszajelzés – Önismeret & visszajelzés – Johari + SBI.md",46,card-set,,újrahasznosítás,specifikáció kész,,M1.A 'Megfigyelés vagy címkézés?' kártyaszett,"Kártyaszett a 'Megfigyelés vagy címkézés?' játékhoz: kártyánként egy-egy mondat, amit a résztvevőknek 'megfigyelés' vagy 'címke/értékelés' kategóriába kell sorolniuk (oldalválasztós játék kártyás változata). Pl. 'háromszor közbevágott' vs. 'tiszteletlen voltál' típusú mondatok.",Megfigyelés vs. címkézés megkülönböztetésének élő gyakorlása (2. kimeneti kompetencia).,,,,,,note: Fizikai print; jól olvasható betűméret.,vegyes,vegyes,"note: Nyomtatható kártyaszett (kb. 10-20 lap), magyar nyelvű mondatokkal.",,,M1.A-MUNK-01,,,,,,"Újrahasznosítás indoklása (v1 dedup): Az áttekintő 'kártyaszett'-ként, a részletes 'munkalap vagy kártyák'-ként hivatkozik rá – a részletes spec maga megengedi a kártyás kivitelt. Ugyanaz a tartalom. A forrás a kártyát opcióként adja meg ('oldalválasztás / kártyák'); tartalmilag az M1.2 online-lecke mondatbankjával rokon. Részletek az M1.A peula-fájlban.",38a578ecc9a02471056dba43d45ea04fda248502f6f49f7665470f2f5b7e2185,asset: M1.A-KART-01,,,
M1-HUB-POSZ-02,M1,M1-HUB,hub,"02 Tervezet/Modulok/M1/M1 – Vakfolt, tükör, visszajelzés – Önismeret & visszajelzés – Johari + SBI.md",172,poster,,legyártandó,specifikáció kész,,M1.F Közös fogalom-térkép sablon,Fogalom-térkép flipchart/poszter-sablon a három fő fogalom összekötésére: Johari – megfigyelés vs. címke – SBI; közös kitöltésre kérdésekkel-válaszokkal.,"A modul kulcsfogalmainak integrált, vizuális összekapcsolása a felzárkóztató peulán (M1.F cél 4).",,,,,,note: Fizikai print; jól olvasható betűméret.,vegyes,vegyes,"note: Nyomtatható nagy formátumú fogalom-térkép sablon vagy üres flipchart-váz, magyar címkékkel.",print-pdf,"M1-HUB-POSZ-02, M1-HUB-POSZ-02::PRINTPDF",,,,,"R1, R5",,Részletek az M1.F peula-fájlban.,b00ae212a2d0b5be4fd2102b14860f1abe29fd80fa11888434b7daaf8ad21bd6,asset: M1.F-POSZ-02,,,
M1.1-DIA-01,M1,M1.1,online-lecke,02 Tervezet/Modulok/M1/Online leckék/M1.1 – Johari-ablak – vakfoltjaim felismerése.md,350,diagram,,legyártandó,specifikáció kész,,Animált Johari-ablak diagram (4 mező felvillan),"Egyszerű animált 2×2-es Johari-diagram, kontrasztos színek, nagy felirat (lásd a 4. szakasz prompt-szempontjait). Oszlopok: én ismerem / én nem ismerem; sorok: mások ismerik / mások nem ismerik. Négy mező sorban felvillan a narrációval szinkronban (lásd SLIDE 3): Nyitott terület, Vakfolt, Rejtett terület, Ismeretlen terület. A mezőcímkék valódi, kijelölhető szövegként (NEM képbe égetve).",Az alapfogalom (Johari-ablak 4 mezője) szemléletes bemutatása.,,,,M1.1-DIA-01-ALT#1,"A Johari-ablak 2×2-es diagramja. Oszlopok: én ismerem / én nem ismerem; sorok: mások ismerik / mások nem ismerik. A négy mező: bal felül Nyitott terület (te is és mások is látják), jobb felül Vakfolt (mások látják, te nem), bal alul Rejtett terület (te látod, mások nem), jobb alul Ismeretlen terület (sem te, sem mások nem látják).","visual: informative; note: Kötelező alt-szöveg / szöveges ekvivalens: M1.1-DIA-01::ALTTEXT; ha videós formátum, felirat+leirat is (M1.1-NAR-03::CAPTIONS/LEI-03 a narrációhoz)",AI-generált,AI-generált,"note: Animált videó/animáció, magyar feliratok; mobilbarát; nagy betűk",alt-text,"M1.1-DIA-01, M1.1-DIA-01::ALTTEXT",,,,,"R1, R5",,A lecke meta 1× diagram-animációja ez. Narráció szinkronban: M1.1-NAR-03. Slide végén True/False (nem médiagyártandó).,640b954b12edfea363762a320585d127a9cad7802d7b1bcac654306d2bdbf703,asset: M1.1-DIA-01 | alt-text: M1.1-ALT-02,,,
M1.1-IKO-01,M1,M1.1,online-lecke,02 Tervezet/Modulok/M1/Online leckék/M1.1 – Johari-ablak – vakfoltjaim felismerése.md,503,icon-set,,legyártandó,specifikáció kész,,4 mező-ikon a példa-gridhez (dekoratív),"Négy kicsi, dekoratív ikon a 4 Johari-mezőhöz a példa-gridben (Nyitott / Rejtett / Vakfolt / Ismeretlen). Egyszerű, kontrasztos stílus.","Vizuális tagolás, a 4 mező megkülönböztetése.",,,,,,"visual: decorative; alt_note: a lecke akadálymentesítési jegyzete dekoratívként jelöli (üres / rejtett alt); note: Dekoratív → üres alt (alt="""") / rejtett a felolvasó elől; nem kell külön alt-szöveg (lásd SLIDE 4, Akadálymentesség)",AI-generált,AI-generált,"note: SVG/PNG ikonok, mobilbarát méret",,M1.1-IKO-01,,,,,"R1, R5",,Az M1.1-ILL-02 gridben helyezkednek el.,6cfc4b9f4b091c51318bbb49e83cfa1c2e91b4a3cf6f6da68c5cd74f2ba6fc02,asset: M1.1-IKO-01,,,
M1.1-IKO-02,M1,M1.1,online-lecke,02 Tervezet/Modulok/M1/Online leckék/M1.1 – Johari-ablak – vakfoltjaim felismerése.md,673,icon-set,,legyártandó,specifikáció kész,,Önreflexió-ikon (gondolkodó figura / napló),"Egy kis, minimalista ikon az önreflexió jelzésére – pl. gondolkodó figura vagy napló. Minimalista háttér.",Vizuálisan jelzi az önreflexiós/írásos aktivitást.,,,,,,"visual: informative; alt_note: a lecke előírja az alt-szöveget, de a végleges szöveget a legyártott vizuál alapján kell megírni; note: Dekoratív → üres alt elegendő; ha tartalmi jelzésnek szánják, rövid alt (pl. „önreflexió ikon”)",AI-generált,AI-generált,"note: SVG/PNG ikon, mobilbarát",alt-text,"M1.1-IKO-02, M1.1-IKO-02::ALTTEXT",,,,,"R1, R5",,"A slide-on 3 nyitott kérdés + szövegmező (Moodle-oldali vagy H5P szabad szöveges mező, a runtime acceptance 6. pontja szerint – nem médiagyártandó).",5d39ed8dd7896d944983cc9ba518d8a7f57e77c6212927ad419e4bdadba5599b,asset: M1.1-IKO-02,,,
M1.1-ILL-01,M1,M1.1,online-lecke,02 Tervezet/Modulok/M1/Online leckék/M1.1 – Johari-ablak – vakfoltjaim felismerése.md,217,illustration,,legyártandó,specifikáció kész,,Üres 4 ablakos Johari-váz grafika (címke nélkül),"AI-generált 2×2-es rács négy üres mezővel, a Johari-ablak vázát idézi, még címke nélkül. Háttér finom, semleges. Mellette/alatta a biztonsági megjegyzés szövege (lásd SLIDE 2, „Mit látunk?”; ez tiszta UI-szöveg, nem médiagyártandó).","Vizuálisan előkészíti a Johari-sémát, a biztonságos érzelmi keret mellé.",,,,M1.1-ILL-01-ALT#1,"Egy 2×2-es rács négy üres mezővel, a Johari-ablak vázát idézi, a mezők még címke nélkül.",visual: informative; note: Kötelező alt-szöveg: lásd M1.1-ILL-01::ALTTEXT,AI-generált,AI-generált,"note: Állókép/PNG, mobilbarát arány; magyar kontextus",alt-text,"M1.1-ILL-01, M1.1-ILL-01::ALTTEXT",,,,,"R1, R5",,Alul emoji-skála kérdés (nem médiagyártandó asset).,36faaebc8485afb38ef8a1ed211613be04e9ea779209abd36499ff643d1d4eb9,asset: M1.1-ILL-01 | alt-text: M1.1-ALT-01,,,
M1.1-ILL-02,M1,M1.1,online-lecke,02 Tervezet/Modulok/M1/Online leckék/M1.1 – Johari-ablak – vakfoltjaim felismerése.md,535,illustration,,legyártandó,specifikáció kész,,Példa-grid (4 mező) ikonokkal – 4 hétköznapi példa,"Statikus vagy enyhén animált 2×2 táblázat/grid, mezőnként egy pici ikon + 1 rövid példamondat: Nyitott (mindenki tudja, hogy hangosan nevetsz), Rejtett (sokat izgulsz megszólalás előtt, de nem mondod el), Vakfolt (mások szerint jó hallgatóság vagy, te csak bólogatsz), Ismeretlen (még sosem vezettél peulát). A mezőcímkék és példamondatok valódi szövegként (nem képbe égetve, lásd SLIDE 4, Akadálymentesség).","Hétköznapi példákkal rögzíteni a fogalmat, a vakfolt normalizálása.",,,,,,"visual: decorative; alt_note: a lecke akadálymentesítési jegyzete dekoratívként jelöli (üres / rejtett alt); note: Szövegrétegek valódi szövegként; a pici ikonok dekoratívak → üres alt (alt="""") / rejtett, lásd M1.1-IKO-01",AI-generált,AI-generált,"note: Állókép vagy enyhe animáció, mobilbarát; max 4–6 sor/slide (lásd a 4. szakasz Mobil-first pontját); magyar",,M1.1-ILL-02,,,,,"R1, R5",,Narráció kíséri: M1.1-NAR-04. Slide végén True/False (nem médiagyártandó).,11b919a686fb37c75d2a0c641a3baaa87206268f68781288db7108643dcf178e,asset: M1.1-ILL-02,,,
M1.1-NAR-02,M1,M1.1,online-lecke,02 Tervezet/Modulok/M1/Online leckék/M1.1 – Johari-ablak – vakfoltjaim felismerése.md,255,voiceover,narration,legyártandó,jogtisztázás alatt,,Narráció – Biztonság / érzelmi ráhangolódás,"20–30 mp narráció: az, hogy nem látsz mindent magadból, nem azt jelenti, hogy baj van veled; mindenkinek vannak részei, amiket csak ő lát, és amiket inkább mások vesznek észre rajta; ha nehéz érzés jön, oké szünetet tartani és beszélni mentorral/képzővel. Verbatim: M1.1-NAR-02-VO (`@source`).","Érzelmi biztonság megteremtése, normalizálás.",M1.1-NAR-02-VO,"„Mielőtt belevágunk: attól, hogy **nem látsz mindent magadból**, még nincs veled semmi baj.
Minden embernek vannak részei, amiket csak ő lát,
és vannak dolgok, amiket **inkább a többiek vesznek észre rajta**.

Ha a lecke közben bármi nehéz érzés jönne, nyugodtan tarts szünetet,
és beszélj a mentoroddal vagy a képződdel.”",e7b64d0419ae6c5431a361a30ffb8123494ee8c3d75cc5383d0092306863a4c0,,,"note: Leirat/transzkript (M1.1-NAR-02::TRANSCRIPT) kötelező: csak hang, ezért a dián vagy a médiaelem mellett látható leirat a teljes szöveges ekvivalens (WCAG 2.2 SC 1.2.1); első sora a kanonikus AI-címke; az M1.1-NAR-02::CAPTIONS archivált .vtt-derivatíva (projektgazdai döntés, 2026-10-03, VO D-19, D-21)",AI-generált,AI-generált,"note: Hang, 20–30 mp, magyar","captions, transcript","M1.1-NAR-02, M1.1-NAR-02::CAPTIONS, M1.1-NAR-02::TRANSCRIPT",,,,"R2, R3","R1, R2, R3",,Slide 2-höz tartozik; az emoji-skála önreport kíséri (nem médiagyártandó).,2622d00c8533b51965d0e20ab85a1b8d359f63dad6a7debe7fc51cefad8182c8,asset: M1.1-NAR-02 | captions: M1.1-FEL-02 | transcript: M1.1-LEI-02,,,
M1.1-NAR-03,M1,M1.1,online-lecke,02 Tervezet/Modulok/M1/Online leckék/M1.1 – Johari-ablak – vakfoltjaim felismerése.md,388,voiceover,narration,legyártandó,jogtisztázás alatt,,Narráció – „Mi az a Johari-ablak?” (4 mező),"40–60 mp narráció, mezőnként 1-1 mondat az animációval szinkronban: nyitott terület (te+mások látják, pl. hangos nevetés), rejtett (te tudod, mások elől rejted, pl. izgulás megszólalás előtt), vakfolt (mások látják, te nem, pl. jókor oldod humorral a feszültséget), ismeretlen (senki, még te sem; pl. még nem próbált helyzetek). Verbatim: M1.1-NAR-03-VO (`@source`).","A 4 mező fogalmának hangos, példás bemutatása.",M1.1-NAR-03-VO,"„Ez itt a **Johari-ablak**.
Arra használjuk, hogy végiggondoljuk, **mit látunk magunkból, és mit látnak mások belőlünk**.

👉 A **nyitott terület** az, amit **te is tudsz magadról, és mások is látják** rajtad.
Például, hogy szeretsz hangosan nevetni, és ezt mindenki tudja.

👉 A **rejtett terület** az, amit **te tudsz magadról, de mások elől elrejtesz**.
Például, hogy nagyon izgulsz megszólalás előtt, de ez kívülről nem látszik.

👉 A **vakfolt** az, amit **mások látnak rajtad, de te nem igazán**.
Például lehet, hogy mások szerint jókor oldod humorral a feszültséget, miközben te ezt észre sem veszed.

👉 Az **ismeretlen terület** az, amit **senki nem tud** rólad – még te sem.
Olyan dolgok, amiket még nem próbáltál ki, vagy helyzetek, amikben még nem voltál.”",c5af730c7a5c76e31204a7dedf3c655e77a4b40b89152f772182b86de0b14803,,,"note: Felirat + leirat kötelező (M1.1-NAR-03::CAPTIONS, M1.1-NAR-03::TRANSCRIPT)",AI-generált,AI-generált,"note: Hang, 40–60 mp, magyar","captions, transcript","M1.1-NAR-03, M1.1-NAR-03::CAPTIONS, M1.1-NAR-03::TRANSCRIPT",,,,"R2, R3","R1, R2, R3",,Az animáció (M1.1-DIA-01) ezzel szinkronban mozog. Slide végén True/False (nem médiagyártandó).,23edd1c9546d3a49180a50f94f7454096962900f4e40d349468ea0af161279bd,asset: M1.1-NAR-03 | captions: M1.1-FEL-03 | transcript: M1.1-LEI-03,,,
M1.1-NAR-04,M1,M1.1,online-lecke,02 Tervezet/Modulok/M1/Online leckék/M1.1 – Johari-ablak – vakfoltjaim felismerése.md,567,voiceover,narration,legyártandó,jogtisztázás alatt,,Narráció – Példák a 4 mezőre,"40–60 mp narráció 4 hétköznapi példával: tábortüzes éneklés (nyitott), izgulás megszólalás előtt nagyobb körben (rejtett), jó beszélgetőtárs/figyelés (vakfolt), milyen lennél nagy csoport előtt madrihként (ismeretlen). Verbatim: M1.1-NAR-04-VO (`@source`).","A példák hangos megerősítése, fogalomrögzítés.",M1.1-NAR-04-VO,"„Nézzünk pár példát.

Ha mindenki tudja rólad, hogy imádod a tábortüzes éneklést, és te is, akkor ez a **nyitott terület**.

Ha belül nagyon izgulsz attól, hogy megszólalj nagyobb körben, de ezt senkinek nem mondod el, az a **rejtett terület**.

Ha a többiek azt mondják, hogy jó veled beszélgetni, mert figyelsz rájuk, te meg ezt nem érzed különlegesnek – ez egy **vakfolt**.

És vannak olyan dolgok, amiket még te sem próbáltál ki – például, hogy milyen lennél egy nagy csoport előtt madrihként. Ez az **ismeretlen terület**.”",8877dbfee824be7ee94d66e86ba009d48c2cc9390842a4ee0f97e8e9e2437073,,,"note: Felirat + leirat kötelező (M1.1-NAR-04::CAPTIONS, M1.1-NAR-04::TRANSCRIPT)",AI-generált,AI-generált,"note: Hang, 40–60 mp, magyar","captions, transcript","M1.1-NAR-04, M1.1-NAR-04::CAPTIONS, M1.1-NAR-04::TRANSCRIPT",,,,"R2, R3","R1, R2, R3",,Társa: M1.1-ILL-02 és M1.1-VID-02 (B-roll a példákhoz).,eaf77a48ab53901a22bb62eacef2813caa2c8b25ea812af9653cdc72391fb3cc,asset: M1.1-NAR-04 | captions: M1.1-FEL-04 | transcript: M1.1-LEI-04,,,
M1.1-NAR-05,M1,M1.1,online-lecke,02 Tervezet/Modulok/M1/Online leckék/M1.1 – Johari-ablak – vakfoltjaim felismerése.md,709,voiceover,narration,legyártandó,jogtisztázás alatt,,Narráció – Önreflexió bevezető (opcionális),"20–30 mp opcionális narráció: nincs jó/rossz válasz; válassz egy kérdést, írj 2–3 mondatot ha szeretnél; ha nem akarsz gépelni, fejben is végiggondolhatod. Verbatim: M1.1-NAR-05-VO (`@source`).",Az önreflexiós feladat alacsony nyomású keretezése.,M1.1-NAR-05-VO,"„Itt most nincs jó vagy rossz válasz.
Válassz ki **egy** kérdést, és ha szeretnél, írj rá 2–3 mondatot.
Ha nem akarsz gépelni, az is teljesen oké, ha csak magadban gondolod végig.”",357163e7eecfd58ed0aba70e9798b5bbcb2d1888a96a9ec5c3c89ae1f8d11341,,,"note: Ha a narrációt legyártják, a leirat/transzkript (M1.1-NAR-05::TRANSCRIPT) kötelező: csak hang, ezért a dián vagy a médiaelem mellett látható leirat a teljes szöveges ekvivalens (WCAG 2.2 SC 1.2.1); első sora a kanonikus AI-címke; az M1.1-NAR-05::CAPTIONS archivált .vtt-derivatíva (projektgazdai döntés, 2026-10-03, VO D-19, D-21)",AI-generált,AI-generált,"note: Hang, 20–30 mp, magyar; opcionális","captions, transcript","M1.1-NAR-05, M1.1-NAR-05::CAPTIONS, M1.1-NAR-05::TRANSCRIPT",,,,"R2, R3","R1, R2, R3",,"Opcionális elem; ha legyártják, felirat+leirat is kell.",91a890ab1d62824b1cded5fd008f7c17f52c1836e6d583f25e9501e9c6d93bd6,asset: M1.1-NAR-05 | captions: M1.1-FEL-05 | transcript: M1.1-LEI-05,,,
M1.1-NAR-06,M1,M1.1,online-lecke,02 Tervezet/Modulok/M1/Online leckék/M1.1 – Johari-ablak – vakfoltjaim felismerése.md,800,voiceover,narration,legyártandó,jogtisztázás alatt,,Záró narráció – outro + átvezetés M1.2-re,"Kb. 17–20 mp záró narráció: köszönet; „van egy térképed arról, mit látsz magadból és mit látnak mások belőled”; átvezetés a következő leckére (hogyan adj nem bántóan, konkrétan és tisztelettel visszajelzést – megfigyelés vs. címkézés). Verbatim: M1.1-NAR-06-VO (`@source`).","Lezárás, normalizálás és átvezetés M1.2-re.",M1.1-NAR-06-VO,"„Köszi, hogy végigjöttél ezen a leckén.
Most már van egy térképed arról, hogy mit látsz magadból, és mit látnak mások belőled.
A következő részben megnézzük, hogyan lehet **nem bántóan**, hanem **konkrétan és tisztelettel** visszajelzést adni – ez lesz a *megfigyelésről és a címkézésről* szóló lecke.”",dbc35fa1b1163a2453f93a6f41a0e47f06c2c39c40b7426e2fc9d4b26827d8da,,,"note: Leirat/transzkript (M1.1-NAR-06::TRANSCRIPT) kötelező: csak hang, ezért a dián vagy a médiaelem mellett látható leirat a teljes szöveges ekvivalens (WCAG 2.2 SC 1.2.1); első sora a kanonikus AI-címke; az M1.1-NAR-06::CAPTIONS archivált .vtt-derivatíva (projektgazdai döntés, 2026-10-03, VO D-19, D-21)",AI-generált,AI-generált,"note: Hang, kb. 17–20 mp, magyar","captions, transcript","M1.1-NAR-06, M1.1-NAR-06::CAPTIONS, M1.1-NAR-06::TRANSCRIPT",,,,"R2, R3","R1, R2, R3",,"A slide 6-on 3 kvízkérdés + zárószöveg (nem médiagyártandó). A zárószöveg (SLIDE 6, „Zárómondat”) tiszta dia-UI, nem külön média-asset.",0629a67c63c1cc3c9d126e41514306f45b4641d35a0b4617a953def2798da7d8,asset: M1.1-NAR-06 | captions: M1.1-FEL-06 | transcript: M1.1-LEI-06,,,
M1.1-VID-01,M1,M1.1,online-lecke,02 Tervezet/Modulok/M1/Online leckék/M1.1 – Johari-ablak – vakfoltjaim felismerése.md,104,video,ai-talking-head,legyártandó,jogtisztázás alatt,,HOOK AI beszélő fej – „Mondtak már rólad mást?”,"16:9 AI-generált beszélő fej videó, kb. 30–40 mp. Fiatal felnőtt, barátságos, tegező, nemi szempontból semleges megjelenésű arc — minden beszélőfej-videóban ugyanaz a készlet-avatar, a kanonikus narrátorhanggal (lásd a 4. szakasz prompt-szempontjait). Semleges háttér, finom someres/mozgalmi színekkel (ne legyen zsúfolt, lásd SLIDE 1, „Mit látunk?”). A beszélő a hook-narrációt mondja el (lásd M1.1-VID-01::VOICEOVER). Felirattal; a felirat a narráció szövegét szó szerint közli (lásd a lecke meta „AI multimédia” blokkját és a SLIDE 1 feliratszabályát).","Bevonás, érzelmi azonosulás a lecke nyitásaként; a tanuló ráhangolása a vakfolt-témára.",M1.1-VID-01-VO,"„Szia! Volt már olyan, hogy **valaki olyat mondott rólad**, amit te teljesen máshogy éreztél?
Például azt mondta, hogy *‘tök magabiztos vagy’*, miközben te belül szétizgultad magad.
Vagy hogy *‘túl hangos vagy’*, miközben te csak lelkesnek érezted magad.

Ez a lecke arról fog szólni, hogy **miért történik ilyen**.
És arról, hogyan segíthet ilyenkor a **visszajelzés**,
anélkül, hogy csak rosszul esne.”",1ddd9f5e4b85a6278a69caeda73770e92cf793470562a48754a58288543bc68a,,,"audio: spoken; visual: decorative; alt_note: csak a képi sáv (beszélő fej) dekoratív: hangalámondás nem kell (WCAG 2.2 SC 1.2.5), mert a felirat és a leirat szó szerint lefedi a narrációt; a videóelemet a dián látható, leíró videócímke azonosítsa (SC 1.1.1); note: Kötelező felirat (a narráció szó szerint) + leirat/transzkript; lásd M1.1-VID-01::CAPTIONS és M1.1-VID-01::TRANSCRIPT",AI-generált,AI-generált,"note: 16:9, kb. 30–40 mp, MP4; magyar nyelv; mobilon teljes szélességű lejátszás (lásd SLIDE 1, Mobil-tippek)","voiceover, captions, transcript","M1.1-VID-01, M1.1-VID-01::VOICEOVER, M1.1-VID-01::CAPTIONS, M1.1-VID-01::TRANSCRIPT",,,,"R2, R3","R1, R2, R3",,"Összekapcsolva: narráció M1.1-VID-01::VOICEOVER, felirat M1.1-VID-01::CAPTIONS, leirat M1.1-VID-01::TRANSCRIPT. A lecke meta 1× AI beszélő fej videója ez. Alatta önbevallós kérdés, helyes válasz nélkül (nem médiagyártandó asset).",96a103b2b109ad6759ba66477533d48c8168dabb37387ad5cdd38810cdac5589,asset: M1.1-VID-01 | voiceover: M1.1-NAR-01 | captions: M1.1-FEL-01 | transcript: M1.1-LEI-01,,,
M1.1-VID-02,M1,M1.1,online-lecke,02 Tervezet/Modulok/M1/Online leckék/M1.1 – Johari-ablak – vakfoltjaim felismerése.md,3,video,explainer,legyártandó,jogtisztázás alatt,,Mini storyboard / B-roll – kvuca-szituk a példákhoz,"Mini storyboard / B-roll vágóanyag a hétköznapi példák illusztrálására (jellemzően Slide 4 / narrációk alá): kvuca-szituk – körben ülő fiatalok, madrih-jelenlét; pl. tábortűz/éneklés, csoport előtti megszólalás, beszélgetés/figyelés. Rövid jelenetek a narrációhoz vágva. NEM interaktív, és nem beszélőfej – B-roll/illusztratív klipek, ezért assetType: egyéb.","A 4 mező példáinak vizuális megtámogatása, élethű kvuca-kontextus.",,,,,,"audio: silent; visual: informative; alt_note: a lecke előírja az alt-szöveget, de a végleges szöveget a legyártott vizuál alapján kell megírni; note: Némán fut a narráció alatt, ezért a felirat és a leirat kötelezettsége azé a narrációé, amely alatt megy (M1.1-NAR-04). A képi tartalomhoz viszont alt-szöveg kötelező: a jeleneteket rövid leírás írja le.",AI-generált,AI-generált,"note: Rövid B-roll klippek, 16:9, max 40–60 mp blokkok, magyar kontextus",alt-text,"M1.1-VID-02, M1.1-VID-02::ALTTEXT",,,,"R2, R3","R1, R2, R3, R5",,"A lecke meta 1× mini storyboard / B-roll eleme. Jellemzően a Slide 4 példáihoz / M1.1-NAR-04-hez társítható. VID-prefix mert videó-anyag (B-roll klipek), assetType: egyéb mert nem beszélőfej/interaktív/animált. Eredeti listában tévesen „interaktív-videó” volt – javítva. Az R5 felvéve: a klipek AI-generált kvuca-jelenetek (körben ülő fiatalok, madrih-jelenlét), tehát AI karakter-anyag — közös referencia-karakterrel és stílussal kell készülniük, különben elválnak az M1.3 és M4.1 jeleneteitől. Az R2 felvéve: a PRODUCTION-DECISIONS.md D3 szerint az R2 az AI emberi karakterjelenetekre is vonatkozik, és ezek a klipek AI-generált emberi szereplőket mutatnak. Hang nélkül fut, az R3 itt vágási függőség: a klipeket a kész narrációra kell vágni.",b385a1aaae020c33d4895eef33d4f22e2d0e48af490b05d640e3abcd0e36620f,asset: M1.1-VID-02,,,
M1.2-DIA-01,M1,M1.2,online-lecke,02 Tervezet/Modulok/M1/Online leckék/M1.2 – Megfigyelés ≠ értelmezés.md,218,diagram,,legyártandó,specifikáció kész,,Megfigyelés vs. értelmezés – kétoszlopos animált grafika,"Animált kétoszlopos grafika: bal oszlop ""MEGFIGYELÉS (tény)"", jobb oszlop ""ÉRTELMEZÉS / CÍMKE (ítélet)"". Oszloponként 2-2 példa jelenik meg sorban kis ikonokkal. Megfigyelés: ""A beszélgetőkörben kétszer közbevágtál."", ""10 percet késtél a peuláról.""; Értelmezés: ""Tiszteletlen voltál."", ""Lusta vagy.""",Tömör elméleti definíciók vizuális rögzítése a két fogalom szembeállításával.,,,,,,"visual: informative; alt_note: a lecke előírja az alt-szöveget, de a végleges szöveget a legyártott vizuál alapján kell megírni; note: Alt-szöveg szükséges (M1.2-DIA-01::ALTTEXT); mivel narrált animáció, felirat+leirat is (M1.2-NAR-02::CAPTIONS, M1.2-NAR-02::TRANSCRIPT)",AI-generált,AI-generált,"note: Animált magyarázó grafika, szekvenciálisan megjelenő példasorok, mobil-first",alt-text,"M1.2-DIA-01, M1.2-DIA-01::ALTTEXT",,,,,"R1, R5",,Hangsávja M1.2-NAR-02; ikonkészlettel (M1.2-IKO-01) együtt. ID a típusrövidítés-sémát követi (DIA = animált-diagram).,3da905a93f05f4ae3b12c2642dcd1752333ce17e17eec04181aeba35dfcd1d9c,asset: M1.2-DIA-01 | alt-text: M1.2-ALT-02,,,
M1.2-IKO-01,M1,M1.2,online-lecke,02 Tervezet/Modulok/M1/Online leckék/M1.2 – Megfigyelés ≠ értelmezés.md,256,icon-set,,legyártandó,specifikáció kész,,Ikonok a megfigyelés/értelmezés példákhoz,"Kis ikonok a kétoszlopos grafika 2-2 példájához (közbevágás, késés, tiszteletlenség, lustaság vizuális utalásai), amelyek a példasorokkal együtt jelennek meg.",A példák gyors vizuális azonosítása az animált grafikán.,,,,,,"visual: informative; alt_note: a lecke előírja az alt-szöveget, de a végleges szöveget a legyártott vizuál alapján kell megírni; note: Dekoratív/kísérő ikonok; ha információt hordoznak, alt-szöveg vagy szöveges címke biztosítja az ekvivalenciát",AI-generált,AI-generált,"note: Vektoros ikonkészlet, egységes stílus, kis méret",alt-text,"M1.2-IKO-01, M1.2-IKO-01::ALTTEXT",,,,,"R1, R5",,Az M1.2-DIA-01 animációhoz tartozik.,ae5c6bbe2b6825f1843d5a695467c174b852c52a0bd5095d36129a8e157d46bf,asset: M1.2-IKO-01,,,
M1.2-IKO-02,M1,M1.2,online-lecke,02 Tervezet/Modulok/M1/Online leckék/M1.2 – Megfigyelés ≠ értelmezés.md,398,icon-set,,legyártandó,specifikáció kész,,Helyzet-piktogramok – iskola / ken / család,"3 helyzet-piktogram a kontextus-kártyák tetejére: iskola (tanóra), ken (peula), család (otthoni helyzet).","Gyors vizuális azonosítás, melyik élethelyzetről szól a kártya.",,,,,,"visual: informative; alt_note: a lecke előírja az alt-szöveget, de a végleges szöveget a legyártott vizuál alapján kell megírni; note: Ha információt hordoznak, szöveges címke / alt-szöveg adja az ekvivalenciát",AI-generált,AI-generált,"note: Vektoros piktogramok, egységes stílus",alt-text,"M1.2-IKO-02, M1.2-IKO-02::ALTTEXT",,,,,"R1, R5",,M1.2-ILL-02 részeként.,c0b4d190aec0345643b22d435f8a8294bb2084e85c931ef42410622ebfeaa381,asset: M1.2-IKO-02,,,
M1.2-IKO-03,M1,M1.2,online-lecke,02 Tervezet/Modulok/M1/Online leckék/M1.2 – Megfigyelés ≠ értelmezés.md,663,icon-set,,legyártandó,specifikáció kész,,Drop-zóna ikonok – szem (megfigyelés) / maszk (értelmezés),"Két drop-zóna fejlécéhez ikonok: ""👁️ Megfigyelés (tény)"" szem-ikon és ""🎭 Értelmezés / címke"" maszk-ikon, a húzós feladat oszlopainak vizuális megkülönböztetéséhez.",A két kategória (megfigyelés / értelmezés) gyors vizuális elkülönítése a Drag & Drop-ban.,,,,,,visual: decorative; alt_note: a lecke akadálymentesítési jegyzete dekoratívként jelöli (üres / rejtett alt); note: A zóna szöveges címkéje adja az ekvivalenciát; ikon dekoratív kíséret,AI-generált,AI-generált,"note: Két ikon, egységes stílus, jól megkülönböztethető",,M1.2-IKO-03,,,,,"R1, R5",,Csak ha a H5P emoji helyett egyedi ikon kell; egyébként emoji is megteszi.,d4100f4973479ea785d22731a66fe9919d9a102bdfccf13699bfbc4f5fa61298,asset: M1.2-IKO-03,,,
M1.2-ILL-01,M1,M1.2,online-lecke,02 Tervezet/Modulok/M1/Online leckék/M1.2 – Megfigyelés ≠ értelmezés.md,57,illustration,,legyártandó,specifikáció kész,,"Két chat-buborék – ""Bunkó voltál"" / ""Háromszor közbevágtál""","Két nagy chat-buborék grafika a videó alatt/mellett: Buborék 1 ""Bunkó voltál."", Buborék 2 ""Háromszor közbevágtál, amíg más beszélt."" Mobilon egymás alatt elrendezve (ne egymás mellett).",Vizuálisan szembeállítja a címkét és a konkrét megfigyelést a HOOK-ban.,,,,,,"visual: informative; alt_note: a lecke előírja az alt-szöveget, de a végleges szöveget a legyártott vizuál alapján kell megírni; note: Alt-szöveg szükséges (M1.2-ILL-01::ALTTEXT); a buborékok szövege egyben felirat-ekvivalens",AI-generált,AI-generált,"note: Statikus grafika, mobil-first elrendezés (buborékok egymás alatt), olvasható tipográfia",alt-text,"M1.2-ILL-01, M1.2-ILL-01::ALTTEXT",,,,,"R4, R1, R5",,"Mobil-tipp: egymás alatt (lásd SLIDE 1, Mobil-tippek).",436315aa78d08a3b4462de336b3ae8b6508f68c795d8a7cd50b5bc2cbe84b2f8,asset: M1.2-ILL-01 | alt-text: M1.2-ALT-01,,,
M1.2-ILL-02,M1,M1.2,online-lecke,02 Tervezet/Modulok/M1/Online leckék/M1.2 – Megfigyelés ≠ értelmezés.md,433,illustration,,legyártandó,specifikáció kész,,Storyboard – 3 kontextus kártya (iskola / ken / család),"3 kis kártya, mindegyik egy kontextussal és felül helyzet-piktogrammal: 1) Iskola – tanóra, 2) Ken – peula, 3) Család – otthoni helyzet. Mindegyik kártyán egy-egy megfigyelés vs. értelmezés mondatpár (Iskola: ""Nem adtál le semmit a háziból."" / ""Egyáltalán nem érdekel az iskola.""; Ken: ""A játék alatt kétszer kivonultál a teremből."" / ""Szétverted a peulát.""; Család: ""Nem szóltál, hogy késni fogsz vacsoráról."" / ""Semmibe veszed a családot.""). Checklist szerint videó vagy animáció / storyboard-jelenet, kérdés nélkül.",Több élethelyzetben (suli/ken/otthon) felismertetni a megfigyelés–értelmezés különbséget.,,,,,,"visual: informative; alt_note: a lecke előírja az alt-szöveget, de a végleges szöveget a legyártott vizuál alapján kell megírni; note: Alt-szöveg szükséges (M1.2-ILL-02::ALTTEXT); mivel narrációval készül, felirat+leirat is (M1.2-NAR-03::CAPTIONS, M1.2-NAR-03::TRANSCRIPT)",AI-generált,AI-generált,"note: Storyboard/jelenet vagy animáció, 3 kártyás elrendezés piktogramokkal, mobil-first",alt-text,"M1.2-ILL-02, M1.2-ILL-02::ALTTEXT",,,,,"R1, R5",,Hangsávja M1.2-NAR-03; a 3 helyzet-piktogram az M1.2-IKO-02 ikonkészletben.,85c89e1597bde41e75487f6801c32227747d39590b96e68f2a403e7d3f77ed56,asset: M1.2-ILL-02 | alt-text: M1.2-ALT-03,,,
M1.2-NAR-02,M1,M1.2,online-lecke,02 Tervezet/Modulok/M1/Online leckék/M1.2 – Megfigyelés ≠ értelmezés.md,291,voiceover,narration,legyártandó,jogtisztázás alatt,,INPUT narráció – definíciók (kamera-teszt),"Narráció a definíciós animációhoz: megfigyelés = amit egy kamera is felvenne (pl. ""10 percet késtél""), értelmezés/címke = amit ebből gondolsz a másikról (pl. ""tiszteletlen vagy""). Zárás: mindkettő természetes, de nem mindegy, melyiket mondod ki visszajelzéskor. Hossz 40–60 mp.",Az animált definíciós grafika hangsávja.,M1.2-NAR-02-VO,"„Nézzük meg nagyon egyszerűen.

👉 **Megfigyelés** az, amit egy kamera is felvenne.
Olyan dolog, amit **le tudsz írni anélkül, hogy minősítenél**:
például, hogy *‘10 percet késtél’*, vagy *‘kétszer közbevágtál, amíg más beszélt’*.

👉 **Értelmezés vagy címke** az, amit ebből gondolsz a másikról.
Például, hogy *‘tiszteletlen vagy’*, vagy *‘lusta vagy’*.

Mind a kettő természetes,
csak **nem mindegy, melyiket mondod ki**, ha visszajelzést akarsz adni.”",e781924e5ac663665a6108f5d136a58318aac5d38037fe54e842909924542524,,,"note: Felirat + leirat szükséges (M1.2-NAR-02::CAPTIONS, M1.2-NAR-02::TRANSCRIPT)",AI-generált,AI-generált,"note: Hangsáv, kb. 40–60 mp, magyar","captions, transcript","M1.2-NAR-02, M1.2-NAR-02::CAPTIONS, M1.2-NAR-02::TRANSCRIPT",,,,"R2, R3","R1, R2, R3",,M1.2-DIA-01 narrációja.,5124242cc1fa7fba0b07de8ee3d994d5dae1eda73dcaab2cc074965c7b26cd09,asset: M1.2-NAR-02 | captions: M1.2-FEL-02 | transcript: M1.2-LEI-02,,,
M1.2-NAR-03,M1,M1.2,online-lecke,02 Tervezet/Modulok/M1/Online leckék/M1.2 – Megfigyelés ≠ értelmezés.md,471,voiceover,narration,legyártandó,jogtisztázás alatt,,INPUT 2 narráció – hétköznapi példák (suli/ken/otthon),"Narráció a 3 kontextus-kártyához: a megfigyelés–értelmezés különbség mindenhol ott van (suli, ken, otthon); tény vs. következtetés / címke párok bemutatása; zárás, hogy visszajelzéskor érdemes először a megfigyelést kimondani. Hossz 40–60 mp.","A storyboard-kártyák hangsávja, a transzfer megerősítése több kontextusra.",M1.2-NAR-03-VO,"„A megfigyelés–értelmezés különbsége **mindenhol ott van**: suliban, kenben, otthon.

Ha azt mondod: *‘nem adtál le semmit a háziból’*, az egy tény.
Ha azt mondod: *‘egyáltalán nem érdekel az iskola’*, az már **következtetés**.

Ugyanígy a kenben: *‘kétszer kivonultál a teremből’* megfigyelés.
A *‘szétverted a peulát’* már címke.

Nincs azzal baj, hogy gondolataid, érzéseid vannak.
Csak ha visszajelzést adsz, **jobban működik**, ha a megfigyelést mondod ki.”",4e07fb20ea9383af72e426be24c15685aae2a32cd3f4e89f508fd625b95187f0,,,"note: Felirat + leirat szükséges (M1.2-NAR-03::CAPTIONS, M1.2-NAR-03::TRANSCRIPT)",AI-generált,AI-generált,"note: Hangsáv, kb. 40–60 mp, magyar","captions, transcript","M1.2-NAR-03, M1.2-NAR-03::CAPTIONS, M1.2-NAR-03::TRANSCRIPT",,,,"R2, R3","R1, R2, R3",,M1.2-ILL-02 narrációja.,536686d8f0412ad33703f4788f54a133c177f7e5fd613de8dc22609786b6f220,asset: M1.2-NAR-03 | captions: M1.2-FEL-03 | transcript: M1.2-LEI-03,,,
M1.2-NAR-04,M1,M1.2,online-lecke,02 Tervezet/Modulok/M1/Online leckék/M1.2 – Megfigyelés ≠ értelmezés.md,565,voiceover,narration,legyártandó,jogtisztázás alatt,,Mark the Words instrukció-narráció (opcionális),"Rövid instrukciós narráció a címke-kereső feladathoz: kattints rá minden szóra/kifejezésre, ami inkább címke vagy minősítés, nem konkrét tény. Hossz 10–15 mp, opcionális.",Hangos feladatutasítás a Mark the Words aktivitáshoz.,M1.2-NAR-04-VO,"„Most te jössz.
Kattints rá minden olyan szóra vagy kifejezésre, ami inkább **címke vagy minősítés**, nem konkrét tény.”",c7b6be7105727d6f5d3b6b1205ff6f4e8ab77d09b2cd557b76434ce1bb08a137,,,"note: Ha a narráció elkészül, a leirat/transzkript (M1.2-NAR-04::TRANSCRIPT) kötelező: csak hang, ezért a dián vagy a médiaelem mellett látható leirat a teljes szöveges ekvivalens (WCAG 2.2 SC 1.2.1); első sora a kanonikus AI-címke; az M1.2-NAR-04::CAPTIONS archivált .vtt-derivatíva (projektgazdai döntés, 2026-10-03, VO D-19, D-21)",AI-generált,AI-generált,"note: Hangsáv, kb. 10–15 mp, magyar, opcionális","captions, transcript","M1.2-NAR-04, M1.2-NAR-04::CAPTIONS, M1.2-NAR-04::TRANSCRIPT",,,,"R2, R3","R1, R2, R3",,Opcionális; a Mark the Words feladat (SLIDE 4) hangja.,ab14891e26089121efed002db80534643612b15ff6cc5cfc5f206b8e70cf7700,asset: M1.2-NAR-04 | captions: M1.2-FEL-04 | transcript: M1.2-LEI-04,,,
M1.2-NAR-05,M1,M1.2,online-lecke,02 Tervezet/Modulok/M1/Online leckék/M1.2 – Megfigyelés ≠ értelmezés.md,695,voiceover,narration,legyártandó,jogtisztázás alatt,,Drag & Drop instrukció-narráció (opcionális),"Rövid instrukciós narráció a kategorizáló feladathoz: sorold a mondatokat a megfelelő kategóriába – az egyikbe azok kerülnek, amiket egy kamera is rögzítene, a másikba a vélemény/címke jellegűek. Hossz 10–15 mp, opcionális. Ne feltételezzen kizárólag húzásos interakciót.",Hangos feladatutasítás a Drag & Drop aktivitáshoz.,M1.2-NAR-05-VO,"„Sorold a mondatokat a két kategória egyikébe.
A **Megfigyeléshez** kerüljenek azok, amiket egy kamera is rögzítene.
Az **Értelmezéshez** azok, amelyek inkább véleményt vagy címkét mondanak.”",c8990ef4eb1263f4f2f2cac16d3b4a54c41714286c2177147c6a0ac6823b435a,,,"note: Ha a narráció elkészül, a leirat/transzkript (M1.2-NAR-05::TRANSCRIPT) kötelező: csak hang, ezért a dián vagy a médiaelem mellett látható leirat a teljes szöveges ekvivalens (WCAG 2.2 SC 1.2.1); első sora a kanonikus AI-címke; az M1.2-NAR-05::CAPTIONS archivált .vtt-derivatíva (projektgazdai döntés, 2026-10-03, VO D-19, D-21)",AI-generált,AI-generált,"note: Hangsáv, kb. 10–15 mp, magyar, opcionális","captions, transcript","M1.2-NAR-05, M1.2-NAR-05::CAPTIONS, M1.2-NAR-05::TRANSCRIPT",,,,"R2, R3","R1, R2, R3",,Opcionális; a Drag & Drop feladat (SLIDE 5) hangja.,48c979c2a38ea981c336d92d64ef40b54da8dab31a78c747bb84152d0833f301,asset: M1.2-NAR-05 | captions: M1.2-FEL-05 | transcript: M1.2-LEI-05,,,
M1.2-NAR-06,M1,M1.2,online-lecke,02 Tervezet/Modulok/M1/Online leckék/M1.2 – Megfigyelés ≠ értelmezés.md,807,voiceover,narration,legyártandó,jogtisztázás alatt,,OUTRO záró narráció – híd az SBI-hez,"Záró narráció a lecke végén: köszönet a végigjátszásért, a megfigyelés–címke különbség megerősítése, átvezetés: előbb az M1.A peula, utána a következő lecke (S–B–I modell). Teljes szöveg: M1.2-NAR-06-VO (`@source`). Hossz kb. 17–20 mp.",A tanulság rögzítése és átvezetés (híd) az M1.3 SBI leckéhez a lecke zárásakor.,M1.2-NAR-06-VO,"„Köszi, hogy végigcsináltad ezt a leckét.
Most már tudod, mi a különbség megfigyelés és címke között.
Ezt a következő peulán a kvucával élőben is kipróbáljátok.
Utána megnézzük, hogyan lehet ebből **egy tiszta, rövid visszajelző mondatot** építeni – ez lesz az S–B–I.”",b0a43c77a8fd0ba55cacb6f540692cd918b81a1cc92b69e4347f309fc2f93130,,,"note: Leirat/transzkript (M1.2-NAR-06::TRANSCRIPT) kötelező: csak hang, ezért a dián vagy a médiaelem mellett látható leirat a teljes szöveges ekvivalens (WCAG 2.2 SC 1.2.1); első sora a kanonikus AI-címke; az M1.2-NAR-06::CAPTIONS archivált .vtt-derivatíva (projektgazdai döntés, 2026-10-03, VO D-19, D-21)",AI-generált,AI-generált,"note: Hangsáv, kb. 17–20 mp, magyar, barátságos hangvétel","captions, transcript","M1.2-NAR-06, M1.2-NAR-06::CAPTIONS, M1.2-NAR-06::TRANSCRIPT",,,,"R2, R3","R1, R2, R3",,"Hiányzott a kinyert listából – a SLIDE 6 'Narráció' blokkja. A dián megjelenő záró szöveg (SLIDE 6, „Záró szöveg + narráció”) tiszta H5P-szöveg, nem külön legyártandó asset.",b0fcbc930e8d65f3af2626c58a7a45d66d26f563c6fed0908196b8c6aecfa768,asset: M1.2-NAR-06 | captions: M1.2-FEL-06 | transcript: M1.2-LEI-06,,,
M1.2-VID-01,M1,M1.2,online-lecke,02 Tervezet/Modulok/M1/Online leckék/M1.2 – Megfigyelés ≠ értelmezés.md,96,video,ai-talking-head,legyártandó,jogtisztázás alatt,,"HOOK beszélő fej – ""Bunkó voltál"" vs. ""Háromszor közbevágtál""","AI beszélő fej videó 16:9, felirattal. A narrátor felvezeti a kontrasztot: ugyanarra a viselkedésre két reakció – egy címke (""Bunkó voltál"") és egy konkrét megfigyelés (""Amikor a körben háromszor közbevágtál, amíg mások beszéltek, nehéz volt őket meghallani""). Lezárás a ""Mit hallanál szívesebben?"" kérdéssel. Hossz 30–40 mp.","Érzelmi bevonás, intuitív ráérzés a megfigyelés–címke különbségre a lecke nyitányán.",M1.2-VID-01-VO,"„Szia! Képzeld el, hogy valaki ezt mondja neked egy peula után:
*‘Bunkó voltál.’*

Most képzeld el ugyanezt a helyzetet, de így mondja:
*‘Amikor a körben háromszor közbevágtál, amíg mások beszéltek, nehéz volt őket meghallani.’*

Ugyanarra a viselkedésre reagál,
de az egyik egy **címke**, a másik egy **konkrét megfigyelés**.
Mit hallanál szívesebben?”",b7854e81e99650e0284037d5050b972ec2a169cf4837efc327f0c2ea1524aaca,,,"audio: spoken; visual: decorative; alt_note: csak a képi sáv (beszélő fej) dekoratív: hangalámondás nem kell (WCAG 2.2 SC 1.2.5), mert a felirat és a leirat szó szerint lefedi a narrációt; a videóelemet a dián látható, leíró videócímke azonosítsa (SC 1.1.1); note: Felirat (beépített) + külön leirat/transzkript szükséges; lásd M1.2-VID-01::CAPTIONS, M1.2-VID-01::TRANSCRIPT",AI-generált,AI-generált,"note: 16:9, kb. 30–40 mp, magyar nyelvű beszéd, kapcsolható, nem égetett WebVTT-felirat a lecke `@source` szövegéből","voiceover, captions, transcript","M1.2-VID-01, M1.2-VID-01::VOICEOVER, M1.2-VID-01::CAPTIONS, M1.2-VID-01::TRANSCRIPT",,,,"R2, R3","R1, R2, R3",,"Összetartozik: M1.2-VID-01::VOICEOVER (narráció szövege), M1.2-VID-01::CAPTIONS (felirat), M1.2-VID-01::TRANSCRIPT (leirat), valamint a slide-on a két chat-buborék illusztráció (M1.2-ILL-01).",1ca3875f863eff7c6e25c7b7695d8850d0c54a8aacba16c4ab672edd8572620e,asset: M1.2-VID-01 | voiceover: M1.2-NAR-01 | captions: M1.2-FEL-01 | transcript: M1.2-LEI-01,,,
M1.3-DIA-01,M1,M1.3,online-lecke,02 Tervezet/Modulok/M1/Online leckék/M1.3 – SBI-modell – hogyan adjak korrekt visszajelzést.md,323,diagram,,legyártandó,specifikáció kész,,S = Situation magyarázó grafika,"Egyszerű, mobil-barát magyarázó grafika: nagy, kék 'S' betű, mellette óra + helyszín ikon (az M1.3-IKO-01 kódból). Mellette 2 bulletpont ('Mikor történt?', 'Hol / milyen helyzetben voltunk?') és 1 példamondat ('Amikor ma a játék közben…'). Max. 3–4 sor szöveg.",Az 'S' (szituáció) lépés vizuális megértésének támogatása.,,,,,,"visual: informative; alt_note: a lecke előírja az alt-szöveget, de a végleges szöveget a legyártott vizuál alapján kell megírni; note: Alt-szöveg kell (pl. 'Kék S betű, óra és helyszín ikon, S = mikor és hol történt').",AI-generált,AI-generált,"note: Statikus/finoman animált slide-grafika, mobil-arány, max. 3–4 sor szöveg.",alt-text,"M1.3-DIA-01, M1.3-DIA-01::ALTTEXT",,,,,"R1, R5",,Az M1.3-IKO-01 ikon-készletet használja. Narrációja: M1.3-NAR-01.,f2a7d4fdfb5c5bd347f31491e99f05ec96bd37ac04632bad294d8ecd3ca00e9b,asset: M1.3-DIA-01,,,
M1.3-DIA-02,M1,M1.3,online-lecke,02 Tervezet/Modulok/M1/Online leckék/M1.3 – SBI-modell – hogyan adjak korrekt visszajelzést.md,461,diagram,,legyártandó,specifikáció kész,,B = Behavior magyarázó grafika,"Mobil-barát magyarázó grafika: nagy, zöld 'B' betű, szem/fül ikon (M1.3-IKO-01). Mellette 2–3 rövid példa ('háromszor félbeszakította a többieket', 'a játék alatt kétszer kivonult a teremből', 'nem nézett fel a telefonjából, miközben beszéltünk'). Max. 3–4 sor.","A 'B' (megfigyelhető viselkedés, nem címke) lépés vizuális megértése.",,,,,,"visual: informative; alt_note: a lecke előírja az alt-szöveget, de a végleges szöveget a legyártott vizuál alapján kell megírni; note: Alt-szöveg kell (pl. 'Zöld B betű, szem és fül ikon, B = konkrét megfigyelhető viselkedés').",AI-generált,AI-generált,"note: Statikus/finoman animált slide-grafika, mobil-arány, max. 3–4 sor.",alt-text,"M1.3-DIA-02, M1.3-DIA-02::ALTTEXT",,,,,"R1, R5",,M1.3-IKO-01-et használ. Narráció: M1.3-NAR-02.,c155809597ad3e7659a2a1e3743bfac5ef88cc17ff95786ecf215da05e202744,asset: M1.3-DIA-02,,,
M1.3-DIA-03,M1,M1.3,online-lecke,02 Tervezet/Modulok/M1/Online leckék/M1.3 – SBI-modell – hogyan adjak korrekt visszajelzést.md,598,diagram,,legyártandó,specifikáció kész,,I = Impact magyarázó grafika (+ pozitív SBI keret),"Mobil-barát magyarázó grafika: nagy, narancssárga 'I' betű, szív/hullám ikon (M1.3-IKO-01). Mellette 2–3 példa ('nagyon nehéz volt megtartani a figyelmüket', 'a kisebbek utána már nem szólaltak meg', 'én frusztráltnak éreztem magam'). A slide tartalmaz egy rövid keretet is ('Az SBI ugyanígy működik dicséretre, megerősítésre is') és egy pozitív SBI-példát ('Amikor ma a játék elején név szerint behívtad a félénk hanihot a körbe, láthatóan felbátorodott…'). Max. 3–4 sor/blokk.","Az 'I' (hatás, érzés, következmény) lépés vizuális megértése; egyúttal annak felmutatása, hogy az SBI dicséretre/megerősítésre is működik.",,,,,,"visual: informative; alt_note: a lecke előírja az alt-szöveget, de a végleges szöveget a legyártott vizuál alapján kell megírni; note: Alt-szöveg kell (pl. 'Narancs I betű, szív és hullám ikon, I = mit okozott bennem/a csoportban').",AI-generált,AI-generált,"note: Statikus/finoman animált slide-grafika, mobil-arány, max. 3–4 sor/blokk.",alt-text,"M1.3-DIA-03, M1.3-DIA-03::ALTTEXT",,,,,"R1, R5",,"M1.3-IKO-01-et használ. Narráció: M1.3-NAR-03. A pozitív SBI keret (SLIDE 4, „Fontos: az SBI nem csak kritikára való!”) tiszta szöveges slide-tartalom, a grafika része, nem külön média-asset.",b78c6b5162c9b98e7dfb46d91b9f33c8bbcc011fe9d109248201916b2bf65eb9,asset: M1.3-DIA-03,,,
M1.3-EGY-01,M1,M1.3,online-lecke,02 Tervezet/Modulok/M1/Online leckék/M1.3 – SBI-modell – hogyan adjak korrekt visszajelzést.md,94,other,,legyártandó,specifikáció kész,,Videó-belső verziócímkék overlay (1. verzió / 2. verzió),"Két rövid, videóra ráégetett/overlay szövegcímke a videóban a verziók elválasztására: '1. verzió – címke' és '2. verzió – SBI-szerű'. Tipográfiai overlay, az S/B/I színkóddal harmonizáló stílus.","A nézőnek jelzi, hogy ugyanaz a helyzet kétféleképpen jelenik meg, és melyik a kívánatos (SBI-szerű) verzió.",,,,,,"note: Az overlay-szöveg jelenjen meg a feliratban (M1.3-VID-01::CAPTIONS) és leiratban (M1.3-VID-01::TRANSCRIPT) is, ne csak vizuálisan.",AI-generált,AI-generált,"note: Szöveges overlay a 16:9 videón, rövid megjelenés a verzióváltásnál.",,M1.3-EGY-01,,,,,"R1, R5",,"Az M1.3-VID-01 videó része; külön asszetként, mert önálló grafikai elem. Az R5 felvéve: a saját specifikációja „az S/B/I színkóddal harmonizáló stílus”-t ír elő, az S/B/I színkód konkrét értéke pedig az R5 nyitott paletta-tétele — az overlay nem gyártható a vizuális rendszer lezárása előtt.",5a54a38efd9a659acd18df54e799b3cc0d8cb684b0c392bf22081ed9fdea78c9,asset: M1.3-EGY-01,,,
M1.3-IKO-01,M1,M1.3,online-lecke,02 Tervezet/Modulok/M1/Online leckék/M1.3 – SBI-modell – hogyan adjak korrekt visszajelzést.md,3,icon-set,,legyártandó,specifikáció kész,,SBI vizuális kód ikon-készlet (S/B/I),"Háromelemű, konzisztens ikon-készlet: S = kék, óra + helyszín(pin) ikon; B = zöld, szem/fül ikon; I = narancs, szív/hullám ikon. Egységes vonalstílus, mobil-barát, nagy méretben is olvasható. Ugyanez a kód jelenik meg a videóban felvillanó ikonként, a slide-grafikákon és a peulák anyagain.","Vizuális mnemonika: a tanuló az S/B/I lépéseket szín és ikon alapján is felismeri, egységes vizuális nyelv a teljes modulban.",,,,,,"visual: informative; alt_note: a lecke előírja az alt-szöveget, de a végleges szöveget a legyártott vizuál alapján kell megírni; note: Mindhárom ikonhoz alt-szöveg kell (pl. 'S – óra és helyszín ikon, kék'); ne csak színkódolás különböztesse meg, a betű (S/B/I) is jelölje az elemet.",AI-generált,AI-generált,"note: SVG/PNG ikon-készlet (3 elem + variánsok), átlátszó háttér, kék/zöld/narancs paletta, retina-méret.",alt-text,"M1.3-IKO-01, M1.3-IKO-01::ALTTEXT",,,,,"R1, R5",,Recurring asset; felhasználva a SLIDE 1 videó ikon-overlay-eiben (M1.3-VID-01) és a SLIDE 2/3/4 grafikákban (M1.3-DIA-01/02/03).,b542cecfeefd4fffcb75b32b00470f4253373962574ed3f73baa1f475d653c18,asset: M1.3-IKO-01,,,
M1.3-NAR-01,M1,M1.3,online-lecke,02 Tervezet/Modulok/M1/Online leckék/M1.3 – SBI-modell – hogyan adjak korrekt visszajelzést.md,358,voiceover,narration,legyártandó,jogtisztázás alatt,,S = Situation narráció (20–30 mp),"20–30 mp magyar voice-over: az S = Situation jelentése, 'mikor és milyen helyzetben' történt, 2–3 példamondattal ('Amikor ma a játék közben…', 'a beszélgetőkör elején…', 'a múlt heti peulán, amikor a kicsikkel voltunk…'); zárás: segít, hogy a másik is pontosan értse, melyik jelenetről beszélsz.","Hangos magyarázat az S-lépéshez, a grafika kíséreteként.",M1.3-NAR-01-VO,"„Az **S**, mint *Situation*, azt jelenti, hogy elmondod:
**mikor** és **milyen helyzetben** történt a dolog.

Például: *‘Amikor ma a játék közben…’*,
vagy *‘a beszélgetőkör elején…’*,
vagy *‘a múlt heti peulán, amikor a kicsikkel voltunk…’*.

Ez segít, hogy a másik is pontosan értse, **melyik jelenetről beszélsz**.”",56548ddba52426045021e89de76d5851c0a8188891c28b6b0ba8bfe29da1d485,,,"note: Leirat/transzkript (M1.3-NAR-01::TRANSCRIPT) kötelező: csak hang, ezért a dián vagy a médiaelem mellett látható leirat a teljes szöveges ekvivalens (WCAG 2.2 SC 1.2.1); első sora a kanonikus AI-címke; az M1.3-NAR-01::CAPTIONS archivált .vtt-derivatíva (projektgazdai döntés, 2026-10-03, VO D-19, D-21); ha az opcionális beszélőfej-videó elkészül, az M1.3-NAR-01::CAPTIONS a videó kapcsolható, szinkron magyar feliratsávja, és kötelező (WCAG 2.2 SC 1.2.2)",AI-generált,AI-generált,"note: Hangfájl, magyar, 20–30 mp, voice-over (a checklist szerint elég voice-over + grafika, opcionálisan 'beszélő fej').","captions, transcript","M1.3-NAR-01, M1.3-NAR-01::CAPTIONS, M1.3-NAR-01::TRANSCRIPT",,,,"R2, R3","R1, R2, R3",,"Slide 2; opcionálisan beszélő-fej, de a checklist szerint elég voice-over + grafika (lásd a 4. szakasz AI-videó pontját).",a5a08aa08739f3f349105340b0859ab669df60cf2a9e2c43268e5e7a685fd187,asset: M1.3-NAR-01 | transcript: M1.3-LEI-02,,,
M1.3-NAR-02,M1,M1.3,online-lecke,02 Tervezet/Modulok/M1/Online leckék/M1.3 – SBI-modell – hogyan adjak korrekt visszajelzést.md,496,voiceover,narration,legyártandó,jogtisztázás alatt,,B = Behavior narráció (20–30 mp),"20–30 mp magyar voice-over: B = Behavior = mit láttál/hallottál konkrétan; példák ('háromszor félbeszakította a többieket', 'kivonult a teremből'); utalás az előző leckére: 'megfigyelést mondasz, nem címkét'.",Hangos magyarázat a B-lépéshez.,M1.3-NAR-02-VO,"„A **B**, mint *Behavior*, azaz *viselkedés*, arról szól,
hogy **mit láttál vagy hallottál konkrétan**.

Például: *‘háromszor félbeszakította a többieket’*,
vagy *‘kivonult a teremből’*.

Ez a rész az előző leckéhez is kapcsolódik:
itt **megfigyelést mondasz, nem címkét**.”",9662d095add3cf802f625b06720b06fffda66f76c2dbc3191ebef5858924174e,,,"note: Leirat/transzkript (M1.3-NAR-02::TRANSCRIPT) kötelező: csak hang, ezért a dián vagy a médiaelem mellett látható leirat a teljes szöveges ekvivalens (WCAG 2.2 SC 1.2.1); első sora a kanonikus AI-címke; az M1.3-NAR-02::CAPTIONS archivált .vtt-derivatíva (projektgazdai döntés, 2026-10-03, VO D-19, D-21)",AI-generált,AI-generált,"note: Hangfájl, magyar, 20–30 mp, voice-over.","captions, transcript","M1.3-NAR-02, M1.3-NAR-02::CAPTIONS, M1.3-NAR-02::TRANSCRIPT",,,,"R2, R3","R1, R2, R3",,Slide 3.,51b4d0086d8e5176ce61f2632e62ed2ed305551d037916b27c46aa93b091dee9,asset: M1.3-NAR-02 | transcript: M1.3-LEI-03,,,
M1.3-NAR-03,M1,M1.3,online-lecke,02 Tervezet/Modulok/M1/Online leckék/M1.3 – SBI-modell – hogyan adjak korrekt visszajelzést.md,633,voiceover,narration,legyártandó,jogtisztázás alatt,,I = Impact narráció (20–30 mp),"20–30 mp magyar voice-over: I = Impact = mi lett a hatása rád/a csapatra; példák ('nagyon nehéz volt megtartani a figyelmüket', 'a kicsik utána már nem szólaltak meg', 'én frusztráltnak éreztem magam').",Hangos magyarázat az I-lépéshez.,M1.3-NAR-03-VO,"„Az **I**, mint *Impact*, azt jelenti, hogy elmondod,
**mi lett a hatása** annak, ami történt – rád vagy a csapatra.

Például: *‘nagyon nehéz volt megtartani a figyelmüket’*,
vagy *‘a kicsik utána már nem szólaltak meg’*,
vagy egyszerűen: *‘én frusztráltnak éreztem magam’*.”",58f57ac59c18b799df3d01a3a734694b0ff505bca6e8b89ba1781afcd1302373,,,"note: Leirat/transzkript (M1.3-NAR-03::TRANSCRIPT) kötelező: csak hang, ezért a dián vagy a médiaelem mellett látható leirat a teljes szöveges ekvivalens (WCAG 2.2 SC 1.2.1); első sora a kanonikus AI-címke; az M1.3-NAR-03::CAPTIONS archivált .vtt-derivatíva (projektgazdai döntés, 2026-10-03, VO D-19, D-21)",AI-generált,AI-generált,"note: Hangfájl, magyar, 20–30 mp, voice-over.","captions, transcript","M1.3-NAR-03, M1.3-NAR-03::CAPTIONS, M1.3-NAR-03::TRANSCRIPT",,,,"R2, R3","R1, R2, R3",,Slide 4.,ca3c0c85177e210d91696608b621c0e1f00b2468a5a47d6a8eaf515af7c2f35c,asset: M1.3-NAR-03 | transcript: M1.3-LEI-04,,,
M1.3-NAR-04,M1,M1.3,online-lecke,02 Tervezet/Modulok/M1/Online leckék/M1.3 – SBI-modell – hogyan adjak korrekt visszajelzést.md,742,voiceover,narration,legyártandó,jogtisztázás alatt,,Activity 1 (vezetett SBI) narráció (15–20 mp),"15–20 mp magyar voice-over: a félig kész SBI-mondat kiegészítésére biztat, kérje a tanulót, hogy képzeljen el egy egyszerű helyzetet és írja be, mikor történt, mit csinált a másik, mi lett a hatása.","Instruálja és bátorítja a tanulót a vezetett, szabad szöveges SBI-kiegészítéshez.",M1.3-NAR-04-VO,"„Most egy félig kész SBI-mondatot egészítesz ki.
Képzelj el egy egyszerű helyzetet, és próbáld meg beírni,
**mikor történt, mit csinált a másik, és mi lett a hatása**.”",417ebdad19e0609ee65b133d784654c84015eba54b72eda47397f1488961f401,,,"note: Leirat/transzkript (M1.3-NAR-04::TRANSCRIPT) kötelező: csak hang, ezért a dián vagy a médiaelem mellett látható leirat a teljes szöveges ekvivalens (WCAG 2.2 SC 1.2.1); első sora a kanonikus AI-címke; az M1.3-NAR-04::CAPTIONS archivált .vtt-derivatíva (projektgazdai döntés, 2026-10-03, VO D-19, D-21)",AI-generált,AI-generált,"note: Hangfájl, magyar, 15–20 mp, voice-over.","captions, transcript","M1.3-NAR-04, M1.3-NAR-04::CAPTIONS, M1.3-NAR-04::TRANSCRIPT",,,,"R2, R3","R1, R2, R3",,Slide 5.,76a6d37e23e4694fc09eaa93f91bd2dcfe5e6ed614b34cc6ea0591d550009f39,asset: M1.3-NAR-04 | transcript: M1.3-LEI-05,,,
M1.3-NAR-05,M1,M1.3,online-lecke,02 Tervezet/Modulok/M1/Online leckék/M1.3 – SBI-modell – hogyan adjak korrekt visszajelzést.md,830,voiceover,narration,legyártandó,jogtisztázás alatt,,Activity 2 (saját mini-SBI) narráció (20–30 mp),"20–30 mp magyar voice-over: a tanulót saját mini-SBI megfogalmazására biztatja (valós vagy kitalált helyzet), kiemelve, hogy legyen benne mikor (S), mit csinált a másik (B), mit okozott (I).","Instruálja a tanulót a saját SBI-váz írásához, csökkenti a megfogalmazási szorongást.",M1.3-NAR-05-VO,"„Ez most **a te mondatod**.
Gondolj egy helyzetre, ami eszedbe jut – vagy találj ki egy egyszerű, kisebb sztorit.
A lényeg, hogy legyen benne:
*mikor történt* (S),
*mit csinált a másik* (B),
és *mit okozott benned vagy a csapatban* (I).”",5792a1e841d9903a7e801b0667bcbcae2a5fcaaabd1dd0162577362cbdb6f877,,,"note: Leirat/transzkript (M1.3-NAR-05::TRANSCRIPT) kötelező: csak hang, ezért a dián vagy a médiaelem mellett látható leirat a teljes szöveges ekvivalens (WCAG 2.2 SC 1.2.1); első sora a kanonikus AI-címke; az M1.3-NAR-05::CAPTIONS archivált .vtt-derivatíva (projektgazdai döntés, 2026-10-03, VO D-19, D-21)",AI-generált,AI-generált,"note: Hangfájl, magyar, 20–30 mp, voice-over.","captions, transcript","M1.3-NAR-05, M1.3-NAR-05::CAPTIONS, M1.3-NAR-05::TRANSCRIPT",,,,"R2, R3","R1, R2, R3",,Slide 6.,87614226e4ce816a76a41b16e72438623fc760bb2777b5c5bbd6a32013c654b0,asset: M1.3-NAR-05 | transcript: M1.3-LEI-06,,,
M1.3-NAR-06,M1,M1.3,online-lecke,02 Tervezet/Modulok/M1/Online leckék/M1.3 – SBI-modell – hogyan adjak korrekt visszajelzést.md,933,voiceover,narration,legyártandó,jogtisztázás alatt,,Önellenőrző narráció (10–15 mp),"10–15 mp magyar voice-over: megerősíti, hogy ha mind a négy önellenőrző állítás igaz, akkor használható SBI-váza van, és ezt viszik tovább az M1.4 leckében és az Assignmentben.","Lezárja az önellenőrző szakaszt, motivál a folytatásra.",M1.3-NAR-06-VO,"„Ha mind a négy állításra azt mondod, hogy ‘igen’,
akkor **már van egy használható SBI-vázad**.
Mentsd el magadnak: a következő leckében és az Assignmentben erre építhetsz.”",ad3218992935260af8d9cf794b7635bfb3cbb5ca787b31f1b16d9510bbea517e,,,"note: Leirat/transzkript (M1.3-NAR-06::TRANSCRIPT) kötelező: csak hang, ezért a dián vagy a médiaelem mellett látható leirat a teljes szöveges ekvivalens (WCAG 2.2 SC 1.2.1); első sora a kanonikus AI-címke; az M1.3-NAR-06::CAPTIONS archivált .vtt-derivatíva (projektgazdai döntés, 2026-10-03, VO D-19, D-21)",AI-generált,AI-generált,"note: Hangfájl, magyar, 10–15 mp, voice-over.","captions, transcript","M1.3-NAR-06, M1.3-NAR-06::CAPTIONS, M1.3-NAR-06::TRANSCRIPT",,,,"R2, R3","R1, R2, R3",,Slide 7; külön a zárószöveg-narrációtól (M1.3-NAR-07).,1effc69b6773a0f560f7e2ebddfbf0fd3fd0bc2fd82eafe70d03b12c75cdad8b,asset: M1.3-NAR-06 | transcript: M1.3-LEI-07,,,
M1.3-NAR-07,M1,M1.3,online-lecke,02 Tervezet/Modulok/M1/Online leckék/M1.3 – SBI-modell – hogyan adjak korrekt visszajelzést.md,976,voiceover,narration,legyártandó,jogtisztázás alatt,,Zárószöveg narráció (10–15 mp),"10–15 mp magyar voice-over záró narráció: megköszöni a részvételt, összegzi az SBI felépítését, és előrevetíti az M1.4 lecke életszerű szituációit és a kapu-feladatot.","A lecke érzelmi-tartalmi lezárása, átkötés a következő egységhez.",M1.3-NAR-07-VO,"„Köszi, hogy végigmentél ezen a leckén.
Most már tudod, hogyan épül fel egy SBI.
A következő részben életszerű szituációkból fogsz választani,
és olyan visszajelzést írsz, amit a terepen is simán használhatsz.”",36759e68015bebe345470ddc67bd8e37e5c45653ac32b572bf436fea7a618ab8,,,"note: Leirat/transzkript (M1.3-NAR-07::TRANSCRIPT) kötelező: csak hang, ezért a dián vagy a médiaelem mellett látható leirat a teljes szöveges ekvivalens (WCAG 2.2 SC 1.2.1); első sora a kanonikus AI-címke; az M1.3-NAR-07::CAPTIONS archivált .vtt-derivatíva (projektgazdai döntés, 2026-10-03, VO D-19, D-21)",AI-generált,AI-generált,"note: Hangfájl, magyar, 10–15 mp, voice-over.","captions, transcript","M1.3-NAR-07, M1.3-NAR-07::CAPTIONS, M1.3-NAR-07::TRANSCRIPT",,,,"R2, R3","R1, R2, R3",,"Slide 7 zárószöveg; a dián megjelenő szöveg (SLIDE 7, „Zárószöveg”) tiszta szöveges slide-tartalom, ehhez a narrációhoz kapcsolódik.",e6781f36962a0441b8cd7abe6c56841f419c19c6d4b7516e9ded68dcf1f1fa56,asset: M1.3-NAR-07,,,
M1.3-NAR-08,M1,M1.3,online-lecke,02 Tervezet/Modulok/M1/Online leckék/M1.3 – SBI-modell – hogyan adjak korrekt visszajelzést.md,176,voiceover,narration,legyártandó,jogtisztázás alatt,,Hangalámondásos képleírás – HOOK-jelenet (M1.3-VID-01),"A kanonikus narrátorhangon felmondott képleírás, az M1.3-VID-01 hangsávjába keverve, öt rövid részben, a párbeszéd szüneteiben és a 2. verzió után: 1. a videó elején, az első replika előtt; 2. az 1. verzió két replikája között; 3. a két verzió között; 4. a 2. verzió két replikája között (csak az ikonok felvillanása és a társ reakciója); 5. a 2. verzió után, mielőtt a videó a kérdésnél megáll: melyik ikon melyik szövegrésznél villant fel (projektgazdai döntés, 2026-10-03, K7). A replikákra nem beszél rá; nem kiterjesztett (megállított) képleírás. Hallgatási próba: ellenőrizni kell, hogy a képleírás – az 5. rész idézett szövegrészeinél is – hallásra elkülönül-e Madrih A replikájától (azonos hang, K4); ha nem különül el, előbb hangsúllyal, tempóval, szünettel és keveréssel kell szétválasztani, és ha ez sem elég, a hozzáférhetőségi felelős dönt a következő lépésről (K8). Szó szerinti szöveg: M1.3-NAR-08-VO (`@source`), a lecke képi leírásából (SLIDE 1, „Mit látunk?”) összeállítva; a végleges szövegezést és időzítést a legyártott videón kell ellenőrizni.","A vak és gyengénlátó tanuló is megtudja, amit a HOOK-jelenet képe mutat: a két verzió címkéjét, ki hogyan reagál, és hogy a 2. verzióban melyik szövegrésznél villan fel az S, a B és az I ikon (WCAG 2.2 SC 1.2.5).",M1.3-NAR-08-VO,"„Peula után két madrih beszélget. A képen ez a felirat: első verzió – címke. Az egyik madrih kicsit felhúzva szól a társához.

A társa védekezően reagál.

Ugyanez a helyzet még egyszer. A képen ez a felirat: második verzió – SBI-szerű. Ugyanaz a madrih most nyugodtabban szólal meg.

A mondata közben három ikon villant fel. A társa elgondolkodik.

Az S, a B és az I ikon a madrih nyugodtabb mondatának három részénél villant fel. Az S ennél a résznél: ‘amikor ma a játék közben’. A B ennél a résznél: ‘háromszor félbeszakítottad a többieket’. Az I ennél a résznél: ‘nagyon nehéz volt megtartani a figyelmüket’.”",9edc6178656257425944176d8e674e0f4eb4515c126ce272374963c45d62037f,,,"note: Szöveges ekvivalens: M1.3-NAR-08::TRANSCRIPT, az M1.3-VID-01 leirata mellett elérhetően. A képleírás a párbeszéd feliratsávjába nem kerül beszélőként; ha a feliratban megjelenik, külön jelölve.",AI-generált,AI-generált (szintetikus narráció),"note: Hang, összesen kb. 25–35 mp (a K7 előtti becslés; a mért hossz a VO QA-repó újramérése után kerül ide, VO D-17), magyar; nem önálló lejátszóelem, hanem az M1.3-VID-01 hangsávjának része. A mért hosszt a „Mit hallunk? – hangalámondásos képleírás” címbe is át kell vezetni, és ehhez kell igazítani a teljes videó hosszát az M1.3-VID-01 spec és technical.note mezőjében, a „Videó hossza” sorban és a fejlesztői checklistben.",transcript,"M1.3-NAR-08, M1.3-NAR-08::TRANSCRIPT",,,,"R2, R3","R1, R2, R3",,"Projektgazdai döntés, 2026-10-03 (VO D-18, a) opció): a képleírás külön forrásblokk, átszámozás nélküli új azonosítóval, az első gyártási körben a kanonikus narrátorhanggal. A manifesztben nincs mező, amely egy hangot a videóhoz kötne; a kapcsolatot ez a jegyzet és az M1.3-VID-01 jegyzete rögzíti.",02ad6fd7ec6440bcba9ad77aeb62c6af46ef6936d77fcf61412d163d77a1325a,,,,
M1.3-VID-01,M1,M1.3,online-lecke,02 Tervezet/Modulok/M1/Online leckék/M1.3 – SBI-modell – hogyan adjak korrekt visszajelzést.md,124,video,interactive,legyártandó,emberi döntésre vár,nyitott emberi döntés,HOOK Interactive Video – ugyanaz a helyzet kétféle visszajelzéssel,"16:9 AI-generált jelenet: peula után két madrih (A és B) beszélget folyosón/teremben. Két verzió egymás után ugyanarra a helyzetre. 1) Bénább/címkéző verzió (Madrih A felhúzva: 'mindig szétvered a peulát, komolyan mondom…', Madrih B védekező: 'Mi van?! Csak próbáltam feldobni…'). 2) SBI-s verzió (Madrih A nyugodt: 'amikor ma a játék közben…' / 'háromszor félbeszakítottad…' / 'nagyon nehéz volt megtartani a figyelmüket és a bevonódásukat…' — mondat közben felvillannak az S/B/I ikonok a megfelelő szövegrésznél; Madrih B elgondolkodva: 'erre nem is gondoltam, oké figyelek rá'). Beépített H5P Multiple Choice kérdés „Single Choice (Radio Buttons)” módban a 2. verzió és a hangalámondásos képleírás 5. része után (videó megáll), 4 opcióval és opció-specifikus feedbackkel (a Single Choice Setben nincs opciónkénti visszajelzés). A párbeszéd kb. 20–24 mp; a teljes videó kb. 60–70 mp (a K7 előtti becslés, a képleírás mért hossza szerint igazítandó), a többletidő a képi történésé és a hangalámondásos képleírásé (M1.3-NAR-08).","Hook: a tanuló érezze a különbséget a címkéző és az SBI-szerű visszajelzés között, érzelmi és kognitív kontrasztban; a beépített kérdés azonnal aktiválja a megkülönböztetést.",M1.3-VID-01-VO,"**1. verzió – címke**
**Madrih A:** „Te mindig szétvered a peulát, komolyan mondom…”
**Madrih B:** „Mi van?! Csak próbáltam feldobni a hangulatot…”

**2. verzió – SBI-szerű**
**Madrih A:** „Figyelj, amikor ma a játék közben háromszor félbeszakítottad a többieket, nagyon nehéz volt megtartani a figyelmüket és a bevonódásukat. Jó lenne, ha ők is több teret kapnának.”
**Madrih B:** „Jaa… erre nem is gondoltam. Oké, figyelek rá.”",7b0bc24b305f57820e363f5874a09856cac6ddb50cb121c21f95deda75d86980,,,"audio: spoken; visual: informative; alt_note: jelenetvideó: a képi sáv jelentést hordoz – a szereplők arckifejezése és reakciója (az 1. verzióban felhúzott és védekező, a 2. verzióban nyugodt és elgondolkodó), valamint a szövegrészekhez felvillanó S/B/I ikonok –, és ez a párbeszédben nem hangzik el, ezért hangalámondásos képleírás (WCAG 2.2 SC 1.2.5; szkriptje: M1.3-NAR-08-VO) és mellette szöveges alternatíva (SC 1.2.3) kell; a szöveges alternatíva végleges szövegét a legyártott videó alapján kell megírni; note: Kötelező felirat (M1.3-VID-01::CAPTIONS) és leirat/transzkript (M1.3-VID-01::TRANSCRIPT); a képi történést (ki hogyan reagál, melyik szövegrésznél villan fel az S, a B és az I ikon) a párbeszéd szüneteiben és a 2. verzió után a hangalámondásos képleírás (M1.3-NAR-08) mondja el, és a szöveges alternatíva (M1.3-VID-01::ALTTEXT) is leírja, a leirat mellett elérhetően – a dialógból generált leirat ezt nem tartalmazza; az ikon-overlay-eknek vizuálisan és feliratban/leiratban is megjeleníthető jelölés kell.",AI-generált,AI-generált,"note: 16:9, kb. 60–70 mp (a K7 előtti becslés), AI beszélő-jelenet, H5P Interactive Video; mobil teljes szélességű lejátszás; mobilnézetben a kérdés gombként jelenik meg, és a gomb nyitja meg; válaszok egy oszlopban nagy tappolási felülettel.","captions, transcript, alt-text","M1.3-VID-01, M1.3-VID-01::CAPTIONS, M1.3-VID-01::TRANSCRIPT, M1.3-VID-01::ALTTEXT",,,,"R2, R3","R1, R2, R3, R5","Nyitott (PRODUCTION-DECISIONS.md D11): a kétszereplős, szájszinkronos gyártási út. Az első gyártási kör dialógushangjairól a projektgazda döntött (2026-10-03, VO D-14 és K4: Madrih A a kanonikus narrátorhang, Madrih B a második hang a kalibrálása után, beszélőnként külön szegmensben, a feliratban beszélőjelöléssel); a hangok jogosultsága tartalmilag tisztázott (VO D-01), a formális bizonyíték (R2, V2) függő. A jóváhagyott HOOK-szkriptet (D6) ez a döntés nem nyitja újra.","Tartalmazza a dialóg-hangsávot (a videó része). Felvillanó S/B/I ikonok az M1.3-IKO-01-ből. A beépített kérdés szöveg- és visszajelzés-tartalma a SLIDE 1 „Interakció az Interactive Video-ban” blokkjában áll (tiszta szöveges H5P-interakció, nem külön média-asset). Az R5 felvéve: az R5 szövege az AI karakter-jeleneteket nevesítve rögzített referencia-karakterhez és seedhez köti, ezért ez a videó nem gyártható a karakter- és stílus-lock előtt. Az R2 felvéve: AI-generált emberi karakter szintetikus hanggal — a generátor neve, a kereskedelmi licenc és a hang-jogosultság igazolása ugyanúgy kell, mint a beszélőfej-videóknál. Ha a jóváhagyó az R2 hatályát a beszélőfejekre szűkíti, ez a sor visszavonható (PRODUCTION-DECISIONS.md D3). A spec két mondattöredéke elcsúszott a lecke látható szövegétől („szétszúrod” / „összetartani a figyelmüket”); a jelenlegi leckeszövegre igazítva, a tananyag mondatai változatlanok. A HOOK-dialóg szövegét a szerző 2026-08-27-én jóváhagyta; a szó szerinti szöveg azóta `@source` blokkban él a leckében (M1.3-VID-01-VO), és a felirat/leirat onnan generálódik. A korábbi „Nagyjából a fenti mondatok” megfogalmazás helyére a jóváhagyott dialóg került, a felirat-hosszra vonatkozó kikötés megmaradt. Hozzáférhetőségi besorolás – projektgazdai döntés (2026-10-02): a videókat egyenként kell besorolni; utólagos ellenőrzés (vétó/QA): hozzáférhetőségi felelős. Ez jelenetvideó, amelyben az arckifejezés, a reakció és az ikonok felvillanása jelentést hordoz, ezért a korábbi dekoratív jelölés helyett tartalmi (informative) jelölést kap, szöveges alternatívával. A képi leírás a szöveges alternatívában (M1.3-VID-01::ALTTEXT) él; a dialóg-`@source`-ból (M1.3-VID-01-VO) generált felirat és leirat változatlanul csak a párbeszédet tartalmazza. A hangalámondásos képleírás külön forrásblokk (M1.3-NAR-08-VO), a narrátor hangján, a párbeszéd szüneteiben és a 2. verzió után (projektgazdai döntés, 2026-10-03, VO D-18; K7).",dea17d618c020a0d8e2c580ece83b424adc4f4de5c6d2be142a829a91411d123,asset: M1.3-VID-01 | captions: M1.3-FEL-01 | transcript: M1.3-LEI-01,,,
M1.4-DIA-01,M1,M1.4,online-lecke,02 Tervezet/Modulok/M1/Online leckék/M1.4 – Miniszituációk – Mondd el SBI-ben.md,161,diagram,,legyártandó,specifikáció kész,,Slide 2 – S/B/I emlékeztető diagram ikonokkal,"Háromblokkos SBI-diagram az M1.3-mal AZONOS színekkel/ikonokkal: S – Situation (kék, óra+helyszín ikon, „Mikor, hol, milyen helyzetben voltunk?”), B – Behavior (zöld, szem/fül ikon, „Mit csinált a másik konkrétan?”), I – Impact (narancs, szív/hullám ikon, „Ez hogyan hatott rám / a kvucára?”). Alul 1 kész SBI-példamondat (játék közben / háromszor félbeszakítottad / nehéz volt megtartani a figyelmüket).","Vizuális emlékeztető az SBI három eleméről, vizuális konzisztenciát tartva az M1.3 leckével, mielőtt a tanuló a mini-kérdéseket megoldja.",,,,,,"visual: informative; alt_note: a lecke előírja az alt-szöveget, de a végleges szöveget a legyártott vizuál alapján kell megírni; note: Alt-szöveg kötelező (lásd M1.4-DIA-01::ALTTEXT); a színkódolás mellé szöveges címke is legyen (ne csak a szín hordozza az infót); kontraszt min. WCAG AA.",AI-generált,AI-generált,"note: Diagram/ábra 3 színkódolt blokkal és 3 ikonnal (kék óra+helyszín, zöld szem/fül, narancs szív/hullám), magyar feliratokkal. Animáció opcionális (blokkonkénti megjelenés).",alt-text,"M1.4-DIA-01, M1.4-DIA-01::ALTTEXT",,,,,"R1, R5",,Az ikon-készlet (M1.4-IKO-01) része ennek a diagramnak; a Slide 2 narrációval (M1.4-NAR-02) kapcsolódik. Színek/ikonok forrása: M1.3.,ff183a5d30e3b0b351d5e99866ccb0f71bb174e2b89fc19c765c37cbe859cf8d,asset: M1.4-DIA-01,,,
M1.4-IKO-01,M1,M1.4,online-lecke,02 Tervezet/Modulok/M1/Online leckék/M1.4 – Miniszituációk – Mondd el SBI-ben.md,196,icon-set,,újrahasznosítás,specifikáció kész,,"S/B/I ikonok (óra+helyszín, szem/fül, szív/hullám)","Három ikon az SBI-elemekhez: S = óra+helyszín (kék), B = szem/fül (zöld), I = szív/hullám (narancs). Az M1.3-ban használt ikon-stílussal és színekkel megegyezően.","Vizuális kódolás az SBI három eleméhez, megerősíti a felidézést és a leckék közti konzisztenciát.",,,,,,visual: decorative; alt_note: a lecke akadálymentesítési jegyzete dekoratívként jelöli (üres / rejtett alt); note: Az ikonok dekoratív-kiegészítő szerepűek a szöveges címkék mellett; alt-szöveg a diagram szintjén kezelve (M1.4-DIA-01). Önállóan nem hordozhatnak kizárólagos infót.,AI-generált,AI-generált,"note: 3 db ikon, vektoros (SVG) formátum előnyös, definiált színkódokkal (kék/zöld/narancs).",,,M1.3-IKO-01,,,,,,"Újrahasznosítás indoklása (v1 dedup): Pontosan azonos ikonok és színkód; az M1.4 H5P mini-quizben jelennek meg, az M1.3 videóban/slide-grafikákon. Csak az elhelyezés/kontextus tér el, maga az ikon-asset identikus. Az M1.4-DIA-01 diagram építőeleme; meglévő M1.3-ikonok újrafelhasználhatók, ha azonosak.",bfe206ce22f80840135ca0a7392887dc1a012f3d3f66b5d62d8429724d6359a1,asset: M1.4-IKO-01 | alt-text: M1.4-ALT-02,,,
M1.4-ILL-01,M1,M1.4,online-lecke,02 Tervezet/Modulok/M1/Online leckék/M1.4 – Miniszituációk – Mondd el SBI-ben.md,43,illustration,,legyártandó,specifikáció kész,,Slide 1 – 3 szituáció-kártya vizuál,"Három nagy, tappolható kártya egységes vizuális stílusban: A – Késés + hangos érkezés (peulán fél órát késik, hangosan röhögve érkezik a körbe), B – Kinevetés a körben (beszélgetőkörben egy hanih mindenkit kinevet, aki megszólal), C – Telefonozás gyűlésen (madrih-gyűlésen egy madrih végig a telefonját nyomkodja, miközben mások beszélnek). Minden kártyán cím + rövid helyzet-szöveg, illusztratív jelenettel.","Vizuálisan megjeleníti a választható tipikus madrih-helyzeteket, hogy a tanuló konkrét szituációt válasszon a beszélgetéshez (és későbbi beadandóhoz).",,,,,,"visual: informative; alt_note: a lecke előírja az alt-szöveget, de a végleges szöveget a legyártott vizuál alapján kell megírni; note: Mindhárom kártyához alt-szöveg kötelező (lásd M1.4-ILL-01::ALTTEXT). Az interakció billentyűzettel teljesen operálható (Tab a kártyák között, Enter/Space a kiválasztásra), látható fókusz-keret jelölje az aktuális kártyát, tappolható felület ≥ 24×24 px kényelmes ráhagyással (forrás: 2.1, „Interakció”).",AI-generált,AI-generált,"note: 3 db kártya-illusztráció, egységes stílus, képernyő-arányhoz illeszkedő felbontás, magyar feliratos szöveggel a kártyán.",alt-text,"M1.4-ILL-01, M1.4-ILL-01::ALTTEXT",,,,,"R1, R5",,"A kártyák a „Kattints egy kártyára” választás alapját képezik. A választásnak nincs helyes válasza, ezért Single Choice Set nem használható (abban az első opció mindig a helyes); a választás nem kerül át az Assignmentbe.",dea4c86160db93a9eb9c6c3f760cef9a7604d3770df8cce4ddb076cd5f14e699,asset: M1.4-ILL-01 | alt-text: M1.4-ALT-01,,,
M1.4-MUNK-01,M1,M1.4,online-lecke,02 Tervezet/Modulok/M1/Online leckék/M1.4 – Miniszituációk – Mondd el SBI-ben.md,516,worksheet,,legyártandó,specifikáció kész,,Letölthető „SBI-beadandó” kitölthető sablon (doc),"Kitölthető sablon doc formátumban, kizárólag a lecke 2–4. lépésének meglévő elemeivel, szó szerint: a három mező („S – Szituáció: mikor, hol, milyen helyzetben történt?”, „B – Viselkedés: mit csinált a másik konkrétan (megfigyelés, nem címke)?”, „I – Hatás: ez hogyan hatott rád vagy a csapatra?”); a „Formátum – javaslat” mondatváza („Amikor [S – mikor, hol, milyen helyzetben voltunk], és te [B – mit csináltál konkrétan], én / a kvuca [I – mit éreztem / mi lett a hatás].”); két SBI-blokk a 4. lépés szerint (minimum 1 teljes SBI-mondat, maximum 2 különböző SBI); a sablon végén szó szerint a lecke „Extra biztonsági megjegyzés a leírás végére” blokkja. Új mező, minta vagy útmutató szöveg nem kerül bele.","Az M1 kapu beadandójának (LMS-M1-05) fájlalapú leadási útja: aki nem online szövegként ad le, ennek kitöltésével és feltöltésével adja le az SBI-t. A két út egyenértékű (Program terv §5; hozzáférhetőségi sztenderd §4).",,,,,,"note: Valódi szöveges dokumentum (nem kép), címsorokkal és megjelölt kitöltési helyekkel, hogy képernyőolvasóval is használható és kitölthető legyen; a dokumentum nyelve magyarra állítva.",emberi,,"note: Szerkeszthető dokumentum: Google Doc (csak szervezeti fiókban, korlátozott megosztással) és/vagy .docx; A4 nyomtatható elrendezés is; magyar nyelv. Moodle-ben az Assignment „Additional files” mezőjébe kerül.",print-pdf,"M1.4-MUNK-01, M1.4-MUNK-01::PRINTPDF",,,,,R5,,A11Y-18 statikus előfeltétele (IMPL-18-1): a Program terv §5 beadási szabálya és a hozzáférhetőségi sztenderd §4 szerinti letölthető sablon; tartalma kizárólag a lecke meglévő szövegéből áll. Az Assignment online-text mezőjének egyenértékű alternatívája. A sablon letölthetőségét és akadálymentességét a renderen kell igazolni (release-evidence).,57773abb6af3dce2b0073b4975fa9851819e47ca493b3b517e95fab1070e6318,,,,
M1.4-NAR-01,M1,M1.4,online-lecke,02 Tervezet/Modulok/M1/Online leckék/M1.4 – Miniszituációk – Mondd el SBI-ben.md,81,voiceover,narration,legyártandó,jogtisztázás alatt,,Slide 1 Hook-narráció – 3 helyzet bemutatása,"Opcionális bevezető narráció (hang kb. 8–10 mp, utána gondolkodási idő; a szakasz összesen 20–30 mp): bemutatja, hogy három tipikus madrih-helyzetet lát a tanuló, és felkéri, válassza ki azt, amelyikről leginkább el tudna képzelni egy beszélgetést.","Bevezeti és érzelmileg ráhangolja a tanulót a szituáció-választásra, ami a kapus beadandóhoz vezet.",M1.4-NAR-01-VO,"„Itt három olyan helyzetet látsz, amit egy madrih bármikor átélhet.
Válaszd ki azt, amelyikről **leginkább el tudnál képzelni egy beszélgetést**.”",20106618f16757485a21b2b532246897f9d2b4f4468e4bd693ae2d279f698693,,,"note: Leirat/transzkript (M1.4-NAR-01::TRANSCRIPT) kötelező: csak hang, ezért a dián vagy a médiaelem mellett látható leirat a teljes szöveges ekvivalens (WCAG 2.2 SC 1.2.1); első sora a kanonikus AI-címke; az M1.4-NAR-01::CAPTIONS archivált .vtt-derivatíva (projektgazdai döntés, 2026-10-03, VO D-19, D-21)",AI-generált,AI-generált,"note: Hang kb. 8–10 mp (a szakasz a gondolkodási idővel együtt 20–30 mp), magyar nyelvű hangfájl, szintetikus narráció (ElevenLabs, a kanonikus narrátorhang), mp3/wav.","captions, transcript","M1.4-NAR-01, M1.4-NAR-01::CAPTIONS, M1.4-NAR-01::TRANSCRIPT",,,,"R2, R3","R1, R2, R3",,"Opcionális elem (a forrás kifejezetten „opcionális narráció”-ként jelöli). Slide 1-en a kártya-vizuálhoz (M1.4-ILL-01) és a kártyaválasztó interakcióhoz kapcsolódik. Ha a narráció nem készül el, FEL-01/LEI-01 is elmarad.",be741560401403589bda510c9dc0a5cd1b2f77f79a7374334ab090fff871343b,asset: M1.4-NAR-01 | captions: M1.4-FEL-01 | transcript: M1.4-LEI-01,,,
M1.4-NAR-02,M1,M1.4,online-lecke,02 Tervezet/Modulok/M1/Online leckék/M1.4 – Miniszituációk – Mondd el SBI-ben.md,227,voiceover,narration,legyártandó,jogtisztázás alatt,,Slide 2 narráció – SBI emlékeztető,"20–30 mp-es narráció, amely röviden átismétli az SBI három elemét: S = szituáció (mikor, hol voltunk), B = viselkedés (mit csinált a másik), I = hatás (mit okozott bennem/a csapatban).","Felidézi az M1.3-ból tanult SBI-modellt, mielőtt a tanuló a mini-kérdéseket megoldja.",M1.4-NAR-02-VO,"„Csak emlékeztetőnek: az SBI-ben
**S**: elmondod a szituációt – mikor, hol voltunk,
**B**: elmondod a viselkedést – mit csinált a másik,
**I**: elmondod a hatást – mit okozott benned vagy a csapatban.”",089cf4e531b3c6cc7d68b6c09ac4487bcdce42f805dc24b0ac95ed7e032af6f9,,,"note: Leirat/transzkript (M1.4-NAR-02::TRANSCRIPT) kötelező: csak hang, ezért a dián vagy a médiaelem mellett látható leirat a teljes szöveges ekvivalens (WCAG 2.2 SC 1.2.1); első sora a kanonikus AI-címke; az M1.4-NAR-02::CAPTIONS archivált .vtt-derivatíva (projektgazdai döntés, 2026-10-03, VO D-19, D-21)",AI-generált,AI-generált,"note: 20–30 mp, magyar nyelvű hangfájl, szintetikus narráció (ElevenLabs, a kanonikus narrátorhang), mp3/wav.","captions, transcript","M1.4-NAR-02, M1.4-NAR-02::CAPTIONS, M1.4-NAR-02::TRANSCRIPT",,,,"R2, R3","R1, R2, R3",,Az SBI-diagram vizuálhoz (M1.4-DIA-01) kapcsolódik ugyanezen a slide-on.,8e1dbd2875b29545e2bf1cc726517a38b7e111dd7798fa96026ec5ad69b58b33,asset: M1.4-NAR-02 | captions: M1.4-FEL-02 | transcript: M1.4-LEI-02,,,
M1.4-NAR-03,M1,M1.4,online-lecke,02 Tervezet/Modulok/M1/Online leckék/M1.4 – Miniszituációk – Mondd el SBI-ben.md,372,voiceover,narration,legyártandó,jogtisztázás alatt,,Slide 6 átvezető narráció – beadandóra hívás,"10–15 mp-es záró narráció: jelzi, hogy a tanuló kész a beadandóra, felkéri egy szituáció kiválasztására (a három közül vagy saját, kitalált) és 1–2 mondatos SBI-visszajelzés megírására.",Lezárja a mini-quizt és átvezet a Moodle Assignment (kapus beadandó) felé.,M1.4-NAR-03-VO,"„Most már továbbléphetsz a beadandóhoz.
Válassz ki egy szituációt – akár a három közül egyet, akár egy saját, kitalált helyzetet –
és írj rá 1–2 mondatos SBI-visszajelzést.”",a40b8b25655b1a3b77140f8d60752b89b52493c7f52bbd649b33d9043efdef28,,,"note: Leirat/transzkript (M1.4-NAR-03::TRANSCRIPT) kötelező: csak hang, ezért a dián vagy a médiaelem mellett látható leirat a teljes szöveges ekvivalens (WCAG 2.2 SC 1.2.1); első sora a kanonikus AI-címke; az M1.4-NAR-03::CAPTIONS archivált .vtt-derivatíva (projektgazdai döntés, 2026-10-03, VO D-19, D-21)",AI-generált,AI-generált,"note: 10–15 mp, magyar nyelvű hangfájl, szintetikus narráció (ElevenLabs, a kanonikus narrátorhang), mp3/wav.","captions, transcript","M1.4-NAR-03, M1.4-NAR-03::CAPTIONS, M1.4-NAR-03::TRANSCRIPT",,,,"R2, R3","R1, R2, R3",,"A Slide 6 záró-szöveg dia szöveges tartalmához (2.4, „Szöveg a dián”) kapcsolódik; a slide vizuálja tiszta szöveg, nem külön legyártandó grafikai asset.",f066099221fe17c37fe72f0c531f3180da6ef2fd30d400a2b0c2c0c61dea6f59,asset: M1.4-NAR-03 | captions: M1.4-FEL-03 | transcript: M1.4-LEI-03,,,
M1.A-MUNK-01,M1,M1.A,peula,02 Tervezet/Modulok/M1/Peulák/M1.A – Önismeret & Johari + megfigyelés vs. címkézés (45’).md,320,worksheet,,legyártandó,specifikáció kész,,Képzői segédlet: „Megfigyelés vagy címkézés?” – 8 példamondat + várt besorolás,"Képzői felolvasó-segédlet (munkalap vagy kártyák) a forrásbeli 8 példamondattal és a várt besorolással (👁️ megfigyelés / 🎭 címke): „Nagyon tiszteletlen voltál ma.”→🎭; „A beszélgetőkörben háromszor belebeszéltél más szavába.”→👁️; „Szétverted az egész peulát.”→🎭; „A játék alatt kétszer kivonultál a teremből.”→👁️; „Unalmas voltál.”→🎭; „Nem néztél fel a telefonodból, miközben beszéltünk.”→👁️; „Nem tiszteled a kvucát.”→🎭; az utolsó határeset-mondat („A kör vége felé halkan elkezdtél mással beszélgetni…”→👁️) a magyarázó jegyzetével + a „mi van, ha valaki a másik oldalra áll” facilitátori kérdésekkel/mondatokkal. A teljes verbatim szöveg a forrás 4.3.1 blokkjában.","A mozgásos játék lebonyolításának támogatása; a képző felolvashatja a mondatokat, követheti a várt besorolást és a beépített reflexiós/facilitátori kérdéseket.",,,,,,"note: Nyomtatott képzői segédlet; ha digitális PDF készül, géppel olvasható szöveg + alt-szöveg a 👁️/🎭 ikonokhoz.",vegyes,vegyes,"note: A4 nyomtatható, magyar nyelvű, lista- vagy kártya-formátum; a várt besorolás diszkréten jelölve, hogy a résztvevők ne lássák.",print-pdf,"M1.A-MUNK-01, M1.A-MUNK-01::PRINTPDF",,,,,"R1, R5",,"Kapcsolódik az M1.A-POSZ-02 és -03 poszterekhez (oda mozognak a válaszok alapján). A 4.3.1 blokk végén álló „1 gyors kérdés” + „a megfigyelés az, amit a kamera is lát” emlékeztetői ugyanehhez a játékhoz tartoznak, érdemes a segédlet aljára emlékeztetőként bevenni.",ba23361e8c8b0230bec7bb6aa7c28e1a352ab95c06e308fee77ed5f536caa295,asset: M1.A-MUNK-01,,,
M1.A-MUNK-02,M1,M1.A,peula,02 Tervezet/Modulok/M1/Peulák/M1.A – Önismeret & Johari + megfigyelés vs. címkézés (45’).md,403,worksheet,,legyártandó,specifikáció kész,,Képzői segédlet: „Magunkat is címkézzük?” – saját-cetli példák + megfigyeléssé átírás,"Képzői segédlet a 4.3.2 blokkhoz: (1) példa-cetlik és várt besorolásuk – „Néha szétesek peula közben.”→🎭/címke; „Jól tudok improvizálni.”→címke (kérdés: milyen helyzetben?); „Félek a nagy csoporttól.”→érzés/címke; (2) 2 minta-átírás címkéből megfigyeléssé: „Néha szétesek”→„Amikor sok instrukciót kell egyszerre mondanom, előfordul, hogy elfelejtem a harmadik lépést.”; „Jól tudok improvizálni”→„Amikor váratlanul változik a program, pár perc alatt szoktam tudni új játékot kitalálni.”; (3) a záró üzenet kulcsmondatai (címke vs. megfigyelés madrihként). A teljes szöveg a forrás 4.3.2 blokkjában.","A „saját cetlik újranézése” lépés vezetésének támogatása; a képző mintát kap, hogyan minősíti és írja át megfigyeléssé a magunkról szóló címkéket, és hogyan vezeti át a záró üzenetre.",,,,,,"note: Nyomtatott képzői segédlet; ha digitális PDF készül, géppel olvasható szöveg + alt-szöveg a 🎭 ikonhoz.",vegyes,vegyes,"note: A4 nyomtatható, magyar nyelvű, példa→átírás kétoszlopos vagy lista-elrendezés; csak képzői használatra.",print-pdf,"M1.A-MUNK-02, M1.A-MUNK-02::PRINTPDF",,,,,"R1, R5",,Logikailag az M1.A-POSZ-01 Johari-cetlikre és az M1.A-MUNK-01 megfigyelés/címke megkülönböztetésre épül; átvezet az SBI-online hídra (M1.3–M1.4).,70573a6af11a6e9a5f15498ad53d3102b53209dfba5e4ca7d63ed31a65c4a219,asset: M1.A-MUNK-02,,,
M1.A-POSZ-01,M1,M1.A,peula,02 Tervezet/Modulok/M1/Peulák/M1.A – Önismeret & Johari + megfigyelés vs. címkézés (45’).md,33,poster,,legyártandó,specifikáció kész,,Johari-ablak nagy tábla-/flipchart-sablon,"Nagy 2×2-es Johari-ablak sablon (poszter vagy flipchart-előrajz), négy mezővel és feliratokkal pontosan a forrás szerint: bal felső Nyitott – „én is tudom, mások is látják”; jobb felső Vakfolt – „más látja, én nem nagyon”; bal alsó Rejtett – „én tudom, de másoknak nem mutatom”; jobb alsó Ismeretlen – „még senki nem tudja”. A mezők elég nagyok post-it-ragasztáshoz; a Vakfolt és Ismeretlen mező vizuálisan jelezve, hogy ma üresen marad (a Vakfoltba csak mások visszajelzéséből kerül tartalom).","A Johari-ablak logikájának vizualizálása; a Nyitott/Rejtett post-itek közös elhelyezése; annak megértetése, hogy létezik Vakfolt-mező, amibe csak mások visszajelzéséből kerül tartalom.",,,,,,"note: Nyomtatott/rajzolt fizikai sablon, képernyőolvasó nem releváns; ha digitális/letölthető verzió készül a képzőnek, alt-szöveg kell a négy mező feliratával és elrendezésével.",vegyes,vegyes,"note: Flipchart vagy A1/tábla méret, magyar nyelvű feliratok, post-it-ragasztásra alkalmas felület; opcionálisan letölthető A3/A1 nyomtatható sablon, nagy kontraszt.",print-pdf,"M1.A-POSZ-01, M1.A-POSZ-01::PRINTPDF",,,,,"R1, R5",,"Az M1.1 online lecke Johari-ablakával vizuálisan konzisztens legyen. Kapcsolódik a post-it-gyakorlathoz (Blokk 2, 4.2.3).",6f7f1760dbf766c972cb4834f15aaa6dafac54a80f4e3124c352f111240b235e,asset: M1.A-POSZ-01,,,
M1.A-POSZ-02,M1,M1.A,peula,02 Tervezet/Modulok/M1/Peulák/M1.A – Önismeret & Johari + megfigyelés vs. címkézés (45’).md,66,poster,,legyártandó,specifikáció kész,,„MEGFIGYELÉS” sarok-poszter (👁️),"Nagy, jól látható A4/A3 poszter „👁️ MEGFIGYELÉS” felirattal és szem-ikonnal. A terem egyik felére/sarkára kerül a mozgásos játékhoz; nagy bold betűk, távolról is olvasható.","A „megfigyelés vs. címke” mozgásos játék egyik fizikai pólusának jelölése, hogy a résztvevők oda tudjanak mozogni.",,,,,,"note: Nagy kontrasztos betűtípus, távolról olvasható; alt-szöveg „MEGFIGYELÉS / szem-ikon”, ha digitális verzió is készül.",vegyes,vegyes,"note: A4 vagy A3, fekvő vagy álló, magyar felirat, szem (👁️) ikon, nagy bold betűk.",print-pdf,"M1.A-POSZ-02, M1.A-POSZ-02::PRINTPDF",,,,,"R1, R5",,Párban használandó az M1.A-POSZ-03 „CÍMKE/ÉRTELMEZÉS” poszterrel a terem két oldalán.,932adce4d349a73c165bc99979612fa6dd8fe4c6f04401a70b1ae467d753894b,asset: M1.A-POSZ-02,,,
M1.A-POSZ-03,M1,M1.A,peula,02 Tervezet/Modulok/M1/Peulák/M1.A – Önismeret & Johari + megfigyelés vs. címkézés (45’).md,99,poster,,legyártandó,specifikáció kész,,„CÍMKE / ÉRTELMEZÉS” sarok-poszter (🎭),"Nagy, jól látható A4/A3 poszter „🎭 CÍMKE / ÉRTELMEZÉS” felirattal és színház-maszk ikonnal. A terem másik felére/sarkára kerül a mozgásos játékhoz; nagy bold betűk, távolról is olvasható.",A „megfigyelés vs. címke” mozgásos játék másik fizikai pólusának jelölése.,,,,,,"note: Nagy kontrasztos betűtípus, távolról olvasható; alt-szöveg „CÍMKE / ÉRTELMEZÉS / maszk-ikon”, ha digitális verzió is készül.",vegyes,vegyes,"note: A4 vagy A3, magyar felirat, színház-maszk (🎭) ikon, nagy bold betűk; vizuálisan elkülönülő (pl. eltérő szín) az M1.A-POSZ-02-től.",print-pdf,"M1.A-POSZ-03, M1.A-POSZ-03::PRINTPDF",,,,,"R1, R5",,Párban használandó az M1.A-POSZ-02 „MEGFIGYELÉS” poszterrel.,50c3a4570dbb5cbc6d4e710157a9341dbd466ec9e097f7467ca6eccd4fb710c4,asset: M1.A-POSZ-03,,,
M1.B-DIA-01,M1,M1.B,peula,02 Tervezet/Modulok/M1/Peulák/M1.B – SBI-lab – Smiley-tól a használható visszajelzésig (45’).md,267,diagram,,legyártandó,specifikáció kész,,"Szerepcsere-ábra (A→C, C→B, B→A forgás)","Egyszerű körkörös forgás-diagram a 3 fős trió szerepcseréjéhez: A→C, C→B, B→A, irányított nyilakkal, jelezve, hogy minden kör után egy lépéssel tovább forog mindenki (3 kör alatt mindenki volt A, B és C). Felhasználható táblára rajzolva, vagy kivetíthető/nyomtatható ábraként. A 4 fős eset (2. C a 2. körtől bekapcsolódik) opcionálisan jelölhető.","Vizuálisan érthetővé tenni a szerepforgást, hogy a triók önállóan, gyorsan tudjanak cserélni a képző külön magyarázata nélkül (4.2.3: a képző körbejár, nem áll meg minden triónál).",,,,,,"visual: informative; alt_note: a lecke előírja az alt-szöveget, de a végleges szöveget a legyártott vizuál alapján kell megírni; note: Alt-szöveg KÖTELEZŐ: írja le a forgás irányát (A→C, C→B, B→A) szövegesen. A forrás 4.2.1 blokkjában az ábra alatti „Magyarul: …” mondat már tartalmaz teljes szöveges magyarázatot, ami alt-ekvivalensként közvetlenül felhasználható.",AI-generált,AI-generált,"note: Egyszerű vektoros körkörös diagram, 3 csomópont (A, B, C) + irányított nyilak; magyar feliratok; kivetíthető és nyomtatható arány (16:9 vagy A4).",alt-text,"M1.B-DIA-01, M1.B-DIA-01::ALTTEXT",,,,,"R1, R5",,A forrásban ASCII-ábraként szerepel (4.2.1); végleges asszetként tiszta vektoros diagrammá kell alakítani. A 4 fős eset megjegyzése az ábra alatti „Magyarul: …” mondatban áll.,87be88ab93c6c0900033cc49b1dc541f54276d8dff03d0ff750b31c08c89572d,asset: M1.B-DIA-01,,,
M1.B-KART-01,M1,M1.B,peula,02 Tervezet/Modulok/M1/Peulák/M1.B – SBI-lab – Smiley-tól a használható visszajelzésig (45’).md,31,card-set,,legyártandó,specifikáció kész,,Helyzetkártya-szett (SBI szerepjáték),"Nyomtatható kártyaszett, kártyánként 1 tipikus madrih-helyzettel a szerepjátékhoz. A forrásban megadott 5 szituáció szövegszerűen: (1) peulán fél órát késő, hangosan röhögve érkező valaki; (2) beszélgetőkörben mindenkit kinevető hanih; (3) madrih-megbeszélésen végig telefonozó; (4) játék alatt magának kedvezően folyton szabályt módosító; (5) előkészítő megbeszélésre üres kézzel érkező, akinek a feladata lett volna a játék kitalálása. Bővíthető extra kártyákkal. Triónként 2-3 kártya kerül kiosztásra.","Biztonságos, fiktív gyakorlóhelyzet biztosítása az SBI-mondat megfogalmazásához, hogy a résztvevőknek ne kelljen valós konfliktust behozniuk (lásd a 2.3 és a 4.2.2 biztonsági instrukcióit).",,,,,,"note: Print, élő használat; alt-szöveg nem szükséges. Szöveg legyen nagy, jól olvasható.",emberi,emberi-felvétel,"note: A6/kártyaméret, egyoldalas elég; magyar nyelv; felső létszámra (20 fő) 6-7 szett előkészítendő (lásd 4.2.1: 6-7 csoport).",print-pdf,"M1.B-KART-01, M1.B-KART-01::PRINTPDF",,,,,R5,,Forrása az M1.4 online lecke szituációi + extra (2.1). Összekapcsolódik a C megfigyelő trió-checklistjével (M1.B-MUNK-01). A 4.2.2 szerint a kártyák egy része a H5P-ből (M1.4) már ismerős lehet.,6747fec6084c622ba667a342769cc5749d8103e0563668b145fb3bd4f78ce3db,asset: M1.B-KART-01,,,
M1.B-KART-02,M1,M1.B,peula,02 Tervezet/Modulok/M1/Peulák/M1.B – SBI-lab – Smiley-tól a használható visszajelzésig (45’).md,63,card-set,,legyártandó,specifikáció kész,,Smiley-kártyák (😃 / 😐 / 😬),"Három nagyméretű, felmutatható kártya kartonon: 😃 „jó volt”, 😐 „oké / semleges”, 😬 „rossz / kínos”. A képző a ráhangoló blokkban (4.1.1.) felmutatja, referencia a smiley-s vs. SBI-visszajelzés kontraszthoz. Rajzolt vagy nyomtatott kivitel egyaránt megengedett (2.1: „akár rajzolva”).","A smiley-s (felszínes) visszajelzés élményének gyors, vizuális felidézése a ráhangolódáshoz (2.1 és 4.1.1), az SBI-vel való szembeállításhoz; emellett a 4.1.2. mozgásos mini-kvíznél is segédeszközként szolgálhat a sarok-jelölésekhez.",,,,,,"note: Print, élő felmutatás; a felirat („jó volt”/„oké”/„kínos”) a vizuális mellett szövegesen is olvasható, ez biztosítja az emoji jelentését.",emberi,emberi-felvétel,"note: Nagy formátum (A4/karton), 3 db; rajzolt vagy nyomtatott emoji + felirat; magyar nyelv.",print-pdf,"M1.B-KART-02, M1.B-KART-02::PRINTPDF",,,,,R5,,"Ugyanez a 3 smiley használható a 4.1.2. mozgásos mini-kvíz A/B/igaz-hamis sarkainál is. 3 emoji, szemben az 5-elemű checklist-skálával (M1.B-MUNK-01).",431885597882df6655e875ab5acca987b65a2a326f49d0111d9eed1be5edd41f,asset: M1.B-KART-02,,,
M1.B-MUNK-01,M1,M1.B,peula,02 Tervezet/Modulok/M1/Peulák/M1.B – SBI-lab – Smiley-tól a használható visszajelzésig (45’).md,95,worksheet,,legyártandó,specifikáció kész,,Trió-checklist lap a megfigyelőnek (C),"Egyoldalas megfigyelő-munkalap a C szerepnek a forrás 2.1 listája szerint: Volt-e S? (igen/nem), Volt-e B? (igen/nem), Volt-e I? (igen/nem), Volt-e címke? (igen/nem + példa beírható), és „B hogyan érezte magát?” bekarikázható 5-fokú smiley-skálával (😃 / 🙂 / 😐 / 😬 / 😡). Mivel a megfigyelő 3 kört (4 fős triónál többet) figyel, több kör jelölésére alkalmas elrendezés ideális.","A megfigyelő strukturáltan tudja követni az S/B/I meglétét és a becsúszó címkézést (4.2.1 és 4.2.3); objektív tükör az A visszajelzéséhez a mini-reflexióban (4.2.3, 4. lépés).",,,,,,"note: Print, kézzel kitölthető; alt-szöveg nem szükséges. A karikázható mezők legyenek elég nagyok.",emberi,emberi-felvétel,"note: A4/A5, magyar nyelv; minden triónak 1-1 példány. Felső létszámon (20 fő, 6-7 trió) 6-7 db; 4 fős triónál 2 megfigyelő → 2 db.",print-pdf,"M1.B-MUNK-01, M1.B-MUNK-01::PRINTPDF",,,,,R5,,"A B-érzés skálája 5 emojit tartalmaz (😃/🙂/😐/😬/😡, 2.1 és 4.2.3); ez NEM azonos a 3-elemű felmutatható Smiley-kártyaszettel (M1.B-KART-02, 3 emoji).",883b40081b7a8d2557d302bd08c6df687db24f9f1bfdfc0d504f805d4101aab2,asset: M1.B-MUNK-01,,,
M1.F-MUNK-01,M1,M1.F,peula,"02 Tervezet/Modulok/M1/Peulák/M1.F – Felzárkóztató peula – Johari, megfigyelés és SBI egyben (45’).md",185,worksheet,,legyártandó,specifikáció kész,,Offline B-terv – 1 oldalas M1.1–M1.4 összefoglaló kártya,"Egyoldalas, kinyomtatható összefoglaló az M1 négy leckéjének kulcstartalmáról: (1) Johari-ablak 4 mezője (nyitott, rejtett, vakfolt, ismeretlen); (2) „megfigyelés ≠ címke” konkrét példapár (kamera-mondat vs. ítélet/címke-mondat); (3) S–B–I három lépése egy kész mondatpéldával. Párban átbeszélhető, technika-mentes tartalom („ki min akadt el, mit jelent neki a vakfolt / a megfigyelés / az SBI”).","A peula gerincét adó 20 perces csendes pótlás (Blokk 2) techfüggetlen tartalék-aktivitása; ha a wifi/Moodle-belépés az egész csoportnál leáll, ezt osztja ki a képző, és a csoport párban dolgozik vele – így a fő blokk 0 működő eszközzel sem omlik össze.",,,,,,"note: Tiszta, nagy kontrasztú tipográfia; a 3 fogalmi blokk vizuálisan elkülönítve. Maga print-szöveges anyag, külön alt-szöveg nem szükséges; a Johari 4 mezőjének ábráját szöveges felsorolás is kísérje, hogy ne csak vizuális mátrixként legyen olvasható.",AI-generált,AI-generált,"note: 1 db A4, 1 oldal, álló, fekete-fehér nyomtatható, magyar nyelvű; nyomtatott példányban előre behozva (offline B-terv eszköze).",print-pdf,"M1.F-MUNK-01, M1.F-MUNK-01::PRINTPDF",,,,,"R1, R5",,"Az „Offline B-terv eszköze” (2.1) és a Blokk 2 B-terv-leírása (4.2) ugyanazt az 1 oldalas összefoglalót írja le – egyetlen asset, nincs duplikálva. A 2.1 az S–B–I lépéseit említi, a 4.2 hozzáteszi „egy mondatpéldával” – a contentSpec a bővebb (4.2) változatot követi. A 4.2 B-terve explicit kimondja, hogy a 3 mini-magyarázat „szövege és táblaábrája itt készen áll” – ennek print-megfelelője ez az összefoglaló, így a Blokk 3 táblaábrák (kamera↔kommentár skála, SBI-betűk) nem külön gyártandó assetek, hanem helyszínen filccel rajzolt facilitációs elemek. Tartalmi forrása: M1.1, M1.2, M1.3 leckék. Provenance javítva emberi-felvétel→AI-generált: ez gyártandó tartalmi sablon, nem felvétel.",e5442b10475db4147c3264e6cd45b358e41a65dca764ecf7ccebe512a46f5e13,asset: M1.F-MUNK-01,,,
M1.F-MUNK-02,M1,M1.F,peula,"02 Tervezet/Modulok/M1/Peulák/M1.F – Felzárkóztató peula – Johari, megfigyelés és SBI egyben (45’).md",219,worksheet,,legyártandó,specifikáció kész,,Jegyzetlap – „1 mondat + 1 kérdés”,"Egyszerű, fejenként 1 példányban kiosztott jegyzetlap két előre nyomtatott, kitöltendő mezővel: (1) „1 mondat arról, mi volt a legfontosabb, amit most tanultam / újraértettem:”; (2) „1 kérdés, ami bennem maradt / nem világos:”. A Blokk 3 Q&A (25–40’) név nélküli vagy szóbeli kérdésgyűjtésének inputja.","Reflexió rögzítése (Blokk 2 vége) + a képző számára név nélküli kérdés-input, hogy a Q&A 10 percét a legtöbb kérdést kapó kulcsfogalomra fordíthassa (4.3).",,,,,,"note: Elegendő üres írásfelület mindkét mezőhöz; mezőcímkék jól olvashatóak, magas kontraszt. Print-szöveges anyag, külön alt-szöveg nem szükséges.",AI-generált,AI-generált,"note: 1 db / résztvevő (6–20 fő), A5 vagy fél A4, 2 kitöltőmezős sablon, fekete-fehér nyomtatható, magyar nyelvű.",print-pdf,"M1.F-MUNK-02, M1.F-MUNK-02::PRINTPDF",,,,,"R1, R5",,"Provenance javítva emberi-felvétel→AI-generált: gyártandó sablon. Location bővítve a Blokk 3 felhasználási hellyel (4.3), hogy a kérdésgyűjtéses hasznosítás is látsszon. lineRef pótolva a Blokk 2 lépés 3 (4.2) és a Blokk 3 kérdésgyűjtés (4.3, 1. lépés) horgonyokkal, hogy a lineRef lefedje a teljes deklarált location-t (korábban csak a 2.1 előkészítés-sora szerepelt).",43c27f150f67975f6f42c86c457621e0ae5f6ca78d9777a9aac0eed2c3fc0ffe,asset: M1.F-MUNK-02,,,
M1.F-MUNK-03,M1,M1.F,peula,"02 Tervezet/Modulok/M1/Peulák/M1.F – Felzárkóztató peula – Johari, megfigyelés és SBI egyben (45’).md",3,worksheet,,legyártandó,specifikáció kész,,Képzői ellenőrző lista – „Peula előtt / közben / után” (1 A4),"Egyoldalas, kinyomtatható képzői ellenőrzőlista 6 csoportosított ponttal: (1) Meta tiszta? (F-peula: kötelező javítási alkalom annak, akinek az M1 éles kapuja nem teljesült, nem büntetés; cél: a nem teljesült rubrikasorok javítása a kapun kapott visszajelzés alapján, a javító próbálkozás előkészítéseként + a hiányzó leckék pótlása + kulcsfogalmak); (2) Eszközök rendben? (wifi, Moodle/H5P belépés, eszköz + füles, tartalék, témakérő post-it/cetlik, tábla, filcek, jegyzetlapok); (3) Tér működik? (csendes online sarok; nagykör; nyugodt, de átlátható pont egyéni beszélgetéshez – kettesben (1:1) csak indokolt esetben és egy másik felelős tudtával, a safer-working szabály szerint); (4) Biztonsági keret a fejemben?; (5) Reális az időkeret? (20’ csendes pótlás szent idő; csúszásnál Q&A-ből venni vissza); (6) Híd kimondása? (a javító próbálkozás felé; a peula után a javító próbálkozás megnyitása, ha nem az F-peula jelenléti completionje nyitja). Pipálható checkbox-okkal.","A képző peula előtti/közbeni/utáni gyors önellenőrzése; biztosítja az eszköz-, tér-, safety- és időkeret-feltételek teljesülését, és hogy a záró híd ne maradjon el.",,,,,,"note: Magas kontrasztú, jól olvasható tipográfia; egyértelmű blokk-fejlécek és checkbox-ok. Print-szöveges anyag, külön alt-szöveg nem szükséges.",AI-generált,AI-generált,"note: 1 db A4, 1 oldal, álló, fekete-fehér nyomtatható, magyar nyelvű; 6 fejléces blokk, pipálható jelölőnégyzetekkel; csak a képző számára.",print-pdf,"M1.F-MUNK-03, M1.F-MUNK-03::PRINTPDF",,,,,"R1, R5",,"ÚJ asset – a korábbi listából kimaradt. A forrás explicit „(1 A4)” címmel egyoldalas nyomtatható artefaktumként kezeli (5. szakasz). Képzői (nem résztvevői) anyag, ezért nem fejenkénti példányszám.",411d053179186815b5ed7223563ff20f194b3258e32e00c7b47f058f0cf49858,asset: M1.F-MUNK-03,,,
M1.F-POSZ-01,M1,M1.F,peula,"02 Tervezet/Modulok/M1/Peulák/M1.F – Felzárkóztató peula – Johari, megfigyelés és SBI egyben (45’).md",124,poster,,legyártandó,specifikáció kész,,Tájékozódó tábla – M1 leckelista + név nélküli témakérések,"Flipchart-/tábla-sablon az M1 leckelistával, 4 sorban, a Moodle-beli leckenevekkel: M1.1 – Johari-ablak, M1.2 – Megfigyelés ≠ értelmezés, M1.3 – SBI-modell, M1.4 – Mondd el SBI-ben; mellette elkülönített sáv „Miben kérsz ma segítséget?” felirattal a név nélküli témakérés-cetliknek. Nincs matricahely, személyenkénti jelölés vagy „Kész az M1” állapotsor – a saját haladását mindenki maga nézi meg a Moodle-ben.","Közös, nem személyre szóló segédeszköz a Blokk 1-beli privát állapotfelméréshez: áttekintő térkép a modul leckéiről (a képző hangosan is felolvassa), mellette hely a név nélküli témakérés-cetliknek. Senkinek a saját haladása nem kerül ki rá.",,,,,,"note: Nagy betűs, jól olvasható sorcímkék; a képző a sorokat hangosan is felolvassa, így látássérült résztvevő is követheti. A témakérés-cetli opcionális, szóban is lehet kérdezni. Print/tábla-anyag, külön alt-szöveg nem szükséges.",vegyes,vegyes,note: 1 db flipchart-ív vagy táblavázlat-sablon; 4 címkézett leckesor + témakérés-sáv; helyszínen filccel megrajzolható vagy előnyomtatott A1/flipchart sablon; magyar nyelvű.,print-pdf,"M1.F-POSZ-01, M1.F-POSZ-01::PRINTPDF",,,,,"R1, R5",,Provenance emberi-felvétel→vegyes: lehet előnyomtatott sablon vagy helyszínen filccel megrajzolt tábla. A Blokk 1 privát állapotfelmérés-instrukciójához igazítva: a tábla nem hordoz személyes haladási státuszt; a cetlik kizárólag név nélküli témakérések. A korábbi matrica/post-it külön-asset (M1.F-EGY-01) törölve maradt – a cetli sima beszerzési tétel.,a70e6814b7120f3ab2a7cc2a855f4aa2cb152df30d5a4f6da11cef266f25aeab,asset: M1.F-POSZ-01,,,
M2-HUB-DIA-01,M2,M2-HUB,hub,"02 Tervezet/Modulok/M2/M2 – Ki vagyok madrihként – Identitás, Somer-értékek és dugma isit.md",123,diagram,,legyártandó,specifikáció kész,,M2 modul fogalom-térkép (identitás–értékek–pillérek–határok & személyes példamutatás),"Egyszerű, áttekintő fogalom-térkép a teljes M2 modulról, amely vizuálisan összeköti a négy fogalmi blokkot: identitás-körök (Én–család–zsidóság–Somer–egyéb közegek) → személyes értékek (3 érték + 1 kiemelt someres érték) → Somer 3 pillére (cionizmus, szocializmus, humanista zsidóság) → határok & személyes példamutatás (dugma isit). Mutassa, hogyan futnak ezek össze az 1 oldalas madrih identitás-jegyzetben. Modul-szintű áttekintő ábra, NEM lecke-szintű részlettartalom.","Az M2.F (F-peula) résztvevőinek – akiknek a modul kapuja nem teljesült – egyetlen képben átláthatóvá teszi az M2 modul teljes fogalmi keretét, hogy senki ne maradjon ki az identitás/érték/pillér/határ logikából, mielőtt újra beadja az identitás-jegyzetét (vö. az 5. szakasz „Modulhoz való szerepe” pontjával).",,,,,,"visual: informative; alt_note: a lecke előírja az alt-szöveget, de a végleges szöveget a legyártott vizuál alapján kell megírni; note: Alt-szöveg kötelező (a négy fogalmi blokk és kapcsolataik szöveges leírása); a fogalmak nyomtatható/lineáris szöveges listája is biztosítandó a képernyőolvasót használóknak.",AI-generált,AI-generált,"note: Statikus vagy enyhén animált vektoros diagram, magyar feliratokkal; 16:9 (Moodle/H5P beágyazás) és A4 álló (print-barát) változatban; H5P/Moodle-be beágyazható PNG/SVG.",alt-text,"M2-HUB-DIA-01, M2-HUB-DIA-01::ALTTEXT",,,,,"R1, R5",,"Hub-szintű, elsősorban az M2.F (F-peula) vizuálja. A részletes tartalmat a gyermek-leckék (M2.1–M2.4) adják; ez csak az áttekintő ábra. A §6 Kapuk szakaszban NINCS fogalom-térkép említve – az eredeti listában a §6-os horgony téves volt, javítva. Megerősítve: az M2.1 identitástérkép a tanuló **privát, helyben maradó munkalapja**, nem beadandó és nem gyártandó központi asset; a Moodle-be csak a nem érzékeny, viselkedésszintű reflexió kerül. A self-check / 4 soros rubrika / 1 oldalas végső identitás-jegyzet-sablon a kanonikus „M2 – KAPU – értékelő” fájlban él; a jegyzet-sablon letölthető, kitölthető változata az M2-HUB-MUNK-01 (§6), amely a KAPU D. szakaszát szó szerint veszi át – nincs duplikáció.",5c0d511ab2f66a962d8e34f75fa62716d0b500a93f04484ad9d8bc31db9d771e,asset: M2-HUB-DIA-01,,,
M2-HUB-MUNK-01,M2,M2-HUB,hub,"02 Tervezet/Modulok/M2/M2 – Ki vagyok madrihként – Identitás, Somer-értékek és dugma isit.md",193,worksheet,,legyártandó,specifikáció kész,,Letölthető „Madrih identitás-jegyzet” kitölthető sablon (doc),"Kitölthető sablon doc formátumban, kizárólag az „M2 – KAPU – értékelő” fájl D. szakaszának („1 oldalas identitás-jegyzet – sablon (a tanulónak)”) szövegével, szó szerint: a bevezető bekezdés a 🔒 „Mit kérünk és mit nem” blokkal együtt, majd a „MADRIH IDENTITÁS-JEGYZET · M2” váz minden blokkja a kitöltési helyekkel. Új mező, minta vagy útmutató szöveg nem kerül bele.","Az M2 identitás-jegyzet (LMS-M2-05) fájlalapú leadási útja: aki nem online szövegként ad le, ennek kitöltésével és feltöltésével adja le a jegyzetet. A két út egyenértékű (Program terv §5; hozzáférhetőségi sztenderd §4).",,,,,,"note: Valódi szöveges dokumentum (nem kép), címsorokkal és megjelölt kitöltési helyekkel, hogy képernyőolvasóval is használható és kitölthető legyen; a dokumentum nyelve magyarra állítva.",emberi,,"note: Szerkeszthető dokumentum: Google Doc (csak szervezeti fiókban, korlátozott megosztással) és/vagy .docx; A4 nyomtatható elrendezés is; magyar nyelv. Moodle-ben az Assignment „Additional files” mezőjébe kerül.",print-pdf,"M2-HUB-MUNK-01, M2-HUB-MUNK-01::PRINTPDF",,,,,R5,,"A11Y-18 statikus előfeltétele (IMPL-18-1). A jegyzet-sablon kanonikus szövege az „M2 – KAPU – értékelő” D. szakasza; ez az asset annak letölthető, kitölthető változata, nem új tartalom. A hub deklarálja, mert a kapu-fájl `@asset-free`. A sablon letölthetőségét és akadálymentességét a renderen kell igazolni (release-evidence).",f61633ea9618a5037580585214852374c4d7379f796cc36b4eaccc6c9fc2d336,,,,
M2.1-DIA-01,M2,M2.1,online-lecke,02 Tervezet/Modulok/M2/Online leckék/M2.1 – Ki vagyok én madrihként – identitás-körök.md,169,diagram,,legyártandó,specifikáció kész,,Identitás-körök koncentrikus diagram (animált),"Koncentrikus körök ábra, kis animációval (a feliratok sorban felvillannak). Közép: ÉN. Kifelé: 1) Család / közeli kapcsolatok, 2) Zsidóság / zsidó közösség, 3) Somer / tnuá / kvuca, 4) Más köreim (iskola, barátok, online, aktivizmus).","Az „identitás-körök” fogalom egyszerű, vizuális bevezetése.",,,,M2.1-DIA-01-ALT#1,"Koncentrikus körökből álló ábra. Középen: ÉN. Kifelé haladva a körök: 1) Család / közeli kapcsolatok, 2) Zsidóság / zsidó közösség, 3) Somer / tnuá / kvuca, 4) Más köreim (iskola, barátok, online, aktivizmus). Az ábra azt mutatja, hogy az identitás több, egymást körülvevő körből épül fel.","visual: informative; note: Alt-szöveg kötelező (külön asset, M2.1-DIA-01::ALTTEXT, WCAG 1.1.1); a körök feliratai NEM csak képbe égetve – a bullet-szöveg adja a szöveges ekvivalenst.",AI-generált,AI-generált,"note: Animált ábra/diagram, slide-ba ágyazva, magyar feliratok a köröknél, mobil-first/reszponzív megjelenítés.",alt-text,"M2.1-DIA-01, M2.1-DIA-01::ALTTEXT",,,,,"R1, R5",,Összetartozik: M2.1-DIA-01::ALTTEXT alt-szöveg és M2.1-NAR-02 narráció.,0c4aab322dda493ba6b26543ead687deca307bee6342b58dc69b517d0ff00432,asset: M2.1-DIA-01 | alt-text: M2.1-ALT-01,,,
M2.1-IKO-01,M2,M2.1,online-lecke,02 Tervezet/Modulok/M2/Online leckék/M2.1 – Ki vagyok én madrihként – identitás-körök.md,549,icon-set,,legyártandó,specifikáció kész,,Outro ikon – kvuca-kör + next nyíl,"Kis ikon(ok) az outro slide-ra: kvuca-kör motívum és egy „next” nyíl, ami az M2.2 felé mutató hidat jelzi.",Vizuális lezárás és a következő leckére mutató híd jelzése.,,,,,,"visual: informative; alt_note: a lecke előírja az alt-szöveget, de a végleges szöveget a legyártott vizuál alapján kell megírni; note: Dekoratív/kiegészítő ikon – alt="""" (rejtett), mert a tartalmi jelentést a slide szövege adja; ha mégis tartalmi, rövid alt-szöveg.",AI-generált,AI-generált,"note: Vektoros ikon, someres stílus, slide-ba illesztve.",alt-text,"M2.1-IKO-01, M2.1-IKO-01::ALTTEXT",,,,,"R1, R5",,"Kíséri az M2.1-NAR-04 outro narrációt. A forrásban „pl.” = példa, a konkrét ikon szabadon választható.",4a028de9ad09e8f78ba719900d17e5c4e454405e3264fe493f75ebbd4ffdb759,asset: M2.1-IKO-01,,,
M2.1-ILL-01,M2,M2.1,online-lecke,02 Tervezet/Modulok/M2/Online leckék/M2.1 – Ki vagyok én madrihként – identitás-körök.md,298,illustration,,legyártandó,specifikáció kész,,Három jelenet – helyzetek illusztráció (SLIDE 3),"Három kis jelenet egy dián, rajz/piktogram stílusban: A) peulán egy hanihot kinevetnek, mert elrontja az olvasást; B) feszült Izrael-vita két hanih között; C) valaki kirekesztő/bántó megjegyzést tesz egy csoportra.","Konkrét szituációkkal megmutatni, hogy különböző identitás-körök erősödnek fel.",,,,,,"visual: informative; alt_note: a lecke előírja az alt-szöveget, de a végleges szöveget a legyártott vizuál alapján kell megírni; note: Alt-szöveg kötelező a 3 jelenethez (M2.1-ILL-01::ALTTEXT, WCAG 1.1.1).",AI-generált,AI-generált,"note: Egy slide-on 3 jelenet, egységes rajz/piktogram stílus, magyar nyelvi környezet, reszponzív/mobil-first.",alt-text,"M2.1-ILL-01, M2.1-ILL-01::ALTTEXT",,,,,"R1, R5",,Kíséri az M2.1-NAR-03 narráció.,f307e07cc55bab856249d9063d28ad83dbe68058fd90bad73c6482e96a5d8f5b,asset: M2.1-ILL-01 | alt-text: M2.1-ALT-02,,,
M2.1-NAR-02,M2,M2.1,online-lecke,02 Tervezet/Modulok/M2/Online leckék/M2.1 – Ki vagyok én madrihként – identitás-körök.md,207,voiceover,narration,legyártandó,jogtisztázás alatt,,Narráció – identitás-körök bevezetés (SLIDE 2),"Narráció a koncentrikus körök magyarázatához: ÉN középen, család, a zsidósághoz fűződő viszony (sokféle legitim út: születési, betért, vegyes, kulturális, szekuláris, kérdező), Somer/kvuca, más körök; ezek mind benne vannak a reakcióidban; ebből rakják össze a hanihok, milyen madrih vagy.",A diagram tartalmának hangos magyarázata.,M2.1-NAR-02-VO,"„Középen te vagy: az ÉN.
Körülötted ott a családod és a hozzád közel álló emberek.
Aztán ott van a zsidósághoz és a zsidó közösséghez fűződő kapcsolatod. Ez lehet sokféle: lehet, hogy zsidó családban nőttél fel, betértél, vegyes családból jössz, kulturálisan vagy szekulárisan kapcsolódsz, vagy épp keresed, mit jelent neked.
Egy következő kör a Somer és a kvucáid.
Kijjebb pedig más közegeid: suli, barátok, online terek, aktivizmus.

Amikor kvucával vagy, ezek a köreid **mind benne vannak** abban, ahogyan reagálsz,
ahogyan vezetsz, ahogyan jelen vagy.
A hanihok ebből rakják össze, hogy **milyen ember és milyen madrih vagy**,
és milyen értékeket képviselsz a saját személyes példáddal.”",9870ed161d7496d7fb4e742f59b80694d74c8cfb28755dcc661d79033f083013,,,"note: Leirat/transzkript (M2.1-NAR-02::TRANSCRIPT) kötelező: csak hang, ezért a dián vagy a médiaelem mellett látható leirat a teljes szöveges ekvivalens (WCAG 2.2 SC 1.2.1); első sora a kanonikus AI-címke; az M2.1-NAR-02::CAPTIONS archivált .vtt-derivatíva (projektgazdai döntés, 2026-10-03, VO D-19, D-21)",AI-generált,AI-generált,"note: kb. 40–60 mp, magyar, tegező.","captions, transcript","M2.1-NAR-02, M2.1-NAR-02::CAPTIONS, M2.1-NAR-02::TRANSCRIPT",,,,"R2, R3","R1, R2, R3",,Kíséri az M2.1-DIA-01 animációt.,3721f43afef52cf82b01b2f210a120022e9f12a88e2fa97531c14583f4d8249d,asset: M2.1-NAR-02 | captions: M2.1-FEL-02 | transcript: M2.1-LEI-02,,,
M2.1-NAR-03,M2,M2.1,online-lecke,02 Tervezet/Modulok/M2/Online leckék/M2.1 – Ki vagyok én madrihként – identitás-körök.md,336,voiceover,narration,legyártandó,jogtisztázás alatt,,Narráció – helyzetek és körök (SLIDE 3),"Narráció a három jelenethez: kinevetés-élmény felidézése, Izrael-vitánál egyszerre megszólaló identitások (zsidó identitás, Somer, saját vélemény), kirekesztésnél someres/közösségi emlékek; a körök együtt hatnak a reakcióra, a hanihok ebből látják a példamutatást.","A jelenetek értelmezése, a körök felerősödésének magyarázata.",M2.1-NAR-03-VO,"„Ha egy hanihot kinevetnek, lehet, hogy eszedbe jut, milyen volt,
amikor téged csúfoltak – vagy amikor valaki kiállt melletted.

Egy Izrael-vitánál egyszerre szólalhat meg benned a zsidó identitásod,
a Somer és a saját véleményed.

Ha kirekesztő vagy bántó mondatot hallasz, előjöhetnek someres élményeid,
vagy más közösségeid emlékei, ahol fontos volt az egyenlőség és a tisztelet.

Ezek a köreid együtt hatnak arra, hogyan reagálsz madrihként.
A hanihok ebből látják, milyen példát mutatsz nekik arra,
hogyan lehet emberekhez, konfliktusokhoz, vitákhoz hozzáállni.”",37036eca63376d2d13662321462f082b19097aabb7f1ccd851dda74d03e0cb1a,,,"note: Leirat/transzkript (M2.1-NAR-03::TRANSCRIPT) kötelező: csak hang, ezért a dián vagy a médiaelem mellett látható leirat a teljes szöveges ekvivalens (WCAG 2.2 SC 1.2.1); első sora a kanonikus AI-címke; az M2.1-NAR-03::CAPTIONS archivált .vtt-derivatíva (projektgazdai döntés, 2026-10-03, VO D-19, D-21)",AI-generált,AI-generált,"note: kb. 40–60 mp, magyar, tegező.","captions, transcript","M2.1-NAR-03, M2.1-NAR-03::CAPTIONS, M2.1-NAR-03::TRANSCRIPT",,,,"R2, R3","R1, R2, R3",,Kíséri az M2.1-ILL-01 illusztrációt.,9ddf730691a950744ca86e64f45ff6b05ed64b5be44a052fc7b86b3945591338,asset: M2.1-NAR-03 | captions: M2.1-FEL-03 | transcript: M2.1-LEI-03,,,
M2.1-NAR-04,M2,M2.1,online-lecke,02 Tervezet/Modulok/M2/Online leckék/M2.1 – Ki vagyok én madrihként – identitás-körök.md,584,voiceover,narration,legyártandó,jogtisztázás alatt,,Outro narráció – lezárás + híd M2.2-re,"Záró narráció: gratuláció az identitás-körök megrajzolásához, összefoglalás (több közeg hat rád madrihként), tudatos példamutatás, átvezetés az M2.2 – Értékeim mint iránytű (vezető értékek) leckéhez.",Összefoglalás és a következő lecke felé vezetés.,M2.1-NAR-04-VO,"„Köszi, hogy végigmentél ezen a leckén, és megrajzoltad a saját identitás-köreidet.
Most már jobban látod, milyen közegek hatnak rád madrihként,
és el tudsz kezdeni azon gondolkodni, mit szeretnél ebből tudatosan megmutatni a kvucádnak.

A következő lépés az lesz, hogy ránézünk azokra az **értékekre, amelyek vezetnek**,
és arra, hogyan tudnak ezek iránytűként működni a peulákban.”",1665017a1645c78d517346c94ea69689fdb95f436804baecc12a251ab047b7cd,,,"note: Leirat/transzkript (M2.1-NAR-04::TRANSCRIPT) kötelező: csak hang, ezért a dián vagy a médiaelem mellett látható leirat a teljes szöveges ekvivalens (WCAG 2.2 SC 1.2.1); első sora a kanonikus AI-címke; az M2.1-NAR-04::CAPTIONS archivált .vtt-derivatíva (projektgazdai döntés, 2026-10-03, VO D-19, D-21)",AI-generált,AI-generált,"note: kb. 20–30 mp, magyar, tegező.","captions, transcript","M2.1-NAR-04, M2.1-NAR-04::CAPTIONS, M2.1-NAR-04::TRANSCRIPT",,,,"R2, R3","R1, R2, R3",,Kíséri az M2.1-IKO-01 ikont.,48888cd0a784d244489c16ebe0314bd7f1ed9d250eda1ab88148a3bc997ae71a,asset: M2.1-NAR-04 | captions: M2.1-FEL-04 | transcript: M2.1-LEI-04,,,
M2.1-VID-01,M2,M2.1,online-lecke,02 Tervezet/Modulok/M2/Online leckék/M2.1 – Ki vagyok én madrihként – identitás-körök.md,60,video,ai-talking-head,legyártandó,jogtisztázás alatt,,Hook beszélő fej – „Te mitől vagy someres?”,"AI-generált beszélő fej videó, 16:9, semleges someres színekkel, letisztult háttér. Tegező, rövid (max 10–12 szavas) mondatokkal felvezeti a leckét: felidézi a hanih kérdését („Te amúgy mitől vagy someres? Mitől vagy ilyen madrih?”), felhívás 2 mondatos válaszra, majd a dugma isit (személyes példamutatás) fogalom bevezetése.","Bevonás, azonosulás, érzelmi nyitány; bevezeti a lecke fő kérdését és a dugma isit fogalmat.",M2.1-VID-01-VO,"„Szia!
Volt már olyan, hogy peula után odajött hozzád egy hanih,
és megkérdezte: *‘Te amúgy mitől vagy someres? Mitől vagy ilyen madrih?’*

Ha most 2 mondatban kellene válaszolnod, mit mondanál?

Ebben a leckében azt próbáljuk összerakni, **ki vagy te madrihként**,
és abból a hanihok **mit látnak, mit tanulnak** – akkor is, ha semmit nem magyarázol el.

A Somer nyelvén azt keressük, hogyan tudsz **személyes példát** mutatni,
héberül: *dugma isit*.”",23405405bdbb20b184f0e52f0e81d7033215486f0d963d0c2a7586efa46fecf2,,,"audio: spoken; visual: decorative; alt_note: csak a képi sáv (beszélő fej) dekoratív: hangalámondás nem kell (WCAG 2.2 SC 1.2.5), mert a felirat és a leirat szó szerint lefedi a narrációt; a videóelemet a dián látható, leíró videócímke azonosítsa (SC 1.1.1); note: Kell magyar felirat (külön asset, bekapcsolható, M2.1-VID-01::CAPTIONS) ÉS szó szerinti leirat a videó alatt (külön asset, M2.1-VID-01::TRANSCRIPT, WCAG 1.2.2).",AI-generált,AI-generált,"note: 16:9 arány, kb. 30–40 mp, magyar nyelvű beszéd, bekapcsolható (NEM ráégetett) felirat.","voiceover, captions, transcript","M2.1-VID-01, M2.1-VID-01::VOICEOVER, M2.1-VID-01::CAPTIONS, M2.1-VID-01::TRANSCRIPT",,,,"R2, R3","R1, R2, R3",,"Összetartozik: M2.1-VID-01::VOICEOVER (hangsáv), M2.1-VID-01::CAPTIONS (felirat), M2.1-VID-01::TRANSCRIPT (leirat). A narráció szövege a „Mit hallunk?” blokkból 1:1 emelendő be a tanulói felületre (forrás: SLIDE 1, „Mit látunk?” – akadálymentesség).",a9470c279acf3ca630ee5b0d951bce3d50b631a782475f55f08603101e46f421,asset: M2.1-VID-01 | voiceover: M2.1-NAR-01 | captions: M2.1-FEL-01 | transcript: M2.1-LEI-01,,,
M2.2-IKO-01,M2,M2.2,online-lecke,02 Tervezet/Modulok/M2/Online leckék/M2.2 – Értékeim mint iránytű.md,204,icon-set,,legyártandó,specifikáció kész,,"Ikonkészlet – „Mi az, hogy érték?” bulletpontokhoz","4 ikon a négy bulletponthoz: (1) érték ≠ csak „szimpatikus/jó dolog”, (2) ennek alapján döntesz, (3) észrevétlenül irányítja a reakcióidat, (4) madrihként ebből lesz a példamutatás. Egységes vizuális stílus, nagy betűkhöz illeszkedő méret.","A definíciós bulletpontok vizuális tagolása, megjegyezhetőség.",,,,,,"visual: decorative; alt_note: a lecke akadálymentesítési jegyzete dekoratívként jelöli (üres / rejtett alt); note: Dekoratív kísérő ikonok a szöveg mellett (a szöveg adja a fő csatornát); ha tartalmilag hordoznak jelentést, alt-szöveg vagy aria-hidden szükséges.",AI-generált,AI-generált,"note: vektoros/SVG ajánlott, egységes stílus, mobil-first méret",,M2.2-IKO-01,,,,,"R1, R5",,"Bulletpont-szövegek: SLIDE 2, „Szöveg a slide-on”.",eb2a1a3e47c43a86f99d5d19951592394056b0cac87630b80ee1c9a6ec5085f0,asset: M2.2-IKO-01,,,
M2.2-ILL-01,M2,M2.2,online-lecke,02 Tervezet/Modulok/M2/Online leckék/M2.2 – Értékeim mint iránytű.md,67,illustration,,legyártandó,specifikáció kész,,"Statikus illusztráció (videó-alternatíva) – késő, szétesett kvuca","Statikus jelenet-illusztráció a hook-helyzethez: madrih vár, a kvuca 15 perccel később, kicsit szétesve érkezik a peulára. A beszélőfej-videó (M2.2-VID-01) alternatívájaként használható.","Vizuális horgony, ha nem AI beszélőfej-videó készül a slide-ra.",,,,,,"visual: informative; alt_note: a lecke előírja az alt-szöveget, de a végleges szöveget a legyártott vizuál alapján kell megírni; note: Alt-szöveg kötelező (tartalmi kép, WCAG 1.1.1) – lásd M2.2-ILL-01::ALTTEXT.",AI-generált,AI-generált,"note: 16:9 ajánlott, mobil-first olvashatóság, kontraszt ≥ 4.5:1",alt-text,"M2.2-ILL-01, M2.2-ILL-01::ALTTEXT",,,,,"R1, R5",,"Csak akkor gyártandó, ha a videó (M2.2-VID-01) helyett az illusztrációs verziót választják. Vagylagos.",388cd7a56f250b9796c22b2fa1c696518daef6536c8bc09a921753d682e086fc,asset: M2.2-ILL-01 | alt-text: M2.2-ALT-01,,,
M2.2-ILL-02,M2,M2.2,online-lecke,02 Tervezet/Modulok/M2/Online leckék/M2.2 – Értékeim mint iránytű.md,320,illustration,,legyártandó,specifikáció kész,,Értékszófelhő (14 értékkel),"Statikus tipográfiai szófelhő-illusztráció 14 értékkel: igazságosság, közösség, szolidaritás, felelősség, őszinteség, bizalom, humor, kreativitás, fegyelem, szabadság, gondoskodás, bátorság, nyitottság, kitartás. Változó betűméret/elforgatás, de jól olvasható. A forrás nem ír animációt, ezért statikus illusztráció. Mellette a sima, balra zárt értéklista is megjelenik szöveges ekvivalensként.","Kész értéklista kínálása, hogy könnyebben válasszanak a következő aktivitásban (Slide 4 Multi Choice).",,,,,,"visual: informative; alt_note: a lecke előírja az alt-szöveget, de a végleges szöveget a legyártott vizuál alapján kell megírni; note: Kötelező alt-szöveg az összes érték felsorolásával (WCAG 1.1.1) – lásd M2.2-ILL-02::ALTTEXT. A szófelhő nem lehet az egyetlen csatorna: a sima, balra zárt olvasható lista is jelenjen meg mellette.",AI-generált,AI-generált,"note: kontraszt ≥ 4.5:1 (WCAG 1.4.3), nagy, olvasható szavak, mobil-first",alt-text,"M2.2-ILL-02, M2.2-ILL-02::ALTTEXT",,,,,"R1, R5",,"A sima lista (SLIDE 3, „Javasolt értéklista”) szöveges ekvivalensként kötelező a szófelhő mellett. ID javítva DIA→ILL: a forrás statikus tipográfiai ábrát ír le, animáció nincs benne.",562d8f98869dabd25613660961ee373a48fdd8b5965fa79e6f833fcb11308154,asset: M2.2-ILL-02 | alt-text: M2.2-ALT-02,,,
M2.2-ILL-03,M2,M2.2,online-lecke,02 Tervezet/Modulok/M2/Online leckék/M2.2 – Értékeim mint iránytű.md,596,illustration,,legyártandó,specifikáció kész,,"Köszönőkártya (outro, videó-alternatíva)","Egyszerű, vizuálisan letisztult köszönő/záró kártya a lecke összefoglaló szövegével (pipa-lista, kapu-jegyzet emlékeztető, a következő lépés: M2.A, utána M2.4; M2.3- és M7-híd). A beszélőfej-videó (M2.2-VID-02) alternatívája. Slide-szöveg: SLIDE 8, „Szöveg a slide-on”.","Vizuális lezárás, ha nem beszélőfej-videó készül.",,,,,,"visual: informative; alt_note: a lecke előírja az alt-szöveget, de a végleges szöveget a legyártott vizuál alapján kell megírni; note: Ha tartalmi információt hordoz, alt-szöveg szükséges (WCAG 1.1.1) – lásd M2.2-ILL-03::ALTTEXT.",AI-generált,AI-generált,"note: 16:9 vagy álló kártya, mobil-first, olvasható tipográfia, kontraszt ≥ 4.5:1",alt-text,"M2.2-ILL-03, M2.2-ILL-03::ALTTEXT",,,,,"R1, R5",,Vagylagos M2.2-VID-02 helyett. ID javítva ILL-02→ILL-03 az egyediség miatt (a szófelhő lett az új M2.2-ILL-02).,a84d42faedb1a6e8d208c871934828faec6d8669f162f9a3bb0a887c2a291418,asset: M2.2-ILL-03 | alt-text: M2.2-ALT-03,,,
M2.2-NAR-02,M2,M2.2,online-lecke,02 Tervezet/Modulok/M2/Online leckék/M2.2 – Értékeim mint iránytű.md,236,voiceover,narration,legyártandó,jogtisztázás alatt,,"Narráció – „Mi az, hogy érték?” (Slide 2)","Felolvasott narráció az érték-definícióhoz: érték = ami alapján döntesz; a hanihok a döntéseidből/reakcióidból szűrik le; someres háttérértékek felsorolása (egyenlőség, közösség, társadalmi felelősség, igazságosság, kritikus gondolkodás); „melyik értékeidre akarsz építeni”. Verbatim: SLIDE 2, „Narráció” blokk.","A definíció hang útján való megerősítése, someres kapcsolódás.",M2.2-NAR-02-VO,"„Érték az, ami alapján döntesz, akkor is, ha nem mondod ki.
Nemcsak egy szép szó, hanem valami, ami tényleg irányítja a választásaidat.

Amikor madrih vagy, a hanihok **nem a szavaidból**,
hanem a döntéseidből és a reakcióidból szűrik le, hogy mik az értékeid.

A Somerben sok ilyen érték jelenik meg: egyenlőség, közösség, társadalmi felelősség, igazságosság, kritikus gondolkodás…
A kérdés az, hogy **te melyik értékeidre akarsz építeni** madrihként.”",99b80eaf207e9cee3f50b11991a61b6aaeae5d4007e1a32b4816e454850e7147,,,"note: Leirat/transzkript (M2.2-NAR-02::TRANSCRIPT) kötelező: csak hang, ezért a dián vagy a médiaelem mellett látható leirat a teljes szöveges ekvivalens (WCAG 2.2 SC 1.2.1); első sora a kanonikus AI-címke; az M2.2-NAR-02::CAPTIONS archivált .vtt-derivatíva (projektgazdai döntés, 2026-10-03, VO D-19, D-21)",AI-generált,AI-generált,"note: 40–60 mp, magyar, természetes beszédhang","captions, transcript","M2.2-NAR-02, M2.2-NAR-02::CAPTIONS, M2.2-NAR-02::TRANSCRIPT",,,,"R2, R3","R1, R2, R3",,A slide-on ikonokkal kísért bulletpontok is vannak (lásd M2.2-IKO-01).,289de59166d771da00bf058c5e2ca6d1f2d353a423173079a633ab6627f360c5,asset: M2.2-NAR-02 | captions: M2.2-FEL-02 | transcript: M2.2-LEI-02,,,
M2.2-NAR-03,M2,M2.2,online-lecke,02 Tervezet/Modulok/M2/Online leckék/M2.2 – Értékeim mint iránytű.md,358,voiceover,narration,legyártandó,jogtisztázás alatt,,Narráció – szófelhő (Slide 3),"Felolvasott narráció: ezek példa értékek, nem kell mindegyik közel álljon, találd meg a 3-at, amire tudsz építeni és amit a hanihok le tudnak olvasni rólad. Verbatim: SLIDE 3, „Narráció” blokk.","A szófelhő bevezetése, a választási feladat előkészítése hang útján.",M2.2-NAR-03-VO,"„Itt néhány lehetséges értéket látsz.
Nem kell, hogy mindegyik közel álljon hozzád – és az is lehet, hogy épp olyan áll hozzád a legközelebb, ami most nincs is ezen a listán.
A cél, hogy találj hármat,
amire tényleg tudsz építeni madrihként –
és amit a hanihok is **le tudnak olvasni rólad** a viselkedéseden keresztül.”",bb8a2cc7ea016efcb13ca75e8bf2939f4908ed92e2785feb41082766699af838,,,"note: Leirat/transzkript (M2.2-NAR-03::TRANSCRIPT) kötelező: csak hang, ezért a dián vagy a médiaelem mellett látható leirat a teljes szöveges ekvivalens (WCAG 2.2 SC 1.2.1); első sora a kanonikus AI-címke; az M2.2-NAR-03::CAPTIONS archivált .vtt-derivatíva (projektgazdai döntés, 2026-10-03, VO D-19, D-21)",AI-generált,AI-generált,"note: 30–40 mp, magyar, természetes beszédhang","captions, transcript","M2.2-NAR-03, M2.2-NAR-03::CAPTIONS, M2.2-NAR-03::TRANSCRIPT",,,,"R2, R3","R1, R2, R3",,Összekapcsolt: M2.2-ILL-02.,cfc2a70a0c5861f450a361830ea7178ece80bd0f4364dd97ee32ea27f8711ec2,asset: M2.2-NAR-03 | captions: M2.2-FEL-03 | transcript: M2.2-LEI-03,,,
M2.2-VID-01,M2,M2.2,online-lecke,02 Tervezet/Modulok/M2/Online leckék/M2.2 – Értékeim mint iránytű.md,105,video,ai-talking-head,legyártandó,jogtisztázás alatt,,Hook-videó: „A kvucád 15 percet késik…”,"AI beszélő-fej videó, amely felvezet egy tipikus madrih-helyzetet: a kvuca 15 perccel később, kicsit szétesve érkezik a peulára. A beszélő reflektál: pontosság vs. jó hangulat vs. felelősségre nevelés – az értékeid alapján reagálsz, ebből tanulja a kvuca, milyen személyes példát mutatsz. Narráció szövege: SLIDE 1, „Narráció” blokk.","Érzelmi-szituatív horgony: egy konkrét helyzeten keresztül „bekapcsolja” az értékeket, megnyitja a leckét. Alternatíva: statikus illusztráció.",M2.2-VID-01-VO,"„Képzeld el, hogy peulát tartasz.
A kvucád 15 perccel később, kicsit szétesve érkezik meg.

Te mit csinálsz?

Lehet, hogy fontos neked a pontosság.
Lehet, hogy a jó hangulat fontosabb, mint a szigorú időkeret.
Lehet, hogy a felelősségre nevelés az első.

Ilyen helyzetekben **az értékeid alapján reagálsz**,
és ebből tanulja a kvucád, milyen **személyes példát** mutatsz nekik.”",bc6fb350da0e9ae96a6a9c0d00f2818ab7ec3f4ef0ac86cf4242fb9c6292539a,,,"audio: spoken; visual: decorative; alt_note: csak a képi sáv (beszélő fej) dekoratív: hangalámondás nem kell (WCAG 2.2 SC 1.2.5), mert a felirat és a leirat szó szerint lefedi a narrációt; a videóelemet a dián látható, leíró videócímke azonosítsa (SC 1.1.1); note: Kötelező: magyar felirat (bekapcsolható) + a narráció szó szerinti leirata a videó alatt a leckeoldalon (WCAG 1.2.2). Lásd külön felirat- (M2.2-VID-01::CAPTIONS) és leirat-asset (M2.2-VID-01::TRANSCRIPT).",AI-generált,AI-generált,"note: 16:9, kb. 30–40 mp, magyar nyelvű, bekapcsolható (NEM ráégetett) felirat","voiceover, captions, transcript","M2.2-VID-01, M2.2-VID-01::VOICEOVER, M2.2-VID-01::CAPTIONS, M2.2-VID-01::TRANSCRIPT",,,,"R2, R3","R1, R2, R3",,"Összekapcsolt: M2.2-VID-01::VOICEOVER (hang), M2.2-VID-01::CAPTIONS (felirat), M2.2-VID-01::TRANSCRIPT (leirat). A slide alatt önjelző kérdés (poll) következik – interakció, nem külön média-asset. Vagylagos: statikus illusztráció (M2.2-ILL-01) helyettesítheti a videót.",6c3346e2adf8ab763b4287962d291b085bf088abf67a72236ceb12d023ec8177,asset: M2.2-VID-01 | voiceover: M2.2-NAR-01 | captions: M2.2-FEL-01 | transcript: M2.2-LEI-01,,,
M2.2-VID-02,M2,M2.2,online-lecke,02 Tervezet/Modulok/M2/Online leckék/M2.2 – Értékeim mint iránytű.md,634,video,ai-talking-head,legyártandó,jogtisztázás alatt,,Outro – beszélő fej / köszönőkártya (Slide 8),"AI beszélő-fej (vagy egyszerű köszönőkártya) a lecke lezárásához: takeaway megnevezése (3 érték megvan), figyeld a peulán mit mutatsz meg, a következő lépés (M2.A peula, utána M2.4), majd előreutalás az M2.3-ra (Somer pillérei). Narráció verbatim: SLIDE 8, „Narráció” blokk. (Az M7-utalás a SLIDE 8 slide-szövegében szerepel, nem a narrációban.)","Lezárás, motivációs híd a következő lépéshez (M2.A peula, utána M2.4).",M2.2-VID-02-VO,"„Köszi, hogy végigmentél ezen a leckén.
Mostanra van három olyan értéked, amire tudatosan építeni tudsz madrihként.
Figyeld a következő peulán, hogy ezekből **mit tudsz megmutatni** a viselkedésedben.
A következő lépésed az M2.A peula, utána pedig az M2.4 lecke jön.
Később azt is megnézzük, hogyan találkoznak ezek az értékek a Somer nagyobb pilléreivel.”",9a9be60387db5bc136885a561511e62a26c261830503e985b3c291c3b1485083,,,"audio: spoken; visual: decorative; alt_note: csak a képi sáv (beszélő fej) dekoratív: hangalámondás nem kell (WCAG 2.2 SC 1.2.5), mert a felirat és a leirat szó szerint lefedi a narrációt; a videóelemet a dián látható, leíró videócímke azonosítsa (SC 1.1.1); note: Felirat + leirat kötelező (videó/hang, WCAG 1.2.2) – lásd M2.2-VID-02::CAPTIONS, M2.2-VID-02::TRANSCRIPT. Köszönőkártya-verzió esetén alt-szöveg (M2.2-ILL-03::ALTTEXT).",AI-generált,AI-generált,"note: 16:9 ajánlott, kb. 20–30 mp, magyar, bekapcsolható felirat","voiceover, captions, transcript","M2.2-VID-02, M2.2-VID-02::VOICEOVER, M2.2-VID-02::CAPTIONS, M2.2-VID-02::TRANSCRIPT",,,,"R2, R3","R1, R2, R3",,Összekapcsolt: M2.2-VID-02::VOICEOVER (hang). Vagylagos: beszélő fej VAGY köszönőkártya (lásd M2.2-ILL-03).,6d89c863c2fd89ed8ae92779d6e7a2db9d9b4b3466547a59a8c9bfcef9b68922,asset: M2.2-VID-02 | voiceover: M2.2-NAR-04 | captions: M2.2-FEL-04 | transcript: M2.2-LEI-04,,,
M2.3-EGY-01,M2,M2.3,online-lecke,02 Tervezet/Modulok/M2/Online leckék/M2.3 – Somer 3 pillére – mini-kapszula.md,132,other,ui-text,legyártandó,specifikáció kész,,"Hook önreflexiós kérdés, rögzítés nélkül – ""Melyik pillérhez érzed a legerősebb kapcsolatot?""","Szövegelem a Branching Scenario belépő oldalán, a videó alatt: 1 önreflexiós kérdés + a 4 lehetséges válasz szövegként, kiválasztás nélkül (Cionizmus / Szocializmus / Humanista zsidóság / Nem tudom-bizonytalan) + egységes, megerősítő szöveg. NEM poll és nem kérdés-elem: a tanuló magában gondolja végig, a rendszer nem tárol választ. A pillér-kötődés politikai, vallási vagy világnézeti meggyőződésre utaló adat, ilyen válasz nem lehet fiókhoz kötött szavazás (HUM-PRIV-01, projektgazdai döntés, 2026-10-02). A lecke completionje ettől független (1 végigjátszott ág + a záró mondat).","Bevonás, önreflexió a belépésnél; gyors aktivizálás – úgy, hogy a rendszer semmilyen választ nem rögzít.",,,,,,"note: Képernyőolvasóval olvasható szöveg; nincs kitöltendő vagy kiválasztandó elem (lásd SLIDE 1, Fejlesztői akadálymentesítési jegyzet)",vegyes,vegyes,"note: Sima szöveg a belépő oldalon (nem kitöltendő elem); képernyőolvasóval olvasható, billentyűzettel elérhető (WCAG 2.1.1)",,M2.3-EGY-01,,,,,R1,,"Szövegelem a Hook slide-on; szöveg: SLIDE 1, „Önreflexiós kérdés (rögzítés nélkül)”. 2026-10-02: a korábbi önjelző poll rögzítés nélküli önreflexióvá alakítva (HUM-PRIV-01).",aece1cf0a16c2750f0a502b3cc885f8b83912538870fdacbe6925297b5da3ba7,asset: M2.3-EGY-01,,,
M2.3-EGY-02,M2,M2.3,online-lecke,02 Tervezet/Modulok/M2/Online leckék/M2.3 – Somer 3 pillére – mini-kapszula.md,3,other,h5p-interaction,legyártandó,specifikáció kész,,H5P Branching Scenario – 3 pillér döntési fa (a lecke magja),"A teljes H5P Branching Scenario felépítése és navigációs logikája: belépő videó-oldal → pillérválasztó oldal 3 gombbal (🟦 C-ÁG / 🟥 S-ÁG / 🟩 H-ÁG) → ágonként 1 helyzetleíró + 1 döntés-oldal (3 választás) + 3 következmény/visszajelzés-oldal, mindegyikben ""Mit látnak rajtad?"" + ""Someres tükör"" + 1 mondatos mini-reflexió (rögzítés nélküli, opcionális önreflexió, beviteli elem nélkül); minden visszajelzés-oldal egy közös elágazáshoz (Branching Question) vezet: „Vissza a pillérválasztóhoz” → pillérválasztó oldal, „Tovább a lezáráshoz” → SLIDE CHECK → ZÁRÓ OLDAL (a lezáró mondat megfogalmazása; a mező a Branching Scenario utáni Moodle-oldali szövegmező, LMS-M2-07) → végképernyő. A végképernyő csak legalább 1 teljes ág után érhető el; az LMS-M2-04 Moodle-completionje ezen az egyetlen végképernyőn elküldött grade (Receive a grade; BSPEC-05). A próbálkozás-riport csak bizonyíték, nem unlock-trigger; tartalékút nincs (D-g). A lecke completionjéhez a záró mondat beküldése is kell (LMS-M2-07, M2 hub §6). A szöveg a forrásban, a gyártandó elem a struktúra és az elágazás H5P-konfigurációja; a záró mondat mezőjének útját és a mini-reflexiók (beviteli elem nélküli) kezelését a lecke runtime-követelménye írja le.","A lecke pedagógiai magja: biztonságos környezetben hibázható döntés-helyzet (Apply-szint), választás → következmény → dugma isit-visszajelzés. Ez a fő gyártandó interaktív deliverable.",,,,,,note: Teljes billentyűzet-navigáció az ágak között; minden ág-szöveg képernyőolvasóval olvasható; az emoji-színkódok (🟦/🟥/🟩) mellett szöveges pillér-megnevezés is szerepeljen (ne csak szín hordozza az információt – WCAG 1.4.1),vegyes,vegyes,"note: H5P Branching Scenario; mobil-first; billentyűzet- és képernyőolvasó-navigáció (WCAG 2.1.1); a záró mező rövid szabad szöveges beviteli elem (alapértelmezett helye a Branching Scenario utáni Moodle-oldali szövegmező, LMS-M2-07; a megvalósítás az LMS – H5P runtime acceptance.md 6. pontja szerint választandó és tesztelendő); a mini-reflexiók rögzítés nélküli önreflexiók, beviteli elem nélkül; a gyártási ráfordítás becslése a v1 forrásban nyitott döntésként szerepelt (a hivatkozott sorszám a jelenlegi leckében már nem oldható fel)",,M2.3-EGY-02,,,,,R1,,"Magába foglalja a belépő M2.3-VID-01-et és a pillérválasztót; a 3 ág színkódja az M2.3-IKO-01 ikonokkal koherens. Mozgalmi döntések az `Emberi jóváhagyás szükséges.md` szerint, projektgazdai döntés (2026-10-02): HUM-SOMER-01 (Izrael/cionizmus és béke/palesztin dimenzió – a KERET-dia és a C-ág megfogalmazása): a helyi Ideológiai Kézikönyv a kánon, a C1-oldal a végleges tanulói szöveget használja szó szerint, a KERET-dia értékfelsorolása ehhez igazodik; HUM-SOMER-03 (a hágsámá megfogalmazása – a ZÁRÓ OLDAL): a kanonikus tanulói mondat beépítve, a hágsámá nincs összemosva a dugma isittel. Utólagos ellenőrzés (vétó/QA): a helyi ideológiai felelős (HUM-SOMER-01), a mozgalmi/ideológiai felelős (HUM-SOMER-03).",9d755204d7e582ef11f52dd4a1e6cf408c7228dfffa84b145509bd73b386c560,asset: M2.3-EGY-02,,,
M2.3-EGY-03,M2,M2.3,online-lecke,02 Tervezet/Modulok/M2/Online leckék/M2.3 – Somer 3 pillére – mini-kapszula.md,758,other,h5p-interaction,legyártandó,specifikáció kész,,SLIDE CHECK mini-kvíz – 2 kérdés (fogalmi rögzítés),"Egy Course Presentation-csomópont 2 kérdéssel (a Question Set nem lehet a Branching Scenario csomópontja, és Course Presentationbe sem ágyazható): Kérdés 1 (jó/rossz, helyes válasz a középső – ""viselkedéseden, döntéseiden keresztül látszik"" – Single Choice Set vagy Multiple Choice; Multiple Choice-nál ""Randomize answers"" bekapcsolva), Kérdés 2 (önjelző poll, nincs jó/rossz, 3 opció + egységes visszajelzés; a megvalósítási típust az LMS – H5P runtime acceptance.md rögzíti). Teljes szöveg a forrásban.",A fő üzenetek fogalmi rögzítése a döntési fa után; önreflexió a saját szintről.,,,,,,"note: Billentyűzettel teljesíthető, egérrablás nélkül; a visszajelzés szövege képernyőolvasóval olvasható (a forrás SLIDE CHECK-nél nincs explicit a11y-jegyzet; a lecke általános a11y-elvéből következik)",vegyes,vegyes,"note: Course Presentation-csomópont 2 kérdéssel; a válaszsorrend beállítását lásd: SLIDE CHECK, Fejlesztői beállítás; billentyűzet- és képernyőolvasó-kitölthető (WCAG 2.1.1)",,M2.3-EGY-03,,,,,R1,,A korábbi listából teljesen kimaradt – gyártandó interaktív elem (SLIDE CHECK). Az ELÁGAZÁS „Tovább a lezáráshoz” ága vezet ide; innen a ZÁRÓ OLDAL következik.,0a306637531c5cc72ac999332ef18d6642c38fd7e84436431b0a4c5e6f14fd91,asset: M2.3-EGY-03,,,
M2.3-FOTO-01,M2,M2.3,online-lecke,02 Tervezet/Modulok/M2/Online leckék/M2.3 – Somer 3 pillére – mini-kapszula.md,161,photo,,legyártandó,specifikáció kész,,Hook háttér – someres/kvuca-vizuál,"Háttérkép/vizuál a beszélő-fej videó mögé: someres/kvuca-hangulat, nem túl zsúfolt, hogy a beszélő fej és az önreflexiós kérdés kiemelt maradjon.","Vizuális kontextus, hangulati kapcsolódás a someres közeghez; ne vonja el a figyelmet.",,,,,,"visual: informative; alt_note: a lecke előírja az alt-szöveget, de a végleges szöveget a legyártott vizuál alapján kell megírni; note: Dekoratív háttér – ha érdemi információt nem hordoz, alt="""" (rejtett a képernyőolvasó elől); ha tartalmi elemet kapna, rövid alt-szöveg szükséges",AI-generált,AI-generált,"note: 16:9 háttér, visszafogott, mobil-first",alt-text,"M2.3-FOTO-01, M2.3-FOTO-01::ALTTEXT",,,,,"R1, R5",,"M2.3-VID-01 mögötti háttér. Az R8 kivezetve, helyette R5: a lecke a képet „someres/kvuca-vizuál” háttérként írja elő (SLIDE 1, „Mit látunk?”), nem valós fotóként, és az asset eredete AI-generált – az R8 „valós fotó/screenshot” kikötése tehát nem alkalmazható rá. Ami viszont igen: a vizuális rendszer (stílus és paletta), ezért R5 alatt gyártandó, az R1 AI-jelöléssel együtt.",c748bf7f5dc62ca0be5dfd12e501d81707a6fb5948ec8e96f79b980ab6f9da6e,asset: M2.3-FOTO-01,,,
M2.3-IKO-01,M2,M2.3,online-lecke,02 Tervezet/Modulok/M2/Online leckék/M2.3 – Somer 3 pillére – mini-kapszula.md,311,icon-set,,legyártandó,specifikáció kész,,3 pillér ikonkészlet (cionizmus / szocializmus / humanista zsidóság),"3 különálló, koherens stílusú ikon a három pillérhez: 🟦 Cionizmus (kék), 🟥 Szocializmus (piros), 🟩 Világi humanista zsidóság (zöld). Mindegyik vizuálisan megkülönböztethető, a dia színkódjával (SLIDE 2, „Szöveg a dián”) összhangban.","Vizuális rögzítés, közös nyelv a 3 fogalomra; színkódolás megkönnyíti a döntési fa ágainak felismerését.",,,,,,"visual: informative; alt_note: a lecke előírja az alt-szöveget, de a végleges szöveget a legyártott vizuál alapján kell megírni; note: Mindegyik ikonhoz alt-szöveg szükséges (a pillér neve); a szín ne legyen az egyetlen információhordozó (WCAG 1.4.1) – lásd M2.3-IKO-01::ALTTEXT",AI-generált,AI-generált,"note: 3 db ikon, egységes stílus, kék/piros/zöld színkód, mobil-first méret",alt-text,"M2.3-IKO-01, M2.3-IKO-01::ALTTEXT",,,,,"R1, R5",,"A színkód (kék/piros/zöld) a pillérválasztó gombjain (PILLÉR-VÁLASZTÓ OLDAL, „Választási gombok”) és a Branching ágakban is visszatér (M2.3-EGY-02)",c4c38025f82e4bb76efa24166826631586df48d13cd8ce13d4a23aa4fba89ab9,asset: M2.3-IKO-01 | alt-text: M2.3-ALT-01,,,
M2.3-NAR-02,M2,M2.3,online-lecke,02 Tervezet/Modulok/M2/Online leckék/M2.3 – Somer 3 pillére – mini-kapszula.md,349,voiceover,narration,legyártandó,jogtisztázás alatt,,"KERET narráció – ""Ez a három pillér sokkal több, mint három szó""","~40–50 mp magyar narráció, amely röviden összefoglalja a 3 pillér magját (cionizmus: kapcsolat+kritikus béke; szocializmus: egyenlőség, kvuca, közös döntés; humanista zsidóság: kultúra+etika+felelősség) és a ""mit látnak ebből rajtad?"" záró kérdést. Teljes szöveg a forrásban.",Közös nyelv megalapozása a 3 fogalomra a döntési fa előtt.,M2.3-NAR-02-VO,"„Ez a három pillér sokkal több, mint három szó.

A cionizmusnál fontos, hogy legyen kapcsolatunk Izraellel,
és közben kritikus, békét kereső gondolkodásunk.

A szocializmusnál az egyenlőség, a kvuca és a közös döntés a lényeg.

A humanista zsidóságnál pedig az, hogyan éljük meg a zsidó kultúrát és etikát,
és vállalunk felelősséget másokért is.

A kérdés végig az lesz: **mit látnak ebből rajtad** a hanihok?”",7230302dcd9ae742574797b769b4004774f17f3163054b2deedd44795f37b854,,,"note: Leirat/transzkript (M2.3-NAR-02::TRANSCRIPT) kötelező: csak hang, ezért a dián vagy a médiaelem mellett látható leirat a teljes szöveges ekvivalens (WCAG 2.2 SC 1.2.1); első sora a kanonikus AI-címke; az M2.3-NAR-02::CAPTIONS archivált .vtt-derivatíva (projektgazdai döntés, 2026-10-03, VO D-19, D-21)",AI-generált,AI-generált,"note: magyar hang, ~40–50 mp","captions, transcript","M2.3-NAR-02, M2.3-NAR-02::CAPTIONS, M2.3-NAR-02::TRANSCRIPT",,,,"R2, R3","R1, R2, R3",,"Nincs külön videó megadva ehhez a narrációhoz (a forrás SLIDE 2-n csak ikon szerepel); hangsáv a KERET dián. A forrás SLIDE 2-nél nincs külön a11y-jegyzet; a leirat a lecke általános a11y-elvéből (SLIDE 1, Fejlesztői akadálymentesítési jegyzet; ZÁRÓ OLDAL, ♿-sor) következik. Mozgalmi döntés az `Emberi jóváhagyás szükséges.md` szerint: HUM-SOMER-01 (Izrael/cionizmus és béke/palesztin dimenzió – a narráció cionizmus-mondata: „kritikus, békét kereső gondolkodásunk”), projektgazdai döntés (2026-10-02): a helyi Ideológiai Kézikönyv a kánon; a végleges tanulói szöveg az M2.3 C1-oldalán áll. Utólagos ellenőrzés (vétó/QA): a helyi ideológiai felelős.",32315efbe55d1882a218e8b5e42a07310aaeb1f07041808835ba157ebaa586ec,asset: M2.3-NAR-02 | captions: M2.3-FEL-02 | transcript: M2.3-LEI-02,,,
M2.3-VID-01,M2,M2.3,online-lecke,02 Tervezet/Modulok/M2/Online leckék/M2.3 – Somer 3 pillére – mini-kapszula.md,196,video,ai-talking-head,legyártandó,jogtisztázás alatt,,Hook AI beszélő-fej videó – 3 pillér felvezetés,"16:9 AI-generált beszélő-fej videó, ~35–40 mp. A narrátor felvezeti a 3 pillért (cionizmus, szocializmus, humanista zsidóság), hangsúlyozva, hogy a hanihok nem könyvből, hanem a madrihon keresztül (vita, döntés, ünneplés) ismerik meg őket, és ezekből a madrih személyes példát (dugma isit) mutat. Természetes, bevonó hangnem. Ez a Branching Scenario belépő videója.","Bevonás, természetes nyelv, gyors érzelmi kapcsolódás a döntési fa belépésénél (Apply-szint felvezetése).",M2.3-VID-01-VO,"„Szia!
Ha azt mondom, hogy *cionizmus, szocializmus, humanista zsidóság*,
lehet, hogy elsőre úgy hangzik, mintha valami távoli, elvont elméletről beszélnénk.

De a hanihok nem könyvből ismerik meg ezeket,
hanem **rajtad keresztül**.

Abból, ahogyan vitát vezetsz Izraelről.
Abból, ahogyan a kvucával döntéseket hozol.
Abból, ahogyan ünnepelsz, és ahogyan a zsidóságról beszélsz.

Ebben a leckében megnézzük,
neked mit jelentenek ezek a pillérek,
és hogyan tudsz ezekből **személyes példát** mutatni a kvucádnak.”",9f59b9aa901c5932f3751ceb4c4590e282d3e268ce1a967a8bd17f37c364d7ea,,,"audio: spoken; visual: decorative; alt_note: csak a képi sáv (beszélő fej) dekoratív: hangalámondás nem kell (WCAG 2.2 SC 1.2.5), mert a felirat és a leirat szó szerint lefedi a narrációt; a videóelemet a dián látható, leíró videócímke azonosítsa (SC 1.1.1); note: Kötelező kapcsolható, szinkronban futó magyar felirat (M2.3-VID-01::CAPTIONS) + teljes szöveges leirat (M2.3-VID-01::TRANSCRIPT); hang nélkül is teljesíthető (WCAG 1.2.2, A)",AI-generált,AI-generált,"note: 16:9, ~35–40 mp, magyar nyelvű hang, mobil-first lejátszás, beágyazott a Branching Scenario belépő oldalába; videó indítása/megállítása billentyűzettel is működjön (WCAG 2.1.1)","voiceover, captions, transcript","M2.3-VID-01, M2.3-VID-01::VOICEOVER, M2.3-VID-01::CAPTIONS, M2.3-VID-01::TRANSCRIPT",,,,"R2, R3","R1, R2, R3",,"Összetartozik: M2.3-VID-01::VOICEOVER (narráció-szöveg), M2.3-VID-01::CAPTIONS (felirat), M2.3-VID-01::TRANSCRIPT (leirat), M2.3-FOTO-01 (háttér), M2.3-EGY-01 (rögzítés nélküli önreflexiós kérdés), M2.3-EGY-02 (Branching Scenario belépő)",e933437c4b5981e5c3bf53142f01170cdb794c45fbf0a76e5e3ef1673935e38e,asset: M2.3-VID-01 | voiceover: M2.3-NAR-01 | captions: M2.3-FEL-01 | transcript: M2.3-LEI-01,,,
M2.3-VID-02,M2,M2.3,online-lecke,02 Tervezet/Modulok/M2/Online leckék/M2.3 – Somer 3 pillére – mini-kapszula.md,832,video,ai-talking-head,legyártandó,jogtisztázás alatt,,"Outro AI beszélő-fej videó (opcionális, INFERÁLT forma) – záró keret + híd az M2.B-re","FIGYELEM – a forrás (ZÁRÓ OLDAL, „Rövid narráció” blokk) az OUTRO-nál CSAK ""Rövid narrációt (kb. 30–40 mp, opcionális)"" ír elő, beszélő-fej videót NEM nevez meg (szemben a HOOK-kal, ahol a SLIDE 1 „Mit látunk?” blokkja explicit ""AI beszélő fej videó""). A garantált, forrásolt deliverable az opcionális hang-narráció (lásd M2.3-VID-02::VOICEOVER). Ez az asset a HOOK-kal párhuzamos, OPCIONÁLIS beszélő-fej videó-forma INFERÁLT javaslata: ha videóként valósul meg, ~30–40 mp AI-generált beszélő-fej, amely lezárja a leckét, biztat a megfogalmazott mondat ""apró döntésekben"" megélésére (hágsámá), a többi ág kipróbálására, visszautal a már elvégzett M2.4 határleckére, és hidat ver az M2.B peulához, majd az identitás-jegyzethez. Ha NEM készül videó, az M2.3-VID-02::VOICEOVER narráció (+felirat/leirat) önállóan teljesíti az OUTRO-t.","Záró keret, motiváció a gyakorlatba ültetésre (hágsámá), átvezetés a következő lépéshez (M2.B peula).",M2.3-VID-02-VO,"„Köszi, hogy végigmentél ezen a leckén.
Mostanra van egy mondatod arról,
hogyan szeretnél személyes példát mutatni
abban a someres helyzetben, amin most végigmentél.
Figyeld a következő peulán vagy ünnepen,
hogy hol tudod ezt a mondatot **apró döntésekben megélni** –
és ha kíváncsi vagy, gyere vissza, és próbáld ki a másik két ágat is.
A határleckében (**M2.4 – Reflektív napló és határok**) már láttad,
hogy a **határtartásod** is személyes példamutatás.
A következő lépésed az **M2.B** peula, utána pedig az identitás-jegyzeted.”",dbbe251d0c388040dadea8ee9a84f6749792c515ac2ebf42d46ed4da3b9383b3,,,"audio: spoken; visual: decorative; alt_note: csak a képi sáv (beszélő fej) dekoratív: hangalámondás nem kell (WCAG 2.2 SC 1.2.5), mert a felirat és a leirat szó szerint lefedi a narrációt; a videóelemet a dián látható, leíró videócímke azonosítsa (SC 1.1.1); note: Felirat + teljes szöveges leirat kötelező, magyar nyelven; a leirat a videó mellett, látható szövegként jelenjen meg (WCAG 1.2.2, A) – lásd ZÁRÓ OLDAL, ♿-sor",AI-generált,AI-generált,"note: OPCIONÁLIS; ha videó: 16:9 beszélő-fej, ~30–40 mp, magyar hang, mobil-first. A forrás csak az opcionális narrációt mandátumozza – a videó-forma fejlesztői döntés (HOOK-analógia).","voiceover, captions, transcript","M2.3-VID-02, M2.3-VID-02::VOICEOVER, M2.3-VID-02::CAPTIONS, M2.3-VID-02::TRANSCRIPT",,,,"R2, R3","R1, R2, R3",,"INFERÁLT videó-forma; a forrásban garantált elem az opcionális narráció (M2.3-VID-02::VOICEOVER). Összetartozik: M2.3-VID-02::VOICEOVER (narráció), M2.3-VID-02::CAPTIONS (felirat), M2.3-VID-02::TRANSCRIPT (leirat). Mozgalmi döntés az `Emberi jóváhagyás szükséges.md` szerint: HUM-SOMER-03 (a hágsámá megfogalmazása – az outro a hágsámá-gondolatra épül), projektgazdai döntés (2026-10-02): a tanulói mondat a Somer–Magyar szótár „Hágsámá” szócikkére épül („A hágsámá a someres értékek gyakorlati megvalósítása: …”), a ZÁRÓ OLDAL ezt használja, és nem mossa össze a hágsámát a dugma isittel. Utólagos ellenőrzés (vétó/QA): a mozgalmi/ideológiai felelős.",91a0fc722043bddad03615cefa9f02dbf7b670fcb228927a5d3c53fd3f5cc487,asset: M2.3-VID-02 | voiceover: M2.3-NAR-03 | captions: M2.3-FEL-03 | transcript: M2.3-LEI-03,,,
M2.4-DIA-01,M2,M2.4,online-lecke,02 Tervezet/Modulok/M2/Online leckék/M2.4 – Reflektív napló & határok – A dugma isit nem terapeuta.md,348,diagram,,legyártandó,specifikáció kész,,Privát – Személyes – Szakmai 3 oszlopos vizuál,"3 oszlopos diagram/vizuál a Privát / Személyes / Szakmai fogalmakhoz, oszloponként 2–3 kulcsbullettel (privát: nem osztod meg a kvucával, nagyon intim/mély/nehéz témák, max. közeli barát/partner/szakember; személyes: megosztható, hogy emberinek lássanak, pl. „nekem is volt már ilyen érzésem”, de nem támaszkodsz érzelmileg a hanihokra; szakmai: madrihként kötelességed jelezni/tartani, keretek/szabályok/gyermekvédelmi protokoll, kinek szólsz baj gyanúja esetén). Színkódolt oszlopok.",Az alapfogalmak (privát/személyes/szakmai) tiszta vizuális megkülönböztetése.,,,,,,"visual: informative; alt_note: a lecke előírja az alt-szöveget, de a végleges szöveget a legyártott vizuál alapján kell megírni; note: Alt-szöveg kell (M2.4-DIA-01::ALTTEXT); a szövegtartalom legyen valós szövegként is jelen (ne csak képben).",AI-generált,AI-generált,"note: 3 oszlopos elrendezés, mobil-first reszponzív (oszlopok mobilon egymás alá), SVG/PNG vagy H5P-natív elrendezés",alt-text,"M2.4-DIA-01, M2.4-DIA-01::ALTTEXT",,,,,"R1, R5",,Slide 3 fő vizuálja. Kapcsolódó narráció: M2.4-NAR-03.,33a60258069419e4e3120e71249033fa6eea11784a5548640fe8b3b6349c6581,asset: M2.4-DIA-01 | alt-text: M2.4-ALT-03,,,
M2.4-DIA-02,M2,M2.4,online-lecke,02 Tervezet/Modulok/M2/Online leckék/M2.4 – Reflektív napló & határok – A dugma isit nem terapeuta.md,523,diagram,,legyártandó,specifikáció kész,,3 oszlopos „kinek mit mondok el” tábla-vizuál,"Leegyszerűsített 3 oszlopos táblázat-vizuál a címekkel: 1) „Megosztom a kvucával”, 2) „Csak baráttal / madrih-társsal”, 3) „Csak mentorral / szakemberrel / senkivel”. Üres/példa-cellákkal, hogy a tanuló gondolatban vagy magának leírva tudja kitölteni (a privát oszloplista nem tárolódik).",Strukturált gondolkodás támogatása a témák címzettjeiről.,,,,,,"visual: informative; alt_note: a lecke előírja az alt-szöveget, de a végleges szöveget a legyártott vizuál alapján kell megírni; note: Alt-szöveg kell (M2.4-DIA-02::ALTTEXT); oszlopcímek valós szövegként is.",AI-generált,AI-generált,"note: 3 oszlopos tábla-elrendezés, mobil-first reszponzív, SVG/PNG vagy H5P-natív",alt-text,"M2.4-DIA-02, M2.4-DIA-02::ALTTEXT",,,,,"R1, R5",,Slide 4 fő vizuálja (a „táblázat” vizuál). A szabad szöveges mező nem asset; alapértelmezett helye a lecke melletti Moodle-oldali szövegmező (LMS-M2-09).,e220e720e6b8a412aacf07df8817244d34da7b2531ad117c78bb33be54b5b39d,asset: M2.4-DIA-02 | alt-text: M2.4-ALT-05,,,
M2.4-IKO-01,M2,M2.4,online-lecke,02 Tervezet/Modulok/M2/Online leckék/M2.4 – Reflektív napló & határok – A dugma isit nem terapeuta.md,216,icon-set,,legyártandó,specifikáció kész,,Madrih + felnőtt/szervezet támogató ikon,"Ikon vagy kis ikon-kompozíció: egy madrih-figura, mögötte/fölötte nagyobb felnőtt alak vagy szervezet szimbóluma – azt kommunikálva, hogy a madrih nincs egyedül, van mögötte támogató háttér.","Vizuálisan megerősíti a keretet: „nem vagy egyedül”, ott a mentor, gyermekvédelmi ügyben a Memuna, és ha kell, szakember.",,,,,,"visual: informative; alt_note: a lecke előírja az alt-szöveget, de a végleges szöveget a legyártott vizuál alapján kell megírni; note: Alt-szöveg kell (M2.4-IKO-01::ALTTEXT).",AI-generált,AI-generált,"note: SVG/PNG ikon, lapos vagy line-stílus, mobil-first méret",alt-text,"M2.4-IKO-01, M2.4-IKO-01::ALTTEXT",,,,,"R1, R5",,"Slide 2 fő vizuálja a bulletpontok mellett. Az emoji-skála kérdés (SLIDE 2, Emoji-check) önjelző kérdés (poll), nem asset.",529da659498935eda85b351e5183912ebbcd32df34a396b3b981e51cdfa7034c,asset: M2.4-IKO-01 | alt-text: M2.4-ALT-02,,,
M2.4-IKO-02,M2,M2.4,online-lecke,02 Tervezet/Modulok/M2/Online leckék/M2.4 – Reflektív napló & határok – A dugma isit nem terapeuta.md,485,icon-set,,legyártandó,specifikáció kész,,Napló ikon (Activity 1),"Kis, minimalista „napló”/notesz ikon a reflektív naplós aktivitáshoz, semleges/minimalista háttéren.","Vizuálisan jelzi, hogy itt egy csendes, naplóíró aktivitás kezdődik.",,,,,,"visual: informative; alt_note: a lecke előírja az alt-szöveget, de a végleges szöveget a legyártott vizuál alapján kell megírni; note: Alt-szöveg kell (M2.4-IKO-02::ALTTEXT); dekoratív-funkcionális, rövid alt.",AI-generált,AI-generált,"note: SVG/PNG ikon, line/lapos stílus, mobil-first",alt-text,"M2.4-IKO-02, M2.4-IKO-02::ALTTEXT",,,,,"R1, R5",,Slide 4. A szabad szöveges mező (SLIDE 4) nem asset; alapértelmezett helye a lecke melletti Moodle-oldali szövegmező (LMS-M2-09).,5ea4a1dcd5d9f5b725485d5856fc7abccd5fbe3bb817602c488e915041e78270,asset: M2.4-IKO-02 | alt-text: M2.4-ALT-04,,,
M2.4-ILL-01,M2,M2.4,online-lecke,02 Tervezet/Modulok/M2/Online leckék/M2.4 – Reflektív napló & határok – A dugma isit nem terapeuta.md,63,illustration,,legyártandó,specifikáció kész,,Chat-buborékok háttér (hook),"Háttér-illusztráció: stilizált chat/Messenger buborékok, esti/éjszakai hangulat, a hook-videó (M2.4-VID-01, hangalámondás + kinetikus tipográfia) hátteréül. Nem tartalmaz olvasható konkrét szöveget (vagy csak elmosódott), hogy ne ütközzön a videó tartalmával.","Vizuálisan megidézi a késő esti privát üzenet szituációt, erősíti a hook hangulatát.",,,,,,"visual: informative; alt_note: a lecke előírja az alt-szöveget, de a végleges szöveget a legyártott vizuál alapján kell megírni; note: Alt-szöveg kell (M2.4-ILL-01::ALTTEXT); dekoratív-funkcionális határeset, rövid alt elég.",AI-generált,AI-generált,"note: 16:9 háttér, esti/sötét tónus, mobil-first reszponzív, PNG/SVG",alt-text,"M2.4-ILL-01, M2.4-ILL-01::ALTTEXT",,,,,"R4, R1, R5",,Az M2.4-VID-01 mögötti háttér.,e485461efe1eaf0d6f6d6d831017b91611137c358cef7482464513e8debb13ef,asset: M2.4-ILL-01 | alt-text: M2.4-ALT-01,,,
M2.4-ILL-02,M2,M2.4,online-lecke,02 Tervezet/Modulok/M2/Online leckék/M2.4 – Reflektív napló & határok – A dugma isit nem terapeuta.md,596,illustration,,legyártandó,specifikáció kész,,Chat-buborék illusztráció (Activity 2 – vissza az üzenethez),"Chat-buborék illusztráció, amely megidézi a nyitó késő esti üzenetet („Senki nem ért meg. Minden rossz. Te vagy az egyetlen, aki normális.”) – vizuálisan visszacsatol a Slide 1 hook-jához.","Vizuális visszakapcsolás a nyitó sztorihoz, a határtartás-szempontú újragondoláshoz.",,,,,,"visual: informative; alt_note: a lecke előírja az alt-szöveget, de a végleges szöveget a legyártott vizuál alapján kell megírni; note: Alt-szöveg kell (M2.4-ILL-02::ALTTEXT).",AI-generált,AI-generált,"note: Mobil-first illusztráció, esti chat hangulat, PNG/SVG",alt-text,"M2.4-ILL-02, M2.4-ILL-02::ALTTEXT",,,,,"R4, R1, R5",,Slide 5. Konzisztens stílusban az M2.4-ILL-01 hook-háttérrel. Szabad szöveges mező nem asset.,9405bf34a0edf69ca9d9d8afbe1dc501d59bba70c41d07f368f2a2e924334ef6,asset: M2.4-ILL-02 | alt-text: M2.4-ALT-06,,,
M2.4-NAR-02,M2,M2.4,online-lecke,02 Tervezet/Modulok/M2/Online leckék/M2.4 – Reflektív napló & határok – A dugma isit nem terapeuta.md,254,voiceover,narration,legyártandó,jogtisztázás alatt,,Safety & keret narráció (opcionális),"Kb. 20–30 mp magyar narráció: madrihként fontos vagy, de nem vagy mindenható; nem kell egyedül megoldanod mások problémáit; példamutatás az is, ha tudod, mikor kell bevonnod a mentorodat – gyermekvédelmi ügyben pedig azonnal a Memunát –, és mikor mondod, hogy ‘ezt nem nekem kell egyedül megoldanom’; ebből a hanihok azt tanulják, hogy segítséget kérni rendben van, és van, amikor szükséges is. Opcionális hangsáv.","Hangos megerősítés a biztonság/keret üzenethez, érzelmi biztonság.",M2.4-NAR-02-VO,"„Madrihként nagyon fontos vagy, de nem vagy mindenható.
Nem kell egyedül megoldanod mások problémáit.

Azzal is példát mutatsz, ha tudod,
mikor kell bevonnod a mentorodat – gyermekvédelmi ügyben pedig azonnal a Memunát –,
és mikor mondod azt, hogy ‘ezt nem nekem kell egyedül megoldanom’. Ebből a hanihok is azt tanulják, hogy segítséget kérni rendben van – és vannak helyzetek, amikor szükséges is.”",8d56e8a178fe4b26eecbd036c96a9e09d2c989ce20a7e4a3533bbbbb5da7da7e,,,"note: Leirat/transzkript (M2.4-NAR-02::TRANSCRIPT) kötelező: csak hang, ezért a dián vagy a médiaelem mellett látható leirat a teljes szöveges ekvivalens (WCAG 2.2 SC 1.2.1); első sora a kanonikus AI-címke; az M2.4-NAR-02::CAPTIONS archivált .vtt-derivatíva (projektgazdai döntés, 2026-10-03, VO D-19, D-21)",AI-generált,AI-generált,"note: Magyar szintetikus narráció (ElevenLabs, a kanonikus narrátorhang), kb. 20–30 mp","captions, transcript","M2.4-NAR-02, M2.4-NAR-02::CAPTIONS, M2.4-NAR-02::TRANSCRIPT",,,,"R2, R3","R1, R2, R3",,"Opcionális (a forrás jelzi). Nincs beszélő fej, csak hang a dián.",daa7092dadfdbc812c34345333726d3add781b426a58d2abddf5a5efadacd2d9,asset: M2.4-NAR-02 | captions: M2.4-FEL-02 | transcript: M2.4-LEI-02,,,
M2.4-NAR-03,M2,M2.4,online-lecke,02 Tervezet/Modulok/M2/Online leckék/M2.4 – Reflektív napló & határok – A dugma isit nem terapeuta.md,386,voiceover,narration,legyártandó,jogtisztázás alatt,,Privát–személyes–szakmai narráció,"Kb. 40–60 mp magyar narráció, amely végigvezet a privát / személyes / szakmai megkülönböztetésen (privát = nem osztod meg a kvucával, szűk kör/szakember; személyes = megosztható példák/érzések a kapcsolódáshoz; szakmai = keretek, szabályok, gyermekvédelmi lépések) és lezárja a dugma isit gondolattal.",Hangos magyarázat a 3 fogalom közötti különbséghez.,M2.4-NAR-03-VO,"„Nem minden dolognak ugyanott a helye.

A **privát** az, amit nem szeretnél megosztani a kvucával.
Ez maradhat szűk körben, a legközelebbi barátaiddal vagy családtagjaiddal, esetleg szakemberrel.

A **személyes** az, amit megoszthatsz,
hogy tudjatok kapcsolódni: példák, érzések, amik segítik a kapcsolódást.

A **szakmai** rész azokból a keretekből és szabályokból áll,
amelyeket madrihként be kell tartanod: például a gyermekvédelmi lépésekből.

Azzal is **személyes példát mutatsz**,
ahogyan különbséget teszel e három között.”",291ae590c1d8114a9c13e3954dc7c6acedb50b7f46a3fa8c511b427b323b69df,,,"note: Leirat/transzkript (M2.4-NAR-03::TRANSCRIPT) kötelező: csak hang, ezért a dián vagy a médiaelem mellett látható leirat a teljes szöveges ekvivalens (WCAG 2.2 SC 1.2.1); első sora a kanonikus AI-címke; az M2.4-NAR-03::CAPTIONS archivált .vtt-derivatíva (projektgazdai döntés, 2026-10-03, VO D-19, D-21)",AI-generált,AI-generált,"note: Magyar szintetikus narráció (ElevenLabs, a kanonikus narrátorhang), kb. 40–60 mp","captions, transcript","M2.4-NAR-03, M2.4-NAR-03::CAPTIONS, M2.4-NAR-03::TRANSCRIPT",,,,"R2, R3","R1, R2, R3",,Az M2.4-DIA-01 diagramhoz tartozó hang.,4687c6f41f53a65edc6aa1ca90f17c7dbc40f7a6b99f5bce304ce1cb9b5fe91c,asset: M2.4-NAR-03 | captions: M2.4-FEL-03 | transcript: M2.4-LEI-03,,,
M2.4-NAR-04,M2,M2.4,online-lecke,02 Tervezet/Modulok/M2/Online leckék/M2.4 – Reflektív napló & határok – A dugma isit nem terapeuta.md,707,voiceover,narration,legyártandó,jogtisztázás alatt,,Záró narráció (Check & Outro),"Kb. 20–30 mp magyar záró narráció: köszönet a kitartásért, a határtartás nem önzés, hanem felelősség (magaddal és a hanihokkal szemben), nehéz részekről beszélj a mentoroddal, segítséget kérni rendben van – ez is dugma isit / személyes példamutatás.","Érzelmi lezárás, megerősítés, biztonságos kilépés a leckéből.",M2.4-NAR-04-VO,"„Köszi, hogy végigmentél ezen a leckén.
A határaid tartása nem önzés, hanem **felelősség** –
magaddal és a hanihokkal szemben is.

Ha valamelyik rész nehéz volt, érdemes róla beszélni a mentoroddal.
Ezzel is azt mutatod, hogy segítséget kérni rendben van –
és ez is fontos része a **személyes példamutatásnak**.”",773624f25ab53bc1051e87a62222df88e5ccf04f3590f33450bff329b6e926b0,,,"note: Leirat/transzkript (M2.4-NAR-04::TRANSCRIPT) kötelező: csak hang, ezért a dián vagy a médiaelem mellett látható leirat a teljes szöveges ekvivalens (WCAG 2.2 SC 1.2.1); első sora a kanonikus AI-címke; az M2.4-NAR-04::CAPTIONS archivált .vtt-derivatíva (projektgazdai döntés, 2026-10-03, VO D-19, D-21)",AI-generált,AI-generált,"note: Magyar szintetikus narráció (ElevenLabs, a kanonikus narrátorhang), kb. 20–30 mp","captions, transcript","M2.4-NAR-04, M2.4-NAR-04::CAPTIONS, M2.4-NAR-04::TRANSCRIPT",,,,"R2, R3","R1, R2, R3",,"Slide 7 outro hangja. A két ön-check kérdés (SLIDE 7, önjelző poll) interakció, nem asset.",07a4ed355d40df7353a1261d4d059b48101b934cfbe2e4fc5e84b7738b863f5e,asset: M2.4-NAR-04 | captions: M2.4-FEL-04 | transcript: M2.4-LEI-04,,,
M2.4-VID-01,M2,M2.4,online-lecke,02 Tervezet/Modulok/M2/Online leckék/M2.4 – Reflektív napló & határok – A dugma isit nem terapeuta.md,102,video,explainer,legyártandó,jogtisztázás alatt,,Hook – késő esti krízisüzenet (hangalámondás + kinetikus tipográfia),"Magyarázó videó hangalámondással és kinetikus tipográfiával/grafikával, beszélő fej (AI-avatar) nélkül, 16:9, kb. 30–40 mp. A hangalámondás felvezeti a hook-szituációt: este, ágyban vagy, holnap suli/munka, egy 12 éves hanih ír Messengeren („Senki nem ért meg. Minden rossz. Te vagy az egyetlen, aki normális.”), felteszi a „Mit érzel? Mit csinálsz?” kérdést, majd átvezet a lecke céljához: segítő madrih úgy, hogy vigyáz a saját és a hanih határaira (dugma isit). A képi sávban kinetikus tipográfia és semleges, stilizált grafika (pl. chat-buborékok, M2.4-ILL-01) jelenik meg, arc és avatar nélkül. Empatikus, nyugodt hangvétel.","Azonnali érzelmi azonosulás, belépés a határtémába; személyes, emberi hang a lecke nyitásához.",M2.4-VID-01-VO,"„Szia!
Képzeld el, hogy már este van, ágyban vagy, holnap suli vagy munka,
és egy 12 éves hanihod ír Messengeren:

*‘Senki nem ért meg. Minden rossz.
Te vagy az egyetlen, aki normális.’*

Mit érzel? Mit csinálsz?

Ilyenkor nagyon könnyű úgy érezni,
hogy neked kell **mindent megoldani**.

Ebben a leckében azt nézzük meg,
hogyan tudsz **segítő madrih lenni**,
úgy, hogy közben **vigyázol a saját határaidra és a hanih határaira** –
és ezzel adsz **személyes példát** (dugma isit).”",5529d532ce6f66f382f88dbc16a478d39ef0f441433eadc2f63278790b84261e,,,"audio: spoken; visual: informative; alt_note: a képi sáv (kinetikus tipográfia és grafika) szöveges alternatíváját a legyártott vizuál alapján kell megírni: ha a képen a narráción túl is van információ, azt a leiratnak tartalmaznia kell, szükség esetén hangalámondásos képleírással (WCAG 2.2 SC 1.2.3/1.2.5); a videóelemet a dián látható, leíró videócímke azonosítsa (SC 1.1.1); note: Kötelező felirat ÉS leirat/transzkript (lásd M2.4-VID-01::CAPTIONS, M2.4-VID-01::TRANSCRIPT).",AI-generált,AI-generált,"note: 16:9, kb. 30–40 mp, magyar nyelvű hangalámondás, kinetikus tipográfia/grafika (nincs beszélő fej), kapcsolható (WebVTT) felirat a `@source`-ból","voiceover, captions, transcript, alt-text","M2.4-VID-01, M2.4-VID-01::VOICEOVER, M2.4-VID-01::CAPTIONS, M2.4-VID-01::TRANSCRIPT, M2.4-VID-01::ALTTEXT",,,,"R2, R3","R4, R1, R2, R3, R5",,"Összetartozik: M2.4-VID-01::VOICEOVER (hang), M2.4-ILL-01 (háttér chat-buborékok), M2.4-VID-01::CAPTIONS (felirat), M2.4-VID-01::TRANSCRIPT (leirat). Alatta önjelző kérdés (poll; nem asset). 2026-10-02: beszélőfejből hangalámondás + kinetikus tipográfia/grafika (explainer) lett. HUM-MEDIA-03, projektgazdai döntés (2026-10-02): gyermekvédelmi vagy krízis-HOOK-ban nem használunk készlet (stock) AI-beszélőfejet; ha mégis beszélőfej kellene, csak egyedi, nagykorú avatar, kifejezett hozzájárulással, jogi/adatvédelmi és gyermekvédelmi felülvizsgálattal. Utólagos ellenőrzés (vétó/QA): a jogi/adatvédelmi felelős, az érintett jogosultak és a Memuna. Az R5 azért került be, mert a tipográfiai/grafikai vizuál a vizuális rendszer (stílus-token, paletta) lockjához kötött; a felirat- és leirat-kötelezettség változatlan.",bc609dd4fcb54b8bb40829887f0ed072d5e303ec2a52e7ce64bd880c86684b95,asset: M2.4-VID-01 | voiceover: M2.4-NAR-01 | captions: M2.4-FEL-01 | transcript: M2.4-LEI-01,,,
M2.A-KART-01,M2,M2.A,peula,02 Tervezet/Modulok/M2/Peulák/M2.A – Identitás-körök élőben – mit mutatok magamból (45’).md,199,card-set,,legyártandó,specifikáció kész,,Identitás-vonal állítás-kártyák (8 db szett),"8 darab nyomtatható állítás-kártya, kártyánként EGY rövid állítás nagy betűkkel. A 8 verbatim állítás a forrásban (4.2 Blokk 2, 3. lépés, „Állítás-szett”): (1) „A Somer most az egyik legerősebb identitás-köröm.”; (2) „A családom nagyon erősen hat arra, milyen madrih vagyok.”; (3) „A zsidósághoz, a zsidó közösséghez fűződő viszonyom fontos része annak, ki vagyok.”; (4) „Szívesen beszélek a saját nehézségeimről a kvucámmal.”; (5) „Néha úgy érzem, nagyon különbözöm a saját kvucámtól.”; (6) „Könnyen megmutatom másoknak, mi van bennem.”; (7) „A saját online köreim (Discord, Insta stb.) erősen hatnak rám madrihként.”; (8) „Általában jól érzem, hol vannak a határaim – meddig megyek el a megosztásban.” FONTOS pontosítás: a 3. (zsidóság) állításhoz tartozó zárójeles magyarázat (sor 154: „A skálán bárhol megállhatsz…”) a FACILITÁTOR FELOLVASANDÓ kerete, nem feltétlenül a kártyára nyomtatandó szöveg – ne zsúfold rá a kártyára, vagy tedd külön facilitátor-jegyzetbe.","A facilitátor sorban felolvashatja/felmutathatja a 8 állítást az identitás-vonal játékhoz; kész szett, hogy ne kelljen improvizálni; testi-mozgásos átélés a különböző identitás-körök erősségéről, és gyakorlás, hogy nem minősítjük egymás pozícióját.",,,,,,"note: Nagy kontraszt és nagy betűméret kötelező (felolvasásra és teremben felmutatásra); diszlexia-barát font ajánlott. Maga szöveges kártya-artefaktum, külön alt-szöveg nem szükséges.",emberi,emberi-felvétel,"note: 8 db kártya, A4 vagy A5 (2.1 eszközlista; 4.2 Blokk 2, 3. lépés), nagy, jól olvasható tipográfia, fekete szöveg világos háttéren, nyomtatható PDF; 1 állítás / kártya",print-pdf,"M2.A-KART-01, M2.A-KART-01::PRINTPDF",,,,,"R4, R5",,"Kapcsolódik a 2.1 eszközlistában jelzett „6–10 állítás-kártya” tételhez; a forrás itt 8 konkrét állítást ad. A facilitátor cserélhet egy-egy állítást, de tartsa a „könnyed, nem felkavaró” jelleget (sor 149).",ee35c4741de7457be0e8b929e1c630bc769581388958e528424815e94879d2df,asset: M2.A-KART-01,,,
M2.A-KART-03,M2,M2.A,peula,02 Tervezet/Modulok/M2/Peulák/M2.A – Identitás-körök élőben – mit mutatok magamból (45’).md,80,card-set,,legyártandó,specifikáció kész,,Kiscsoportos feldolgozás – beszélgetőkérdés-kártya / facilitátor-segédlet (4 kérdés),"Kis kártya / kiírható A4 facilitátor-segédlet a kiscsoportos feldolgozás 4 verbatim beszélgetőkérdésével (4.4.1, 2. lépés; a 2.1 eszközlistában is): „Milyen közös mintákat láttok az identitás-köreitekben?”; „Miben vagytok nagyon különbözőek?”; „Szerintetek a hanihok melyik körötökből mit látnak most?”; „Mire kell majd szerintetek különösen figyelnetek, ha a saját határaitokról van szó?”. Tartalmazza a választási instrukció rövid emlékeztetőjét (4.4.1, 2. lépés, a kérdések utáni instrukció): a csoport nem köteles mindegyik kérdésre válaszolni, válasszon 1–2-t; mindenki szóhoz juthat, akinek van kedve, de az is oké, ha valaki inkább hallgat. A facilitátor a forrás szerint 2–3 kérdést ír ki a táblára a 4-ből – a kártya/segédlet a teljes kínálatot adja, amiből választhat.","Kész, verbatim kérdéskészlet a kiscsoportos feldolgozáshoz, hogy a facilitátornak ne kelljen fejből idéznie/improvizálnia; gyors kiírás táblára vagy kiscsoport-asztalra.",,,,,,"note: Nagy kontraszt, olvasható betűméret; ha digitális segédletként is készül, strukturált szöveges lista. Szöveges artefaktum, külön alt-szöveg nem szükséges.",emberi,emberi-felvétel,"note: Kis kártya (A6/A5) vagy egyetlen A4 facilitátor-segédlet, nagy betűk, fekete szöveg világos háttéren, nyomtatható PDF; elég 1–néhány példány (facilitátornak / kiscsoport-asztalokra)",print-pdf,"M2.A-KART-03, M2.A-KART-03::PRINTPDF",,,,,R5,,"ÚJ tétel a 2. körben pótolva: a 4.4.1 kiscsoportos beszélgetőkérdések (2. lépés) kiírható segédlete. A vele párban felvett M2.A-KART-02 (Élő könyvtár kötött kérdéssor) a 4.4.1.b OPCIONÁLIS variáció megszüntetésével 2026-08-26-án kivezetve – innen az azonosító-hézag a KART-01 és a KART-03 között. A forrás szerint a facilitátor 2–3 kérdést ír ki a 4-ből (2.1 eszközlista; 4.4.1, 2. lépés), nem kötelező nyomtatni; opcionális, de gyártható segédlet.",905e9f399089a948a801c923fef12604995266c64860ab03c484fd7009bf7c86,asset: M2.A-KART-03,,,
M2.A-MUNK-01,M2,M2.A,peula,02 Tervezet/Modulok/M2/Peulák/M2.A – Identitás-körök élőben – mit mutatok magamból (45’).md,290,worksheet,,legyártandó,specifikáció kész,,Identitás-térkép munkalap (ÉN + körök),"Egyszerű, félig strukturált A4 munkalap: középen „ÉN” mező, körülötte 3–4 üres nagyobb kör címke-helyekkel. Támpont-feliratok a forrásból (4.3 Blokk 3, 1. lépés, képzői instrukció): „család”, „Somer”, „zsidóság”, „suli / barátok”, „online köreim” – ezek csak támpontok, a tanuló sajátot is írhat. Körönként hely 3–5 kulcsszónak (nevek, helyzetek, érzések). Rövid instrukció a jelöléshez: ALÁHÚZÁS = amit mások is látnak belőlem; BEKARIKÁZÁS = amit alig látnak (ugyanott). Hagyjon sok szabad kézi rajzteret a testreszabhatóság miatt. Opcionálisan tartalmazhat egy rövid emlékeztetőt, hogy a „zsidóság” kör tartalma szabad (ugyanott).",Az M2.1 online identitás-térkép élő frissítése/elkészítése; vizuális keret a páros megosztáshoz (mit mutatok meg / mit rejtek).,,,,,,"note: Nyomtatott munkalap; ha digitális/kitölthető verzió is készül, biztosíts logikus címke-struktúrát és kitölthető mezőket. Önmaga szöveges/rajzos artefaktum, külön alt-szöveg nem szükséges.",emberi,emberi-felvétel,"note: A4, álló, fejenként 1–2 példány (2.1 eszközlista: „fejenként legalább 1, de érdemes 2-t”), fekete-fehér nyomtatható PDF, sok üres kézi rajzteret hagyva","print-pdf, editable","M2.A-MUNK-01, M2.A-MUNK-01::PRINTPDF, M2.A-MUNK-01::EDITABLE",,,,,R5,,"Eszköz-kapcsolat: A4-es lapok + tollak/filcek (2.1 eszközlista). Ha a csoport hozza az M2.1 térképét (4.3 Blokk 3, 1. lépés), a munkalap pót-/alapverzióként szolgál.",0349d53698a27ba7401cce2d9fe9c32a1566b5bfda90a21c1d6fb10fba54977a,asset: M2.A-MUNK-01,,,
M2.A-POSZ-01,M2,M2.A,peula,02 Tervezet/Modulok/M2/Peulák/M2.A – Identitás-körök élőben – mit mutatok magamból (45’).md,114,poster,,legyártandó,specifikáció kész,,Megosztási szabályok flipchart-sablon (kettős funkció: közös minták gyűjtéséhez is),"Flipchart-/poszter-sablon a közösen kialakított megosztási (biztonsági) szabályoknak: nagy üres jegyzetterület a csoport saját javaslatainak, plusz előre nyomtatható 4 tartalék-szabály opció (verbatim, 4.1 Blokk 1, „Megosztási szabályok – közös kialakítás”): „Amit itt hallunk, az nem kerül ki névvel a teremből – kivéve, ha valaki veszélyben van: ilyenkor felelős felnőttet vonunk be.”; „Nem tesszük kötelezővé a megosztást – mindenki döntheti, mennyit mond el.”; „Nem kommentáljuk egymás történetét »jaj, ez semmi« típusú mondatokkal.”; „Kérdezhetünk, de nem faggatjuk egymást.” Lehet előnyomott váz, amit a teremben kézzel kiegészítenek. Ugyanez a flipchart-sablon (üres flipchart-oldal) szolgálhat a 4.4.1 kiscsoportos „közös minták” gyűjtéséhez is (2.1 eszközlista: „Flipchart / tábla + filc a közös minták összegyűjtéséhez”). MEGJEGYZÉS: a 4.4.1 verbatim beszélgetőkérdései külön tétel (M2.A-KART-03), ez a poszter csak az üres gyűjtőfelület.","A pszichológiai biztonság kereteinek közös, látható rögzítése; a facilitátornak kész tartalék-opciók, ha a csoporttól nem jön javaslat. Másodlagos funkció: a kiscsoportos közös minták vizuális gyűjtéséhez üres flipchart-felület (2.1 eszközlista).",,,,,,"note: Teremből jól látható betűméret és nagy kontraszt; ha digitális facilitátor-segédletként is készül, biztosíts strukturált szöveges listát. Szöveges/flipchart artefaktum, külön alt-szöveg nem szükséges.",emberi,emberi-felvétel,"note: Flipchart-méret (kb. A1) nyomtatható sablon VAGY A4 facilitátor-segédlet a felírandó pontokkal; nagy, kézzel kiegészíthető üres mezők, fekete szöveg világos háttéren, nyomtatható PDF",print-pdf,"M2.A-POSZ-01, M2.A-POSZ-01::PRINTPDF",,,,,R5,,"Kettős funkció jelölve (Blokk 1 megosztási szabályok + 4.4.1 közös minták üres gyűjtőfelülete, 2.1 eszközlista). A 4.4.1 verbatim kérdés-tartalom NEM ide tartozik, hanem az új M2.A-KART-03 tételhez. A bejelentkező 1–10 skálás kör (4.1 Blokk 1, ráhangolódás) NEM igényel külön print-asztalt – szóbeli, nincs hozzá gyártandó anyag. A vonal kijelöléséhez szükséges szalag/madzag, a post-it/kispapír a zárómondatokhoz és a tollak/filcek (mind a 2.1 eszközlistában) generikus segédanyagok – nincs rajtuk gyártandó nyomtatott tartalom, ezért nem asset.",1a4bca1c661a2d89bc5b524f1690df569e53b6e6468bdc0f186ee46b948c80b0,asset: M2.A-POSZ-01,,,
M2.B-KART-01,M2,M2.B,peula,"02 Tervezet/Modulok/M2/Peulák/M2.B – Somer-értékek a gyakorlatban – döntések, amelyek tanítanak.md",144,card-set,,legyártandó,specifikáció kész,,Érték-sziget kártyaszett (4 db A3),"4 db A3-as/kartonlap a terem 4 sarkába, mindegyik egy someres értéket nevez meg jól olvashatóan: 1) „Szolidaritás / egyenlőség”, 2) „Felelősség / tikkun olam”, 3) „Közösség / kvuca / összetartás”, 4) „Őszinteség / nyitott vita / bátorság”. Nagy, távolról is olvasható tipográfia, mert a résztvevők a sarokban/falon választanak.","A mozgásos Érték-szigetek játék fix vizuális ankerei; testben megélhetővé teszik, hogy ugyanarra a helyzetre különböző értékekből lehet reagálni.",,,,,,"note: Magas kontraszt és nagy betűméret kell a távoli olvashatósághoz; a szöveg maga az asset (felirat-kártya), külön alt-szöveg nem szükséges.",vegyes,vegyes,"note: 4 lap, A3 vagy karton, álló/fekvő, nagy kontrasztos felirat, héber kifejezések (tikkun olam, kvuca) helyesen szedve, magyar nyelv",print-pdf,"M2.B-KART-01, M2.B-KART-01::PRINTPDF",,,,,"R1, R5",,"Ugyanezek a szövegek köszönnek vissza a Blokk 2 instrukcióban (4.2, 1. lépés). A 4 felirat verbatim egyezik a 2.1 eszközlistában és a 4.2 Blokk 2, 1. lépésében (az „A terem 4 sarkában / falán” bevezető után).",187fc4d13b9ceef4c1d47d9436ea0e685744fbb0fa2d0f57bfddf757632a519a,asset: M2.B-KART-01,,,
M2.B-KART-02,M2,M2.B,peula,"02 Tervezet/Modulok/M2/Peulák/M2.B – Somer-értékek a gyakorlatban – döntések, amelyek tanítanak.md",220,card-set,,legyártandó,specifikáció kész,,Storyboard-feladat instrukciós kártya,"Egy kirakható instrukciós kártya a csoportasztalokra a storyboard-feladat lépéseivel (a 4.3 Blokk 3, 2. lépés „Instrukció (kirakható kártyán is)” szövege alapján, verbatim): találjatok ki a pillérhez kapcsolódó rövid helyzetet; rajzoljátok/írjátok le két verzióban (vezető nem gondol bele, milyen értéket mutat / someres vezető tudatosan megmutatja a pillért); a lap aljára a két „Mit tanul a csapat…?” kérdés; pálcikaember is elég, csak a különbség legyen érthető. Opcionálisan a választható élőkép-opció rövid instrukciója is feltüntethető (4.3 Blokk 3, 2. lépés, „Választható megtestesítő opció”).","Önállóan futtatható csoportmunka támogatása anélkül, hogy a képzőnek ismételnie kelljen a feladatleírást.",,,,,,note: Olvasható testméret; a szöveg maga az asset.,vegyes,vegyes,"note: 1–3 db kis kártya (csoportonként), A5/A6, rövid felsorolásos instrukció, magyar nyelv",print-pdf,"M2.B-KART-02, M2.B-KART-02::PRINTPDF",,,,,"R1, R5",,"Verbatim feladatszöveg: 4.3 Blokk 3, 2. lépés, „Instrukció (kirakható kártyán is)”; élőkép-instrukció: ugyanott, „Választható megtestesítő opció”.",aa7b4b1135866a8d7acc74a326cb59e9a0d3ff72c6b13479e3aab8072b523a11,asset: M2.B-KART-02,,,
M2.B-MUNK-01,M2,M2.B,peula,"02 Tervezet/Modulok/M2/Peulák/M2.B – Somer-értékek a gyakorlatban – döntések, amelyek tanítanak.md",253,worksheet,,legyártandó,specifikáció kész,,A/B kép storyboard nagylap-sablon (flipchart),"Csoportonként 1 nagy lap (flipchart vagy A3) sablon, két részre osztva: bal oldal „A kép”, jobb oldal „B kép”. A lap alján két előnyomtatott kérdés-mező verbatim a 4.3 Blokk 3, 2. lépés instrukciója szerint: „Mit tanul a csapat a vezetőről, ha az A-t látja?” és „Mit tanul a csapat a vezetőről, ha a B-t látja?”. A csoportok ide rajzolják/írják a két döntés-verziót (nem tudatos vs. someresen tudatos).",Strukturált vázlatfelület a két döntés-verzió (A/B) megjelenítéséhez és a „mit tanul a csapat” reflexióhoz; a pillér gyakorlati lefordítása mini történetté.,,,,,,note: Üres kitöltős sablon; nyomtatott vezérszöveg legyen olvasható. Külön alt-szöveg nem szükséges.,vegyes,vegyes,"note: 3 nagy lap (flipchart vagy A3, csoportonként 1 – 2.1 eszközlista), kétoszlopos A/B felosztás, alul 2 kérdés-mező, filccel írható; magyar nyelv",print-pdf,"M2.B-MUNK-01, M2.B-MUNK-01::PRINTPDF",,,,,"R1, R5",,"Filcek/színes tollak hozzá (2.1 eszközlista). A választható élőkép-opció rajz helyett nem igényel külön gyártott eszközt (2.1 eszközlista; 4.3 Blokk 3, 2. lépés). Forráshelyek: az eszköz a 2.1 eszközlistában, a sablon és a verbatim kérdések a 4.3 Blokk 3, 2. lépésében.",53ea8004d22a70fac7f8e5fc2c2be1707f353054720359b5aa07875ffd88c0a4,asset: M2.B-MUNK-01,,,
M2.B-MUNK-02,M2,M2.B,peula,"02 Tervezet/Modulok/M2/Peulák/M2.B – Somer-értékek a gyakorlatban – döntések, amelyek tanítanak.md",392,worksheet,,legyártandó,specifikáció kész,,Képzői ellenőrző lista – 1 A4 sablon,"Egy A4-es, képző-felé néző ellenőrző sablon, amely a peula 6 felkészülési pontját foglalja össze pipálható formában: 1) Meta tiszta? (fókusz: someres értékek → döntések → személyes példamutatás; M2.2–M2.3 kapcsolat), 2) Eszközök előkészítve? (4 érték-sziget karton, 3 pillér-poszter, 3 nagy lap + filcek, kis lapok + tollak), 3) Tér rendben? (4 sarok, 3 asztal, körben ülés), 4) Biztonsági keret a fejemben?, 5) Időkeret reális? (0–5'/5–20'/20–35'/35–45'), 6) Híd az online/további munkához (peula utáni beadandó: TELJES 1 oldalas identitás-jegyzet, M2 – KAPU D. sablon). A forrás explicit „1 A4-re” formátumkövetelményt ad.","A képző gyorsan, egy lapon átfutható felkészülési és lebonyolítási ellenőrzőlistát kapjon, ami biztosítja az eszközök, tér, safety és időkeret rendben-létét, valamint az online híd kiosztását.",,,,,,"note: Nyomtatott vezérszöveg legyen olvasható; a szöveg maga az asset, külön alt-szöveg nem szükséges.",vegyes,vegyes,"note: 1 lap, A4 álló, pipálható pontok, tagolt felsorolás, magyar nyelv; nyomtatható és kézzel kitölthető",print-pdf,"M2.B-MUNK-02, M2.B-MUNK-02::PRINTPDF",,,,,"R1, R5",,A forrás 5. szakasza explicit „(1 A4-re)” formátumú legyártandó képzői referencia-lap.,84db534911cc82470e4e0640cbc27a610e00b79c6391193d16142073456a1b50,asset: M2.B-MUNK-02,,,
M2.B-MUNK-03,M2,M2.B,peula,"02 Tervezet/Modulok/M2/Peulák/M2.B – Somer-értékek a gyakorlatban – döntések, amelyek tanítanak.md",83,worksheet,,legyártandó,specifikáció kész,,Egyéni reflexió + commit munkalap (A5),"Résztvevőnként 1 A5-ös (vagy post-it-tel kiegészített) reflexiós lap a Blokk 4 egyéni íráshoz, 4 előnyomtatott prompt-mezővel verbatim a 4.4 Blokk 4, 1. lépés szerint: 1) „Mi történt?” (2–3 mondat), 2) „Mit csinált a vezető?” (konkrét viselkedés/döntés), 3) „Milyen érték látszott rajta?” (1–2 értékszó), 4) „Ha egyszer én lennék hasonló helyzetben madrihként, mit csinálnék ugyanígy, és min változtatnék, hogy jobban látsszanak a someres értékeim?” (2–3 mondat). A lap alján a commit-mondat kezdő-sablonja verbatim a 4.4 Blokk 4, 2. lépés szerint: „Idén someres értékként a(z) … szeretném tudatosan, személyes példamutatással megmutatni…” (kipontozott helyre az érték, pl. szolidaritást/felelősséget/közösséget/őszinteséget). A forrás alapból „A/5-ös lap vagy post-it” (2.1 eszközlista), ezért a strukturált változat opcionális/sablonosítható.","Strukturált egyéni reflexiós felület a már átélt vezetői helyzet érték-szemüveges elemzéséhez és a someres commit-mondathoz; a lapot a résztvevők maguknál tartják, és belőle írják később a TELJES 1 oldalas identitás-jegyzet érték-blokkját (4.4 Blokk 4, 2. lépés, peula utáni beadandó).",,,,,,"note: Nyomtatott prompt-szöveg legyen olvasható testméretben; a szöveg maga az asset, külön alt-szöveg nem szükséges. A kitöltés önkéntes (passzolható), ezt a sablonon is jelezni lehet.",vegyes,vegyes,"note: 1 lap résztvevőnként, A5 álló, 4 prompt-mező + alul commit-mondat-sablon, kézzel kitölthető, magyar nyelv; egyszerű, post-it-tel is helyettesíthető, de a sablon nyomtatva is kiosztható",print-pdf,"M2.B-MUNK-03, M2.B-MUNK-03::PRINTPDF",,,,,"R1, R5",,"HOZZÁADVA a 2. körben: a forrás Blokk 4-ben (1. és 2. lépés) explicit 4 részes írásstruktúrát + verbatim commit-mondat-sablont ad, ami egy templatálható résztvevői reflexiós munkalap, és minden korábbi asszettől (csoport-storyboard MUNK-01, képzői checklist MUNK-02) elkülönül. A forrás default üres A5/post-it (2.1 eszközlista), ezért opcionális/sablonosítható printként rögzítve.",06a4c9450de60b109278a26d1cbaf7c5a41d5ce8b3ea6a5c2af324eadd082672,asset: M2.B-MUNK-03,,,
M2.B-POSZ-01,M2,M2.B,peula,"02 Tervezet/Modulok/M2/Peulák/M2.B – Somer-értékek a gyakorlatban – döntések, amelyek tanítanak.md",286,poster,,legyártandó,specifikáció kész,,Somer-pillér poszterszett (3 db A3),"3 db A3-as/karton pillér-poszter, egyenként egy Somer-pillér címmel: 1) „Cionizmus”, 2) „Szocializmus”, 3) „Humanista zsidóság”. A csoportkiosztáshoz és plénum-emlékeztetőhöz használt vizuális azonosítók. Opcionálisan a poszteren rövid kulcsszavas emlékeztető is feltüntethető a 4.3 Blokk 3, 1. lépés (a képző plénumemlékeztetője) verbatim alapján (Cionizmus: kapcsolat Izraellel, kritikus gondolkodás, békére törekvés – a zsidó–palesztin békés együttélés keresésével is; Szocializmus: kvuca, egyenlőség, közös döntés, szolidaritás; Humanista zsidóság: zsidó kultúra, emlékezet, emberi méltóság, tikkun olam).",A 3 pillér megkülönböztetése és a csoportokhoz rendelése; vizuális keret a Pillér-sztori műhelyhez.,,,,,,"note: Magas kontraszt, nagy cím; ha kulcsszavas emlékeztető is rákerül, olvasható testméret. A szöveg maga az asset.",vegyes,vegyes,"note: 3 lap, A3 vagy karton, jól olvasható cím-tipográfia, magyar nyelv, héber kifejezések helyesen szedve",print-pdf,"M2.B-POSZ-01, M2.B-POSZ-01::PRINTPDF",,,,,"R1, R5",,"A pillér-rövidleírás verbatim a 4.3 Blokk 3, 1. lépésében (a képző plénumemlékeztetője); ez a poszterre opcionálisan rátehető emlékeztető. A Cionizmus kulcsszavakban az emlékeztető zárójeles tartalma (zsidó–palesztin békés együttélés) szó szerint szerepel. Mozgalmi döntés az `Emberi jóváhagyás szükséges.md` szerint: HUM-SOMER-01 (Izrael/cionizmus és béke/palesztin dimenzió – a Cionizmus-poszter opcionális kulcsszavas emlékeztetője: „a zsidó–palesztin békés együttélés keresésével is”), projektgazdai döntés (2026-10-02): a helyi Ideológiai Kézikönyv a kánon; az Izrael/palesztin dimenzió végleges tanulói szövege az M2.3 C1-oldalán áll. Utólagos ellenőrzés (vétó/QA): a helyi ideológiai felelős.",cca0a753451846efbff8bc91e2952796e1e9f2bb4342a33fbaaa0b82f7ca4d48,asset: M2.B-POSZ-01,,,
M2.F-MUNK-01,M2,M2.F,peula,"02 Tervezet/Modulok/M2/Peulák/M2.F – Felzárkóztató peula – Identitás, értékek, pillérek, személyes példamutatás (Study Lab).md",161,worksheet,,legyártandó,specifikáció kész,,Jegyzetlap az F-peulához – „1 gondolat / 1 kérdés leckénként”,"Nyomtatható A4/A5 jegyzetlap minden résztvevőnek. Négy szekció, a forrás szerint L1–L4 felirattal, mindegyikhez 2-2 sor: egy „1 gondolat” és egy „1 kérdés” mező (a négy lecke L1 Identitás-körök / L2 Értékeim mint iránytű / L3 Somer 3 pillére / L4 Határok & személyes példamutatás megfeleltetés a tájékozódó táblán látható, M2.F-POSZ-01). A lap alján 1 üres sor a záró privát exit-mondatnak („Mire figyelek terepen / kenben?”, 4.4 Blokk 4, 3. lépés). Üres, kézzel kitölthető mezők.","Strukturálja a jegyzetjavítás és a csendes pótlás reflexióját: a négy szekció (L1–L4) a KAPU-rubrika R1–R4 sorához tartozó leckéket követi, így a résztvevő a mentori visszajelzésben jelzett soroknál látja, mit ért és hol bizonytalan; egyben név nélküli kérdésgyűjtés alapja a fogalom-térkép blokkhoz (4.2 Blokk 2, 3. lépés; 4.3 Blokk 3, 1. lépés).",,,,,,"note: Print-munkalap, nem digitális vizuális – alt-szöveg nem szükséges. Jól olvasható, nagy betűs mezőfeliratok, elegendő íráshely a kézzel írók számára.",emberi,emberi-felvétel,"note: A4 vagy A5, álló, fekete-fehér nyomtatható sablon, magyar nyelv; 1 db/résztvevő (6–20 fő).",print-pdf,"M2.F-MUNK-01, M2.F-MUNK-01::PRINTPDF",,,,,R5,,"Ugyanaz a lap fut végig a peulán: Blokk 2-ben töltik ki (1 gondolat/1 kérdés), Blokk 3 elején opcionálisan begyűjthető név nélküli kérdésforrásként (4.3 Blokk 3, 1. lépés), Blokk 4 végén a privát exit-mondat kerül az aljára. A contentSpec-ből töröltem a teljes leckecímeket mint magán a jegyzetlapon szereplő feliratot – a forrás csak L1–L4 jelölést ír a lapra; a leckecímek a külön tájékozódó tábláról (M2.F-POSZ-01) jönnek.",0db4b526acd129ba1a8b73abb27c1ed47c810b3cbfe05180fba5f25388a61ccd,asset: M2.F-MUNK-01,,,
M2.F-MUNK-02,M2,M2.F,peula,"02 Tervezet/Modulok/M2/Peulák/M2.F – Felzárkóztató peula – Identitás, értékek, pillérek, személyes példamutatás (Study Lab).md",333,worksheet,,legyártandó,specifikáció kész,,Képzői ellenőrző lista – Felzárkóztató peula (1 A4),"Egyoldalas, nyomtatható képzői ellenőrzőlista a forrás 6 pontja szerint (1. Meta tiszta? / 2. Eszközök rendben? / 3. Tér működik? / 4. Biztonsági keret a fejemben? / 5. Időkeret reális? / 6. Híd kimondása?), checkbox-jelölőkkel az alpontoknál és a kulcs biztonsági mondatokkal idézetformában (pl. „Teljesen oké, hogy most itt tartasz; az a fontos, hogy lépj egyet előre.”, 5. Képzői ellenőrző lista, 4. pont). A peula előtt/közben/után gyorsan átfutható elrendezés.","A képző önállóan le tudja ellenőrizni az előkészítést, a safety-keretet és az időkezelést; biztosítja, hogy a 20 perces csendes pótlás (a jegyzet javítása, ha kell, a hiányzó leckék pótlásával) „szent idő” maradjon, és hogy a záró üzenet + a híd (a jegyzet újrabeadása) ne maradjon el.",,,,,,"note: Print, nem digitális vizuális – alt-szöveg nem szükséges; olvasható betűméret, egyértelmű checkbox-mezők.",emberi,emberi-felvétel,"note: 1 db A4, álló, fekete-fehér, magyar nyelv; checkbox-os lista.",print-pdf,"M2.F-MUNK-02, M2.F-MUNK-02::PRINTPDF",,,,,R5,,"Csak a képzőnek készül, nem a résztvevőknek; a forrás kész szövege adja a checklist tartalmát.",c0f2e7225636942f251c3b75304177e3fb66195685b43239d9435db2b6298b4d,asset: M2.F-MUNK-02,,,
M2.F-POSZ-01,M2,M2.F,peula,"02 Tervezet/Modulok/M2/Peulák/M2.F – Felzárkóztató peula – Identitás, értékek, pillérek, személyes példamutatás (Study Lab).md",103,poster,,legyártandó,specifikáció kész,,Tájékozódó tábla – M2 leckelista + név nélküli témakérések,"Nyomtatható/előrerajzolható flipchart- vagy poszter-sablon az M2 leckelistával, 4 sorban: L1 – Identitás-körök (ki vagyok madrihként?), L2 – Értékeim mint iránytű, L3 – Somer 3 pillére, L4 – Határok & személyes példamutatás; mellette elkülönített sáv „Miben kérsz ma segítséget?” felirattal a név nélküli témakérés-cetliknek. Nincs matricahely, személyenkénti jelölés vagy „Kész az M2” állapotsor – a saját haladását mindenki maga nézi meg a Moodle-ben.","Közös, nem személyre szóló segédeszköz a Blokk 1-beli privát állapotfelméréshez: áttekintő térkép a modul leckéiről (a képző hangosan is felolvassa), mellette hely a név nélküli témakérés-cetliknek. Senkinek a saját haladása nem kerül ki rá.",,,,,,"note: Fizikai tábla – alt-szöveg nem szükséges; nagy, távolról olvasható sorfeliratok; a képző a sorokat hangosan is felolvassa. A témakérés-cetli opcionális, szóban is lehet kérdezni.",emberi,emberi-felvétel,"note: Flipchart-lap vagy A1/A2 poszter-sablon, álló vagy fekvő, magyar nyelv; helyben filccel is reprodukálható; kiegészítő cetlik/post-itek a név nélküli témakérésekhez.",print-pdf,"M2.F-POSZ-01, M2.F-POSZ-01::PRINTPDF",,,,,R5,,"A név nélküli témakérés-cetlik (sima post-it) hozzá tartozó fogyóeszközök, nem önálló legyártandó asset. A táblatartalom helyben filccel is megrajzolható, de sablonként legyártható. A Blokk 1 privát állapotfelmérés-instrukciójához igazítva: a tábla nem hordoz személyes haladási státuszt.",1ba4e56e70eeff4f217a8b97760a87394fb4ad566d83f8c92ad9abb56a11a9e3,asset: M2.F-POSZ-01,,,
M2.F-POSZ-02,M2,M2.F,peula,"02 Tervezet/Modulok/M2/Peulák/M2.F – Felzárkóztató peula – Identitás, értékek, pillérek, személyes példamutatás (Study Lab).md",224,poster,,legyártandó,specifikáció kész,,Fogalom-térkép flipchart-sablon – 4 buborék (identitás–értékek–pillérek–határok),"Flipchart-/poszter-sablon a fogalom-térképhez: négy nagy üres buborék/kör középen felcímkézve – Identitás, Értékek, Somer 3 pillére, Határok & személyes példamutatás. A körök körül és között üres hely a résztvevői kulcsszavaknak és a köröket összekötő nyilaknak. A sablon a buborékokat adja, a tartalmat (kulcsszavak, nyilak) a csoport tölti élőben.","Közös vizuális keret, amely összeköti az M2 négy nagy témáját; a résztvevők kulcsszavakkal töltik fel és nyilakkal kötik össze, megmutatva az identitás→értékek→pillérek→személyes példamutatás összefüggést (4.3 Blokk 3, 2–3. lépés).",,,,,,note: Fizikai tábla – alt-szöveg nem szükséges; nagy buborékfeliratok és elegendő üres írásfelület a kézi kitöltéshez.,emberi,emberi-felvétel,"note: Flipchart-lap vagy A1/A2 poszter-sablon, magyar nyelv; filccel kiegészíthető; 1 db/csoport.",print-pdf,"M2.F-POSZ-02, M2.F-POSZ-02::PRINTPDF",,,,,R5,,"Helyben is felrajzolható (4.3 Blokk 3, 2. lépés utasítása), de előre legyártott sablonként gyorsítja a blokkot. A kulcsszó-példák (4.3 Blokk 3, 2. lépés) és a nyíl-kérdések (4.3 Blokk 3, 3. lépés) a képzői vezetést segítik, nem nyomtatott tartalom.",a55b8111949790bb31d0c6d2b4cb5e51328b2ae6cf0f1504971b20eb6d783d58,asset: M2.F-POSZ-02,,,
M3-HUB-POSZ-01,M3,M3-HUB,hub,"02 Tervezet/Modulok/M3/M3 – Kvuca, red flag, felelősség – Csoportdinamika, korosztályok és gyermekvédelem.md",168,worksheet,,újrahasznosítás,specifikáció kész,,Gyermekvédelmi ötlépéses lépéstérkép-sablon – hub reuse,"Az M3.B-MUNK-01 ötlépéses sablonjának újrahasznosítása, az ötlépéses jelzési út első személyű változatával: 1. Észreveszem, és komolyan veszem. 2. Meghallgatom, és nem ígérek teljes titoktartást. 3. Nem nyomozok, nem konfrontálok, és nem próbálom egyedül megoldani. 4. Azonnal bevonom a kijelölt Memunát (összeférhetetlenség esetén a név szerint kijelölt helyettesét). 5. Közvetlen veszélynél előbb a biztonság és a 112, utána a belső jelzés.","Az M3.B kanonikus ötlépéses safeguarding-folyamatának megjelenítése a modulhubon, külön párhuzamos folyamat létrehozása nélkül.",,,,,,note: A kanonikus ötlépéses folyamat lineáris szöveges felsorolásként is jelenjen meg a digitális kísérőanyagban.,vegyes,Az M3.B-MUNK-01 kanonikus sablonjának újrahasznosítása; nincs külön hub-poszter-tartalom.,note: Az M3.B-MUNK-01 meglévő A1/A4-mester / flipchart-megjelenését használd a hubban is; ne gyárts külön hub-verziót.,,,M3.B-MUNK-01,,,,"R1, R5",,A korábbi négylépéses hub-változatot a 2026-09-28-i audit megszüntette; az egyetlen kanonikus vizuális folyamat az M3.B-MUNK-01.,4b1804f101520c4bbc22e3485223135ee4b284ab626aef54afc6fa249307b327,asset: M3.B-POSZ-01,,,
M3.1-DIA-01,M3,M3.1,online-lecke,02 Tervezet/Modulok/M3/Online leckék/M3.1 – Történetek egy kvucáról – Tuckman-szakaszok felismerése.md,147,diagram,,legyártandó,specifikáció kész,,Tuckman-görbe animált diagram (5 szakasz),"Animált Tuckman-görbe: vízszintes idővonal fölött emelkedő, hullámzó vonal, öt szakaszra osztva balról jobbra – Forming („alakulás”), Storming („balhék”), Norming („szabályok”), Performing („működés”), Adjourning („lezárás”). A narráció haladtával a megfelelő szakasz kiemelődik. Szakasznevek + magyar megfelelők NE legyenek a képbe égetve, jelenjenek meg külön kijelölhető szövegként is (lásd az 1. Lecke meta akadálymentességi előírását és a SLIDE 2 alt-szövegét).",A 4+1 Tuckman-szakasz vizuális és verbális bevezetése; a fejlődés ívének megmutatása az alakulástól a someres ciklus lezárásáig.,,,,M3.1-DIA-01-ALT#1,"Tuckman-görbe: vízszintes idővonal fölött egy emelkedő, hullámzó vonal öt szakaszra osztva, balról jobbra: forming (alakulás), storming (balhék), norming (szabályok), performing (működés), majd a lezáró adjourning (lezárás / szétválás). A görbe a csoport fejlődését mutatja az alakulástól a működő csapatig, majd a someres ciklus lezárásáig.",visual: informative; note: Tartalmi ábra: alt-szöveg KÖTELEZŐ (M3.1-DIA-01::ALTTEXT). A kulcsszöveg külön kijelölhető szövegként is.,AI-generált,AI-generált,"note: animált (SVG/videó), magyar feliratok, szinkronban a 60–75 mp narrációval (M3.1-NAR-02)",alt-text,"M3.1-DIA-01, M3.1-DIA-01::ALTTEXT",,,,,"R1, R5",,"Szinkronban M3.1-NAR-02 narrációval. A forrás megadja a kész alt-szöveget (SLIDE 2, M3.1-DIA-01-ALT forrásblokk).",b959bcd0e7778aa5d1f315d345e6bcf6845e5b1db74463c68218968693bc069e,asset: M3.1-DIA-01 | alt-text: M3.1-ALT-01,,,
M3.1-IKO-01,M3,M3.1,online-lecke,02 Tervezet/Modulok/M3/Online leckék/M3.1 – Történetek egy kvucáról – Tuckman-szakaszok felismerése.md,582,icon-set,,legyártandó,specifikáció kész,,Reflexiós ikon – kvuca-kör / beszélgető figurák (dekoratív),"Kis dekoratív ikon a reflexiós slide-ra (kvuca-kör vagy beszélgető figurák), minimalista háttéren.",Vizuális hangulat a reflexiós feladathoz; nem tartalomhordozó.,,,,,,"visual: decorative; note: DEKORATÍV: üres/rejtett alt (alt=""""), képernyőolvasó átugorja – nem kell alt-szöveg-asset.",AI-generált,AI-generált,"note: ikon/SVG, minimalista stílus",,M3.1-IKO-01,,,,,"R1, R5",,"Kifejezetten dekoratív elemként jelölve a forrásban. Legyártandó grafika, ezért bent marad a listában (nem álpozitív).",ddf16084ca4cccdd9c820429c4dfc245ba3f9df0f9ef0c5612d1f721c2041ed3,asset: M3.1-IKO-01,,,
M3.1-ILL-01,M3,M3.1,online-lecke,02 Tervezet/Modulok/M3/Online leckék/M3.1 – Történetek egy kvucáról – Tuckman-szakaszok felismerése.md,296,illustration,,legyártandó,specifikáció kész,,Kvuca-jelenet – Forming (alakulás),"Illusztrált jelenet / storyboard: a kvuca körben ül, óvatos, udvarias mosolyok, kicsit feszült hangulat, mindenki figyeli a többieket.","A forming szakasz érzés-szintű, vizuális megértése.",,,,,,"visual: informative; alt_note: a lecke előírja az alt-szöveget, de a végleges szöveget a legyártott vizuál alapján kell megírni; note: Tartalmi illusztráció: alt-szöveg KÖTELEZŐ (M3.1-ILL-01::ALTTEXT).",AI-generált,AI-generált,"note: álló illusztráció, a 4 jelenettel egységes stílus, magyar kontextus",alt-text,"M3.1-ILL-01, M3.1-ILL-01::ALTTEXT",,,,,"R1, R5",,"4 jelenetből álló sorozat 1/4. Alt-szöveg: SLIDE 3, „Alt-szövegek a 4 jelenethez” lista, 1. pont.",1276f97771814b629fe4c1b512a0522ffd018300fcde4577cf73eeef199c784c,asset: M3.1-ILL-01 | alt-text: M3.1-ALT-02,,,
M3.1-ILL-02,M3,M3.1,online-lecke,02 Tervezet/Modulok/M3/Online leckék/M3.1 – Történetek egy kvucáról – Tuckman-szakaszok felismerése.md,334,illustration,,legyártandó,specifikáció kész,,Kvuca-jelenet – Storming (balhék),"Illusztrált jelenet: két hanih vitatkozik, a többiek feszengve nézik a jelenetet.","A storming szakasz érzés-szintű, vizuális megértése.",,,,,,"visual: informative; alt_note: a lecke előírja az alt-szöveget, de a végleges szöveget a legyártott vizuál alapján kell megírni; note: Tartalmi illusztráció: alt-szöveg KÖTELEZŐ (M3.1-ILL-02::ALTTEXT).",AI-generált,AI-generált,"note: álló illusztráció, egységes stílus, magyar kontextus",alt-text,"M3.1-ILL-02, M3.1-ILL-02::ALTTEXT",,,,,"R1, R5",,"Sorozat 2/4. Alt-szöveg: SLIDE 3, „Alt-szövegek a 4 jelenethez” lista, 2. pont.",d33d6149429ecb604f476a08e55d9af27b500e20ba0c594089fca83799dea401,asset: M3.1-ILL-02 | alt-text: M3.1-ALT-03,,,
M3.1-ILL-03,M3,M3.1,online-lecke,02 Tervezet/Modulok/M3/Online leckék/M3.1 – Történetek egy kvucáról – Tuckman-szakaszok felismerése.md,372,illustration,,legyártandó,specifikáció kész,,Kvuca-jelenet – Norming (szabályok),Illusztrált jelenet: a kvuca közösen ír szabályokat egy nagy papírra.,"A norming szakasz érzés-szintű, vizuális megértése.",,,,,,"visual: informative; alt_note: a lecke előírja az alt-szöveget, de a végleges szöveget a legyártott vizuál alapján kell megírni; note: Tartalmi illusztráció: alt-szöveg KÖTELEZŐ (M3.1-ILL-03::ALTTEXT).",AI-generált,AI-generált,"note: álló illusztráció, egységes stílus, magyar kontextus",alt-text,"M3.1-ILL-03, M3.1-ILL-03::ALTTEXT",,,,,"R1, R5",,"Sorozat 3/4. Alt-szöveg: SLIDE 3, „Alt-szövegek a 4 jelenethez” lista, 3. pont.",fae662d358aef8a5f525385ff675aa75000e8682b09e1e9e3038275cbe2e6d23,asset: M3.1-ILL-03 | alt-text: M3.1-ALT-04,,,
M3.1-ILL-04,M3,M3.1,online-lecke,02 Tervezet/Modulok/M3/Online leckék/M3.1 – Történetek egy kvucáról – Tuckman-szakaszok felismerése.md,410,illustration,,legyártandó,specifikáció kész,,Kvuca-jelenet – Performing (működés),"Illusztrált jelenet: a kvuca együtt készít valamit, például plakátot a plénumra.","A performing szakasz érzés-szintű, vizuális megértése.",,,,,,"visual: informative; alt_note: a lecke előírja az alt-szöveget, de a végleges szöveget a legyártott vizuál alapján kell megírni; note: Tartalmi illusztráció: alt-szöveg KÖTELEZŐ (M3.1-ILL-04::ALTTEXT).",AI-generált,AI-generált,"note: álló illusztráció, egységes stílus, magyar kontextus",alt-text,"M3.1-ILL-04, M3.1-ILL-04::ALTTEXT",,,,,"R1, R5",,"Sorozat 4/4. Alt-szöveg: SLIDE 3, „Alt-szövegek a 4 jelenethez” lista, 4. pont.",6f1d8bb8b3568db768502f5dbf0444c8aad616376355597a9e1cf188abe75a8b,asset: M3.1-ILL-04 | alt-text: M3.1-ALT-05,,,
M3.1-NAR-02,M3,M3.1,online-lecke,02 Tervezet/Modulok/M3/Online leckék/M3.1 – Történetek egy kvucáról – Tuckman-szakaszok felismerése.md,185,voiceover,narration,legyártandó,jogtisztázás alatt,,INPUT 1 narráció – Tuckman 4+1 szakasz,"60–75 mp-es narráció, amely végigvezeti a forming, storming, norming, performing szakaszokat (a stormingnál egy mondatban elhatárolja a kölcsönös vitát a célzott bántástól), majd az 1977-es adjourning (Mary Ann Jensennel) ötödik szakaszt; szinkronban a diagram szakasz-kiemeléseivel.","A Tuckman-modell szakaszainak verbális magyarázata, a diagram animációjához kötve.",M3.1-NAR-02-VO,"„Bruce Tuckman egy csoportkutató volt, aki azt mondta:

**a legtöbb csoport négy fő szakaszon megy át**, mielőtt igazán jól működne (plusz van egy ötödik, a lezárás).

👉 Az első a **forming**, vagyis az alakulás.
Ilyenkor mindenki kicsit bizonytalan, udvarias, figyeli a többieket.

👉 A második a **storming**, amikor jönnek a viták, beszólások, klikkek.
Ez fárasztó lehet, de **nem hiba**, hanem a fejlődés része.
Figyelj: a storming kölcsönös vita – a célzott bántás már nem storming.

👉 A harmadik a **norming**, amikor megszületnek a közös szabályok.
Már jobban figyelnek egymásra, és elkezd kialakulni a bizalom.

👉 A negyedik a **performing**.
Itt a kvuca már tényleg **együtt dolgozik**, saját ötleteket hoz, és felelősséget vállal.

👉 Tuckman 1977-ben, Mary Ann Jensennel közösen tett hozzá egy ötödiket, az **adjourning**-ot, vagyis a **lezárást**.
Ez a kvuca búcsúja: amikor egy someres ciklus véget ér, és szépen elköszöntök egymástól.”",92d86f7be3c403a5bc77dfcb49923dff549bd563f2f0e554bfe74c4dd9fc39bb,,,"note: Hanghoz felirat + leirat (M3.1-NAR-02::CAPTIONS, M3.1-NAR-02::TRANSCRIPT).",AI-generált,AI-generált,"note: kb. 60–75 mp, magyar, hangsáv","captions, transcript","M3.1-NAR-02, M3.1-NAR-02::CAPTIONS, M3.1-NAR-02::TRANSCRIPT",,,,"R2, R3","R1, R2, R3",,Vezérli M3.1-DIA-01 kiemeléseit.,5e348db33d4e3f396213de046c28013246ecb0fa303a7456355967798d285208,asset: M3.1-NAR-02 | captions: M3.1-FEL-02 | transcript: M3.1-LEI-02,,,
M3.1-NAR-03,M3,M3.1,online-lecke,02 Tervezet/Modulok/M3/Online leckék/M3.1 – Történetek egy kvucáról – Tuckman-szakaszok felismerése.md,448,voiceover,narration,legyártandó,jogtisztázás alatt,,INPUT 2 narráció – „Milyen érzés benne lenni?”,"60–90 mp-es narráció a 4 szakasz belső, érzelmi élményéről (forming, storming, norming, performing), a 4 illusztrált jelenethez kötve.",Érzés-szintű megértés: milyen belülről megélni az egyes szakaszokat.,M3.1-NAR-03-VO,"„Nézzük meg, milyen **érzés** lehet benne lenni egy-egy szakaszban.

A **forming**-ban sokszor olyan, mintha egy új társaságba csöppentél volna.
Mindenki kedves, de kicsit bizonytalan, figyeli, mi fér bele.

A **storming**-nál jönnek a beszólások, viták.
Van, aki sokat beszél, más meg elhallgat.
Ez feszültséget okoz, de közben elkezd kiderülni, kinek mi fontos.

A **norming** akkor van, amikor a kvuca elkezd **közös szabályokat**, szokásokat kialakítani.
Már jobban elfogadják egymást, és lehet nyíltabban beszélni.

A **performing**-ban azt érzed: ‘Ez egy csapat’.
Megjelennek a mélyebb beszélgetések, saját ötletek,
és nem csak a madrih húzza a programot.”",8af73718262c3380aa01ad9ee9a50f51ae19661f7a90f55eaa9f57716f7f9ea4,,,"note: Leirat/transzkript (M3.1-NAR-03::TRANSCRIPT) kötelező: csak hang, ezért a dián vagy a médiaelem mellett látható leirat a teljes szöveges ekvivalens (WCAG 2.2 SC 1.2.1); első sora a kanonikus AI-címke; az M3.1-NAR-03::CAPTIONS archivált .vtt-derivatíva (projektgazdai döntés, 2026-10-03, VO D-19, D-21)",AI-generált,AI-generált,"note: kb. 60–90 mp, magyar, hangsáv","captions, transcript","M3.1-NAR-03, M3.1-NAR-03::CAPTIONS, M3.1-NAR-03::TRANSCRIPT",,,,"R2, R3","R1, R2, R3",,A 4 illusztrációval (M3.1-ILL-01..04) szinkronban.,018d72a060e65a62278472c90b0f8686ed685126f01aba9c88379c573a2eb966,asset: M3.1-NAR-03 | captions: M3.1-FEL-03 | transcript: M3.1-LEI-03,,,
M3.1-NAR-04,M3,M3.1,online-lecke,02 Tervezet/Modulok/M3/Online leckék/M3.1 – Történetek egy kvucáról – Tuckman-szakaszok felismerése.md,613,voiceover,narration,legyártandó,jogtisztázás alatt,,Reflexió narráció (opcionális),"Opcionális, megengedő hangvételű narráció a reflexiós feladathoz (hang kb. 6–8 mp, utána gondolkodási idő; a szakasz összesen 20–30 mp): nincs jó/rossz válasz, válassz egy kérdést, írj 1–2 mondatot ha van kedved.",A reflexiós feladat tehermentesítő bevezetése.,M3.1-NAR-04-VO,"„Itt most nincs jó vagy rossz válasz.
Válassz ki egy kérdést, és gondold végig, írd le 1–2 mondatban.”",6e533f12cd0e1b8ec7a0bddbf7fe26d26f69e0f24752859bbf84a47e43f396e4,,,"note: Leirat/transzkript (M3.1-NAR-04::TRANSCRIPT) kötelező: csak hang, ezért a dián vagy a médiaelem mellett látható leirat a teljes szöveges ekvivalens (WCAG 2.2 SC 1.2.1); első sora a kanonikus AI-címke; az M3.1-NAR-04::CAPTIONS archivált .vtt-derivatíva (projektgazdai döntés, 2026-10-03, VO D-19, D-21)",AI-generált,AI-generált,"note: hang kb. 6–8 mp (a szakasz a gondolkodási idővel együtt 20–30 mp), magyar, hangsáv (opcionális elem)","captions, transcript","M3.1-NAR-04, M3.1-NAR-04::CAPTIONS, M3.1-NAR-04::TRANSCRIPT",,,,"R2, R3","R1, R2, R3",,"Opcionális (SLIDE 5, „Narráció (opcionális) – hang kb. 6–8 mp, utána gondolkodási idő”); ha bekerül, a dián vagy a médiaelem mellett látható leiratot is kér (VO D-19).",b96cf70e1abeb95b64c05cf4188add55eea44639aa14ccf0fed68b9f717baaa0,asset: M3.1-NAR-04 | captions: M3.1-FEL-04 | transcript: M3.1-LEI-04,,,
M3.1-NAR-05,M3,M3.1,online-lecke,02 Tervezet/Modulok/M3/Online leckék/M3.1 – Történetek egy kvucáról – Tuckman-szakaszok felismerése.md,692,voiceover,narration,legyártandó,jogtisztázás alatt,,Outro narráció – átvezetés M3.2-re,"15–20 mp-es záró narráció: összegzi a kvuca-fejlődés térképét és átvezet az M3.2 leckére (3 aktuális someres kvuca: Parparim, Kivsza, Leviatán).",Lezárás és motiváló átvezetés a következő leckére.,M3.1-NAR-05-VO,"„Köszi, hogy végigmentél ezen a leckén.
Most már van egy térképed arról, hogyan fejlődik egy kvuca.
A következő részben belenagyítunk a három aktuális someres kvucába:
Parparim, Kivsza és Leviatán –
hogy lásd, milyen világban élnek, és te miben tudsz hozzájuk kapcsolódni.”",17184b1a6e2cf25c999bfc2b393e7843bd6e08a34c6e67a11c14347e00253472,,,"note: Leirat/transzkript (M3.1-NAR-05::TRANSCRIPT) kötelező: csak hang, ezért a dián vagy a médiaelem mellett látható leirat a teljes szöveges ekvivalens (WCAG 2.2 SC 1.2.1); első sora a kanonikus AI-címke; az M3.1-NAR-05::CAPTIONS archivált .vtt-derivatíva (projektgazdai döntés, 2026-10-03, VO D-19, D-21)",AI-generált,AI-generált,"note: kb. 15–20 mp, magyar, hangsáv","captions, transcript","M3.1-NAR-05, M3.1-NAR-05::CAPTIONS, M3.1-NAR-05::TRANSCRIPT",,,,"R2, R3","R1, R2, R3",,Az outro slide-on; a forrás csak narrációt és dián megjelenő szöveget említ (nincs beszélő fej az outróhoz).,4e76d7bcacec829e70dc6f255d976093e237c76a12a3b82193a1d1a3fd34a691,asset: M3.1-NAR-05 | captions: M3.1-FEL-05 | transcript: M3.1-LEI-05,,,
M3.1-VID-01,M3,M3.1,online-lecke,02 Tervezet/Modulok/M3/Online leckék/M3.1 – Történetek egy kvucáról – Tuckman-szakaszok felismerése.md,50,video,ai-talking-head,legyártandó,jogtisztázás alatt,,HOOK beszélő fej – három kvuca-sztori,"16:9 AI beszélő fej videó, tegező, max 10–12 szavas mondatok. Bevezeti a három kvuca-sztorit (kedves, de néma / vitatkozó-beszóló / egymásra figyelő, ötletelő) mint ugyanannak a történetnek különböző szakaszait, majd felvezeti, hogy a lecke a kvuca történetében való tájékozódásról szól. A videó alatt véleménykérdés kerül: H5P Multiple Choice „Single Choice (Radio Buttons)” módban, minden válasz helyesként jelölve (az interaktív elem nem médiagyártás).","Bevonás, azonosulás; a Tuckman-szakaszok implicit felvezetése egy azonosulható hookkal.",M3.1-VID-01-VO,"„Szia! Képzeld el, hogy három különböző kvuca peulára készül.

Az elsőnél mindenki nagyon kedves, de senki nem mer igazán megszólalni.

A másodiknál két ember folyton beszól, vitatkozik, és a többiek csak nézik.

A harmadiknál már maguk a hanihok dobálnak be ötleteket, és figyelnek egymásra.

Ezek ugyanannak a történetnek **különböző szakaszai**.

Ebben a leckében azt nézzük meg, hogyan tudod felismerni,
hogy **hol tart egy kvuca a saját sztorijában**.”",d06be790b747d9152f0eeef1e8b2ed7fafc54af2afd5506f616eaabbe8507044,,,"audio: spoken; visual: decorative; alt_note: csak a képi sáv (beszélő fej) dekoratív: hangalámondás nem kell (WCAG 2.2 SC 1.2.5), mert a felirat és a leirat szó szerint lefedi a narrációt; a videóelemet a dián látható, leíró videócímke azonosítsa (SC 1.1.1); note: Videó: felirat ÉS leirat/transzkript kötelező (M3.1-VID-01::CAPTIONS, M3.1-VID-01::TRANSCRIPT, külön assetekként).",AI-generált,AI-generált,"note: 16:9, kb. 30–40 mp, magyar nyelv, felirat külön sávban (20–40 mp-es blokkok), beégetett kulcsszöveg nélkül","voiceover, captions, transcript","M3.1-VID-01, M3.1-VID-01::VOICEOVER, M3.1-VID-01::CAPTIONS, M3.1-VID-01::TRANSCRIPT",,,,"R2, R3","R1, R2, R3",,"Összekapcsolva: M3.1-VID-01::VOICEOVER (azonos narráció hangja), M3.1-VID-01::CAPTIONS (felirat), M3.1-VID-01::TRANSCRIPT (leirat).",fafa86dcc74b68880037efd1da3023e7ce6d8c399ca4f9e70340a6fa30fbb720,asset: M3.1-VID-01 | voiceover: M3.1-NAR-01 | captions: M3.1-FEL-01 | transcript: M3.1-LEI-01,,,
M3.2-DIA-01,M3,M3.2,online-lecke,"02 Tervezet/Modulok/M3/Online leckék/M3.2 – Parparim, Kivsza, Leviatán – 3 kvuca, 3 világ.md",211,diagram,,legyártandó,specifikáció kész,,Parparim & Kivsza – kétoszlopos profilkártya,"Kétoszlopos vizuális elrendezés (layout/diagram): bal oldalt 🦋 Parparim, jobb oldalt 🐑 Kivsza, mindkettő 3-4 rövid bullettel (Világ, Figyelem & energia, Motiváció, Fejlődési jellemzők) + 1 mini „tipikus jelenet"" idézettel. Mobilon olvasható, esetleg fokozatos megjelenítéssel.","Két kisebb kvuca-profil tömör, jól megjegyezhető, összehasonlító vizuális rögzítése.",,,,,,"visual: informative; alt_note: a lecke előírja az alt-szöveget, de a végleges szöveget a legyártott vizuál alapján kell megírni; note: Alt-szöveg / strukturált szöveges ekvivalens a panelhez (M3.2-DIA-01::ALTTEXT).",AI-generált,AI-generált,"note: On-slide layout / animált info-panel, 2 oszlop, mobil-first reszponzív, ikonokkal.",alt-text,"M3.2-DIA-01, M3.2-DIA-01::ALTTEXT",,,,,"R1, R5",,"A szöveg verbatim a forrásban (SLIDE 3, „Szöveg – Parparim” és „Szöveg – Kivsza” blokk). Ikonokat az M3.2-IKO-01-ből veszi.",ecb267a9b656c4239945784f2624a2059fb7aadcef36adca797d84d0aa3eb44d,asset: M3.2-DIA-01 | alt-text: M3.2-ALT-02,,,
M3.2-DIA-02,M3,M3.2,online-lecke,"02 Tervezet/Modulok/M3/Online leckék/M3.2 – Parparim, Kivsza, Leviatán – 3 kvuca, 3 világ.md",346,diagram,,legyártandó,specifikáció kész,,Leviatán – profilkártya,"Egyoszlopos profilkártya 🐋 Leviatán fejléccel, 4 rövid blokkal (Világ, Figyelem & energia, Motiváció, Fejlődési jellemzők) + 2 mini tipikus jelenettel: egy fiatalabb és egy idősebb Leviatán-példa. Mobil-first.","A 13–17 éves aktuális Leviatán-kvuca tömör vizuális profilja, az életkori sávon belüli különbségekkel.",,,,,,"visual: informative; alt_note: a lecke előírja az alt-szöveget, de a végleges szöveget a legyártott vizuál alapján kell megírni; note: Alt-szöveg / strukturált szöveges ekvivalens (M3.2-DIA-02::ALTTEXT).",AI-generált,AI-generált,"note: On-slide layout / animált info-panel, mobil-first reszponzív.",alt-text,"M3.2-DIA-02, M3.2-DIA-02::ALTTEXT",,,,,"R1, R5",,"A korábbi külön Zorea-profil tartalma az idősebb Leviatán (16–17) példáiba olvad; külön Zorea-korosztály nincs a 2025/26-os oktatási tervben. Forrás (verziózott hivatkozás): „Oktatási terv 2025/2026 – Hasomer Hacair Magyarország” (Google Docs, a Somer „A Hasomer Hacair Ideológiai Kézikönyve” oldaláról „25/26 Oktatási terv” néven linkelve: https://docs.google.com/document/d/1L1zJJv0EcQxsOF9eaxwARrmS5Qh3XbUA1wla0A08hZE ; megtekintve 2026-10-02); a bevezető szerint a három korcsoport Parparim (6–9), Kivsza (10–12) és Leviatán (13–17). A háromcsoportos modell a HUM-SOMER-02 projektgazdai döntése (2026-10-02); utólagos ellenőrzés (vétó/QA): a ken-vezető / mozgalmi felelős. Az írásmódot is projektgazdai döntés rendezi (HUM-SOMER-02): a Somer first-party alakja a kánon, a tanulói korpusz egyszeri gépi migrációt kap.",98c9811f6d6780b0421daf60f3bd26488f3acf3503984e825f169eeff5f8d65b,asset: M3.2-DIA-02 | alt-text: M3.2-ALT-03,,,
M3.2-DIA-03,M3,M3.2,online-lecke,"02 Tervezet/Modulok/M3/Online leckék/M3.2 – Parparim, Kivsza, Leviatán – 3 kvuca, 3 világ.md",468,diagram,,legyártandó,specifikáció kész,,3 kulcsszó-kártya,"3 kis kártya / box, mindegyik egy kvuca ikonjával és kulcsszavaival: Parparim = JÁTÉK & BIZTONSÁG, Kivsza = STÁTUSZ & POÉN, Leviatán = IDENTITÁS & FELELŐSSÉG.","A 3 aktuális kvuca kulcsszavainak tömör, memorizálható vizuális összefoglalója egy slide-on.",,,,,,"visual: informative; alt_note: a lecke előírja az alt-szöveget, de a végleges szöveget a legyártott vizuál alapján kell megírni; note: Alt-szöveg / szöveges ekvivalens (M3.2-DIA-03::ALTTEXT).",AI-generált,AI-generált,"note: On-slide kártyák, ikonokkal, mobil-first.",alt-text,"M3.2-DIA-03, M3.2-DIA-03::ALTTEXT",,,,,"R1, R5",,Ikonokat az M3.2-IKO-01-ből veszi. A végén Mini Single Choice kérdés (nem asset).,4273f3f1f574cd52b7c26e14d30b944290a2d0349b0be3acbc1dfc5153706b6d,asset: M3.2-DIA-03 | alt-text: M3.2-ALT-04,,,
M3.2-DIA-04,M3,M3.2,online-lecke,"02 Tervezet/Modulok/M3/Online leckék/M3.2 – Parparim, Kivsza, Leviatán – 3 kvuca, 3 világ.md",506,diagram,,legyártandó,specifikáció kész,,Korosztály-térkép mini-táblázat (3 sor),"3 soros mini-táblázat 3 oszloppal: Kvuca (kor) | 2–3 fejlődési jellemző | 1 madrih-szempont. Sorok: Parparim (6–9), Kivsza (10–12), Leviatán (13–17), a lecke aktuális tartalmával. Mobilon görgethető / kártyás formában is megjeleníthető.","Egy lapon kéznél tartható „korosztály-térkép"", amely összeköti a kvucát az életkori sávval, fejlődési jellemzőkkel és madrih-szemponttal; M6-ra előremutató referencia.",,,,,,"visual: informative; alt_note: a lecke előírja az alt-szöveget, de a végleges szöveget a legyártott vizuál alapján kell megírni; note: Táblázathoz megfelelő szöveges/szemantikus ekvivalens (M3.2-DIA-04::ALTTEXT) – screenreader-barát táblázatstruktúra.",AI-generált,AI-generált,"note: Táblázat / reszponzív kártyás táblázat, 3 sor × 3 oszlop, ikonokkal, mobil-first (görgethető).",alt-text,"M3.2-DIA-04, M3.2-DIA-04::ALTTEXT",,,,,"R1, R5",,"Tartalom verbatim a forrásban (SLIDE 5B, „korosztály-térkép” táblázat). Ikonokat az M3.2-IKO-01-ből veszi.",6b853d9ed9a55cd2501d26c7e7cadf7d32c5ac263125afd03cea5a6c0b2b857c,asset: M3.2-DIA-04 | alt-text: M3.2-ALT-05,,,
M3.2-EGY-01,M3,M3.2,online-lecke,"02 Tervezet/Modulok/M3/Online leckék/M3.2 – Parparim, Kivsza, Leviatán – 3 kvuca, 3 világ.md",591,other,h5p-interaction,legyártandó,specifikáció kész,,"Párosító jelenet-feladat (koppintásos párosítás / H5P Drag and Drop, 7 jelenet + 3 kvuca-címke)","Interaktív párosító feladat H5P-ben: 7 rövid jelenet-kártya szövege + 3 kvuca-címke (Parparim, Kivsza, Leviatán), az aktualizált megoldókulccsal és visszajelzés-szövegekkel. Alapból ujjbarát, koppintásos párosítás (a konkrét H5P-típust, pl. jelenetenként egy Multiple Choice elem egyválaszos – „Single Choice (Radio Buttons)” – módban, válaszonkénti visszajelzéssel, a runtime acceptance-ben kell igazolni), mellette Drag & Drop. NINCS print/offline kártyaszett – kizárólag digitális H5P interakció.","Az aktivitás tartalmi magja: jelenetek kvucához rendelése, a 3 aktuális profil alkalmazása; kapu-belépő feltétel (activity completion).",,,,,,"note: Húzásmentes alternatíva kötelező (lásd M3.2-EGY-02); billentyűzettel (Tab+Enter) bejárható; szöveges kártyák, alt nem szükséges.",AI-generált,AI-generált,"note: Koppintásos párosítás / H5P Drag and Drop, 7 szöveges item + 3 címke, célfelületek ≥24px, mobil-first, ujjbarát. Szöveges itemekhez alt nem szükséges.",,M3.2-EGY-01,,,,,R1,,"Itemek és visszajelzés verbatim a forrásban (SLIDE 6, „Példa itemek” és „Visszajelzés (példák)” blokk). Összetartozik az M3.2-EGY-02 a11y-alternatívával. A korábbi M3.2-KART-01 print-kártya besorolás álpozitív volt – a forrás csak digitális H5P-t ír, nyomtatható/offline változat nincs említve.",74a53ad3fbbadbf06c3130c5f012446d5b768bea3ba0b68398837a79b845122c,asset: M3.2-EGY-01,,,
M3.2-EGY-02,M3,M3.2,online-lecke,"02 Tervezet/Modulok/M3/Online leckék/M3.2 – Parparim, Kivsza, Leviatán – 3 kvuca, 3 világ.md",620,other,h5p-interaction,legyártandó,specifikáció kész,,Húzásmentes párosító változat (Multiple Choice egyválaszos módban),"Húzás nélkül teljesíthető párosító változat: minden jelenethez rádiógombos kvuca-választás (Parparim/Kivsza/Leviatán) – jelenetenként egy H5P Multiple Choice elem egyválaszos („Single Choice (Radio Buttons)”) módban, válaszonkénti visszajelzéssel (`chosenFeedback`); legördülős kitöltés Course Presentationben nem érhető el. Csak billentyűzettel (Tab+Enter) végigvihető, célfelületek ≥24px, a visszajelzés megegyezik a húzós verzióéval; önmagában is completiont kell adnia (a mechanizmust a runtime acceptance-ben kell igazolni).",Kapu-belépő feltétel (activity completion) miatt kötelező a11y-egyenértékű út a Drag&Drop helyett.,,,,,,note: Maga is hozzáférhetőségi alternatíva; tartalmilag azonos a húzós feladattal.,AI-generált,AI-generált,"note: H5P Multiple Choice egyválaszos („Single Choice (Radio Buttons)”) módban, válaszonkénti visszajelzéssel (`chosenFeedback`), billentyűzettel navigálható, célfelület ≥24px, azonos visszajelzés, mint a húzós verzióban; a pontozást és a completiont a runtime acceptance-ben kell igazolni.",,M3.2-EGY-02,,,,,R1,,Az M3.2-EGY-01 párosító feladat a11y-ekvivalens változata; ugyanazokat a jeleneteket és visszajelzéseket használja.,0a59a91c0d4e3faf3f61d3d42e84e3d07a6d3db3f005f82d4d2186ab4bd48cdd,asset: M3.2-EGY-02,,,
M3.2-IKO-01,M3,M3.2,online-lecke,"02 Tervezet/Modulok/M3/Online leckék/M3.2 – Parparim, Kivsza, Leviatán – 3 kvuca, 3 világ.md",137,icon-set,,legyártandó,specifikáció kész,,3 kvuca ikon-készlet (🦋 🐑 🐋),"Három kvuca-ikon egységes stílusban: Parparim (pillangó 🦋), Kivsza (bárány 🐑), Leviatán (bálna 🐋). Egymás mellé, illetve kártyákon/oszlopfejekben/táblázatban ismételten használva.","Vizuális azonosítók, amelyek a 3 aktuális kvuca-profilt konzisztensen kódolják a teljes leckén át; memóriahorgony.",,,,,,"visual: informative; alt_note: a lecke előírja az alt-szöveget, de a végleges szöveget a legyártott vizuál alapján kell megírni; note: Mindegyik ikonhoz alt-szöveg (pl. „pillangó – Parparim"") – lásd M3.2-IKO-01::ALTTEXT.",AI-generált,AI-generált,"note: Vektor/PNG ikonkészlet, 3 darab, egységes színkód, mobil-first, kis méretben is olvasható.",alt-text,"M3.2-IKO-01, M3.2-IKO-01::ALTTEXT",,,,,"R1, R5",,"Újrahasznosul a SLIDE 1 véleménykérdés opcióiban, SLIDE 3/4 oszlopfejekben, SLIDE 5 kártyákon, 5B táblázatban, SLIDE 7C outroban. Az emoji helyett ajánlott egységes saját ikonkészlet.",1eb8eedd99a3d749e66621541e53a6d679ff5827110a3a3356b40b76605ddeac,asset: M3.2-IKO-01 | alt-text: M3.2-ALT-01,,,
M3.2-NAR-03,M3,M3.2,online-lecke,"02 Tervezet/Modulok/M3/Online leckék/M3.2 – Parparim, Kivsza, Leviatán – 3 kvuca, 3 világ.md",249,voiceover,narration,legyártandó,jogtisztázás alatt,,Parparim & Kivsza opcionális narráció,"Opcionális narráció: Parparim világa a játékról/mozgásról/biztonságról szól; Kivszánál a státusz, ki a menő, kihez tartozom a fő kérdés; ennek értése segít eldönteni, mikor érdemes játékon át dolgozni. Verbatim szöveg a forrásban (SLIDE 3, „Opcionális narráció” blokk).",Auditív kísérő a két kisebb kvuca profiljához.,M3.2-NAR-03-VO,"„Parparimnál gyakran a játék, a mozgás és a kiszámítható, biztonságos keret segít a legtöbbet.

Kivszánál gyakrabban kerül előtérbe, hogy kihez tartozom, hol a helyem a csoportban, és mit gondolnak rólam a többiek.

Ezek irányok, nem címkék: nincs két egyforma kvuca. Ha figyeled a saját csoportodat, könnyebb lesz eldönteni, mikor kell közbelépni, és mikor érdemes inkább játékon vagy közös élményen keresztül dolgozni.”",a7ce6315c3c3cef38f6bba287238d0a288f74269cbbbeca17d56646ccb51f6c0,,,"note: Leirat/transzkript (M3.2-NAR-03::TRANSCRIPT) kötelező: csak hang, ezért a dián vagy a médiaelem mellett látható leirat a teljes szöveges ekvivalens (WCAG 2.2 SC 1.2.1); első sora a kanonikus AI-címke; az M3.2-NAR-03::CAPTIONS archivált .vtt-derivatíva (projektgazdai döntés, 2026-10-03, VO D-19, D-21)",AI-generált,AI-generált,"note: Szintetikus narráció (ElevenLabs, a kanonikus narrátorhang), 40–60 mp, magyar, tegező. Opcionális elem.","captions, transcript","M3.2-NAR-03, M3.2-NAR-03::CAPTIONS, M3.2-NAR-03::TRANSCRIPT",,,,"R2, R3","R1, R2, R3",,"Csak hangsáv. Ha gyártják, kell felirat/leirat.",eaacc8275bd69dc431d072727b7e3cba71ff0ed4bb0bde914d00c8bd20327316,asset: M3.2-NAR-03 | captions: M3.2-FEL-03 | transcript: M3.2-LEI-03,,,
M3.2-NAR-04,M3,M3.2,online-lecke,"02 Tervezet/Modulok/M3/Online leckék/M3.2 – Parparim, Kivsza, Leviatán – 3 kvuca, 3 világ.md",384,voiceover,narration,legyártandó,jogtisztázás alatt,,Leviatán opcionális narráció,"Opcionális narráció: Leviatánnál az identitás, kapcsolatok és bizalom mellett az idősebbeknél egyre nagyobb teret kaphat a vélemény, a vita, az autonómia és a felelősségvállalás. Hangsúly: a 13–17 éves sávon belül is a konkrét kvucát figyeld.",Auditív kísérő a 13–17 éves Leviatán-profilhoz.,M3.2-NAR-04-VO,"„Leviatán-korban gyakran kerül elő az identitás, a kapcsolatok és a bizalom kérdése.

Az idősebbeknél nagyobb teret kaphat a saját vélemény, a vita, az autonómia és a felelősségvállalás.

Ezek sem kész receptek. Madrihként a saját kvucád jelzéseiből indulj ki, és partnerként legyél jelen.”",d9eb989ab7e17ce0de5267d98c639099cb596179e0556024398bc6beff93a521,,,"note: Leirat/transzkript (M3.2-NAR-04::TRANSCRIPT) kötelező: csak hang, ezért a dián vagy a médiaelem mellett látható leirat a teljes szöveges ekvivalens (WCAG 2.2 SC 1.2.1); első sora a kanonikus AI-címke; az M3.2-NAR-04::CAPTIONS archivált .vtt-derivatíva (projektgazdai döntés, 2026-10-03, VO D-19, D-21)",AI-generált,AI-generált,"note: Szintetikus narráció (ElevenLabs, a kanonikus narrátorhang), 40–60 mp, magyar, tegező. Opcionális elem.","captions, transcript","M3.2-NAR-04, M3.2-NAR-04::CAPTIONS, M3.2-NAR-04::TRANSCRIPT",,,,"R2, R3","R1, R2, R3",,"Csak hangsáv. Ha gyártják, kell felirat/leirat.",87e4381c3cc5bf0bddd6586ed3d50068ef4d74469b1cdbeefd98632aef94ff72,asset: M3.2-NAR-04 | captions: M3.2-FEL-04 | transcript: M3.2-LEI-04,,,
M3.2-NAR-05,M3,M3.2,online-lecke,"02 Tervezet/Modulok/M3/Online leckék/M3.2 – Parparim, Kivsza, Leviatán – 3 kvuca, 3 világ.md",685,voiceover,narration,legyártandó,jogtisztázás alatt,,Outro narráció hangsáv,"Rövid lezáró narráció: köszönet a végigjárásért; a Parparim/Kivsza/Leviatán kvucák különböző világban élnek; átvezetés a következő lépésre, az M3.A peulára, és az utána nyíló M3.3 leckére (red flag helyzetek + első felelős lépés).","Lezárás, megerősítés és átvezetés a következő leckéhez.",M3.2-NAR-05-VO,"„Köszi, hogy végigmentél ezen a leckén.
Most már jobban látod, hogy a Parparim, Kivsza és Leviatán kvucák
mennyire különböző világban élnek.
A következő lépés egy élő peula, ahol történeteken keresztül gyakoroljátok, hol tart egy kvuca.
Utána azt nézzük meg, milyen red flag helyzetek jelenhetnek meg ezekben a kvucákban,
és mit tehetsz első lépésként, hogy ne maradj egyedül velük.”",e15618b3762a99a7a0b1db07ba94544b52c91d999137fc94d7e2677ba7f8927a,,,"note: Leirat/transzkript (M3.2-NAR-05::TRANSCRIPT) kötelező: csak hang, ezért a dián vagy a médiaelem mellett látható leirat a teljes szöveges ekvivalens (WCAG 2.2 SC 1.2.1); első sora a kanonikus AI-címke; az M3.2-NAR-05::CAPTIONS archivált .vtt-derivatíva (projektgazdai döntés, 2026-10-03, VO D-19, D-21)",AI-generált,AI-generált,"note: Szintetikus narráció (ElevenLabs, a kanonikus narrátorhang), kb. 22–26 mp, magyar, tegező.","captions, transcript","M3.2-NAR-05, M3.2-NAR-05::CAPTIONS, M3.2-NAR-05::TRANSCRIPT",,,,"R2, R3","R1, R2, R3",,"Nincs külön beszélő-fej videó megjelölve, csak hangsáv. Felirat/leirat szükséges.",f94fdf849a82f5ee00e4df89b26fb6350336114df966d85af26c1a4461de3f71,asset: M3.2-NAR-05 | captions: M3.2-FEL-05 | transcript: M3.2-LEI-05,,,
M3.2-VID-01,M3,M3.2,online-lecke,"02 Tervezet/Modulok/M3/Online leckék/M3.2 – Parparim, Kivsza, Leviatán – 3 kvuca, 3 világ.md",44,video,ai-talking-head,legyártandó,jogtisztázás alatt,,"Hook beszélő fej – 3 kvuca, 3 hangulat","AI beszélő fej videó (16:9, felirattal), 30–40 mp, tegező hang. A narrátor bemutatja, hogy három különböző kvucába ugorva más-más hangulat fogadja (pörgés/játék, kortárs státusz és humor, identitás/barátságok/vélemények és felelősség), és hogy ugyanaz a madrih nem ugyanúgy működik mind a háromban. Felvezeti, milyen világban él a Parparim, Kivsza és Leviatán kvuca.","Bevonás, azonosulás; érzelmi belépő, ami felvezeti a 3 aktuális kvuca-profilt.",M3.2-VID-01-VO,"„Szia! Képzeld el, hogy három különböző kvucába ugrasz be egymás után.

Az egyikben mindenki pörög, és most inkább játszana, mint beszélgetne.
A másikban erősen számít, kihez tartozom, kinek a véleménye fontos, és ki mer megszólalni.
A harmadikban sok minden forog a barátságok, a bizalom és az identitás körül; az idősebbeknél már hosszabb vita is működhet Somer-értékekről, világnézetről és társadalmi kérdésekről.

Ugyanaz a madrih **nem ugyanúgy tud működni** mind a három kvucában.
Ebben a leckében megnézzük, milyen világban él a Parparim, a Kivsza és a Leviatán kvuca.”",2da214164af6277dc77e75599bbc369af8490982862c228d1965d0bac0372ab8,,,"audio: spoken; visual: decorative; alt_note: csak a képi sáv (beszélő fej) dekoratív: hangalámondás nem kell (WCAG 2.2 SC 1.2.5), mert a felirat és a leirat szó szerint lefedi a narrációt; a videóelemet a dián látható, leíró videócímke azonosítsa (SC 1.1.1); note: Kell felirat és leirat/transzkript (lásd M3.2-VID-01::CAPTIONS, M3.2-VID-01::TRANSCRIPT).",AI-generált,AI-generált,"note: Videó, 16:9, 30–40 mp, magyar nyelvű narráció, kapcsolható (WebVTT) felirattal a `@source`-ból, mobil-first reszponzív.","voiceover, captions, transcript","M3.2-VID-01, M3.2-VID-01::VOICEOVER, M3.2-VID-01::CAPTIONS, M3.2-VID-01::TRANSCRIPT",,,,"R2, R3","R1, R2, R3",,"Összetartozik: M3.2-VID-01::VOICEOVER (narrációs hang/szöveg), M3.2-VID-01::CAPTIONS (felirat), M3.2-VID-01::TRANSCRIPT (leirat). A videó alá Single Choice kérdés kerül (nem asset).",42cbd93563698ffd10dfadcc306309f5e0984e6ce135f5afbc368adc40c19b86,asset: M3.2-VID-01 | voiceover: M3.2-NAR-01 | captions: M3.2-FEL-01 | transcript: M3.2-LEI-01,,,
M3.3-IKO-01,M3,M3.3,online-lecke,02 Tervezet/Modulok/M3/Online leckék/M3.3 – Gyermekvédelem 101 – red flag felismerése & első lépések.md,212,icon-set,,legyártandó,specifikáció kész,,Ikon-készlet – az ötlépéses jelzési út,"5 nagy, letisztult ikon az ötlépéses jelzési út lépéseihez (számozott lépéssor; a lépések szövege a dián élő szövegként is megjelenik): 1. Észleld, és vedd komolyan (figyelő szem); 2. Hallgasd meg, és ne ígérj teljes titoktartást; 3. Ne nyomozz, ne konfrontálj, és ne próbáld egyedül megoldani (láncszem/kéz); 4. Azonnal vond be a kijelölt Memunát – összeférhetetlenség esetén a név szerint kijelölt helyettesét (kommunikáció/felemelt kéz); 5. Közvetlen veszélynél előbb a biztonság és a 112, utána a belső jelzés. Egységes stílus.","Az ötlépéses jelzési út vizuális strukturálása, könnyű felidézhetőség",,,,,,"visual: informative; alt_note: a lecke előírja az alt-szöveget, de a végleges szöveget a legyártott vizuál alapján kell megírni; note: Mindegyik ikonhoz alt-szöveg szükséges (M3.3-IKO-01::ALTTEXT)",AI-generált,AI-generált,"note: SVG/PNG, transzparens háttér, egységes vonalvastagság, nagy méret",alt-text,"M3.3-IKO-01, M3.3-IKO-01::ALTTEXT",,,,,"R1, R5",,Alt-szöveg társasset: M3.3-IKO-01::ALTTEXT,882f4b1fe6a8926e568f8fd7f1f29d4393350ab98a5b321a2cb43df9598979ea,asset: M3.3-IKO-01 | alt-text: M3.3-ALT-01,,,
M3.3-IKO-02,M3,M3.3,online-lecke,02 Tervezet/Modulok/M3/Online leckék/M3.3 – Gyermekvédelem 101 – red flag felismerése & első lépések.md,335,icon-set,,legyártandó,specifikáció kész,,Piktogramok – Red flag példák,"Figyelmeztető (⚠️) piktogram-szett a 4–5 red flag példához: otthoni bántalmazás/verés, önsértésre utaló jelek (pl. vágásnyom, súlyos evészavarra utaló megjegyzések), nagyon megváltozott viselkedés (bezárkózás/agresszió), online zaklatás és megalázó mémek a csoportchatben, madrih–hanih határátlépés/párkapcsolat-gyanú. Visszafogott, nem rémisztő, illusztratív stílus.","A red flag példák gyors vizuális azonosítása, érthető, nem rémisztgető prezentáció",,,,,,"visual: informative; alt_note: a lecke előírja az alt-szöveget, de a végleges szöveget a legyártott vizuál alapján kell megírni; note: Alt-szöveg szükséges (M3.3-IKO-02::ALTTEXT)",AI-generált,AI-generált,"note: SVG/PNG, transzparens háttér, egységes stílus, szöveg mellé illeszthető méret",alt-text,"M3.3-IKO-02, M3.3-IKO-02::ALTTEXT",,,,,"R1, R5",,Alt-szöveg társasset: M3.3-IKO-02::ALTTEXT,4a2bbf069c2065917e8e4367cbce414bceaf144b25f4ec80dd9480277f580973,asset: M3.3-IKO-02 | alt-text: M3.3-ALT-02,,,
M3.3-IKO-03,M3,M3.3,online-lecke,02 Tervezet/Modulok/M3/Online leckék/M3.3 – Gyermekvédelem 101 – red flag felismerése & első lépések.md,760,icon-set,,legyártandó,specifikáció kész,,Védelem ikon – pajzs/szív (reflexió),"Kis, minimalista pajzs vagy szív ikon a védelem szimbólumaként, a reflexiós slide nyugodt háttérének részeként.","Biztonságos, gondoskodó hangulat megteremtése a reflexióhoz",,,,,,"visual: informative; alt_note: a lecke előírja az alt-szöveget, de a végleges szöveget a legyártott vizuál alapján kell megírni; note: Jelentéshordozó, de finom – rövid alt-szöveg ajánlott (M3.3-IKO-03::ALTTEXT)",AI-generált,AI-generált,"note: SVG/PNG, transzparens háttér, finom, nem domináns",alt-text,"M3.3-IKO-03, M3.3-IKO-03::ALTTEXT",,,,,"R1, R5",,Alt-szöveg társasset: M3.3-IKO-03::ALTTEXT,7a3041ffea02ffff058fa8c88d66dcadd1ae1a1dee1beecce5669b3c69f47f6b,asset: M3.3-IKO-03 | alt-text: M3.3-ALT-03,,,
M3.3-ILL-01,M3,M3.3,online-lecke,02 Tervezet/Modulok/M3/Online leckék/M3.3 – Gyermekvédelem 101 – red flag felismerése & első lépések.md,421,illustration,,legyártandó,specifikáció kész,,Jelenet – Branching 1: késő esti privát üzenet,"Illusztratív jelenet/képernyő a Branching node-hoz: este 23:15, mobiltelefonon érkező privát üzenet egy hanihtól, aki rosszul van és titoktartást kér. Hangulat: este, magányos, nem rémisztő.",A döntéshelyzet vizuális kontextualizálása a Branching Scenarióban,,,,,,"visual: informative; alt_note: a lecke előírja az alt-szöveget, de a végleges szöveget a legyártott vizuál alapján kell megírni; note: Alt-szöveg szükséges (M3.3-ILL-01::ALTTEXT)",AI-generált,AI-generált,"note: Állókép, 16:9 vagy a Branching node arányához igazítva, magyar UI-utalás",alt-text,"M3.3-ILL-01, M3.3-ILL-01::ALTTEXT",,,,,"R1, R5",,Branching Scenario H5P interaktív elem (a döntési logika/szöveg nem gyártandó asset). Alt: M3.3-ILL-01::ALTTEXT.,0b4286bf5023ccdb0e914e430768663874310fd03195e253b3e0ae2c83e043d3,asset: M3.3-ILL-01 | alt-text: M3.3-ALT-04,,,
M3.3-ILL-02,M3,M3.3,online-lecke,02 Tervezet/Modulok/M3/Online leckék/M3.3 – Gyermekvédelem 101 – red flag felismerése & első lépések.md,459,illustration,,legyártandó,specifikáció kész,,Jelenet – Branching 2: sértő mém a csoportchatben,"Illusztratív jelenet a csoportchat-helyzethez: egy sértő mém üzenetfolyamban, többen nevetnek (reakciók), az érintett hanih hallgat. Online zaklatás vizuális megjelenítése, érzékenyen, konkrét személyt nem beazonosíthatóan.",Az online zaklatás red flag helyzet vizuális kontextusa,,,,,,"visual: informative; alt_note: a lecke előírja az alt-szöveget, de a végleges szöveget a legyártott vizuál alapján kell megírni; note: Alt-szöveg szükséges (M3.3-ILL-02::ALTTEXT)",AI-generált,AI-generált,"note: Állókép, chat-UI stílus, magyar nyelvű buborékokkal",alt-text,"M3.3-ILL-02, M3.3-ILL-02::ALTTEXT",,,,,"R1, R5",,Alt: M3.3-ILL-02::ALTTEXT,89b477085bbf1892e391c2fa565522c6d73dd4caa62e7bd54e159f494e9aaf70,asset: M3.3-ILL-02 | alt-text: M3.3-ALT-05,,,
M3.3-ILL-03,M3,M3.3,online-lecke,02 Tervezet/Modulok/M3/Online leckék/M3.3 – Gyermekvédelem 101 – red flag felismerése & első lépések.md,598,illustration,,legyártandó,specifikáció kész,,Jelenet – Branching 3: vágásnyomok táborban,"Illusztratív, érzékeny jelenet: tábori játékhelyzet, ahol a madrih észreveszi egy hanih karján a régebbi vágásnyomokat. Visszafogott ábrázolás, nem grafikus/triggerelő; a fókusz a felismerésen és a feszültségen.","Az önsértés red flag helyzet kontextualizálása, érzékeny módon",,,,,,"visual: informative; alt_note: a lecke előírja az alt-szöveget, de a végleges szöveget a legyártott vizuál alapján kell megírni; note: Alt-szöveg szükséges (M3.3-ILL-03::ALTTEXT); tartalmi érzékenység jelzése",AI-generált,AI-generált,"note: Állókép, finom, nem explicit ábrázolás, a Branching node arányához igazítva",alt-text,"M3.3-ILL-03, M3.3-ILL-03::ALTTEXT",,,,,"R1, R5",,"Alt: M3.3-ILL-03::ALTTEXT. A Memuna (gyermekvédelmi felelős, lektor) írásos átnézése (QA, a release-jegyzőkönyvben) az ábrázolás érzékenységére (vö. a lecke elején álló gyermekvédelmi lektorálási követelménnyel).",29cc65647be578230b643ae4e90b56db3be90c3533ad572c27b361756f81f9af,asset: M3.3-ILL-03 | alt-text: M3.3-ALT-06,,,
M3.3-ILL-04,M3,M3.3,online-lecke,02 Tervezet/Modulok/M3/Online leckék/M3.3 – Gyermekvédelem 101 – red flag felismerése & első lépések.md,636,illustration,,legyártandó,specifikáció kész,,Jelenet – Branching 4: madrih–hanih kapcsolat gyanú,"Illusztratív jelenet: táborban egy madrih és egy hanih feltűnően sok négyszemközti, összebújós időt tölt – határátlépés-gyanú vizuális jelzése. Érzékeny, nem szenzációhajhász ábrázolás.",A madrih–hanih határátlépés mint súlyos red flag vizuális kontextualizálása,,,,,,"visual: informative; alt_note: a lecke előírja az alt-szöveget, de a végleges szöveget a legyártott vizuál alapján kell megírni; note: Alt-szöveg szükséges (M3.3-ILL-04::ALTTEXT)",AI-generált,AI-generált,"note: Állókép, a Branching node arányához igazítva",alt-text,"M3.3-ILL-04, M3.3-ILL-04::ALTTEXT",,,,,"R1, R5",,"Alt: M3.3-ILL-04::ALTTEXT. A Memuna (gyermekvédelmi felelős, lektor) írásos átnézése (QA, a release-jegyzőkönyvben).",31433948c1867adef4279a39725f74d1223d2b73a182c88f41734d9776b53343,asset: M3.3-ILL-04 | alt-text: M3.3-ALT-07,,,
M3.3-NAR-01,M3,M3.3,online-lecke,02 Tervezet/Modulok/M3/Online leckék/M3.3 – Gyermekvédelem 101 – red flag felismerése & első lépések.md,250,voiceover,narration,legyártandó,jogtisztázás alatt,,Narráció – „Mi az a gyermekvédelem?” (öt lépés),"Opcionális hangnarráció, 40–60 mp: a madrih gyermekvédelmi szerepe – nem te oldasz meg mindent; az ötlépéses jelzési út: észleld és vedd komolyan; hallgasd meg, de ne ígérj teljes titoktartást; ne nyomozz, ne konfrontálj, és ne próbáld egyedül megoldani; azonnal vond be a kijelölt Memunát – összeférhetetlenség esetén a név szerint kijelölt helyettesét; közvetlen veszélynél előbb a biztonság és a 112, utána a belső jelzés.","Az ötlépéses jelzési út megerősítése hangon, multimodális input",M3.3-NAR-01-VO,"„Madrihként a gyermekvédelem nem azt jelenti, hogy te oldasz meg mindent.

A te feladatod az, hogy **észrevedd** és **komolyan vedd**, ha valami nagyon nem oké.
Hallgasd meg a hanihot, de ne ígérj teljes titoktartást. Ne nyomozz, ne konfrontálj, és **ne próbáld egyedül megoldani**: azonnal vond be a kijelölt Memunát – összeférhetetlenség esetén a név szerint kijelölt helyettesét. Közvetlen veszélynél előbb a biztonság és a 112, utána a belső jelzés.”",11f7aa7b1123ae5833ae4cce80e441a008dedea5be10c547876b0e9f1a9378ba,,,"note: Leirat/transzkript (M3.3-NAR-01::TRANSCRIPT) kötelező: csak hang, ezért a dián vagy a médiaelem mellett látható leirat a teljes szöveges ekvivalens (WCAG 2.2 SC 1.2.1); első sora a kanonikus AI-címke (projektgazdai döntés, 2026-10-03, VO D-19, D-21)",AI-generált,AI-generált,"note: Hangfájl (MP3/WAV), magyar, kb. 40–60 mp",transcript,"M3.3-NAR-01, M3.3-NAR-01::TRANSCRIPT",,,,"R2, R3","R1, R2, R3",,"Társasset: M3.3-NAR-01::TRANSCRIPT. Kapcsolódó ikon-asset a slide-on: M3.3-IKO-01. A slide végi Single Choice mini-kérdés (SLIDE 2, „Mini kérdés a slide végén”) csak szöveges H5P UI, nem gyártandó asset.",f90a175030af3849d4dff63859df300b8841113a19851e653668a35d690e26b0,asset: M3.3-NAR-01 | transcript: M3.3-LEI-02,,,
M3.3-NAR-02,M3,M3.3,online-lecke,02 Tervezet/Modulok/M3/Online leckék/M3.3 – Gyermekvédelem 101 – red flag felismerése & első lépések.md,798,voiceover,narration,legyártandó,jogtisztázás alatt,,Narráció – Reflexió bevezető (opcionális),"Opcionális hangnarráció (hang kb. 6–8 mp, utána gondolkodási idő; a szakasz összesen 20–30 mp): nincs jó vagy rossz válasz; elég 1–2 mondat a tanulságról; ha nincs kedve írni, az is oké, elég végiggondolni.","Biztonságos, nyomásmentes hangolás a reflexióhoz",M3.3-NAR-02-VO,"„Itt most nincs jó vagy rossz válasz.
Elég, ha 1–2 mondatban leírsz valamit, amit magaddal vinnél ebből a leckéből.”",6346f55118ff39e9717736e32c209f3c47456320e7065b2208b9fa9cf188cd2f,,,"note: Leirat/transzkript (M3.3-NAR-02::TRANSCRIPT) kötelező: csak hang, ezért a dián vagy a médiaelem mellett látható leirat a teljes szöveges ekvivalens (WCAG 2.2 SC 1.2.1); első sora a kanonikus AI-címke (projektgazdai döntés, 2026-10-03, VO D-19, D-21)",AI-generált,AI-generált,"note: Hangfájl (MP3/WAV), magyar, hang kb. 6–8 mp (a szakasz a gondolkodási idővel együtt 20–30 mp)",transcript,"M3.3-NAR-02, M3.3-NAR-02::TRANSCRIPT",,,,"R2, R3","R1, R2, R3",,Társasset: M3.3-NAR-02::TRANSCRIPT,9dda69e9068e7b7eea83dbe697871bca820fbeff556d6afebeab9fd9d014e160,asset: M3.3-NAR-02 | transcript: M3.3-LEI-03,,,
M3.3-NAR-03,M3,M3.3,online-lecke,02 Tervezet/Modulok/M3/Online leckék/M3.3 – Gyermekvédelem 101 – red flag felismerése & első lépések.md,879,voiceover,narration,legyártandó,jogtisztázás alatt,,Narráció – Outro / lecke lezárás,"Rövid záró hangnarráció, 15–20 mp: köszönet a lecke elvégzéséért, összefoglaló a red flag alapokról, és átkötés az M3.4 Do/Don't listák felé.","Lezárás, megerősítés és átvezetés a következő leckéhez (M3.4)",M3.3-NAR-03-VO,"„Köszi, hogy végigmentél ezen a leckén.
Mostanra van egy alap térképed arról, mi az a red flag, és mi a dolgod madrihként.
A következő részben konkrétan végigvesszük, **mit tegyél és mit ne tegyél**,
hogy még egyértelműbb legyen, mi fér bele és mi az, ami már veszélyes.”",d8fa9e5a80997c3a39409d1200f4b2f3d21099bdb1b8ba1fbf46cc6c0438ce7f,,,"note: Leirat/transzkript (M3.3-NAR-03::TRANSCRIPT) kötelező: csak hang, ezért a dián vagy a médiaelem mellett látható leirat a teljes szöveges ekvivalens (WCAG 2.2 SC 1.2.1); első sora a kanonikus AI-címke (projektgazdai döntés, 2026-10-03, VO D-19, D-21)",AI-generált,AI-generált,"note: Hangfájl (MP3/WAV), magyar, kb. 15–20 mp",transcript,"M3.3-NAR-03, M3.3-NAR-03::TRANSCRIPT",,,,"R2, R3","R1, R2, R3",,Társasset: M3.3-NAR-03::TRANSCRIPT,bb0d43e66b6d7b4f89a5697c79fe73ff86081f83930eb1e4aa957fa68cdbb34a,asset: M3.3-NAR-03 | transcript: M3.3-LEI-04,,,
M3.3-VID-01,M3,M3.3,online-lecke,02 Tervezet/Modulok/M3/Online leckék/M3.3 – Gyermekvédelem 101 – red flag felismerése & első lépések.md,107,video,explainer,legyártandó,jogtisztázás alatt,,Hook magyarázó videó (hangalámondás + kinetikus tipográfia) – „Mit ígérhetek egy hanihnak?”,"Magyarázó videó (explainer): hangalámondás kinetikus tipográfiával és grafikával, 16:9, 30–40 mp. Gyermekvédelmi HOOK, ezért nem készül készlet (stock) AI-beszélőfejjel. A narráció felvezeti a titoktartás-dilemmát: egy hanih peula után odajön és titkot akar megosztani („senki más nem tudhat róla”); mit teszel? Záró üzenet: a lecke a felelős lépésről és a red flag fogalmáról szól.","Érzelmi bevonás, a titoktartás-dilemma azonnali felvezetése a lecke nyitásaként",M3.3-VID-01-VO,"„Szia! Képzeld el, hogy egy hanih odajön hozzád peula után,
és azt mondja: *‘Most olyat mondok, amit **senki más nem tudhat**, jó?’*

Közben érzed, hogy valami komoly dolog jön.

Mit csinálsz ilyenkor?
Megígéred, hogy **senkinek** nem mondod el?
Vagy jelezel valakinek, de félsz, hogy ezzel elárulod?

Ez a lecke arról szól, hogy **mi a felelős lépés** ilyen helyzetekben,
és mit jelent az, hogy **red flag**.”",1237ab16a1b970d2e54b8cdb17b24feb1adc883cf327b04b3d968a69dbcdd8de,,,"audio: spoken; visual: informative; alt_note: a képi sáv (kinetikus tipográfia és grafika) szöveges alternatíváját a legyártott vizuál alapján kell megírni: ha a képen a narráción túl is van információ, azt a leiratnak tartalmaznia kell, szükség esetén hangalámondásos képleírással (WCAG 2.2 SC 1.2.3/1.2.5); a videóelemet a dián látható, leíró videócímke azonosítsa (SC 1.1.1); note: Felirat (M3.3-VID-01::CAPTIONS) + leirat/transzkript (M3.3-VID-01::TRANSCRIPT) kötelező",AI-generált,AI-generált,"note: 16:9, kb. 30–40 mp, magyar hangalámondás kinetikus tipográfiával és grafikával (nincs beszélőfej), kapcsolható (WebVTT) felirat a `@source`-ból","voiceover, captions, transcript, alt-text","M3.3-VID-01, M3.3-VID-01::VOICEOVER, M3.3-VID-01::CAPTIONS, M3.3-VID-01::TRANSCRIPT, M3.3-VID-01::ALTTEXT",,,,"R2, R3","R1, R2, R3, R5",,"HUM-MEDIA-03 – projektgazdai döntés (2026-10-02): gyermekvédelmi vagy krízis-HOOK-ban nem használunk készlet (stock) AI-beszélőfejet, ezért ez a videó hangalámondás + tipográfia/grafika; ha mégis beszélőfej kellene, csak egyedi, nagykorú avatar jöhet szóba, kifejezett hozzájárulással, jogi/adatvédelmi és gyermekvédelmi felülvizsgálattal. Utólagos ellenőrzés (vétó/QA): a jogi/adatvédelmi felelős, az érintett jogosultak és a Memuna. Az R5 azért került be, mert a tipográfiai/grafikai vizuál a vizuális rendszer (stílus-token) zárásától függ. Társasset: M3.3-VID-01::CAPTIONS (felirat), M3.3-VID-01::TRANSCRIPT (leirat), M3.3-VID-01::ALTTEXT (a képi sáv szöveges alternatívája). A narráció szövege a SLIDE 1 „Narráció (30–40 mp)” blokkjában (M3.3-VID-01-VO forrásblokk). A videó alatt két True/False kérdés (SLIDE 1, True/False 1–2; csak szöveges H5P UI, nem gyártandó asset).",15c3b6952208c5d5966df9484ef3af2c34d76f360358e8294e4fa02da4bf4366,asset: M3.3-VID-01 | captions: M3.3-FEL-01 | transcript: M3.3-LEI-01,,,
M3.4-DIA-01,M3,M3.4,online-lecke,"02 Tervezet/Modulok/M3/Online leckék/M3.4 – Do és Don’t madrihként – határok, red flag-ek és modulproduktum.md",303,diagram,,legyártandó,specifikáció kész,,"„Mit tegyél / mit ne tegyél” – három témablokk, minibox-pár diagram (SLIDE 3)","Vizuális elrendezésű diagram/ábra három témablokkal (3A. Kommunikáció & online, 3B. Kapcsolatok & kedvencek, 3C. Dohány & alkohol – ken kontra magánélet), mindegyiknél egy DO és egy DON’T minibox-pár, rövid bulletekkel. A három blokk DO/DON’T kontrasztja vizuálisan elkülönül (pl. zöld/piros). A 3C dohány-alkohol blokk szabálya a HUM-SAFE-04 projektgazdai döntése (2026-10-02): a kiskorúaknak szóló programon nulla alkohol, dohány, e-cigaretta és nikotintermék.","A határok 3 világos területre bontva, hosszú lista helyett áttekinthető DO/DON’T párokban.",,,,,,"visual: informative; alt_note: a lecke előírja az alt-szöveget, de a végleges szöveget a legyártott vizuál alapján kell megírni; note: Alt-szöveg szükséges (lásd M3.4-DIA-01::ALTTEXT); a teljes szöveges tartalom a slide-on is olvasható",AI-generált,AI-generált,"note: Statikus vagy egyszerűen animált ábra, 3 blokk × (DO/DON’T) minibox, magyar szöveg",alt-text,"M3.4-DIA-01, M3.4-DIA-01::ALTTEXT",,,,,"R1, R5",,"A 3C blokk tartalma a HUM-SAFE-04 projektgazdai döntése (2026-10-02; lásd a 3C blokk „Fejlesztői feltétel” sorát); utólagos ellenőrzés (vétó/QA): a szervezeti vezetés és a Memuna. Ugyanaz a függés, mint az M3.4-EGY-03-nál: vétó esetén a diagram 3C blokkja is újra emberi döntésre vár. A HUM-SAFE-04 lezárásával (2026-10-02) a `decision` mező kivezetve.",b93b4671c2b804628d7dff3c21a6542c5a8be722f319d2756a24e956495c10e5,asset: M3.4-DIA-01 | alt-text: M3.4-ALT-02,,,
M3.4-EGY-01,M3,M3.4,online-lecke,"02 Tervezet/Modulok/M3/Online leckék/M3.4 – Do és Don’t madrihként – határok, red flag-ek és modulproduktum.md",72,other,h5p-interaction,legyártandó,specifikáció kész,,Single Choice interakció – „Mennyire érzed fontosnak…” (SLIDE 1),"Véleménykérdés (nincs jó/rossz): H5P Multiple Choice „Single Choice (Radio Buttons)” módban, minden válasz helyesként jelölve (a Single Choice Set mindig az első opciót tekinti helyesnek, ezért véleménykérdésre nem alkalmas; a pontozási hatást acceptance-teszten kell igazolni), 4 emoji-opcióval (🔥/🙂/🤷/😬) és rövid, normalizáló visszajelzés mindegyikre (pl. „Oké, ott tartasz, ahol tartasz – menjünk tovább.”). A 4 opcióhoz visszajelzés-szövegek beállítása.","Bevonás, érzelmi állapot felmérése jó/rossz válasz nélkül.",,,,,,note: Billentyűzettel kezelhető H5P elem; szöveges opciók önmagukban érthetők,AI-generált,AI-generált (H5P konfiguráció),"note: H5P Multiple Choice (egy válasz, minden opció helyesként jelölve), magyar, 4 opció + visszajelzés",,M3.4-EGY-01,,,,,R1,,"A Hook videóval (M3.4-VID-01) egy slide-on; emoji-k dekoratívak, külön ikon-asset nem kell.",c9c21ddc95baf7399acaa94e01b1c6d254c1d687fd3a0019896d9a904fae23fc,asset: M3.4-EGY-01,,,
M3.4-EGY-02,M3,M3.4,online-lecke,"02 Tervezet/Modulok/M3/Online leckék/M3.4 – Do és Don’t madrihként – határok, red flag-ek és modulproduktum.md",199,other,h5p-interaction,legyártandó,specifikáció kész,,Mini True/False interakció – szigorúbb határok (SLIDE 2),"H5P True/False állítás a szigorúbb madrih-határokról; helyes válasz: Igaz; az igazhoz tartozó megerősítő visszajelzés-szöveg (SLIDE 2, „Visszajelzés (igazra)”) beállítása.","A kulcsállítás (madrih = felelősebb fél, szigorúbb határok) interaktív rögzítése.",,,,,,"note: Billentyűzettel kezelhető H5P elem, szöveges",AI-generált,AI-generált (H5P konfiguráció),"note: H5P True/False, magyar, visszajelzéssel",,M3.4-EGY-02,,,,,R1,,INPUT 1 slide része.,6d9abb83d7a8d3209d3ec68bf38bc34664a77bab37dafc226f3ab3d39b8aba8b,asset: M3.4-EGY-02,,,
M3.4-EGY-03,M3,M3.4,online-lecke,"02 Tervezet/Modulok/M3/Online leckék/M3.4 – Do és Don’t madrihként – határok, red flag-ek és modulproduktum.md",402,other,h5p-interaction,legyártandó,specifikáció kész,,"H5P Drag and Drop (két célzóna) – „OK / Nem OK madrihként” (SLIDE 4, a húzásmentes alapértelmezett út mellett)","H5P Drag and Drop két célzónával („OK madrihként” / „Nem OK / red flag-gyanús”). A forrás struktúrája „8–10 kártyát” említ (SLIDE 4, „Mit lát a tanuló?”), és pontosan 10 felsorolt helyzetkártyát ad meg („Kártyák (ajánlott készlet)”), helyes besorolással. Per-kártya visszajelzés-szövegek az 5., 6., 7., 8., 10. kártyához („Visszajelzés minták”) + instrukció („Instrukció”).","Annak aktív gyakorlása, mit tegyél és mit ne, életszerű helyzetekkel; ez kapus belépő feltétel (activity completion).",,,,,,note: A húzásmentes alapértelmezett út az M3.4-EGY-04; billentyűzetes elérés,AI-generált,AI-generált (H5P konfiguráció),"note: H5P Drag and Drop, 2 célzóna, 10 kártya, magyar, visszajelzéssel; célfelületek ≥24px",,M3.4-EGY-03,,,,,R1,,"A 6–8. kártya és visszajelzésük a HUM-SAFE-04 projektgazdai döntésén (2026-10-02) alapul; utólagos ellenőrzés (vétó/QA): a szervezeti vezetés és a Memuna. A forrás („Mit lát a tanuló?”) „8–10” kártyát ír, a felsorolás konkrétan 10 kártya. A kódex-függés 2026-08-27-én `decision` mezőbe került: a jegyzet korábban leírta, de a készültségi állapot nem tükrözte, így a tétel tévesen a „most gyártható” kötegben állt. A HUM-SAFE-04 lezárásával (2026-10-02) a `decision` mező kivezetve; vétó esetén visszakerül.",086dd91bad7135cc9fbeb492f2973482b6ddde4bcf4ac2c917a6e24cfd63ec11,asset: M3.4-EGY-03,,,
M3.4-EGY-04,M3,M3.4,online-lecke,"02 Tervezet/Modulok/M3/Online leckék/M3.4 – Do és Don’t madrihként – határok, red flag-ek és modulproduktum.md",431,other,h5p-interaction,legyártandó,specifikáció kész,,Húzásmentes alapértelmezett út – Multiple Choice egyválaszos módban (SLIDE 4),"Ugyanaz a 8–10 (ténylegesen 10) helyzetkártya húzás nélkül is teljesíthető formában: minden kártyához kétopciós rádiógomb („OK madrihként” / „Nem OK / red flag-gyanús”), kártyánként egy H5P Multiple Choice elem egyválaszos („Single Choice (Radio Buttons)”) módban, válaszonkénti visszajelzéssel (`chosenFeedback`). Csak billentyűzettel (Tab+Enter) befejezhető, célfelületek ≥24px, per-kártya visszajelzés azonos a húzós verzióval; önmagában is completiont kell adnia (a mechanizmust a runtime acceptance-ben kell igazolni).",LMS a11y-sztenderd: a kapus completion ne csak drag & drop-pal legyen teljesíthető.,,,,,,note: Ez maga az a11y-megoldás; a visszajelzés-szövegek ugyanazok.,AI-generált,AI-generált (H5P konfiguráció),"note: H5P Multiple Choice egyválaszos („Single Choice (Radio Buttons)”) módban, kártyánként egy elem, válaszonkénti visszajelzéssel (`chosenFeedback`), billentyűzetes, ≥24px célfelület; a completiont a runtime acceptance-ben kell igazolni",,M3.4-EGY-04,,,,,R1,,"A SLIDE 4 alapértelmezett, húzásmentes besorolója; mellette az M3.4-EGY-03 (Drag and Drop) is elérhető; azonos kártyakészlet és visszajelzés.",4d5b774a223106c2bcad7ab7643598be31d8eb6c74b41857690d5305b90e91f1,asset: M3.4-EGY-04,,,
M3.4-EGY-05,M3,M3.4,online-lecke,"02 Tervezet/Modulok/M3/Online leckék/M3.4 – Do és Don’t madrihként – határok, red flag-ek és modulproduktum.md",611,other,h5p-interaction,legyártandó,specifikáció kész,,Mini-kvíz – 3 kérdés külön Course Presentation-elemként (SLIDE 6),"3 kérdés külön Course Presentation-elemként (a Question Set nem ágyazható Course Presentationbe): K1 Multiple Choice egyválaszos („Single Choice (Radio Buttons)”) módban (red flag első lépés, helyes: 3., + visszajelzés az 1./2./4. rossz válaszra, Kérdés 1 „Visszajelzés a rossz válaszokra”), K2 True/False (madrih–hanih párkapcsolat, helyes: Hamis, + visszajelzés, Kérdés 2 „Visszajelzés (hamis)”), K3 Single Choice Set (a „mit tegyél / mit ne tegyél madrihként” szemlélet mondata, helyes: 3.). Opciók és visszajelzés-szövegek beállítása.","Kulcsállítások rögzítése: szerep, red flag, dugma isit-hatás.",,,,,,"note: Billentyűzettel kezelhető, szöveges kérdések/opciók",AI-generált,AI-generált (H5P konfiguráció),"note: H5P Multiple Choice egyválaszos módban / True/False, 3 külön elem, magyar, válaszonkénti visszajelzéssel",,M3.4-EGY-05,,,,,R1,,CHECK slide; szöveg teljes egészében a forrásban (SLIDE 6).,62fe8491a2b6a77541c6745eefae218d819912b77fa57fe48db1d5cb8cb7d5cf,asset: M3.4-EGY-05,,,
M3.4-EGY-06,M3,M3.4,online-lecke,"02 Tervezet/Modulok/M3/Online leckék/M3.4 – Do és Don’t madrihként – határok, red flag-ek és modulproduktum.md",515,other,ui-text,legyártandó,specifikáció kész,,"Reflexiós feladatleírás, beviteli elem nélkül – „Saját listám arról, mit teszek és mit nem” (SLIDE 5)","Szövegelem a saját lista (mit teszek és mit nem) reflexiójához: instrukció (legalább 3-3 pont, a tanuló saját jegyzetébe), DO- és DON’T-mintapéldák scaffolding-listája (SLIDE 5, DO/DON’T mintapéldák), valamint a bizalmasság/biztonság jelzések szövegei (SLIDE 5, 💬 és 🔒 jelzés). A dián nincs beviteli elem: a lista tanuló-lokális, nem tárolt, nem completion-feltétel (LMS-M3-04; runtime acceptance 24. pont). Nem értékelt, a tanulónak szól.",Önreflektív határlista megfogalmazása; pedagógiailag erős belső szintézis-lépés.,,,,,,note: Képernyőolvasóval olvasható szöveg; nincs kitöltendő elem,AI-generált,AI-generált (H5P konfiguráció),"note: Sima szöveg a dián (nem kitöltendő elem), magyar, prompt + scaffolding szöveg; CP-n belüli szövegmező nem épül hozzá",,M3.4-EGY-06,,,,,R1,,A lista-ikon (M3.4-IKO-02) ehhez a feladatleíráshoz tartozik. A korábbi listából hiányzott (csak az ikon volt felvéve).,f564bd675e614a507cd9ffab1657373b330b45b957fc1d950a8577739df0d4a3,asset: M3.4-EGY-06,,,
M3.4-EGY-07,M3,M3.4,online-lecke,"02 Tervezet/Modulok/M3/Online leckék/M3.4 – Do és Don’t madrihként – határok, red flag-ek és modulproduktum.md",691,other,moodle-activity,legyártandó,specifikáció kész,,Moodle Assignment-sablon – „Helyzetleírás red flagekkel” (SLIDE 7 / modulproduktum),"Moodle Assignment feladatszöveg/sablon konfigurálása: max. 8–10 mondatos helyzetleírás 5 vezetett kérdéssel (1. hol játszódik; 2. kvuca-típus – Parparim/Kivsza/Leviatán/vegyes; 3. mi történik; 4. red flagek/határproblémák, legalább egy red flag; 5. felelős madrih első lépése), plusz a SLIDE 7 sorrend-tippje (💡 „Tipp a sorrendhez”), a kapu tétjét közlő 📌 blokk és a záró bátorítás (💡). A modulproduktum leadási felülete.","Modulproduktum-feladat egyértelmű, kitölthető sablonja; a tanultak (mit tegyél és mit ne, red flagek) alkalmazása egy kitalált, de életszerű helyzeten.",,,,,,"note: Szöveges feladatleírás, szövegmező; világos struktúra címsorokkal",AI-generált,AI-generált (Moodle Assignment konfiguráció),"note: Moodle Assignment, magyar feladatleírás + sablon; beadás: Online text ON és File submissions ON (a kitöltött M3.4-MUNK-01 sablon feltöltéséhez; a két út egyenértékű, Program terv §5); a biztonságos megosztás kikötése: csak kitalált, életszerű helyzet, valós eset névtelenítve sem (lásd a Moodle intro „Biztonságos megosztás” blokkját és a sablon adatkímélő mondatát)",,M3.4-EGY-07,,,,,R1,,"A korábbi listából hiányzott. Külön Moodle Assignment (nem a Course Presentation H5P része), de a leckéhez tartozó legyártandó/konfigurálandó produktum-felület.",2e125d3781c2267d2df57dbe9a2fa5606cb8401c447df840dfbabcd9b2c834b9,asset: M3.4-EGY-07,,,
M3.4-EGY-08,M3,M3.4,online-lecke,"02 Tervezet/Modulok/M3/Online leckék/M3.4 – Do és Don’t madrihként – határok, red flag-ek és modulproduktum.md",23,other,,legyártandó,specifikáció kész,,Moodle intro Label/oldal – „0. lépés” a lecke előtt (lecke-keret),"Moodle Label/oldal szövegének konfigurálása a lecke előtt: lecke-bevezető (mit csinál egy biztonságos madrih, lista arról, mit tegyél és mit ne + modulproduktum előkészítése), fókuszmondat (💡), a „Ha ez a téma téged is érint” támogató blokk (⚠️), technikai+tartalmi segítség-pointer M0.3/„Segítség és kapcsolatok” blokk/mentor/M3.F (🛟), és a kritikus „Biztonságos megosztás” adatvédelmi/önfeltárási blokk (🔒 – a SLIDE 5 listát a tanuló magának írja le, nem adja be; a modulproduktum-helyzet nem nyilvános, legfeljebb a kijelölt mentor/értékelő látja; csak kitalált, életszerű helyzet, valós eset névtelenítve sem; valós red flag esetet azonnal a Memunának jelezni).","A lecke biztonságos, gyermekvédelmi keretének és a self-disclosure korlátainak előzetes felállítása; orientáció és elakadás-támogatás belépés előtt.",,,,,,"note: Szöveges tartalom; emoji-jelzések (💡/⚠️/🛟/🔒) mellé értelmező szövegcímke ajánlott, ne csak emoji hordozza a jelentést; félkövér kiemelések szöveges struktúrával",AI-generált,AI-generált (Moodle Label/oldal konfiguráció),"note: Moodle Label/oldal, magyar, formázott szöveg (kiemelt fókuszmondat, figyelmeztető és zárolt/biztonsági blokkok ikon-jelöléssel)",,M3.4-EGY-08,,,,,R1,,"A korábbi listából hiányzott. Nem a Course Presentation H5P része, hanem külön Moodle-felület (Label/oldal). Tartalmilag párhuzamos az EGY-07 Assignment-sablonnal; a „Biztonságos megosztás” kikötés itt a teljes lecke-kerethez tartozik (az EGY-07 csak hivatkozik rá).",221615bce397249caee9dd3f200d64d80744a8a131205f886e3a5b47320cf402,asset: M3.4-EGY-08,,,
M3.4-IKO-01,M3,M3.4,online-lecke,"02 Tervezet/Modulok/M3/Online leckék/M3.4 – Do és Don’t madrihként – határok, red flag-ek és modulproduktum.md",228,icon-set,,legyártandó,specifikáció kész,,Ikon: madrih + kvuca stilizált „határvonallal” (SLIDE 2),"Stilizált ikon/illusztratív ikon: egy madrih-figura és egy kvuca (csoport) figura, közöttük jól látható, stilizált határvonal. A határtartás vizuális metaforája.",A határtartás logikájának vizuális megerősítése; nem dekoratív.,,,,,,"visual: informative; alt_note: a lecke előírja az alt-szöveget, de a végleges szöveget a legyártott vizuál alapján kell megírni; note: Alt-szöveg szükséges (lásd M3.4-IKO-01::ALTTEXT)",AI-generált,AI-generált,"note: Vektoros/PNG ikon, a slide vizuális stílusához igazítva",alt-text,"M3.4-IKO-01, M3.4-IKO-01::ALTTEXT",,,,,"R1, R5",,INPUT 1 slide vizuális magja.,a688fc5960fa4ee0c9fbd9e7db30b39153a6b066daf9aa5ed8bff69e80ceb03a,asset: M3.4-IKO-01 | alt-text: M3.4-ALT-01,,,
M3.4-IKO-02,M3,M3.4,online-lecke,"02 Tervezet/Modulok/M3/Online leckék/M3.4 – Do és Don’t madrihként – határok, red flag-ek és modulproduktum.md",544,icon-set,,legyártandó,specifikáció kész,,Lista-ikon – a saját lista (mit teszek és mit nem) reflexiója (SLIDE 5),Egyszerű lista-ikon a saját lista (mit teszek és mit nem) reflexiós feladatának vizuális jelölésére.,A reflexiós (lista-író) feladat vizuális azonosítása.,,,,,,"visual: informative; alt_note: a lecke előírja az alt-szöveget, de a végleges szöveget a legyártott vizuál alapján kell megírni; note: Dekoratív/kísérő ikon: üres alt (alt="""") javasolt, mert a feladatcím szövegesen is jelen van; ha funkcionális jelzésként használják, rövid alt-szöveg.",AI-generált,AI-generált,note: Vektoros/PNG ikon,alt-text,"M3.4-IKO-02, M3.4-IKO-02::ALTTEXT",,,,,"R1, R5",,"A reflexiós feladatleíráshoz (M3.4-EGY-06, beviteli elem nélküli szövegelem) tartozó vizuális jelző.",ef5c6d71beacc7dcb16e37178108617fecf663eabefb1cdb82a97522cbcddfe7,asset: M3.4-IKO-02,,,
M3.4-MUNK-01,M3,M3.4,online-lecke,"02 Tervezet/Modulok/M3/Online leckék/M3.4 – Do és Don’t madrihként – határok, red flag-ek és modulproduktum.md",788,worksheet,,legyártandó,specifikáció kész,,Letölthető „Helyzetleírás red flagekkel” kitölthető sablon (doc),"Kitölthető sablon doc formátumban, kizárólag a SLIDE 7 „Assignment-sablon (Moodle-feladat szövegéhez)” tanulói szövegével, szó szerint: a bevezető bekezdés (a valódi név és a valós eset tilalmával és a Memunára vonatkozó mondattal együtt), majd az 5 vezetett kérdés az alpontjaival, mindegyik után kitöltési hellyel. A dőlt „Képzői/fejlesztői jegyzet” nem tanulói szöveg, nem kerül bele. Új mező, minta vagy útmutató szöveg nem kerül bele.","Az M3 kapu helyzetleírásának (LMS-M3-05) fájlalapú leadási útja: aki nem online szövegként ad le, ennek kitöltésével és feltöltésével adja le a helyzetleírást. A két út egyenértékű (Program terv §5; hozzáférhetőségi sztenderd §4).",,,,,,"note: Valódi szöveges dokumentum (nem kép), címsorokkal és megjelölt kitöltési helyekkel, hogy képernyőolvasóval is használható és kitölthető legyen; a dokumentum nyelve magyarra állítva.",emberi,,"note: Szerkeszthető dokumentum: Google Doc (csak szervezeti fiókban, korlátozott megosztással) és/vagy .docx; A4 nyomtatható elrendezés is; magyar nyelv. Moodle-ben az Assignment „Additional files” mezőjébe kerül.",print-pdf,"M3.4-MUNK-01, M3.4-MUNK-01::PRINTPDF",,,,,R5,,"A11Y-18 statikus előfeltétele (IMPL-18-1): az M3.4-EGY-07 Moodle-feladatszövegének letölthető, kitölthető változata, a tanulói szöveg szó szerinti átvételével; nem új tartalom. A sablon letölthetőségét és akadálymentességét a renderen kell igazolni (release-evidence).",467a66111725e2e979a5387df538210e0c65a9d0a0479a5a32f5a8e1222a2e53,,,,
M3.4-NAR-02,M3,M3.4,online-lecke,"02 Tervezet/Modulok/M3/Online leckék/M3.4 – Do és Don’t madrihként – határok, red flag-ek és modulproduktum.md",720,voiceover,narration,legyártandó,jogtisztázás alatt,,Outro narráció (opcionális) – SLIDE 7,"Opcionális, magyar nyelvű outro narráció (kb. 15–20 mp): megerősíti, mit csinál/nem csinál egy biztonságos madrih, átvezet a modulproduktum-feladatra, lezáró bátorítás („nem vagy egyedül… együtt tartsuk biztonságban a hanihokat”).",Lezárás és átvezetés a modulproduktum Assignment-feladatra.,M3.4-NAR-02-VO,"„Köszi, hogy végigmentél ezen a leckén.
Mostanra van egy konkrétabb képed arról, mit csinál és mit nem csinál egy megbízható madrih.
A modulproduktum-feladattal ezt fogod kipróbálni egy konkrét helyzeten keresztül.
Ne feledd: nem vagy egyedül – a cél az, hogy **együtt** tartsuk biztonságban a hanihokat.”",a2a6ea86f26bb437e8eb5edfffccd4a53ec0ffba14a1e2fe8c131be6a5144ac4,,,"note: Ha a narrációt legyártják, a leirat/transzkript (M3.4-NAR-02::TRANSCRIPT) kötelező: csak hang, ezért a dián vagy a médiaelem mellett látható leirat a teljes szöveges ekvivalens (WCAG 2.2 SC 1.2.1); első sora a kanonikus AI-címke; az M3.4-NAR-02::CAPTIONS archivált .vtt-derivatíva (projektgazdai döntés, 2026-10-03, VO D-19, D-21)",AI-generált,AI-generált,"note: Magyar hang, kb. 15–20 mp; opcionális","captions, transcript","M3.4-NAR-02, M3.4-NAR-02::CAPTIONS, M3.4-NAR-02::TRANSCRIPT",,,,"R2, R3","R1, R2, R3",,"Opcionális elem (a forrás így jelöli). Ha legyártják, felirat+leirat is kell.",f67f275b02eaaa5030ac6c18c31235a3e8a72fb8deb1acf29be0d2ef935b00ad,asset: M3.4-NAR-02 | captions: M3.4-FEL-02 | transcript: M3.4-LEI-02,,,
M3.4-VID-01,M3,M3.4,online-lecke,"02 Tervezet/Modulok/M3/Online leckék/M3.4 – Do és Don’t madrihként – határok, red flag-ek és modulproduktum.md",101,video,explainer,legyártandó,jogtisztázás alatt,,Hook magyarázó videó (hangalámondás + kinetikus tipográfia) – „Meddig mehetek el madrihként?”,"Magyarázó videó (explainer): hangalámondás kinetikus tipográfiával és grafikával, 16:9, kb. 30–40 mp. Gyermekvédelmi HOOK, ezért nem készül készlet (stock) AI-beszélőfejjel. A narráció felvezeti a madrih–hanih közeli kapcsolat dilemmáját: hol a határ a bizalmi kapcsolat és a már nem oké között; „azzal is tanítasz, amit nem csinálsz”; bevezeti a listát arról, mit tegyél és mit ne, valamint a madrih–hanih párkapcsolat mint red flag témáját.",Érzelmi bevonás + azonnali kapcsolás a határokhoz és az előző gyermekvédelmi leckéhez.,M3.4-VID-01-VO,"„Szia!
Képzeld el, hogy madrihként nagyon jól kijössz egy hanihhal.
Sokat beszélgettek, írtok egymásnak, vicceltek.

Hol a határ aközött, hogy **közeli, bizalmi kapcsolat** van köztetek,
és aközött, hogy már **nem oké, amit csinálsz**?

Azzal is tanítasz, amit **nem** csinálsz.

Ebben a leckében arról lesz szó,
milyen listát érdemes fejben tartani arról, mit tegyél és mit ne madrihként –
és hogy például miért **red flag**, ha egy madrih párkapcsolatban van egy hanihhal.”",f647847c014c1b8224559f51471b20ec300edbd97191178ee419b97857383dd1,,,"audio: spoken; visual: informative; alt_note: a képi sáv (kinetikus tipográfia és grafika) szöveges alternatíváját a legyártott vizuál alapján kell megírni: ha a képen a narráción túl is van információ, azt a leiratnak tartalmaznia kell, szükség esetén hangalámondásos képleírással (WCAG 2.2 SC 1.2.3/1.2.5); a videóelemet a dián látható, leíró videócímke azonosítsa (SC 1.1.1); note: Kötelező felirat (a forrás kiköti: SLIDE 1, „rövid magyarázó videó … (16:9, felirattal)”) + leirat/transzkript szükséges; lásd M3.4-VID-01::CAPTIONS és M3.4-VID-01::TRANSCRIPT",AI-generált,AI-generált,"note: 16:9, kb. 30–40 mp, magyar hangalámondás kinetikus tipográfiával és grafikával (nincs beszélőfej), kapcsolható (WebVTT) felirattal a `@source`-ból","voiceover, captions, transcript, alt-text","M3.4-VID-01, M3.4-VID-01::VOICEOVER, M3.4-VID-01::CAPTIONS, M3.4-VID-01::TRANSCRIPT, M3.4-VID-01::ALTTEXT",,,,"R2, R3","R1, R2, R3, R5",,"HUM-MEDIA-03 – projektgazdai döntés (2026-10-02): gyermekvédelmi vagy krízis-HOOK-ban nem használunk készlet (stock) AI-beszélőfejet, ezért ez a videó hangalámondás + tipográfia/grafika; ha mégis beszélőfej kellene, csak egyedi, nagykorú avatar jöhet szóba, kifejezett hozzájárulással, jogi/adatvédelmi és gyermekvédelmi felülvizsgálattal. Utólagos ellenőrzés (vétó/QA): a jogi/adatvédelmi felelős, az érintett jogosultak és a Memuna. Az R5 azért került be, mert a tipográfiai/grafikai vizuál a vizuális rendszer (stílus-token) zárásától függ. Összetartozik a narráció hangsávjával (M3.4-VID-01::VOICEOVER), a felirattal (M3.4-VID-01::CAPTIONS), a leirattal (M3.4-VID-01::TRANSCRIPT) és a képi sáv szöveges alternatívájával (M3.4-VID-01::ALTTEXT). Single Choice kérdés (M3.4-EGY-01) követi alatta.",a86a5397616e4cf0a9cf2980beffc12f2ccb25dd5cf573aeac2dcc3574fb2d3a,asset: M3.4-VID-01 | voiceover: M3.4-NAR-01 | captions: M3.4-FEL-01 | transcript: M3.4-LEI-01,,,
M3.A-IKO-01,M3,M3.A,peula,"02 Tervezet/Modulok/M3/Peulák/M3.A – Találd ki, hol tart a kvuca! – Történetek Tuckman szemüvegén át.md",42,icon-set,,legyártandó,specifikáció kész,,Tuckman-szakasz ikonok (4 db),"4 egyszerű, egységes stílusú ikon a Tuckman-szakaszokhoz: forming (ismerkedés), storming (konfliktus), norming (szabály/megegyezés), performing (közös működés/„megy a történet”). Felhasználható az idővonal-poszteren és a kártyákon is.",Gyors vizuális megkülönböztetés a szakaszok között az idővonalon és az eszközökön.,,,,,,"visual: informative; alt_note: a lecke előírja az alt-szöveget, de a végleges szöveget a legyártott vizuál alapján kell megírni; note: Minden ikonhoz tartozzon alt-szöveg és látható kulcsszó-felirat (az ikon önmagában ne hordozza az egyetlen jelentést).",AI-generált,AI-generált,"note: 4 db ikon, vektoros (SVG) vagy nagy felbontású PNG, egységes vonalstílus, egyszínű/kétszínű.",alt-text,"M3.A-IKO-01, M3.A-IKO-01::ALTTEXT",,,,,"R1, R5",,Megosztott asset az M3.A-POSZ-01 idővonal-sablonnal.,05c4db9b569653f768004c4623182e6ac9181e7cefc8a1028649752f77fc18bc,asset: M3.A-IKO-01 | alt-text: M3.A-ALT-01,,,
M3.A-KART-01,M3,M3.A,peula,"02 Tervezet/Modulok/M3/Peulák/M3.A – Találd ki, hol tart a kvuca! – Történetek Tuckman szemüvegén át.md",159,card-set,,legyártandó,specifikáció kész,,Tuckman-szakasz kártyaszett (4 db),"4 db nyomtatható kártya, mindegyiken egy-egy Tuckman-szakasz felirata és rövid magyarázata: FORMING – alakulás; STORMING – balhék (viharzás, konfliktus); NORMING – szabályok (összecsiszolódás); PERFORMING – működés (együttműködés). A kiscsoportok titokban húzzák, nem mutatják meg egymásnak.","Minden kiscsoport egy-egy szakaszt kap, amit élő szoborként eljátszik; a kártya hordozza a szakasz nevét és kapaszkodó-magyarázatát.",,,,,,"note: Tisztán olvasható, nagy kontrasztú szöveg; mivel ez maga is szöveges fizikai eszköz, külön alt-szöveg nem releváns.",vegyes,vegyes,"note: Nyomtatható kártya, min. 4 db, A6 vagy hasonló kártyaméret, magyar nyelv, vastag/olvasható tipográfia.",print-pdf,"M3.A-KART-01, M3.A-KART-01::PRINTPDF",,,,,"R1, R5",,A 2.1-ben adott verbatim feliratokkal (42-46) és a Blokk 2 emlékeztető szóhasználatával (137-140) konzisztens.,4c279e45ae1d025f02195e2f70caf77e4a8f152bfe56e60520f9507b4ac578a6,asset: M3.A-KART-01,,,
M3.A-KART-02,M3,M3.A,peula,"02 Tervezet/Modulok/M3/Peulák/M3.A – Találd ki, hol tart a kvuca! – Történetek Tuckman szemüvegén át.md",315,card-set,,legyártandó,specifikáció kész,,Kvuca-sztori kártyaszett – fix 8 db nyomtatható szett,"8 db rövid (max. 4–5 soros) kvuca-történet kártya, mindegyiken egy konkrét helyzet leírása. A fix szett: 1) Parparim – tábor 2. napja, 2) Kivsza – kenben pár hét után, 3) Leviatán – év eleji stáb, 4) idősebb Leviatán – projekt tervezése, 5) Parparim – harmadik peula (sírás/lökdösődés), 6) Kivsza – félév közepe (telefonos doboz), 7) Leviatán – első találkozás, 8) idősebb Leviatán – „ki vigye a projektet?” (ráadáskártya; történet-szövege a forrásban a megoldókulcs-táblázat 8. sorában megvan, de a nyomtatott kártya előlapjára kézzel kell ráírni). A kártyák előlapján csak a történet; a kvuca-típus és Tuckman-szakasz a megoldás, nem látszik az előlapon.",A kiscsoportok minden kártyánál kettőt tippelnek (kvuca-típus + Tuckman-szakasz); ez köti össze a kvuca-profilokat a fejlődési szakaszokkal.,,,,,,"note: Olvasható tipográfia; szöveges fizikai eszköz, alt-szöveg nem releváns.",vegyes,vegyes,"note: 8 db nyomtatható kártya, kétoldalas (előlap: történet; hátlap: megoldás), A6/kártyaméret, magyar nyelv. A 8. (ráadás) kártya előlapját üres történet-mezővel kell nyomtatni, hogy a megoldókulcs-táblázat 8. sorában megadott szöveget kézzel rá lehessen írni.",print-pdf,"M3.A-KART-02, M3.A-KART-02::PRINTPDF",,,,,"R1, R5",,A teljes verbatim történetek a forrásban (4.3: a példakártya és az ötletbank) és a megoldókulcs-táblázatban megtalálhatók. Hátoldal/megoldás = M3.A-MUNK-01.,54b87d0238f64da659bd9d3ca36761ec36faf9f4620165f585a59065f115d1d6,asset: M3.A-KART-02,,,
M3.A-MUNK-01,M3,M3.A,peula,"02 Tervezet/Modulok/M3/Peulák/M3.A – Találd ki, hol tart a kvuca! – Történetek Tuckman szemüvegén át.md",348,worksheet,,legyártandó,specifikáció kész,,Megoldókulcs a képzőnek (kártya-hátlapok),"Képzői megoldókulcs/segédlet a 8 kártyához: minden kártyához kanonikus típus+szakasz besorolás (pl. Parparim/Forming), rövid indoklás „miért ez a jó válasz”, és a gyakori téves tipp. Külön kiemelve (4.3: a kész kártyaszett leírása és a táblázat utáni két doboz): a kulcs irány, nem dogma; több érvényes olvasat lehet, a cél a jelolvasás; valamint a „Storming vagy kortárs bántalmazás?” elhatárolás: a storming (viharzás) kölcsönös csoportkonfliktus, amelyben a csoport a szabályokat, a pozíciókat és a határokat egyezteti; a kortárs bántalmazás (bullying) célzott, bántó dinamika, amely jellemzően ismétlődik vagy ismétlődhet, és erőfölényen alapul; ha valaki veszélyben van, azt nem kezeljük „normális stormingként”. Az 5. kártya „Határ” mondata erre az elhatárolásra utal. A 8. (ráadás) kártya rá-írandó történet-szövegét is tartalmazza.","A képző tudja levezetni a közös átbeszélést, kezelni a téves tippeket és kimondani, hogy a jelolvasás a cél, nem a tökéletes besorolás.",,,,,,note: Szöveges fizikai eszköz; alt-szöveg nem releváns.,vegyes,vegyes,"note: 1 oldalas nyomtatható képzői segédlet (vagy a kártyák hátoldalára nyomtatott megoldások), magyar nyelv.",print-pdf,"M3.A-MUNK-01, M3.A-MUNK-01::PRINTPDF",,,,,"R1, R5",,Funkcionálisan az M3.A-KART-02 kártyák hátoldala / kísérő lapja.,2e9255f979ac9baa5b70de115a1667a7b72836cc01c05a039981ec7934b82cad,asset: M3.A-MUNK-01,,,
M3.A-POSZ-01,M3,M3.A,peula,"02 Tervezet/Modulok/M3/Peulák/M3.A – Találd ki, hol tart a kvuca! – Történetek Tuckman szemüvegén át.md",193,poster,,legyártandó,specifikáció kész,,Tuckman-idővonal flipchart-sablon ikonokkal,"Vízszintes idővonal-sablon a 4 szakasszal nyilakkal összekötve (Forming → Storming → Norming → Performing), mindegyik mellé kis ikon + kulcsszó: forming = ismerkedés, storming = konfliktus, norming = szabály, performing = „megy a történet”. Flipchartra előrajzolható sablon vagy kinyomtatható poszter.",Vizuális kapaszkodó a szakaszok felidézéséhez; a képző erre mutat az emlékeztetőnél és a játék közben.,,,,,,"note: Nagy, távolról is olvasható feliratok és magas kontrasztú ikonok; az ikonokhoz tartozó kulcsszó szövegben is megjelenik (nem csak ikon).",vegyes,vegyes,"note: A1/flipchart méretű poszter vagy nyomtatható sablon, fekvő tájolás, magyar feliratok + 4 egyszerű ikon.",print-pdf,"M3.A-POSZ-01, M3.A-POSZ-01::PRINTPDF",,,,,"R1, R5",,A benne lévő 4 ikon külön ikon-igényként is kezelhető (lásd M3.A-IKO-01).,6fa94cdc0a6581c357e092be78b2b1804e59ae1de9b4e227fca52da9cc6db7d9,asset: M3.A-POSZ-01,,,
M3.B-KART-01,M3,M3.B,peula,02 Tervezet/Modulok/M3/Peulák/M3.B – Red flag vagy nem – Esetelemzés & lépéstérkép.md,179,card-set,,legyártandó,specifikáció kész,,Esetkártyák (4 db red flag eset),"4 db nyomtatott esetkártya, egyenként 1-1 red flag esettel, a jelenlegi lecke (4.2.2) szövegével szó szerint: (1) Késő esti privát üzenet – egy hanih azt írja: „Nagyon rosszul vagyok, de ezt csak neked mondhatom el, senki más nem tudhatja.”; (2) Online csúfolódás – a kvuca csoportchatjében megalázó mém készül egy hanihról, az érintett nem reagál; (3) Önsértésre utaló jelek – játék közben vágásnyomokat vesz észre egy madrih, a hanih viccel elüti a kérdést; (4) Madrih–hanih viszony, ami párkapcsolat-gyanús – sok külön töltött idő, ölelkezés, titkolózás: „Ezt ne mondjuk el senkinek.” A 4. esetet hordozó kártya csak nagy létszámnál kerül kiosztásra (alapból 3 csoport).","Esetelemzés alapja: a kiscsoportok ezekből dolgoznak fel red flag helyzeteket, ez adja a peula 2. blokkjának (4.2) gerincét.",,,,,,note: Kell szöveges ekvivalens minden kártyához (lásd M3.B-KART-01); a kártya teljes szövege felolvasható kell legyen.,emberi,emberi-felvétel,"note: 4 db kártya, A6 vagy A5 méret, kétoldalas nyomtatás javasolt (előlap: cím + kiváltó idézet; hátlap üres a húzáshoz), magyar nyelv, jól olvasható nagy betű. Robusztus karton ajánlott (ismételt használat).",print-pdf,"M3.B-KART-01, M3.B-KART-01::PRINTPDF",,,,,R5,,"Tartalmilag biztonságkritikus (gyermekvédelmi) – nem élesedik a Memuna írásos átnézése nélkül (QA, a release-jegyzőkönyvben; a fájl fejléce). A feldolgozási mód MIND A NÉGY kártyánál azonos és kötelező: harmadik személyű esetelemzés, kívülről, szereposztás és eljátszás nélkül (4.2.2 kiemelt doboza). A korábbi jegyzet „eljátszás vs. elemzés” megkülönböztetése a visszavont szerepjátékos formából maradt itt, és a jelenlegi kötelező szabállyal ellentétes volt — törölve. A kártyaszövegek is a jelenlegi leckéhez lettek igazítva (a v1 spec „Nagyon szar minden” / „23:30” megfogalmazása már nincs a forrásban).",bf5446ef280c800c32445c966d4679f2b694a9d8e75df135272949b330e58d3e,asset: M3.B-KART-01 | alt-text: M3.B-ALT-01,,,
M3.B-KART-02,M3,M3.B,peula,02 Tervezet/Modulok/M3/Peulák/M3.B – Red flag vagy nem – Esetelemzés & lépéstérkép.md,3,card-set,,legyártandó,specifikáció kész,,Krízis- / segélyvonal referenciakártya (képzőnek),"Kis méretű referenciakártya a képzőnek a krízis-lezáráshoz: 112 (közvetlen életveszély, azonnali sürgősségi helyzet), 116-111 – a Kék Vonal Lelkisegély-vonala gyerekeknek és fiataloknak (gyerek érdekében telefonáló, aggódó felnőtt is hívhatja), valamint külön megjegyzésként 116-123 **felnőtt** lelki elsősegély. A belső jelzés címzettje a kijelölt Memuna (a Somer gyermekvédelmi felelőse; elérhetősége a `somer.hu/kapcsolat` oldalon), összeférhetetlenség esetén a név szerint kijelölt helyettese (a Ros Hinuh). Nevet a kártyára nem nyomtatunk, mert a nevek változnak; arra az esetre, ha a Memuna és a helyettese is érintett vagy nem elérhető, a külső utat a helyi útvonal lap (M3.B-MUNK-02) adja. Gyorsan elővehető segédlet a peula végi biztonságos lezáráshoz és az in-the-moment triage-hez.","Hogy a képző krízishelyzetben azonnal, fejből-keresés nélkül ki tudja mondani a helyes segélyvonalakat és továbbküldési pontokat.",,,,,,"note: Kell szöveges ekvivalens (a számok szövegesen is megadva), ha digitális verzió is készül.",emberi,emberi-felvétel,"note: Kártya/névjegyméret (A6 vagy névjegykártya), magyar nyelv, jól olvasható számok, laminált a tartósságért. A képzői csomag része.",print-pdf,"M3.B-KART-02, M3.B-KART-02::PRINTPDF",,,,,R5,,"A segélyvonalak kánoni forrása a `Gyermekvédelem – release gate.md` 3.3. pontja; a peula szövege a segélyvonalak közül csak a 112-t említi (4.2.1, 4.2.4 képzői megoldójegyzet, 4.3.2). A kártya inferált, gyártandó képzői segédlet. Biztonságkritikus referencia – élesítés előtt a Memuna írásos átnézése szükséges (QA, a release-jegyzőkönyvben; a fájl fejléce). Kapcsolódik a 4.2.1 in-the-moment triage lépésekhez.",4509150553660f71d75a1acf8559ab1e24d3eb25c76892212d76591a1af9aa78,asset: M3.B-KART-02,,,
M3.B-KART-03,M3,M3.B,peula,02 Tervezet/Modulok/M3/Peulák/M3.B – Red flag vagy nem – Esetelemzés & lépéstérkép.md,35,card-set,,legyártandó,specifikáció kész,,Képzői biztonsági gyorskártya,"Egyoldalas, elővehető képzői gyorskártya, amely a peula már meglévő, kötelező in-the-moment utasításait szedi egy lapra — új szakmai tartalom nélkül. Blokkjai a jelenlegi forrásból: (a) a biztonsági keret a 4.2.1-ből: a felvezető mondat (fiktív, harmadik személyű esetleírás; nincs eljátszás), a résztvevőknek szó szerint felolvasandó „Ha ez a téma téged is érint” blokk és a kiegészítése (indoklás nélküli „passz”, másik eset vagy szünet kérhető, szünetben a kijelölt biztonságos helyen egy felnőtt lesz vele); (b) a „Ha valakit megérint a téma” figyelmeztető jelei (hirtelen elnémulás, sírás, kimenés, lefagyás, erős zaklatottság, saját érintettség megosztása, önveszélyre utaló mondat) és a „ne várd meg a blokk végét” szabály; (c) az öt lépés szó szerinti kulcsmondataival: maradj nyugodt és ne tedd közszemlére („Köszi, hogy szóltál. Ez fontos. Nézzük meg, mire van most szükséged.”), kínálj szünetet/kilépést (felkavart résztvevőt ne küldj ki egyedül: a kijelölt biztonságos helyen egy felnőtt legyen vele), külön térben kettesben csak indokolt esetben, átlátható módon és egy másik felelős tudtával, biztonsági beszélgetésként legfeljebb 30 percig, zárt privát szoba nélkül (diszkrét, de átlátható helyzet, például látótávolságban vagy nyitott ajtónál), ne ígérj teljes titoktartást („Fontos, amit elmondtál. Nem ígérhetem meg, hogy senkinek nem szólok, mert lehet, hogy segítséget kell kérnünk. Nem hagylak egyedül, és csak azt vonjuk be, akit szükséges.”), és azonnal vond be a kijelölt Memunát (összeférhetetlenség esetén a név szerint kijelölt helyettesét), közvetlen veszélynél pedig előbb a biztonság és a 112, utána a belső jelzés; (d) a lezáró mondat a 4.2.1 végéről (nem pletyka, de teljes titoktartást nem ígérünk); (e) a 4.2.4 leállító mondata („Álljunk meg egy pillanatra. Ennyi elég ahhoz, hogy lássuk a lényeget. Nézzük meg inkább kívülről…”). A kártya a segélyvonal-kártyára (M3.B-KART-02) és a helyi útvonal lapra (M3.B-MUNK-02) mutat tovább.","Hogy a képző – különösen ha kezdő – krízis/megérintődés esetén ne fejből keressen, hanem egy kártyáról azonnal előhívható, gyermekvédelmileg helyes mondatokkal és lépésekkel tudjon biztonságot tartani és továbbküldeni; ez a peula leginkább biztonságkritikus, élő-reakciós eleme.",,,,,,"note: Kell akadálymentes / lineáris szöveges struktúra, ha digitálisan (PDF) osztják meg; a kész mondatok felolvashatók legyenek.",emberi,emberi-felvétel,"note: Egyoldalas, elővehető kártya (A5 vagy A6), kétoldalas nyomtatás megengedett; jól olvasható betűméret, a szó szerint kimondandó mondatok tipográfiailag kiemelve, hogy krízisben egy pillantással megtalálhatók legyenek.",print-pdf,"M3.B-KART-03, M3.B-KART-03::PRINTPDF",,,,,R5,,"Csak a képzőnek szól. Biztonságkritikus – a fájl fejléce szerint a peula élesben csak a Memuna írásos átnézése (QA, a release-jegyzőkönyvben) után használható; ez a kártya sem élesedik előtte. A v1 spec a peula korábbi szerepjátékos formájára épült (jelenet-leállítás, „stop & swap”), amit a jelenlegi M3.B már nem tartalmaz. A funkció viszont változatlanul kötelező a jelenlegi forrásban is (4.2.1 biztonsági keret és a „Ha valakit megérint a téma – képzőnek” blokk), ezért az asset nem szűnik meg: a specifikáció a jelenlegi szövegre lett átírva. Az eredeti v1 megfogalmazás a befagyasztott leltárban változatlanul megvan (M3.B-KART-03). A technikai jegyzet is átírva: a korábbi „opcionális stop & swap rész” kikötése ugyanabból a visszavont szerepjátékos formából származott, mint a v1 spec, és a jelenlegi peulában nincs mire vonatkoznia.",c9e4b302bceb3027aa91978f04676c3a23a8e2451e08536cbc86a87700086cb7,asset: M3.B-KART-03,,,
M3.B-MUNK-01,M3,M3.B,peula,02 Tervezet/Modulok/M3/Peulák/M3.B – Red flag vagy nem – Esetelemzés & lépéstérkép.md,214,worksheet,,legyártandó,specifikáció kész,,Lépéstérkép flipchart-sablon (5 lépéses folyamatábra),"Nyomtatható / előrajzolható flipchart-sablon a „Kit hívok fel?” lépéstérképhez: nyíl/folyamatábra 5 csomóponttal, amit a kvuca közösen tölt ki. Fix lépésszerkezet (az ötlépéses jelzési út, első személyben): 1) Észreveszem, és komolyan veszem. 2) Meghallgatom, és nem ígérek teljes titoktartást. 3) Nem nyomozok, nem konfrontálok, és nem próbálom egyedül megoldani. 4) Azonnal bevonom a kijelölt Memunát (összeférhetetlenség esetén a név szerint kijelölt helyettesét). 5) Közvetlen veszélynél előbb a biztonság és a 112, utána a belső jelzés. Maradjon üres hely a helyi nevek és kulcsmondatok beírásához.","Vizuális kapaszkodó a felelős eljárás lépésekre bontásához; egységes sablon, hogy a képzőnek ne nulláról kelljen rajzolnia és ne maradjon ki lépés.",,,,,,"note: Kell szöveges leírás a folyamatábráról (lásd M3.B-MUNK-01), hogy a vizuális struktúra szövegesen is elérhető legyen.",emberi,emberi-felvétel,"note: Nagy formátum (A1 / csomagolópapír) vagy A4 mester, amit flipchartra fel lehet nagyítani; magyar felirat, 2-3 színnel jól olvasható, kézzel kitölthető üres mezőkkel. Minimum 1 nagy lap.",print-pdf,"M3.B-MUNK-01, M3.B-MUNK-01::PRINTPDF",,,,,R5,,A peulán a kvuca tölti ki közösen (4.3.2); a sablon a fix vázat adja. Kapcsolódik az M3.B-MUNK-02 helyi útvonal laphoz (a 4. lépésnél valódi neveket írnak be).,f71a8e34200604b0252198392ea0b6315950fed824887b33ebde759e512e4915,asset: M3.B-MUNK-01 | alt-text: M3.B-ALT-02,,,
M3.B-MUNK-02,M3,M3.B,peula,02 Tervezet/Modulok/M3/Peulák/M3.B – Red flag vagy nem – Esetelemzés & lépéstérkép.md,69,worksheet,,legyártandó,specifikáció kész,,Helyi gyermekvédelmi útvonal lap (szerep + név + elérhetőség),"Kitölthető 1 oldalas sablon-lap. A szerepek és az elérési utak a HUM-SAFE-01 szerint előre nyomtathatók: **Memuna** (a Somer gyermekvédelmi felelőse) – elérhetőség: `somer.hu/kapcsolat`; **helyettes** (összeférhetetlenség esetén) – a Ros Hinuh; **külső út** (ha a Memuna és a helyettes is érintett vagy nem elérhető) – Kék Vonal 116-111, bántalmazott vagy eltűnt gyermek ügyében 116-000, közvetlen veszélyben 112. Közvetlen veszélynél: előbb a biztonság és a 112, utána a belső jelzés. Nevet a lapra nem nyomtatunk, mert a nevek változnak: a Memuna és a helyettes aktuális nevét és elérhetőségét a képző a peula ELŐTT, **kizárólag a HUM-SAFE-01 és a `somer.hu/kapcsolat` aktuális adataiból** írja be. **Nincs generikus fallback-lánc:** ha ezek az adatok nincsenek kitöltve, a gyermekvédelmi tananyag nem élesíthető.","Hogy a lépéstérképre valódi, nevesített helyi útvonal kerüljön; ha ez nincs kitöltve és ellenőrizve, a peula nem tartható meg.",,,,,,"note: Kell akadálymentes táblázat-struktúra / szöveges leírás, ha digitálisan osztják meg.",emberi,emberi-felvétel,"note: A4, kitölthető táblázat (szerep / név / elérhetőség): a szerep és az elérési út előre nyomtatva, a név oszlop a sablonban üres, alkalmanként kézzel vagy az űrlapban kitöltendő; magyar nyelv, nyomtatható vagy szerkeszthető (pl. PDF-űrlap).",print-pdf,"M3.B-MUNK-02, M3.B-MUNK-02::PRINTPDF",,,,,R5,,"A szerepeket és a külső utat a HUM-SAFE-01 rögzíti (projektgazdai döntés, 2026-10-02); a nevek a sablonba nem kerülnek, mert változnak (4.3.2, 4. lépés). Feeder az M3.B-MUNK-01 lépéstérkép 4. lépéséhez.",d3c6e421ea839fa321a63aa948eb133e083daac92a82700e93455d04611f2f37,asset: M3.B-MUNK-02,,,
M3.B-MUNK-03,M3,M3.B,peula,02 Tervezet/Modulok/M3/Peulák/M3.B – Red flag vagy nem – Esetelemzés & lépéstérkép.md,101,worksheet,,legyártandó,specifikáció kész,,Képzői megoldójegyzet kártyánként (4 soros referenciatáblázat),"Csak a képzőnek szóló referencia-segédlap (handout/spickli): 4 oszlopos, kártyánként 1-1 soros táblázat a 4 szituációhoz (1. Késő esti privát üzenet, 2. Online csúfolódás, 3. Önsértésre utaló jelek, 4. Madrih–hanih párkapcsolat-gyanú), oszlopok: Mi a red flag? / Helyes első lépés / Mit NE tegyen a madrih? / Kit von be? Tartalmazza a feltárás (hanih tár fel) vs. felnőtt vagy madrih elleni gyanú (4. kártya – nem nyomoz, nem konfrontál, azonnal és közvetlenül a Memunát vonja be) protokoll-különbséget (4.2.4, „Fontos különbség”). Nem „egyetlen helyes válasz”, hanem viszonyítási irány.","Hogy a képző az esetek megbeszélésekor legyen mihez viszonyítania a kvuca tippjeit; egységes, gyermekvédelmileg helyes irányt ad a négy kérdés megválaszolásához.",,,,,,"note: Kell akadálymentes táblázat-struktúra / lineáris szöveges leírás, ha digitálisan osztják meg.",emberi,emberi-felvétel,"note: A4, 1 oldal, 4 oszlopos táblázat magyarul, jól olvasható; nyomtatható vagy digitális (PDF) képzői segédlet, a képzői csomag része.",print-pdf,"M3.B-MUNK-03, M3.B-MUNK-03::PRINTPDF",,,,,R5,,"A forrásból kimaradt asset – pótolva. Csak a képzőnek szól. Biztonságkritikus tartalom – élesítés előtt a Memuna írásos átnézése szükséges (QA, a release-jegyzőkönyvben; a fájl fejléce).",35b33eed006a1f6b4460e752da6799753e752aad72ffb14fe58101dd830650f8,asset: M3.B-MUNK-03,,,
M3.F-EGY-01,M3,M3.F,peula,02 Tervezet/Modulok/M3/Peulák/M3.F – Felzárkóztató peula – Kvucadinamika & gyermekvédelem (Study Lab).md,119,print,consumable,külső forrás,specifikáció kész,,Cetli / post-it készlet a név nélküli témakérésekhez,"Résztvevőnként 1–2 kis post-it/cetli az opcionális, név nélküli témakéréshez – a tájékozódó tábla (M3.F-POSZ-01) kijelölt sávjára vagy a közös témakérő flipchartra. Egyszerű, semleges; nem igényel egyedi grafikát, de beszerzendő/előkészítendő fizikai anyag. Személyes haladási státusz jelölésére nem használjuk.","Név nélküli témakérés: aki szeretne, felír egy kérdést vagy témát (nem státuszt és nem nevet), amiben aznap segítséget kér.",,,,,,note: —,stock,,"note: Kis, írható post-it/cetli, résztvevőnként 1–2 db (6–20 fő), tartalék is.",,M3.F-EGY-01,,,source: beszerzendő irodaszer (post-it / matrica / filc / marker); owner: képzés-logisztika,,,,"A tájékozódó táblával (M3.F-POSZ-01) együtt használt, kizárólag név nélküli témakérésre. Beszerzés/előkészítés tétel, nem grafikai gyártás. Az R8 kivezetve: a szabály szövege kifejezetten „valós fotó/screenshot” esetére szól (azonosítható személy, kézírás, felhasználónév a képen). Ez a tétel beszerzendő fizikai irodaszer, nem képi anyag — se fotó, se képernyőkép, se ábrázolt személy —, így az R8-nak nincs alkalmazható kikötése rá. A beszerzési tétel specifikációja kész.",a6b5501d031c6bd8bccb30f1bbb3734350f96c9ccf7698d375754d1aa9442c04,asset: M3.F-EGY-01,,,
M3.F-EGY-02,M3,M3.F,peula,02 Tervezet/Modulok/M3/Peulák/M3.F – Felzárkóztató peula – Kvucadinamika & gyermekvédelem (Study Lab).md,293,print,consumable,külső forrás,specifikáció kész,,Filcek a fogalomtérkép-táblához,"Néhány tábla-/flipchart-filc a fogalomtérkép (M3.F-POSZ-02) és a tájékozódó tábla (M3.F-POSZ-01) élő, kézi kitöltéséhez: kulcsszavak buborékokba írása, nyilak rajzolása. Beszerzendő fizikai eszköz, nem grafikai gyártás.","Lehetővé teszi a közös fogalomtérkép és a táblás kérdésgyűjtés élő, kézi kitöltését a Blokk 3-ban.",,,,,,note: —,stock,,"note: Fizikai tábla-/flipchart-filc, több szín, 2–4 db; jól látható, vastag hegyű.",,M3.F-EGY-02,,,source: beszerzendő irodaszer (post-it / matrica / filc / marker); owner: képzés-logisztika,,,,"A fogalomtérkép-poszter (M3.F-POSZ-02) élő kitöltéséhez kell. Beszerzés/előkészítés tétel, nem gyártandó grafika. Az R8 kivezetve: a szabály szövege kifejezetten „valós fotó/screenshot” esetére szól (azonosítható személy, kézírás, felhasználónév a képen). Ez a tétel beszerzendő fizikai irodaszer, nem képi anyag — se fotó, se képernyőkép, se ábrázolt személy —, így az R8-nak nincs alkalmazható kikötése rá. A beszerzési tétel specifikációja kész.",0e8c8fe820bb31199170c5a9ff993515a791b24945ad94b2639689a8fd0e2cc7,asset: M3.F-EGY-02,,,
M3.F-MUNK-01,M3,M3.F,peula,02 Tervezet/Modulok/M3/Peulák/M3.F – Felzárkóztató peula – Kvucadinamika & gyermekvédelem (Study Lab).md,209,worksheet,,legyártandó,specifikáció kész,,Jegyzetlap – „1 gondolat / 1 kérdés leckénként”,"Egy A4 munkalap résztvevőnként, négy szekcióra osztva, leckénként 2-2 sorral: L1 – 1 gondolat / 1 kérdés (Tuckman); L2 – 1 gondolat / 1 kérdés (kvuca-profilok); L3 – 1 gondolat / 1 kérdés (gyermekvédelem & red flag); L4 – 1 gondolat / 1 kérdés (Do / Don't madrihként). Hagyjon helyet az „ezt ma nem értem el” / „ezt pótolom a javító próbálkozás előtt” bejegyzéseknek is.","A résztvevő rögzítse leckénként 1 gondolatát és 1 kérdését; kirajzolódik, mit ért és hol bizonytalan – különösen abban, amit a kapun kapott visszajelzés jelzett; név nélküli kérdésgyűjtés alapja a fogalomtérképhez.",,,,,,note: Alt-szöveg nem releváns; biztosíts elegendő íráshelyet és tiszta szekciócímeket az olvashatóságért.,AI-generált,AI-generált,"note: A4, álló, magyar nyelv, kinyomtatható; minden résztvevőnek 1 példány.",print-pdf,"M3.F-MUNK-01, M3.F-MUNK-01::PRINTPDF",,,,,"R1, R5",,"A lap a Blokk 2 végén (4.2, 3. lépés) használt, opcionálisan begyűjthető név nélküli kérdésgyűjtésként a Blokk 3-hoz (4.3, 2. lépés).",5884c54803562f2099f46081121181a158aa0aea9966f781126a7483b8ce42d1,asset: M3.F-MUNK-01,,,
M3.F-MUNK-02,M3,M3.F,peula,02 Tervezet/Modulok/M3/Peulák/M3.F – Felzárkóztató peula – Kvucadinamika & gyermekvédelem (Study Lab).md,500,worksheet,,legyártandó,specifikáció kész,,Képzői ellenőrző lista – M3.F peula (1 A4),"Egy A4-es, képzőnek szóló, kipipálható ellenőrző-lap a peula előtt/közben/után. Hat blokk a forrás szerint: 1) Meta tiszta? (F-peula: strukturált javítási alkalom nem teljesült M3 kapu után – ilyenkor kötelező –, nem büntetés; időpont: a kapueredmény megerősítése után, a javító próbálkozás előtt; cél: a nem teljesült kapuelemek javítása a kapott visszajelzés alapján, a hiányzó leckék pótlása, fogalom-összekapcsolás, a javító próbálkozás előkészítése); 2) Eszközök rendben? (Wifi/Moodle/H5P, eszköz+füles+tartalék, témakérő post-it/cetlik, tábla/filcek, jegyzetlapok, fogalomtérkép-flipchart); 3) Tér működik? (csendes online sarok; nagykör; nyugodt, de átlátható pont egyéni beszélgetéshez; kettesben csak indokolt esetben, átlátható módon és egy másik felelős tudtával); 4) Biztonsági keret a fejemben? (nem szégyenlista, frusztráció-reagálás, kihez fordul); 5) Időkeret reális? (20’ csendes pótlás „szent idő”, fogalomtérkép rövidíthető, záró üzenet marad); 6) Híd kimondása? (a javító próbálkozás felé; kitalált eset, szerepjáték nélkül; a peula után a javító próbálkozás megnyitása, ha nem az F-peula jelenléti completionje nyitja). A forrás verbatim szövege: M3.F §5 Képzői ellenőrző lista.","A képző egy lapon, gyorsan átfutva ellenőrizni tudja, hogy a felzárkóztató peula meta-, eszköz-, tér-, biztonsági, idő- és híd-feltételei rendben vannak.",,,,,,"note: Alt-szöveg nem releváns; checkbox-ok és tiszta szekciócímek, 1 A4-en olvasható tipográfia.",AI-generált,AI-generált,"note: A4, álló, magyar nyelv, kinyomtatható, checkbox-os/kipipálható elrendezés; 1 példány a képzőnek.",print-pdf,"M3.F-MUNK-02, M3.F-MUNK-02::PRINTPDF",,,,,"R1, R5",,"Kizárólag képzői segédlet, nem résztvevői anyag. A tartalom a forrásban teljesen adott (5. Képzői ellenőrző lista).",80d5d2ebc5f7f04b96f8c9ed88adfccdc62276cfc3830d65cee4e2e9400d2f6b,asset: M3.F-MUNK-02,,,
M3.F-POSZ-01,M3,M3.F,peula,02 Tervezet/Modulok/M3/Peulák/M3.F – Felzárkóztató peula – Kvucadinamika & gyermekvédelem (Study Lab).md,148,poster,,legyártandó,specifikáció kész,,Tájékozódó tábla – M3 leckelista + név nélküli témakérések,"Flipchart-/poszter-sablon az M3 leckelistával, 4 sorban: L1 – Tuckman – csoportélet szakaszai; L2 – 3 kvuca-profil (Parparim, Kivsza, Leviatán); L3 – Gyermekvédelem 101 – red flag & első lépés; L4 – Do / Don't madrihként – határok & felelősség; mellette elkülönített sáv „Miben kérsz ma segítséget?” felirattal a név nélküli témakérés-cetliknek. Nincs matricahely, személyenkénti jelölés vagy „Kész az M3” állapotsor – a saját haladását mindenki maga nézi meg a Moodle-ben.","Közös, nem személyre szóló segédeszköz a Blokk 1-beli privát állapotfelméréshez: áttekintő térkép a modul leckéiről (a képző hangosan is felolvassa), mellette hely a név nélküli témakérés-cetliknek. Senkinek a saját haladása nem kerül ki rá.",,,,,,"note: Alt-szöveg szükséges, ha digitális/kivetített verzió is készül; nagy, jól olvasható tipográfia, sorok közti erős kontraszt. A képző a sorokat hangosan is felolvassa; a témakérés-cetli opcionális, szóban is lehet kérdezni.",AI-generált,AI-generált,"note: A1 vagy A0 poszter / flipchart-lap, magyar nyelv, álló tájolás; leckelista-sorok + témakérés-sáv; nyomtatható + szerkeszthető sablon.",print-pdf,"M3.F-POSZ-01, M3.F-POSZ-01::PRINTPDF",,,,,"R1, R5",,Ugyanaz a leckelista jelenik meg a Blokk 1 privát állapotfelmérés-instrukciójában. Kiegészítő: név nélküli témakérés-cetlik (M3.F-EGY-01). A tábla nem hordoz személyes haladási státuszt.,e8eddb1fea8b30a16566286bca984f67580e6a28fb5139e904de4f0089b2b1e7,asset: M3.F-POSZ-01,,,
M3.F-POSZ-02,M3,M3.F,peula,02 Tervezet/Modulok/M3/Peulák/M3.F – Felzárkóztató peula – Kvucadinamika & gyermekvédelem (Study Lab).md,322,poster,,legyártandó,specifikáció kész,,Fogalomtérkép-alaplap – 4–5 üres buborék,"Flipchart-/poszter-sablon a közös fogalomtérképhez: 4–5 nagy, üres kör/buborék felirattal, hely a kulcsszavak és nyilak közös kézi rajzolásához. Buborékok: Tuckman-szakaszok; 3 aktuális kvuca-profil (Parparim / Kivsza / Leviatán); Gyermekvédelem; Red flag; Madrih szerepe / „nem maradok egyedül”. A belső tér üres marad (élőben töltik ki filccel).","Közös, egyszerű fogalomtérkép váza, amire a csoport felírja a kulcsszavakat és nyilakkal összeköti az M3 fő fogalmait.",,,,,,"note: Alt-szöveg szükséges, ha digitális/kivetített verzió készül; nagy buborék-feliratok, jó kontraszt.",AI-generált,AI-generált,"note: A1/A0 poszter vagy flipchart, fekvő tájolás, magyar nyelv; üres buborékok, kézi kitöltésre alkalmas; szerkeszthető + nyomtatható sablon.",print-pdf,"M3.F-POSZ-02, M3.F-POSZ-02::PRINTPDF",,,,,"R1, R5",,"Az élő kitöltéshez filcek kellenek (M3.F-EGY-02; 2.1. Eszközök). A kitöltött példa-kulcsszavak (4.3, 3. lépés) referencia a képzőnek, nem előre nyomtatott.",47c6b8b90b78fc69f939971ffca4f726243684ffc68a8c1ecc1e0abab7741039,asset: M3.F-POSZ-02,,,
M4.1-DIA-01,M4,M4.1,online-lecke,02 Tervezet/Modulok/M4/Online leckék/M4.1 – Mit üzen a testem – Nonverbális kiállás.md,234,diagram,,legyártandó,specifikáció kész,,3-ikonos „belevillanó” keret-grafika – Testtartás / Tekintet / Térfoglalás,"Animált, egyszerű grafika 3 ikonnal és kulcsszóval: 🧍 Testtartás, 👀 Tekintet, 📍 Térfoglalás. Az ikonok és kulcsszavak egymás után belevillannak; minimalista, koncentrált megjelenés.",Egyszerű hárompilléres keretet adni a nonverbális fókuszokhoz.,,,,,,"visual: informative; alt_note: a lecke előírja az alt-szöveget, de a végleges szöveget a legyártott vizuál alapján kell megírni; note: Mindhárom ikon érdemi (nem dekoratív) → alt-szöveg kell (lásd M4.1-IKO-02::ALTTEXT); kulcsszöveg ne csak képbe égetve.",AI-generált,AI-generált,"note: Animált grafika (Lottie/GIF/videó), mobil-first; magyar feliratok.",alt-text,"M4.1-DIA-01, M4.1-DIA-01::ALTTEXT",,,,,"R1, R5",,Tartalmazza a 3 ikont; az alt-szövegek külön (M4.1-IKO-02::ALTTEXT).,efda7817a4e57c604269b8e8b956739da607c4873d75fe6498cfc5273ee3b6e7,asset: M4.1-DIA-01,,,
M4.1-FOTO-01,M4,M4.1,online-lecke,02 Tervezet/Modulok/M4/Online leckék/M4.1 – Mit üzen a testem – Nonverbális kiállás.md,852,photo,,legyártandó,jogtisztázás alatt,,Képpár 1 freeze-frame – karba tett kéz vs. nyitott kéz,Két egymás melletti (bal–jobb) freeze-frame az IV-videókból: ugyanaz a madrih karba tett kézzel vs. nyitott kézzel/felsőtesttel; a különbség legyen jól látható.,Konkrét vizuális kontraszt a védekező vs. nyitott testtartáshoz.,,,,,,"visual: informative; alt_note: a lecke előírja az alt-szöveget, de a végleges szöveget a legyártott vizuál alapján kell megírni; note: Érdemi alt-szöveg kell (M4.1-FOTO-01::ALTTEXT), pl. „Madrih karba tett kézzel…” vs. „…nyitott felsőtesttel…”.",AI-generált,AI-generált,"note: 2 állókép egymás mellett (bal–jobb), az IV-jelenetekből kivett freeze-frame.",alt-text,"M4.1-FOTO-01, M4.1-FOTO-01::ALTTEXT",,,,R2,"R1, R2, R5",,"Forrás: M4.1-VID-03/04/05; alt M4.1-FOTO-01::ALTTEXT; közös narráció M4.1-NAR-06. (A „karba tett kéz” póz a 3 jelenet szövegében nem szerepel explicit; a freeze-frame-et az IV-videókból kell előállítani, ezt a forrás maga is „az előző videókból” hivatkozza – SLIDE 4, „Mit látunk?”.) Az R8 kivezetve, helyette R2 + R5: a képpár nem valós felvétel, hanem az AI-generált karakterjelenetekből (M4.1-VID-03/04/05) kivett állókép, így az R8 „valós fotó/screenshot” kikötése nem alkalmazható. Az R5 szövege viszont épp ezt mondja ki („a freeze-frame-ek a videó-gyártás részeként”), az R2 pedig a forrásvideók AI-karakter jogtisztaságát viszi tovább az állóképre.",1c96f358227f824d9aa6cd4ae19d713ec9bf0f1199d05cf7b69ef74c27a956e7,asset: M4.1-FOTO-01 | alt-text: M4.1-ALT-02,C,"Bal/jobb jelölésű szöveges leíró kártyák a SLIDE 4-en az asset leírása szerint (karba tett kéz vs. nyitott kéz és felsőtest), AI-címke nélkül; a freeze-frame a C fázisú karakterjelenet-videókkal (M4.1-VID-03/04/05) együtt készül (R5; Q-MED-1).",
M4.1-FOTO-02,M4,M4.1,online-lecke,02 Tervezet/Modulok/M4/Online leckék/M4.1 – Mit üzen a testem – Nonverbális kiállás.md,895,photo,,legyártandó,jogtisztázás alatt,,Képpár 2 freeze-frame – földre nézés vs. körre nézés,"Két egymás melletti (bal–jobb) freeze-frame: bal oldalon a madrih a földre néz, kicsit befelé fordul; jobb oldalon végignéz a csoporton, nyitott felsőtest.",Vizuális kontraszt a zárt vs. nyitott tekintet/kiálláshoz.,,,,,,"visual: informative; alt_note: a lecke előírja az alt-szöveget, de a végleges szöveget a legyártott vizuál alapján kell megírni; note: Érdemi alt-szöveg kell (M4.1-FOTO-02::ALTTEXT).",AI-generált,AI-generált,"note: 2 állókép egymás mellett (bal–jobb), freeze-frame.",alt-text,"M4.1-FOTO-02, M4.1-FOTO-02::ALTTEXT",,,,R2,"R1, R2, R5",,"Forrás: M4.1-VID-03/05; alt M4.1-FOTO-02::ALTTEXT. Az R8 kivezetve, helyette R2 + R5: a képpár nem valós felvétel, hanem az AI-generált karakterjelenetekből (M4.1-VID-03/04/05) kivett állókép, így az R8 „valós fotó/screenshot” kikötése nem alkalmazható. Az R5 szövege viszont épp ezt mondja ki („a freeze-frame-ek a videó-gyártás részeként”), az R2 pedig a forrásvideók AI-karakter jogtisztaságát viszi tovább az állóképre.",f40683204c47fe8a58b7c7451d6fe206966e9e11119add20e21c6f72aa6e1799,asset: M4.1-FOTO-02,C,"Bal/jobb jelölésű szöveges leíró kártyák a SLIDE 4-en az asset leírása szerint (földre néz, kicsit befelé fordul vs. végignéz a csoporton, nyitott felsőtest), AI-címke nélkül; a freeze-frame a C fázisú karakterjelenet-videókkal (M4.1-VID-03/05) együtt készül (R5; Q-MED-1).",
M4.1-IKO-01,M4,M4.1,online-lecke,02 Tervezet/Modulok/M4/Online leckék/M4.1 – Mit üzen a testem – Nonverbális kiállás.md,78,icon-set,,legyártandó,specifikáció kész,,AI-eredet címke ikon/badge a Hook videóhoz,"Jól látható, tanulónak szóló badge/ikon a videó sarkában/alatt, robot-emoji jelleggel; a mellette álló címke a kanonikus R1-szöveg szó szerint: „AI-generált médiaelem · emberi lektorálással.”, valódi szövegként, nem a képbe égetve (PRODUCTION-STYLE-TOKEN 7.3). Az emoji a badge vizuális eleme, nem a szöveg része. (UNESCO AI-etika átláthatóság).","A tanuló tudatában legyen, mikor lát AI-generált tartalmat (etikai átláthatóság).",,,,,,"visual: informative; alt_note: a lecke előírja az alt-szöveget, de a végleges szöveget a legyártott vizuál alapján kell megírni; note: Alt-szöveg kell, a kanonikus címke szövegével: „AI-generált médiaelem · emberi lektorálással.”",AI-generált,AI-generált,"note: Kis méretű overlay badge, jól olvasható mobilon; PNG/SVG.",alt-text,"M4.1-IKO-01, M4.1-IKO-01::ALTTEXT",,,,,"R1, R5",,Az M4.1-VID-01 videóra kerül.,ebf707778b0a7be208819d6ab749905d82d5f6af4534a7571f37be95d0b1bb4f,asset: M4.1-IKO-01,,,
M4.1-IKO-02,M4,M4.1,online-lecke,02 Tervezet/Modulok/M4/Online leckék/M4.1 – Mit üzen a testem – Nonverbális kiállás.md,269,icon-set,,legyártandó,specifikáció kész,,"3 fókusz-ikon: Testtartás, Tekintet, Térfoglalás","Három koherens stílusú ikon: álló alak (testtartás), szem (tekintet), helyjelölő pin (térfoglalás). Önállóan és a DIA-01 animációban is felhasználható.",Vizuális horgony a három nonverbális fókuszhoz.,,,,,,"visual: informative; alt_note: a lecke előírja az alt-szöveget, de a végleges szöveget a legyártott vizuál alapján kell megírni; note: Alt-szöveg kötelező (M4.1-IKO-02::ALTTEXT).",AI-generált,AI-generált,"note: SVG/PNG, egységes ikonkészlet.",alt-text,"M4.1-IKO-02, M4.1-IKO-02::ALTTEXT",,,,,"R1, R5",,Az M4.1-DIA-01 animációban jelennek meg.,333c1f78118c262a43eaead9a1f815517e9d1e4b0301d5223473095d4affa1e0,asset: M4.1-IKO-02 | alt-text: M4.1-ALT-01,,,
M4.1-NAR-02,M4,M4.1,online-lecke,02 Tervezet/Modulok/M4/Online leckék/M4.1 – Mit üzen a testem – Nonverbális kiállás.md,307,voiceover,narration,legyártandó,jogtisztázás alatt,,"SLIDE 2 narráció – „3 dolog, ami azonnal látszik rajtad”","Magyar narráció 40–50 mp: a három látható dolog (testtartás: nyitott/összegörnyedt, stabil/billegő; tekintet: egy pontra/végignéz; térfoglalás: látnak-hallanak/sarokban) és hogy a kvuca ebből olvas a jelenlétről.","A három fókusz hangos kifejtése, a slide-keret megerősítése.",M4.1-NAR-02-VO,"„Amikor a kvucád elé állsz,
az első pillanatokban három dolog látszik rajtad nagyon erősen.

Az egyik a **testtartásod**.
Nyitottan állsz, vagy inkább összegörnyedve, mintha elbújnál?
Stabil vagy, vagy kicsit bizonytalanul billegsz?

A másik a **tekinteted**.
Egy pontra bámulsz – mondjuk a papírra –,
vagy végignézel az embereken, akikhez beszélni fogsz?

A harmadik az, hogyan foglalsz **teret**.
Olyan helyen állsz, ahol **látnak és hallanak**,
vagy egy sarokban, fél fal mögött próbálsz megszólalni?

Már ezekből is sokat ‘leolvas’ a kvuca arról,
hogy mennyire vagy jelen,
és mennyire akarsz tényleg **velük lenni**.”",355e0ec4f69d10fcd8b7d4d1f29fc7b0c11dd79827307d3b3690322a29aa233c,,,"note: Felirat (M4.1-NAR-02::CAPTIONS) + leirat (M4.1-NAR-02::TRANSCRIPT) szükséges; ha hangként szól, a slide-szöveg vagy felirat fedje le verbatim.",AI-generált,AI-generált,"note: ~40–50 mp, magyar, mp3/wav.","captions, transcript","M4.1-NAR-02, M4.1-NAR-02::CAPTIONS, M4.1-NAR-02::TRANSCRIPT",,,,"R2, R3","R1, R2, R3",,SLIDE 2; összetartozik M4.1-NAR-02::CAPTIONS-vel és M4.1-NAR-02::TRANSCRIPT-tel.,2e9b8fcf75f776781e98180f173b6f4db3636f33374f853846614e6cd0638d16,asset: M4.1-NAR-02 | captions: M4.1-FEL-02 | transcript: M4.1-LEI-05,,,
M4.1-NAR-03,M4,M4.1,online-lecke,02 Tervezet/Modulok/M4/Online leckék/M4.1 – Mit üzen a testem – Nonverbális kiállás.md,422,voiceover,narration,legyártandó,jogtisztázás alatt,,Jelenet 1 narráció – „Jegyzetbe bújó madrih”,"15–20 mp narráció a kép közben: a madrih papírra koncentrál, válla beesik, tekintet lefelé; kérdés a hanih-érzésről.",Irányítja a megfigyelést a defenzív jelekre.,M4.1-NAR-03-VO,"„Nézd meg ezt a madrihot.
A papírra koncentrál, a válla kicsit beesik,
a tekintete szinte végig lefelé van.

Ha hanih lennél,
mennyire éreznéd azt, hogy **neked beszél**,
és mennyire azt, hogy inkább a lapja mögé próbál bújni?”",a251aced0d05df02e3fcf9d72f876f601f5bf04a268be66a703cf7e9210da052,,,note: Felirat + leirat (M4.1-VID-02::CAPTIONS / M4.1-VID-02::TRANSCRIPT).,AI-generált,AI-generált,"note: ~15–20 mp, magyar.","captions, transcript","M4.1-NAR-03, M4.1-NAR-03::CAPTIONS, M4.1-NAR-03::TRANSCRIPT",,,,"R2, R3","R1, R2, R3",,M4.1-VID-03 hangsávja.,1981c045a5b2e6b44aefad384c34be18c026812576d02d4741a0511d7b4701be,asset: M4.1-NAR-03,,,
M4.1-NAR-04,M4,M4.1,online-lecke,02 Tervezet/Modulok/M4/Online leckék/M4.1 – Mit üzen a testem – Nonverbális kiállás.md,462,voiceover,narration,legyártandó,jogtisztázás alatt,,Jelenet 2 narráció – „Ideges topogó madrih”,"15–20 mp narráció: sok mozgás, topogás, gyors beszéd; lehet lelkes, de a kvuca zavart érezhet.",Megfigyelés a túl sok mozgás hatására.,M4.1-NAR-04-VO,"„Most nézd meg ezt a helyzetet.
A madrih sokat mozog, topog, gyorsan beszél,
a kezei állandóan járnak.

Lehet, hogy nagyon lelkes,
de vajon a kvuca mit érez ebből?”",c6fe3dc7021205b652d6d41a5cf85d15950b262dadc1c4bf812232ef8ccefb4d,,,note: Felirat + leirat (M4.1-VID-02::CAPTIONS / M4.1-VID-02::TRANSCRIPT).,AI-generált,AI-generált,"note: ~15–20 mp, magyar.","captions, transcript","M4.1-NAR-04, M4.1-NAR-04::CAPTIONS, M4.1-NAR-04::TRANSCRIPT",,,,"R2, R3","R1, R2, R3",,M4.1-VID-04 hangsávja.,0bac83f2335547c1cfcfc2fdb1fe55bd22b9af8b7be3bb1d7a5bdcef9113ce55,asset: M4.1-NAR-04,,,
M4.1-NAR-05,M4,M4.1,online-lecke,02 Tervezet/Modulok/M4/Online leckék/M4.1 – Mit üzen a testem – Nonverbális kiállás.md,502,voiceover,narration,legyártandó,jogtisztázás alatt,,"Jelenet 3 narráció – „Nyitott, stabil madrih”","15–20 mp narráció: stabil állás, laza vállak, végignéz a csoporton, majd rövid, érthető mondat.",A pozitív kiállás jellemzőinek hangos kiemelése.,M4.1-NAR-05-VO,"„Most nézd meg a harmadik példát.
A madrih két lábon stabilan áll,
a vállai lazák,
és mielőtt beszél, **végignéz** a csoporton.

Aztán röviden, érthetően mondja:
‘Sziasztok, ma arról fogunk beszélni, hogy…’.”",b7472130c708864b374c725ca63ead5beba53919ad532d26d0194fde84308b30,,,note: Felirat + leirat (M4.1-VID-02::CAPTIONS / M4.1-VID-02::TRANSCRIPT).,AI-generált,AI-generált,"note: ~15–20 mp, magyar.","captions, transcript","M4.1-NAR-05, M4.1-NAR-05::CAPTIONS, M4.1-NAR-05::TRANSCRIPT",,,,"R2, R3","R1, R2, R3",,M4.1-VID-05 hangsávja.,e706a9b49378c61ba14674ff6ec4ac8b4292f3a2cdb329d691dd92511d47b0c8,asset: M4.1-NAR-05,,,
M4.1-NAR-06,M4,M4.1,online-lecke,02 Tervezet/Modulok/M4/Online leckék/M4.1 – Mit üzen a testem – Nonverbális kiállás.md,935,voiceover,narration,legyártandó,jogtisztázás alatt,,SLIDE 4 közös bevezető narráció – „Mi a különbség?”,20–25 mp közös narráció: ugyanaz az ember más testtartással/tekintettel/helyen; feladat: fogalmazd meg a különbséget és mit üzen a kvucának.,Bevezeti és kereteli a képpár-feladatot.,M4.1-NAR-06-VO,"„Most néhány példát nézünk meg.
Ugyanaz az ember, csak **más testtartással**,
más tekintettel, más helyen a térben.

A feladatod az, hogy megfogalmazd:
**mi a különbség** a két változat között,
és mit üzenhet ez a kvucának.”",649c7cba5cba8bedcfe4bb81757910bac5037a16f3cf6f85bb4f91439b474afb,,,"note: Leirat/transzkript (M4.1-NAR-06::TRANSCRIPT) kötelező: csak hang, ezért a dián vagy a médiaelem mellett látható leirat a teljes szöveges ekvivalens (WCAG 2.2 SC 1.2.1); első sora a kanonikus AI-címke; az M4.1-NAR-06::CAPTIONS archivált .vtt-derivatíva (projektgazdai döntés, 2026-10-03, VO D-19, D-21); a narráció szövegét a slide-szöveg részben vagy szó szerint lefedheti.",AI-generált,AI-generált,"note: ~20–25 mp, magyar.","captions, transcript","M4.1-NAR-06, M4.1-NAR-06::CAPTIONS, M4.1-NAR-06::TRANSCRIPT",,,,"R2, R3","R1, R2, R3",,"SLIDE 4 képpár-aktivitáshoz. A SLIDE 4 Single Choice kérdések tiszta szöveges UI, nem külön média-asset.",f41e940fd9972c21a965c39256516c1820706a3c88c1d6cd1260332f770a94e9,asset: M4.1-NAR-06 | captions: M4.1-FEL-05 | transcript: M4.1-LEI-04,,,
M4.1-NAR-07,M4,M4.1,online-lecke,02 Tervezet/Modulok/M4/Online leckék/M4.1 – Mit üzen a testem – Nonverbális kiállás.md,1115,voiceover,narration,legyártandó,jogtisztázás alatt,,SLIDE 6 outro narráció – „Mire figyelek legközelebb?”,"30–40 mp záró narráció: összegzés (testtartás/tekintet/térfoglalás üzen a jelenlétről), nem az izgalom kiiktatása, hanem 2 tudatos fókusz; felhívás a 2 dolog leírására minivállalásként.","A tanultak saját gyakorlatra fordítása, átvezetés a reflexióhoz/peulához.",M4.1-NAR-07-VO,"„Köszi, hogy végigmentél ezen a leckén.

Ha idáig eljutottál,
akkor már tudod, hogy a testtartásod, a tekinteted
és az, hova állsz a térben,
nagyon sokat üzen arról, mennyire vagy jelen.

Nem az a cél, hogy ne izgulj,
hanem az, hogy legyen **2 dolog**, amire tudatosan figyelsz,
amikor a kvucád elé állsz.

Most írd le magadnak ezt a két dolgot –
ez lesz a saját minivállalásod a következő peulára.”",c88971559dfe4906869d31ba7ab5166d2085ffacd80212b865c7d3008fb5aff9,,,"note: Leirat/transzkript (M4.1-NAR-07::TRANSCRIPT) kötelező: csak hang, ezért a dián vagy a médiaelem mellett látható leirat a teljes szöveges ekvivalens (WCAG 2.2 SC 1.2.1); első sora a kanonikus AI-címke; az M4.1-NAR-07::CAPTIONS archivált .vtt-derivatíva (projektgazdai döntés, 2026-10-03, VO D-19, D-21); a narráció szövegét a slide-szöveg részben lefedi.",AI-generált,AI-generált,"note: ~30–40 mp, magyar, mp3/wav.","captions, transcript","M4.1-NAR-07, M4.1-NAR-07::CAPTIONS, M4.1-NAR-07::TRANSCRIPT",,,,"R2, R3","R1, R2, R3",,"SLIDE 6; a szabad szöveges reflexióhoz vezet át. A 2 szabad szöveges mező tiszta szöveges UI, nem média-asset.",7eda32d2177bfdaef8149442bb273dd57bfc75f1c4791c8020c74709b21decc6,asset: M4.1-NAR-07 | captions: M4.1-FEL-04 | transcript: M4.1-LEI-03,,,
M4.1-VID-01,M4,M4.1,online-lecke,02 Tervezet/Modulok/M4/Online leckék/M4.1 – Mit üzen a testem – Nonverbális kiállás.md,113,video,ai-talking-head,legyártandó,jogtisztázás alatt,,Hook beszélőfej-videó – „Mit gondolnak rólad az első 5 másodpercben?”,"16:9 AI beszélőfej-videó, kb. 35–40 mp, semleges egyszerű háttérrel. Tartalom: belépés a peulára, minden szem rád néz, a test üzen mielőtt megszólalnál; cél nem a színészkedés, hanem 1–2 tudatos fókusz. A videó sarkára/aljára jól látható tanulói AI-címke, a kanonikus R1-szöveggel: „AI-generált médiaelem · emberi lektorálással.” A címkét az LMS/H5P jeleníti meg valódi szövegként, nem a videóba égetve (PRODUCTION-STYLE-TOKEN 7.3).","Bevonás, ráérezni, hogy a test már a megszólalás előtt üzen; a lecke érzelmi belépője.",M4.1-VID-01-VO,"„Képzeld el, hogy öt perc múlva kezdődik a peulád.
Belépsz a szobába, ott ül egy kvuca,
és hirtelen **minden szem rád néz**.

Még egy szót sem szóltál,
de már látják, hogyan állsz, hova nézel,
mennyire tűnsz jelenlévőnek vagy befeszültnek.

Ez a lecke arról szól,
hogy **mit üzen a tested** ezekben az első pillanatokban,
és mit tehetsz azért,
hogy a kvucád könnyebben tudjon **kapcsolódni hozzád**.

Nem az a cél, hogy színész legyél,
hanem hogy tudd, **mi látszik rajtad**,
és legyen 1–2 dolog, amire tudatosan figyelsz.”",b05b9278b21f46beaea4cead8620da9e0bb11d6aabe58408bd15d12560385024,,,"audio: spoken; visual: decorative; alt_note: csak a képi sáv (beszélőfej) dekoratív: hangalámondás nem kell (WCAG 2.2 SC 1.2.5), mert a felirat és a leirat szó szerint lefedi a narrációt; a videóelemet a dián látható, leíró videócímke azonosítsa (SC 1.1.1); note: Kapcsolható, szinkronban futó magyar felirat (verbatim) + leirat kötelező; WCAG 1.2.2 Captions (A).",AI-generált,AI-generált,"note: 16:9, ~35–40 mp, magyar narráció a kanonikus narrátorhanggal, semleges háttér, mobil-first; látható AI-címke valódi szövegként (nem a videóba égetve).","voiceover, captions, transcript","M4.1-VID-01, M4.1-VID-01::VOICEOVER, M4.1-VID-01::CAPTIONS, M4.1-VID-01::TRANSCRIPT",,,,"R2, R3","R1, R2, R3",,"Összetartozik az M4.1-VID-01::VOICEOVER narrációval, az M4.1-VID-01::CAPTIONS felirattal, az M4.1-VID-01::TRANSCRIPT leirattal és az M4.1-IKO-01 AI-címke ikonnal (mind SLIDE 1). A SLIDE 1 Single Choice poll tiszta szöveges UI, nem legyártandó média-asset.",8c99115ba63cd43d65c8113f9df51fcd05d4407cff364b54f7b8ede9ace51449,asset: M4.1-VID-01 | voiceover: M4.1-NAR-01 | captions: M4.1-FEL-01 | transcript: M4.1-LEI-01,,,
M4.1-VID-02,M4,M4.1,online-lecke,02 Tervezet/Modulok/M4/Online leckék/M4.1 – Mit üzen a testem – Nonverbális kiállás.md,542,video,interactive,legyártandó,jogtisztázás alatt,,Interactive Video – 3 madrih-kiállás mini-jelenettel + beágyazott kérdések,"H5P Interactive Video, kb. 2 perc, 3 mini-jelenettel; mindhárom jelenet után megáll és beágyazott kérdés ugrik fel (2 Single Choice + 1 Free Text). Lásd a 3 jelenet-videót külön (M4.1-VID-03/04/05).","Élő példákon láthatóvá tenni „kevésbé szerencsés” és „inkább segítő” kiállásokat, beágyazott reflexióval.",,"„Nézd meg ezt a madrihot.
A papírra koncentrál, a válla kicsit beesik,
a tekintete szinte végig lefelé van.

Ha hanih lennél,
mennyire éreznéd azt, hogy **neked beszél**,
és mennyire azt, hogy inkább a lapja mögé próbál bújni?”

„Most nézd meg ezt a helyzetet.
A madrih sokat mozog, topog, gyorsan beszél,
a kezei állandóan járnak.

Lehet, hogy nagyon lelkes,
de vajon a kvuca mit érez ebből?”

„Most nézd meg a harmadik példát.
A madrih két lábon stabilan áll,
a vállai lazák,
és mielőtt beszél, **végignéz** a csoporton.

Aztán röviden, érthetően mondja:
‘Sziasztok, ma arról fogunk beszélni, hogy…’.”",c5a4eeb2b563afaebaea828d9ca0a9c4aac8fd4820f06d3ae404f3c9e1aded87,,,"audio: spoken; visual: informative; alt_note: jelenetvideó, nem dekoratív: a testbeszéd (testtartás, tekintet, mozgás) maga a tartalom; a lényegi képi információt a Jelenet 1–3 narrációja hangalámondásos képleírásként kimondja, a szöveges alternatívát (képleírás) a legyártott jelenetek alapján kell megírni; note: Magyar felirat (M4.1-VID-02::CAPTIONS) + leirat (M4.1-VID-02::TRANSCRIPT) mindhárom jelenethez; billentyűzet/fókusz a SLIDE 3 fejlesztői akadálymentesítési jegyzete szerint.",AI-generált,AI-generált,"note: ~2 perc össz., H5P Interactive Video, mobil-first; beágyazott kérdés-interakciók.","captions, transcript, alt-text","M4.1-VID-02, M4.1-VID-02::CAPTIONS, M4.1-VID-02::TRANSCRIPT, M4.1-VID-02::ALTTEXT",,"M4.1-VID-03, M4.1-VID-04, M4.1-VID-05",,"R2, R3","R1, R2, R3, R5",,"Konténer a 3 jelenethez (M4.1-VID-03/04/05). A beágyazott Single Choice / Free Text kérdések tiszta szöveges UI-elemek, nem külön legyártandó média-asset. A felirat/leirat tulajdonosa futásidőből következik, nem ízlésből: a H5P Interactive Video egyetlen alap-videót (`files` — „Add a video”, a további bejegyzések ugyanannak a videónak más kódolásai) és egyetlen `textTracks` listát vesz fel (h5p/h5p-interactive-video semantics.json, lekérdezve 2026-08-27; H5P Help Center: „Subtitles, Captions and Descriptions”). A három jelenet tehát egyetlen alap-videóvá vágódik össze, egy felirat-sávval és egy leirattal — ezek ezé a konténeré. A szkript nincs újra leírva: a `composed_of` a három jelenet saját forrásblokkját fűzi össze sorrendben (M4.1-NAR-03/04/05-VO), így a lecke szövegének módosítása magával viszi a felirat-fájlt is. Az R2 és R5 a három összetevőtől öröklődik: a konténer ezekből a jelenetekből vágódik össze, így nem lehet készebb, mint a benne futó AI-karakteranyag.",ae5d0552794f709de0be1b7f02fb202c942f311fb3488085bf8fc628e2ff40d4,asset: M4.1-VID-02 | captions: M4.1-FEL-03 | transcript: M4.1-LEI-02,,,
M4.1-VID-03,M4,M4.1,online-lecke,02 Tervezet/Modulok/M4/Online leckék/M4.1 – Mit üzen a testem – Nonverbális kiállás.md,598,video,explainer,legyártandó,jogtisztázás alatt,,Jelenet 1 karaktervideó – „Jegyzetbe bújó madrih”,"20–25 mp AI-generált karakter-jelenetvideó (teljesalakos, nem beszélőfej): madrih a terem elején, előreeső vállak, papírba mélyed, tekintet végig lefelé, alig néz fel; „kevésbé szerencsés” kiállás. Narrációval (lásd M4.1-NAR-03).",Defenzív/elbújó testtartás vizuális példája az IV-ben.,M4.1-NAR-03-VO,"„Nézd meg ezt a madrihot.
A papírra koncentrál, a válla kicsit beesik,
a tekintete szinte végig lefelé van.

Ha hanih lennél,
mennyire éreznéd azt, hogy **neked beszél**,
és mennyire azt, hogy inkább a lapja mögé próbál bújni?”",a251aced0d05df02e3fcf9d72f876f601f5bf04a268be66a703cf7e9210da052,,,"audio: spoken; visual: informative; alt_note: jelenetvideó, nem dekoratív: a testbeszéd maga a tartalom; a lényegi képi információt a Jelenet 1 narrációja hangalámondásos képleírásként kimondja, a szöveges alternatívát (képleírás) a legyártott jelenet alapján kell megírni; note: Felirat + leirat (M4.1-VID-02::CAPTIONS / M4.1-VID-02::TRANSCRIPT); ebből vesznek freeze-frame-et a SLIDE 4-hez.",AI-generált,AI-generált,"note: ~20–25 mp, AI-generált teljesalakos karakterjelenet, magyar narráció.",alt-text,"M4.1-VID-03, M4.1-VID-03::ALTTEXT",,,,"R2, R3","R1, R2, R3, R5",,"Beágyazva M4.1-VID-02-be; freeze-frame forrása a SLIDE 4 képpárokhoz. Típus „egyéb”, mert teljes testtartást mutató jelenetvideó, nem beszélőfej. Az R5 felvéve: az R5 szövege az AI karakter-jeleneteket nevesítve rögzített referencia-karakterhez és seedhez köti, ezért ez a videó nem gyártható a karakter- és stílus-lock előtt. Az R2 felvéve: AI-generált emberi karakter szintetikus hanggal — a generátor neve, a kereskedelmi licenc és a hang-jogosultság igazolása ugyanúgy kell, mint a beszélőfej-videóknál. Ha a jóváhagyó az R2 hatályát a beszélőfejekre szűkíti, ez a sor visszavonható (PRODUCTION-DECISIONS.md D3). A felirat- és leirat-deliverable a konténeré (M4.1-VID-02::CAPTIONS / ::TRANSCRIPT): a H5P Interactive Video egyetlen alap-videót és egyetlen `textTracks` listát ismer (h5p/h5p-interactive-video semantics.json, lekérdezve 2026-08-27), így a jelenetenkénti felirat-fájlnak futásidőben nincs hova kapcsolódnia. Ezt a lecke fejlesztői jegyzete is így írja elő: „mindhárom mini-jelenet narrációjához legyen kapcsolható, szinkronban futó magyar felirat”.",6de071410d215a516ffff41891c1684e60e36f7925915872628eeed4e89da8cf,asset: M4.1-VID-03,,,
M4.1-VID-04,M4,M4.1,online-lecke,02 Tervezet/Modulok/M4/Online leckék/M4.1 – Mit üzen a testem – Nonverbális kiállás.md,642,video,explainer,legyártandó,jogtisztázás alatt,,Jelenet 2 karaktervideó – „Ideges topogó madrih”,"20–25 mp AI-generált karakter-jelenetvideó (teljesalakos): madrih lábról lábra billeg, sokat mozog/topog, gyorsan beszél, kezei állandóan járnak; túlmozgásos kiállás. Narrációval (M4.1-NAR-04).",Túlpörgés/zavaró mozgás vizuális példája.,M4.1-NAR-04-VO,"„Most nézd meg ezt a helyzetet.
A madrih sokat mozog, topog, gyorsan beszél,
a kezei állandóan járnak.

Lehet, hogy nagyon lelkes,
de vajon a kvuca mit érez ebből?”",c6fe3dc7021205b652d6d41a5cf85d15950b262dadc1c4bf812232ef8ccefb4d,,,"audio: spoken; visual: informative; alt_note: jelenetvideó, nem dekoratív: a testbeszéd maga a tartalom; a lényegi képi információt a Jelenet 2 narrációja hangalámondásos képleírásként kimondja, a szöveges alternatívát (képleírás) a legyártott jelenet alapján kell megírni; note: Felirat + leirat (M4.1-VID-02::CAPTIONS / M4.1-VID-02::TRANSCRIPT).",AI-generált,AI-generált,"note: ~20–25 mp, AI-generált teljesalakos karakterjelenet, magyar narráció.",alt-text,"M4.1-VID-04, M4.1-VID-04::ALTTEXT",,,,"R2, R3","R1, R2, R3, R5",,"Beágyazva M4.1-VID-02-be. Típus „egyéb”, mert teljes testtartást/mozgást mutató jelenetvideó, nem beszélőfej. Az R5 felvéve: az R5 szövege az AI karakter-jeleneteket nevesítve rögzített referencia-karakterhez és seedhez köti, ezért ez a videó nem gyártható a karakter- és stílus-lock előtt. Az R2 felvéve: AI-generált emberi karakter szintetikus hanggal — a generátor neve, a kereskedelmi licenc és a hang-jogosultság igazolása ugyanúgy kell, mint a beszélőfej-videóknál. Ha a jóváhagyó az R2 hatályát a beszélőfejekre szűkíti, ez a sor visszavonható (PRODUCTION-DECISIONS.md D3). A felirat- és leirat-deliverable a konténeré (M4.1-VID-02::CAPTIONS / ::TRANSCRIPT): a H5P Interactive Video egyetlen alap-videót és egyetlen `textTracks` listát ismer (h5p/h5p-interactive-video semantics.json, lekérdezve 2026-08-27), így a jelenetenkénti felirat-fájlnak futásidőben nincs hova kapcsolódnia. Ezt a lecke fejlesztői jegyzete is így írja elő: „mindhárom mini-jelenet narrációjához legyen kapcsolható, szinkronban futó magyar felirat”.",d86e6e29214a57eaa6891b3ae0501f990fde089a430dbc445ccad0c3e8ea9a44,asset: M4.1-VID-04,,,
M4.1-VID-05,M4,M4.1,online-lecke,02 Tervezet/Modulok/M4/Online leckék/M4.1 – Mit üzen a testem – Nonverbális kiállás.md,686,video,explainer,legyártandó,jogtisztázás alatt,,"Jelenet 3 karaktervideó – „Nyitott, stabil madrih”","20–25 mp AI-generált karakter-jelenetvideó (teljesalakos): madrih két lábon stabilan áll, laza vállak, körbenéz, majd röviden, érthetően megszólal („Sziasztok, ma arról fogunk beszélni…”); „inkább segítő” kiállás. Narrációval (M4.1-NAR-05).","Pozitív/segítő, nyitott-stabil kiállás vizuális mintája.",M4.1-NAR-05-VO,"„Most nézd meg a harmadik példát.
A madrih két lábon stabilan áll,
a vállai lazák,
és mielőtt beszél, **végignéz** a csoporton.

Aztán röviden, érthetően mondja:
‘Sziasztok, ma arról fogunk beszélni, hogy…’.”",b7472130c708864b374c725ca63ead5beba53919ad532d26d0194fde84308b30,,,"audio: spoken; visual: informative; alt_note: jelenetvideó, nem dekoratív: a testbeszéd maga a tartalom; a lényegi képi információt a Jelenet 3 narrációja hangalámondásos képleírásként kimondja, a szöveges alternatívát (képleírás) a legyártott jelenet alapján kell megírni; note: Felirat + leirat (M4.1-VID-02::CAPTIONS / M4.1-VID-02::TRANSCRIPT); freeze-frame forrása a SLIDE 4-hez.",AI-generált,AI-generált,"note: ~20–25 mp, AI-generált teljesalakos karakterjelenet, magyar narráció.",alt-text,"M4.1-VID-05, M4.1-VID-05::ALTTEXT",,,,"R2, R3","R1, R2, R3, R5",,"Beágyazva M4.1-VID-02-be; freeze-frame forrása a SLIDE 4 képpárokhoz. Típus „egyéb”, mert teljes testtartást mutató jelenetvideó, nem beszélőfej. Az R5 felvéve: az R5 szövege az AI karakter-jeleneteket nevesítve rögzített referencia-karakterhez és seedhez köti, ezért ez a videó nem gyártható a karakter- és stílus-lock előtt. Az R2 felvéve: AI-generált emberi karakter szintetikus hanggal — a generátor neve, a kereskedelmi licenc és a hang-jogosultság igazolása ugyanúgy kell, mint a beszélőfej-videóknál. Ha a jóváhagyó az R2 hatályát a beszélőfejekre szűkíti, ez a sor visszavonható (PRODUCTION-DECISIONS.md D3). A felirat- és leirat-deliverable a konténeré (M4.1-VID-02::CAPTIONS / ::TRANSCRIPT): a H5P Interactive Video egyetlen alap-videót és egyetlen `textTracks` listát ismer (h5p/h5p-interactive-video semantics.json, lekérdezve 2026-08-27), így a jelenetenkénti felirat-fájlnak futásidőben nincs hova kapcsolódnia. Ezt a lecke fejlesztői jegyzete is így írja elő: „mindhárom mini-jelenet narrációjához legyen kapcsolható, szinkronban futó magyar felirat”.",44dbefccc68887329955fa613f74d0a9c0b07990dd2b915b35c2e450e531d632,asset: M4.1-VID-05,,,
M4.2-EGY-01,M4,M4.2,online-lecke,02 Tervezet/Modulok/M4/Online leckék/M4.2 – Aktív hallgatás & visszatükrözés.md,75,other,h5p-interaction,legyártandó,specifikáció kész,,H5P Single Choice – „Mi lenne az első reakciód?” (helyzetfelmérés),"H5P Single Choice interakció legyártása slide 1-en: kérdés „Mi lenne a legelső, ösztönös reakciód erre a mondatra?”, 4 opció (a forrásban a SLIDE 1 „Interakció – Single Choice” szakaszában – nem ‘jó/rossz’, helyzetfelmérő), és minden válaszhoz közös, megengedő egységes visszajelzés (ugyanott, „Egységes visszajelzés”): „Bármit jelöltél, rendben van… a cél a különbség észrevétele lezáró és támogató reakció közt.”","Aktiválja a tanulót a saját ösztönös reakciója megjelölésével, ítélkezés nélkül beránt a témába.",,,,,,"note: Billentyűzettel teljesíthető, látható fókusz; opciók és visszajelzés képernyőolvasóval olvashatók.",vegyes,vegyes,"note: Helyes válasz és pontozás nélküli helyzetfelmérő kérdés (Course Presentationön belül), mobil-first, magyar szöveg; egy közös visszajelzés minden opcióra. Single Choice Settel nem valósítható meg, mert az az első opciót kötelezően helyesnek veszi és pontozza; a megvalósítást a célverzión az `LMS – H5P runtime acceptance.md` szerinti teszt igazolja.",,M4.2-EGY-01,,,,,R1,,AI-asszisztált item – éles indítás előtt emberi lektor által átnézendő (24. sor). A slide 1 narrációjával (M4.2-NAR-01) és a hook-illusztrációval (M4.2-ILL-01) összetartozik.,4d1f6fdac9902fa92f38d3918b41165b221999852299e0b39c886e9f9565e86f,asset: M4.2-EGY-01,,,
M4.2-EGY-02,M4,M4.2,online-lecke,02 Tervezet/Modulok/M4/Online leckék/M4.2 – Aktív hallgatás & visszatükrözés.md,415,other,h5p-interaction,legyártandó,specifikáció kész,,H5P Dialog Cards készlet – „Melyik segít jobban?”,"H5P Dialog Cards interaktív blokk legyártása: 4 (lehet +1-2 extra) kártya, mindegyik elején a társ mondata, megfordítva két lehetséges reakció (lezáró vs. támogató) + „Melyik inkább támogató?” jelzés. Kártyatartalmak a forrásban (SLIDE 3, „Példa kártyák (tartalom)”, Kártya 1–4).",Konkrét mondatpárokon át ráérezni a lezáró/elütő vs. támogató/visszatükröző különbségre.,,,,,,"note: Akadálymentesítési követelmények kötelezőek (lásd a SLIDE 3 fejlesztői akadálymentesítési jegyzetét): célméret ≥24×24 CSS px, billentyűzettel teljesíthető flip/lapozás, látható időkorlát-nélküli fókusz. Szöveg képernyőolvasóval olvasható legyen.",vegyes,vegyes,"note: H5P Dialog Cards, mobil-first, magyar szöveg; flip/lapozás interakció.",,M4.2-EGY-02,,,,,R1,,Tartalmilag AI-asszisztált (dialog card) – a tanulónak látható felületen jelölni kell. A slide 3 narrációval (M4.2-NAR-03) együtt. ID javítva EGY-01-ről EGY-02-re (a slide 1 Single Choice lett az új EGY-01).,52e620766b4590852a1cd1d5df546a87f8bdabb41a9d27dee4444979356e0760,asset: M4.2-EGY-02,,,
M4.2-EGY-03,M4,M4.2,online-lecke,02 Tervezet/Modulok/M4/Online leckék/M4.2 – Aktív hallgatás & visszatükrözés.md,581,other,h5p-interaction,legyártandó,specifikáció kész,,H5P Drag&Drop – „Lezáró vagy támogató?”,"H5P Drag&Drop feladat, kötelező húzásmentes alternatívával: két céldoboz/oszlop (lezáró/elütő vs. támogató/visszatükröző) és 8 behúzható mondatcímke (4 lezáró, 4 támogató, szövegek a forrásban: SLIDE 4, „Példa mondatok (kártyák)”). Helyes/helytelen besorolás visszajelzés szövegekkel (SLIDE 4, „Visszajelzés logika”).",Tudatosítja a két kategóriát és gyakoroltatja a megkülönböztetést.,,,,,,"note: Akadálymentesítési követelmények kötelezőek (lásd a SLIDE 4 fejlesztői akadálymentesítési jegyzetét): célméret ≥24×24 CSS px, billentyűzettel teljesíthető (WCAG 2.1.1), húzás nélküli, egykattintásos alternatíva (legördülő/rádiógomb; WCAG 2.2 SC 2.5.7), látható fókusz; a húzásmentes út minden kijelzőméreten elérhető, mert a Course Presentation nem tud kijelzőmérettől függően más interakciót mutatni.",vegyes,vegyes,"note: H5P Drag&Drop, mellette egykattintásos, húzásmentes alternatíva, mobil-first, magyar szöveg.",,M4.2-EGY-03,,,,,R1,,"Kvíz-item jellegű, AI-asszisztált tartalom – ember nézi át éles indítás előtt (24. sor). ID javítva EGY-02-ről EGY-03-ra.",7ec0c5bce35cb5e4fe7244a5291708d1c74440a26402c356ddbf14164d31e3ad,asset: M4.2-EGY-03,,,
M4.2-EGY-04,M4,M4.2,online-lecke,02 Tervezet/Modulok/M4/Online leckék/M4.2 – Aktív hallgatás & visszatükrözés.md,669,other,h5p-interaction,legyártandó,specifikáció kész,,H5P mini-quiz – 2 Single Choice kérdés (Check),"Két Single Choice kérdés H5P-ben: (1) melyik válasz inkább aktív hallgatás/visszatükrözés (3 opció, helyes a 2., SLIDE 5, Kérdés 1); (2) mi a madrih reális szerepe (3 opció, helyes a 2., SLIDE 5, Kérdés 2). Mindkettőhöz visszajelzés szöveg a forrás szerint.","2 kulcsüzenet rögzítése: mitől támogató egy reakció, mi a madrih reális szerepe.",,,,,,"note: Billentyűzettel teljesíthető, látható fókusz; opciók képernyőolvasóval olvashatók.",vegyes,vegyes,"note: H5P Single Choice (Course Presentationön belül), magyar szöveg.",,M4.2-EGY-04,,,,,R1,,Kvíz-itemek és disztraktorok éles indítás előtt emberi lektor által átnézendők (24. sor). ID javítva EGY-03-ról EGY-04-re.,0b92be4bfe468cfe3e7e20f5f27169187064158c0450c1b10fda46de039050c9,asset: M4.2-EGY-04,,,
M4.2-EGY-05,M4,M4.2,online-lecke,02 Tervezet/Modulok/M4/Online leckék/M4.2 – Aktív hallgatás & visszatükrözés.md,743,other,h5p-interaction,legyártandó,specifikáció kész,,2× szabad szöveges mező – reflektív kérdések (visszatükröző mondat + elhagyandó mondat),"Két kötelező szabad szöveges mező interakció legyártása slide 6-on: (1) írj 1 visszatükröző mondatot (indító segéd-félmondatok: „Azt hallom, hogy…” / „Úgy tűnik, az nehéz neked, hogy…”), (2) írj 1 elhagyandó mondatot + indoklás; mindkettő 2–4 soros szövegmező (SLIDE 6, Reflektív kérdés 1 és 2). A 🔒 biztonságos-megosztás keret (SLIDE 6, a reflektív kérdések előtt) a feladat instrukciójához tartozik.",A lecke kötelező completion-eleme (lásd a lecke metájának Completion-sorát és a SLIDE 6 „Mit látunk?” szakaszát): saját visszatükröző és elhagyandó mondat megfogalmazásával rögzíti a mikrocélt és reflexióra késztet.,,,,,,"note: Szövegmező billentyűzettel kitölthető, látható fókusz; kérdésszöveg, indító félmondatok és a biztonságos-megosztás keret képernyőolvasóval olvashatók; a karakter-/sor-instrukció szövegesen is jelenjen meg.",vegyes,vegyes,"note: 2× szabad szöveges mező (a befoglaló elemet a runtime acceptance 6. pontja dönti el), magyar szöveg, 2–4 soros válaszmező; a 🔒 biztonságos-megosztás keret megjelenítésével.",,M4.2-EGY-05,,,,,R1,,"ÚJ asset (validáláskor pótolva): a completion-gating szabad szöveges mezők korábban csak más assetek notes-ában szerepeltek, de saját assetként hiányoztak – a többi H5P-interakcióval (EGY-01..04) konzisztensen rögzítve. A slide 6 narrációval (M4.2-NAR-04) és az outro checklisttel (M4.2-ILL-03) összetartozik.",4300a68b61e789aa879221885c734b92ddd2a8e83f927179c4ca5f81be75c9c1,asset: M4.2-EGY-05,,,
M4.2-IKO-01,M4,M4.2,online-lecke,02 Tervezet/Modulok/M4/Online leckék/M4.2 – Aktív hallgatás & visszatükrözés.md,244,icon-set,,legyártandó,specifikáció kész,,Fogalom-ikonok: fejhallgató (aktív hallgatás) & körkörös nyíl (visszatükrözés),"Két ikon: fejhallgató (🎧) az aktív hallgatáshoz és körkörös/visszatükröző nyíl (🔁) a visszatükrözéshez. Konzisztens stílus, mobil-méreten is olvasható.",Vizuálisan megkülönbözteti és megjegyezhetővé teszi a két kulcsfogalmat.,,,,,,"visual: decorative; alt_note: a lecke akadálymentesítési jegyzete dekoratívként jelöli (üres / rejtett alt); note: Dekoratív kísérő esetén üres alt; ha a doboz címét csak az ikon jelöli, alt-szöveg a fogalom nevével.",AI-generált,AI-generált,"note: SVG/PNG ikonpár, egységes vonalvastagság, kontrasztos.",,M4.2-IKO-01,,,,,"R1, R5",,Az M4.2-ILL-02 dobozok fejlécében használandó. A forrásban emoji-ként szerepel; egységes design-ikonként legyártandó.,c3277e11dd2f8e50e0fdb64d4c02c73bfa7ab588f34b2aea709ca40120925600,asset: M4.2-IKO-01,,,
M4.2-ILL-01,M4,M4.2,online-lecke,02 Tervezet/Modulok/M4/Online leckék/M4.2 – Aktív hallgatás & visszatükrözés.md,104,illustration,,legyártandó,specifikáció kész,,Hook chat-buborék: ideges peula-mondat,"Chat-szerű üzenetbuborék vagy kis illusztráció, amely megjeleníti a beérkező üzenetet: „Nagyon ideges vagyok, hogy holnap peulát kell tartanom…”. Mobil-first, középre helyezve. Hangulat: ismerős, hétköznapi feszültség.","Beránt egy ismerős helyzettel, érzelmileg azonnal bekapcsol (hook).",,,,,,"visual: informative; alt_note: a lecke előírja az alt-szöveget, de a végleges szöveget a legyártott vizuál alapján kell megírni; note: Alt-szöveg kötelező: a buborék tartalma és kontextusa (ideges üzenet a holnapi peuláról).",AI-generált,AI-generált,"note: Álló/mobil arány, statikus illusztráció vagy UI-buborék; magyar szöveg a buborékban.",alt-text,"M4.2-ILL-01, M4.2-ILL-01::ALTTEXT",,,,,"R1, R5",,"A slide 1 narrációjával (M4.2-NAR-01) és a Single Choice interakcióval (M4.2-EGY-01) összetartozik. Az M4 HOOK-formátum szerzői döntése 2026-08-27-én megszületett (PRODUCTION-DECISIONS.md D4, A opció): a jelenlegi vegyes nyitás megerősítve, az M4.2–M4.4 marad statikus illusztráció + narráció, új beszélőfej-videó nem készül. Az asset innentől a szokásos R5 vizuális-rendszer függősége alatt gyártandó.",75de76687babefcd0d603e381295c8e2e8987f0acf68e1c7e1dea9c0473118b4,asset: M4.2-ILL-01,,,
M4.2-ILL-02,M4,M4.2,online-lecke,02 Tervezet/Modulok/M4/Online leckék/M4.2 – Aktív hallgatás & visszatükrözés.md,276,illustration,,legyártandó,specifikáció kész,,Két fogalom-doboz: Aktív hallgatás & Visszatükrözés,"Két nagy buborék/doboz vizuális elrendezés: bal „🎧 Aktív hallgatás”, jobb „🔁 Visszatükrözés”, mindkettő alatt 2–3 kulcsmondat (SLIDE 2, „Szöveg a slide-on”). Záró sor: „Nem terapeuta vagy…” (ugyanott). Tiszta, mobil-first layout, kontrasztos doboz-fej.","Egyszerű, használható definíciót ad vizuálisan strukturálva, sok elmélet nélkül.",,,,,,"visual: informative; alt_note: a lecke előírja az alt-szöveget, de a végleges szöveget a legyártott vizuál alapján kell megírni; note: Alt-szöveg kötelező: a két doboz címe és kulcsmondatai szövegként (vagy ha tisztán HTML/szöveg-renderelés, az alt elhagyható és a szöveg élő szövegként olvasható).",AI-generált,AI-generált,"note: Mobil-first arány, két-oszlopos/egymás-alatti doboz layout magyar szöveggel; fejléc ikonokkal.",alt-text,"M4.2-ILL-02, M4.2-ILL-02::ALTTEXT",,,,,"R1, R5",,A 🎧 és 🔁 fejléc-ikonok az M4.2-IKO-01 ikon-asset részei. Slide 2 narrációjával (M4.2-NAR-02) összetartozik.,99659f3c239df43c0ac448bd383a65800cc6e1b134c0a31167343767fbcf73e5,asset: M4.2-ILL-02,,,
M4.2-ILL-03,M4,M4.2,online-lecke,02 Tervezet/Modulok/M4/Online leckék/M4.2 – Aktív hallgatás & visszatükrözés.md,773,illustration,,legyártandó,specifikáció kész,,Outro összegző checklist vizuál,"Rövid összegző vizuál a slide tetején: ✅ pipás checklist 3 ponttal (lezáró/támogató reakciók megismerése, visszatükrözés gyakorlása, madrih-szerep átgondolása). Letisztult, mobil-first, a két szabad szöveges mező fölött.",Vizuálisan összegzi az elért tanulási pontokat a reflexió előtt.,,,,,,"visual: informative; alt_note: a lecke előírja az alt-szöveget, de a végleges szöveget a legyártott vizuál alapján kell megírni; note: Alt-szöveg kötelező: a checklist 3 pontja szövegként. Ha a checklist tisztán HTML/szöveg, alt nem szükséges és a szöveg élő szövegként olvasandó.",AI-generált,AI-generált,"note: Mobil-first arány, statikus összegző grafika/checklist magyar szöveggel.",alt-text,"M4.2-ILL-03, M4.2-ILL-03::ALTTEXT",,,,,"R1, R5",,"FELTÉTELES asset: a forrásban a ✅ checklist markdown-szövegként szerepel (SLIDE 6, „Szöveg a slide-on”). Ha tervezői döntés alapján csak szöveges/HTML checklist készül, nem kell külön kép-asset; ha vizuális grafikaként renderelődik, akkor legyártandó.",1bce9ebdce0481ef2e0cd53c95d3d0e982b5578b7ba494d6e8db63dcba4b90f1,asset: M4.2-ILL-03,,,
M4.2-NAR-01,M4,M4.2,online-lecke,02 Tervezet/Modulok/M4/Online leckék/M4.2 – Aktív hallgatás & visszatükrözés.md,140,voiceover,narration,legyártandó,jogtisztázás alatt,,Slide 1 narráció – „Mit mondanál elsőre?”,"30–40 mp narráció: a hallgató képzelje el, hogy egy képzős társa mondja a feszült mondatot; az első reakció sokat számít abban, hogy a másik érzi-e, hogy rá figyelnek vagy csak elütik a feszültségét; felvezeti a Single Choice kérdést.",Felvezeti a hook-helyzetet és bevonja a tanulót az első reakció átgondolásába.,M4.2-NAR-01-VO,"„Képzeld el, hogy egy képzős társad azt írja vagy mondja neked:
*‘Nagyon ideges vagyok, hogy holnap peulát kell tartanom…’*

Nincs sok időd, rögtön válaszolsz valamit.

Az első reakciód nagyon sokat számít abban,
hogy ő mit érez:
**tényleg rá figyelsz**,
vagy inkább gyorsan el akarod ütni a feszültségét.

Nézzük meg, mi lenne a legelső mondat,
ami eszedbe jutna.”",bd1f419e01f32f1b60d9dd443b2e5ce4f575003abba9354ce46fe0bf559881cd,,,"note: Leirat/transzkript (M4.2-NAR-01::TRANSCRIPT) kötelező: csak hang, ezért a dián vagy a médiaelem mellett látható leirat a teljes szöveges ekvivalens (WCAG 2.2 SC 1.2.1); első sora a kanonikus AI-címke; az M4.2-NAR-01::CAPTIONS archivált .vtt-derivatíva (projektgazdai döntés, 2026-10-03, VO D-19, D-21)",AI-generált,AI-generált,"note: 30–40 mp, magyar nyelvű hangfelvétel, nyugodt, közvetlen hangvétel.","captions, transcript","M4.2-NAR-01, M4.2-NAR-01::CAPTIONS, M4.2-NAR-01::TRANSCRIPT",,,,"R2, R3","R1, R2, R3",,Hozzá tartozik a felirat M4.2-NAR-01::CAPTIONS és a leirat M4.2-NAR-01::TRANSCRIPT.,ddf5eaf7484c7d12099a1926f362db2d73988525e48c2c196c05774a5c4d87c1,asset: M4.2-NAR-01 | captions: M4.2-FEL-01 | transcript: M4.2-LEI-01,,,
M4.2-NAR-02,M4,M4.2,online-lecke,02 Tervezet/Modulok/M4/Online leckék/M4.2 – Aktív hallgatás & visszatükrözés.md,311,voiceover,narration,legyártandó,jogtisztázás alatt,,Slide 2 narráció – aktív hallgatás és visszatükrözés definíciója,"40–50 mp narráció: aktív hallgatás = tényleg a másikra figyelsz, nem a saját válaszodra; visszatükrözés = saját szavakkal visszaadod, amit értettél; példa „Azt hallom, hogy nagyon félsz attól, hogy ciki lesz a peulád.”; nem vagy terapeuta, de sokat ad, ha a másik érzi: jelen vagy, figyelsz, érted.",Auditív megerősítés a két kulcsfogalom egyszerű definíciójához.,M4.2-NAR-02-VO,"„Az aktív hallgatás azt jelenti,
hogy tényleg a másikra figyelsz –
nem arra, hogy te mit fogsz mondani utána,
és nem csak egy kész tanácsot akarsz bedobni.

A visszatükrözés pedig az,
hogy a saját szavaiddal elmondod neki,
mit értettél abból, amit mondott vagy mutatott.

Például: *‘Azt hallom, hogy nagyon félsz attól,
hogy ciki lesz a peulád.’*

Nem kell megoldanod az életét,
és nem vagy terapeuta.

De azzal nagyon sokat tudsz adni,
ha azt érzi: **jelen vagy, figyelsz, érted**.”",b1c0b0237e3e64fcc036484eac8db99654889473796c9a5d444cc96235dceae0,,,"note: Leirat/transzkript (M4.2-NAR-02::TRANSCRIPT) kötelező: csak hang, ezért a dián vagy a médiaelem mellett látható leirat a teljes szöveges ekvivalens (WCAG 2.2 SC 1.2.1); első sora a kanonikus AI-címke; az M4.2-NAR-02::CAPTIONS archivált .vtt-derivatíva (projektgazdai döntés, 2026-10-03, VO D-19, D-21)",AI-generált,AI-generált,"note: 40–50 mp, magyar nyelvű hangfelvétel.","captions, transcript","M4.2-NAR-02, M4.2-NAR-02::CAPTIONS, M4.2-NAR-02::TRANSCRIPT",,,,"R2, R3","R1, R2, R3",,"Felirat M4.2-NAR-02::CAPTIONS, leirat M4.2-NAR-02::TRANSCRIPT.",51c8dbab7c6b9b39c1e77448ccc86ea9cdd0075fae1cdf7956dac76a4b56c0a9,asset: M4.2-NAR-02 | captions: M4.2-FEL-02 | transcript: M4.2-LEI-02,,,
M4.2-NAR-03,M4,M4.2,online-lecke,02 Tervezet/Modulok/M4/Online leckék/M4.2 – Aktív hallgatás & visszatükrözés.md,444,voiceover,narration,legyártandó,jogtisztázás alatt,,Slide 3 narráció – Dialog Cards felvezetés,"Kb. 17–22 mp narráció a Dialog Cards bevezetéséhez: tipikus mondatok, amiket társ vagy hanih mondhat; a kártyák hátoldalán kétféle válasz; gondold végig, melyik zár le és melyik segít, hogy a másik érezze: figyelsz rá.",Bevezeti és keretezi a Dialog Cards aktivitást.,M4.2-NAR-03-VO,"„Most néhány tipikus mondatot nézünk meg,
amit egy képzős társad vagy később egy hanih mondhat neked.

A kártyák hátoldalán kétféle válasz lesz.

Gondold végig:
**melyik az, ami inkább lezár**,
és melyik az, ami segít abban,
hogy a másik érezze: figyelsz rá és érted.”",ce6604de9226b73d12fa53c7d59b33baed85b8170bcfc170a4176c7708c916a8,,,"note: Leirat/transzkript (M4.2-NAR-03::TRANSCRIPT) kötelező: csak hang, ezért a dián vagy a médiaelem mellett látható leirat a teljes szöveges ekvivalens (WCAG 2.2 SC 1.2.1); első sora a kanonikus AI-címke; az M4.2-NAR-03::CAPTIONS archivált .vtt-derivatíva (projektgazdai döntés, 2026-10-03, VO D-19, D-21)",AI-generált,AI-generált,"note: Kb. 17–22 mp, magyar nyelvű hangfelvétel.","captions, transcript","M4.2-NAR-03, M4.2-NAR-03::CAPTIONS, M4.2-NAR-03::TRANSCRIPT",,,,"R2, R3","R1, R2, R3",,"Felirat M4.2-NAR-03::CAPTIONS, leirat M4.2-NAR-03::TRANSCRIPT; az M4.2-EGY-02 Dialog Cards interaktív elemmel összetartozik.",9219b43c72b20c57554f5dd2fdde2095ab4e501e84171ee8b7263c35f4fc2a3d,asset: M4.2-NAR-03 | captions: M4.2-FEL-03 | transcript: M4.2-LEI-03,,,
M4.2-NAR-04,M4,M4.2,online-lecke,02 Tervezet/Modulok/M4/Online leckék/M4.2 – Aktív hallgatás & visszatükrözés.md,809,voiceover,narration,legyártandó,jogtisztázás alatt,,Slide 6 narráció – Outro „Mit mondok legközelebb?”,"30–40 mp záró narráció: nem az a cél, hogy soha ne mondj ügyetlen mondatot; legyen legalább egy visszatükröző mondatod, amivel nem tanácsot adsz; és egy mondat, amit tudatosan elengedsz, mert inkább lezár.",Lezárja a leckét és felvezeti a két reflektív szabad szöveges kérdést.,M4.2-NAR-04-VO,"„Köszi, hogy végigmentél ezen a leckén.

Nem az a cél, hogy soha többé ne mondj ügyetlen mondatokat –
ilyen mindenkivel előfordul.

A cél az, hogy legyen **legalább egy mondatod**,
amivel legközelebb nem tanácsot adsz,
hanem **visszatükrözöd**, amit a másik mond.

És legyen egy mondat,
amit tudatosan elengedsz,
mert inkább lezár, mint segít.”",89a9806d48b8e59a156deda78d1487c48f87217fd312b2d22bef3e7d4958ec07,,,"note: Leirat/transzkript (M4.2-NAR-04::TRANSCRIPT) kötelező: csak hang, ezért a dián vagy a médiaelem mellett látható leirat a teljes szöveges ekvivalens (WCAG 2.2 SC 1.2.1); első sora a kanonikus AI-címke; az M4.2-NAR-04::CAPTIONS archivált .vtt-derivatíva (projektgazdai döntés, 2026-10-03, VO D-19, D-21)",AI-generált,AI-generált,"note: 30–40 mp, magyar nyelvű hangfelvétel.","captions, transcript","M4.2-NAR-04, M4.2-NAR-04::CAPTIONS, M4.2-NAR-04::TRANSCRIPT",,,,"R2, R3","R1, R2, R3",,"Felirat M4.2-NAR-04::CAPTIONS, leirat M4.2-NAR-04::TRANSCRIPT; a 2 szabad szöveges reflektív kérdéssel (M4.2-EGY-05) összetartozik.",39cd41b36642ba01b2d6738661f04c8fb54a92971da00c106c8ddc4e4e317075,asset: M4.2-NAR-04 | captions: M4.2-FEL-04 | transcript: M4.2-LEI-04,,,
M4.3-DIA-01,M4,M4.3,online-lecke,"02 Tervezet/Modulok/M4/Online leckék/M4.3 – Kérdezési minták – nyitott, zárt, tisztázó, irányító kérdések.md",206,diagram,,legyártandó,specifikáció kész,,Négy kérdéstípus – színkódolt doboz-diagram,"Négyoszlopos / négydobozos színkódolt ábra a kérdéstípusokról: 🟢 Nyitott, 🔵 Zárt, 🟡 Tisztázó, 🔴 Irányító. Minden dobozban 1 rövid definíció + 1 példa (a SLIDE 2 „Szöveg a slide-on” szakasza szerint).","Tiszta, egyszerű vizuális áttekintés a négy kérdéstípus definíciójáról és példájáról.",,,,,,"visual: informative; alt_note: a lecke előírja az alt-szöveget, de a végleges szöveget a legyártott vizuál alapján kell megírni; note: Kell alt-szöveg (M4.3-DIA-01::ALTTEXT); a színkód mellé szöveges címke is.",vegyes,vegyes,"note: Mobil-first slide-elrendezés, színkódok (zöld/kék/sárga/piros), magyar szöveg; layout/ikon AI-generálható, a szöveg a forrásból (ember által írt / AI-asszisztált).",alt-text,"M4.3-DIA-01, M4.3-DIA-01::ALTTEXT",,,,,"R1, R5",,"Hozzá tartozik a SLIDE 2 narráció (M4.3-NAR-02). A négy szín-jelölés ikon-szettként is kezelhető (M4.3-IKO-01). Megfontolandó, hogy statikus diagram vagy animált (megjelenő dobozok) – ha statikus, assetType illusztráció lehet.",b5714fa935f96f60a5bbd58f5aeedd6fa845d5ece5eac1791b42699ca82bddf9,asset: M4.3-DIA-01 | alt-text: M4.3-ALT-02,,,
M4.3-IKO-01,M4,M4.3,online-lecke,"02 Tervezet/Modulok/M4/Online leckék/M4.3 – Kérdezési minták – nyitott, zárt, tisztázó, irányító kérdések.md",244,icon-set,,legyártandó,specifikáció kész,,Kérdéstípus szín-ikon készlet (4 db),"4 db konzisztens szín-ikon/jelölő a kérdéstípusokhoz: zöld=Nyitott, kék=Zárt, sárga=Tisztázó, piros=Irányító. Visszatérő használat a diagramban (SLIDE 2), a besorolási oszlopoknál (SLIDE 4) és visszajelzésben.",Vizuális konzisztencia és gyors felismerés a slide-okon és aktivitásokban.,,,,,,"visual: informative; alt_note: a lecke előírja az alt-szöveget, de a végleges szöveget a legyártott vizuál alapján kell megírni; note: Szöveges címkével párosítva; önmagában nem hordoz info-t csak színnel (megfelel a forrás színkódolásának).",AI-generált,AI-generált,"note: 4 ikon, egységes stílus, szín + forma (színvakság-barát), SVG/PNG.",alt-text,"M4.3-IKO-01, M4.3-IKO-01::ALTTEXT",,,,,"R1, R5",,"Használja: M4.3-DIA-01 (SLIDE 2), SLIDE 4 besorolási oszlopok (a négy drop-zóna).",2e6ef6836e910ff7d1a7a8d8d5a3ec7709f201e3b945e5df0ec623ea5edbf664,asset: M4.3-IKO-01,,,
M4.3-ILL-01,M4,M4.3,online-lecke,"02 Tervezet/Modulok/M4/Online leckék/M4.3 – Kérdezési minták – nyitott, zárt, tisztázó, irányító kérdések.md",69,illustration,,legyártandó,specifikáció kész,,"„Na, értitek?” – síri csend storyboard","Illusztrált mini-szituáció / storyboard: egy madrih a kör elején áll, buborékban mondja: „Na, értitek?”, a kvuca tagjai visszanéznek, senki nem szólal meg (síri csend, értetlen/passzív arckifejezések).","Hook: ráérezni, hogy a tág, általános „Na, értitek?” kérdés miért nem működik jól.",,,,,,"visual: informative; alt_note: a lecke előírja az alt-szöveget, de a végleges szöveget a legyártott vizuál alapján kell megírni; note: Kell alt-szöveg: a madrih kérdez, a csoport néma/passzív (lásd M4.3-ILL-01::ALTTEXT).",AI-generált,AI-generált,"note: Álló/mobil-first arány (H5P Course Presentation slide), illusztrált stílus, magyar nyelvű szövegbuborék.",alt-text,"M4.3-ILL-01, M4.3-ILL-01::ALTTEXT",,,,,"R1, R5",,Hozzá tartozik a SLIDE 1 narráció (M4.3-NAR-01) és a Single Choice interakció (nem média-asset).,c42b2db193de6260b44e0e96d3bb570ec99bc6791ad6055b606fe4e29d44552d,asset: M4.3-ILL-01 | alt-text: M4.3-ALT-01,,,
M4.3-NAR-01,M4,M4.3,online-lecke,"02 Tervezet/Modulok/M4/Online leckék/M4.3 – Kérdezési minták – nyitott, zárt, tisztázó, irányító kérdések.md",107,voiceover,narration,legyártandó,jogtisztázás alatt,,SLIDE 1 narráció – Hook,"Narráció a hook-jelenethez: a madrih magyaráz, megkérdezi „Na, értitek?”, síri csend; bevezeti, hogy a lecke arról szól, milyen kérdésekkel lehet jobban megnyitni, keretben tartani és lezárni a beszélgetést.","Hangos kontextus a hook-illusztrációhoz, motiváció a leckéhez.",M4.3-NAR-01-VO,"„Képzeld el, hogy peulán magyarázol valamit,
és a végén megkérdezed: *‘Na, értitek?’*

Síri csend. Senki nem szól vissza.

Ismerős?

Ez a lecke arról szól,
hogy **milyen kérdésekkel tudod jobban megnyitni, keretben tartani és lezárni** a beszélgetést,
mint a ‘Na, értitek?’-típusú kérdésekkel.”",9060e7eaece4684d14dc599eaac5b2c37a02eb216288c74471d4e9db6223c92b,,,"note: Leirat/transzkript (M4.3-NAR-01::TRANSCRIPT) kötelező: csak hang, ezért a dián vagy a médiaelem mellett látható leirat a teljes szöveges ekvivalens (WCAG 2.2 SC 1.2.1); első sora a kanonikus AI-címke; az M4.3-NAR-01::CAPTIONS archivált .vtt-derivatíva (projektgazdai döntés, 2026-10-03, VO D-19, D-21)",AI-generált,AI-generált,"note: 30–40 mp, magyar nyelvű hangsáv, mobil-first lejátszás, TTS-sel generálható.","captions, transcript","M4.3-NAR-01, M4.3-NAR-01::CAPTIONS, M4.3-NAR-01::TRANSCRIPT",,,,"R2, R3","R1, R2, R3",,"Társítva: M4.3-ILL-01 (vizuál), M4.3-NAR-01::CAPTIONS, M4.3-NAR-01::TRANSCRIPT. A lecke tartalmi eredete a forrás szerint ember által írt / AI-asszisztált (sor 22); a narráció hangja TTS-sel generálható.",d3a3bf3f9521add4899e5d2754b2a0b9da77bbb70551ea80a7be57635eb6ae3f,asset: M4.3-NAR-01 | captions: M4.3-FEL-01 | transcript: M4.3-LEI-01,,,
M4.3-NAR-02,M4,M4.3,online-lecke,"02 Tervezet/Modulok/M4/Online leckék/M4.3 – Kérdezési minták – nyitott, zárt, tisztázó, irányító kérdések.md",279,voiceover,narration,legyártandó,jogtisztázás alatt,,SLIDE 2 narráció – Négy kérdéstípus,"Narráció a négy kérdéstípus végigvezetésével: nyitott (megnyit), zárt (rövid/konkrét), tisztázó (jól értés ellenőrzése), irányító (saját vélemény felé tol) – mindegyikhez a slide-példa; zárás: mindegyiknek van helye, a kérdés mikor melyiket.",Audio-magyarázat a négy típus definíciójához és példáihoz.,M4.3-NAR-02-VO,"„Négy kérdéstípussal fogunk most dolgozni.

A **nyitott kérdés** megnyitja a beszélgetést.
Nem lehet rá csak annyit mondani, hogy ‘igen’ vagy ‘nem’.
Például: *‘Ti hogyan látjátok ezt a helyzetet a kvucában?’*

A **zárt kérdés** rövid, konkrét választ kér.
Igen vagy nem, egy szám vagy egy adat.
Például: *‘Voltál már valaha a kenben peulán?’*

A **tisztázó kérdés** arra való,
hogy ellenőrizd, jól érted-e, amit a másik mondott.
Például: *‘Jól értem, hogy az zavar, hogy mindig késve kezdünk?’*

Az **irányító kérdés** pedig a te véleményed felé tolja a beszélgetést.
Például: *‘Nem gondoljátok, hogy jobb lenne, ha mindig időben érkeznétek?’*

Mindegyiknek van helye –
a kérdés az, **mikor melyiket használod**.”",134d347d9479c018cec212108dfd6eef9f8505a3eec73bb70644302c5247e841,,,"note: Leirat/transzkript (M4.3-NAR-02::TRANSCRIPT) kötelező: csak hang, ezért a dián vagy a médiaelem mellett látható leirat a teljes szöveges ekvivalens (WCAG 2.2 SC 1.2.1); első sora a kanonikus AI-címke; az M4.3-NAR-02::CAPTIONS archivált .vtt-derivatíva (projektgazdai döntés, 2026-10-03, VO D-19, D-21)",AI-generált,AI-generált,"note: 50–60 mp, magyar hangsáv, mobil-first, TTS-sel generálható.","captions, transcript","M4.3-NAR-02, M4.3-NAR-02::CAPTIONS, M4.3-NAR-02::TRANSCRIPT",,,,"R2, R3","R1, R2, R3",,Társítva: M4.3-DIA-01 (vizuál).,28589bc45df7a208c9c41abeb744dcbc2e6496f0e02af0a8e61b464f540ea849,asset: M4.3-NAR-02 | captions: M4.3-FEL-02 | transcript: M4.3-LEI-02,,,
M4.3-NAR-03,M4,M4.3,online-lecke,"02 Tervezet/Modulok/M4/Online leckék/M4.3 – Kérdezési minták – nyitott, zárt, tisztázó, irányító kérdések.md",561,voiceover,narration,legyártandó,jogtisztázás alatt,,SLIDE 6 narráció – Outro/reflexió,"Záró narráció: nemcsak az számít, mit mondasz, hanem hogyan kérdezel; nyitott/tisztázó/zárt kérdés helye; felszólítás, hogy a tanuló írja le, melyik típusból akar többet, melyikből kevesebbet használni.",Lezárás és átvezetés a kötelező reflektív szabad szöveges mezőhöz.,M4.3-NAR-03-VO,"„Köszi, hogy végigmentél ezen a leckén.

A peulákon nemcsak az számít,
hogy mit mondasz,
hanem az is, **hogyan kérdezel**.

Van, hogy nyitott kérdésre van szükség,
van, hogy egy tisztázó kérdés segít,
és van, amikor egy egyszerű zárt kérdés elég a lezáráshoz.

Most írd le magadnak röviden:
**melyik kérdéstípusból szeretnél tudatosan többet használni**,
és melyikből kevesebbet a következő peulákon.”",a5385923c885c94213befbd5b87c406109456096bda9ae541042b9bcdefc158c,,,"note: Leirat/transzkript (M4.3-NAR-03::TRANSCRIPT) kötelező: csak hang, ezért a dián vagy a médiaelem mellett látható leirat a teljes szöveges ekvivalens (WCAG 2.2 SC 1.2.1); első sora a kanonikus AI-címke; az M4.3-NAR-03::CAPTIONS archivált .vtt-derivatíva (projektgazdai döntés, 2026-10-03, VO D-19, D-21)",AI-generált,AI-generált,"note: 30–40 mp, magyar hangsáv, mobil-first, TTS-sel generálható.","captions, transcript","M4.3-NAR-03, M4.3-NAR-03::CAPTIONS, M4.3-NAR-03::TRANSCRIPT",,,,"R2, R3","R1, R2, R3",,"A szabad szöveges reflektív mező (SLIDE 6, „Reflektív kérdés”) nem média-asset; ehhez a narrációhoz kapcsolódik.",3ee23c858c684bdcf723395d0adce188bc28046276e63a2d308dd321928e3db0,asset: M4.3-NAR-03 | captions: M4.3-FEL-03 | transcript: M4.3-LEI-03,,,
M4.4-DIA-02,M4,M4.4,online-lecke,02 Tervezet/Modulok/M4/Online leckék/M4.4 – 45 mp-es peulabemutató – vázlat egy konkrét kvucára.md,220,diagram,,legyártandó,specifikáció kész,,"Slide 2 definíciós bullet-vizuál: „Peulabemutató =""","Definíciós/címszavas vizuál (formázott bulletlista vagy egyszerű animált felépülés): „Peulabemutató ="" + 5 elem (rövid max 45 mp; miről szól; miért ennek a kvucának; mit fogtok csinálni; mit vigyenek haza), kiemelt kulcsszavakkal (rövid, érthető, kvuca-szintű, „miért nektek""). Plusz a „Nem reklámszöveg és nem fellépés... érthető, rövid meghívás"" zárógondolat.",Vizuálisan rögzíti a rövid peulabemutató definícióját és kulcsjegyeit.,,,,,,"visual: informative; alt_note: a lecke előírja az alt-szöveget, de a végleges szöveget a legyártott vizuál alapján kell megírni; note: Kell alt-szöveg / a szöveg legyen kiválasztható-olvasható (M4.4-DIA-02::ALTTEXT).",AI-generált,AI-generált,"note: Slide-grafika, mobil-first, max 5–6 sor; ha animált, lépcsőzetes megjelenés.",alt-text,"M4.4-DIA-02, M4.4-DIA-02::ALTTEXT",,,,,"R1, R5",,"Verbatim slide-szöveg a SLIDE 2 „Szöveg a slide-on” szakaszában; ha tisztán szöveges H5P-elem, alt-szöveg helyett a natív szöveg elég.",90204d89a19dd1d429cc6da54687cc44e6cff333f66281b1339e145d9c38fbfa,asset: M4.4-DIA-02 | alt-text: M4.4-ALT-02,,,
M4.4-DIA-03,M4,M4.4,online-lecke,02 Tervezet/Modulok/M4/Online leckék/M4.4 – 45 mp-es peulabemutató – vázlat egy konkrét kvucára.md,350,diagram,,legyártandó,specifikáció kész,,Slide 3 sablon-vizuál: 5 kérdéses peulabemutató-sablon,"Számozott sablon-vizuál: 5 kérdés (Kihez beszélsz? / Miről szól? / Miért fontos nekik? / Mit fogtok csinálni? / Mit vigyenek haza?) mindegyikhez 1 példamondattal, plusz kiemelés: „Egy peulabemutató = 5 rövid válasz erre az 5 kérdésre."" Ceruza-ikon (✏️) hangulat.",Vizuálisan rögzíti a könnyen kitölthető 5 kérdéses sablont – a lecke fő munkaeszköze.,,,,,,"visual: informative; alt_note: a lecke előírja az alt-szöveget, de a végleges szöveget a legyártott vizuál alapján kell megírni; note: Kell alt-szöveg / olvasható natív szöveg (M4.4-DIA-03::ALTTEXT).",AI-generált,AI-generált,"note: Slide-grafika, mobil-first, 5 számozott blokk; ha animált, lépcsőzetes megjelenés.",alt-text,"M4.4-DIA-03, M4.4-DIA-03::ALTTEXT",,,,,"R1, R5",,"Verbatim slide-szöveg a SLIDE 3 „Szöveg a slide-on” szakaszában; a sablon később a szabad szöveges mező promptjában (SLIDE 5, „Prompt”) és a beadandóban (4. szakasz, Moodle Assignment) is visszaköszön.",874ac2b780507057744f74b94247c0f03963012643d99f95c6e573c78a929c3c,asset: M4.4-DIA-03 | alt-text: M4.4-ALT-03,,,
M4.4-DIA-05,M4,M4.4,online-lecke,02 Tervezet/Modulok/M4/Online leckék/M4.4 – 45 mp-es peulabemutató – vázlat egy konkrét kvucára.md,571,diagram,,legyártandó,specifikáció kész,,Slide 5 sablon-vizuál + összefoglaló,"Vizuális elrendezés: fent ✅ rövid összefoglaló (3 elem: tudod a rövid peulabemutató szerepét / ismered a sablont / láttál példát mi hiányozhat) + Moodle-átvezetés; alul a szabad szöveges mező 5 felcímkézett mezővel (kihez / miről / miért nekik / mit csinálunk / mit vigyenek haza), 8–12 sor.",Strukturálja a produktum-megírást és a felcímkézett kitöltési sablont.,,,,,,"visual: informative; alt_note: a lecke előírja az alt-szöveget, de a végleges szöveget a legyártott vizuál alapján kell megírni; note: Kell alt-szöveg, ha az összefoglaló/sablon képként jelenik meg (M4.4-DIA-05::ALTTEXT); natív szövegnél elég a szöveg.",AI-generált,AI-generált,note: Slide-elrendezés szabad szöveges mezővel; a mező legyen másolható (a SLIDE 5 fejlesztői megjegyzése).,alt-text,"M4.4-DIA-05, M4.4-DIA-05::ALTTEXT",,,,,"R1, R5",,a szabad szöveges mező promptja verbatim a SLIDE 5 „Prompt” részében; biztonságos-megosztás keret közvetlenül előtte (mentori visszajelzés a Megfigyelés → Hatás → Következő lépés modell szerint).,9d26baee3c5c2d8d4436b7bf0069cf410fab65d0a921c744eb1cf6b70791fc4f,asset: M4.4-DIA-05 | alt-text: M4.4-ALT-05,,,
M4.4-ILL-01,M4,M4.4,online-lecke,02 Tervezet/Modulok/M4/Online leckék/M4.4 – 45 mp-es peulabemutató – vázlat egy konkrét kvucára.md,78,illustration,,legyártandó,specifikáció kész,,"Hook-jelenet: madrih a kvuca előtt, 45 mp nyomás","Illusztrált mini-szituáció: körben ülő kvuca (fiatal csoport), előttük egy madrih. Gondolatbuborékban: „Oké, 45 mp-em van, hogy ne veszítsem el őket…"". Mobil-first kompozíció, alatta marad hely a Single Choice kérdésnek.","Ráérzést ad a rövid peulabemutató-helyzetre, hogy a 45 mp ténylegesen létező nyomás – beállítja a lecke érzelmi keretét (forrás: a SLIDE 1 „Cél” sora).",,,,,,"visual: informative; alt_note: a lecke előírja az alt-szöveget, de a végleges szöveget a legyártott vizuál alapján kell megírni; note: Kell alt-szöveg (lásd M4.4-ILL-01::ALTTEXT).",AI-generált,AI-generált,"note: Álló/négyzetes illusztráció, mobil-first arány, magyar nyelvű buborékszöveg beégetve vagy külön rétegen.",alt-text,"M4.4-ILL-01, M4.4-ILL-01::ALTTEXT",,,,,"R1, R5",,"Slide 1 vizuál; mellette M4.4-NAR-01 narráció és a Single Choice poll (tisztán szöveges, nem külön asset).",d6691c64b1f55a48e642625fcc16eeb297df3c937d69a21aa11e3d4431dcd82b,asset: M4.4-ILL-01 | alt-text: M4.4-ALT-01,,,
M4.4-MUNK-01,M4,M4.4,online-lecke,02 Tervezet/Modulok/M4/Online leckék/M4.4 – 45 mp-es peulabemutató – vázlat egy konkrét kvucára.md,761,worksheet,,legyártandó,specifikáció kész,,Letölthető „Peulabemutató-vázlat” kitölthető sablon (doc),"1 oldalas kitölthető sablon doc formátumban, kizárólag az Assignment „Leírás (tanulónak)” 5 kérdéses szerkezetével, szó szerint: „1. Kihez beszélsz? (kvuca / korosztály, 1 mondat)”, „2. Miről szól a peula? (1 mondat)”, „3. Miért fontos ez nekik? (1–2 mondat)”, „4. Mit fogtok csinálni? (1 mondat)”, „5. Mit szeretnél, hogy hazavigyenek? (1 mondat)”, mindegyik után kitöltési hellyel; a sablon elején szó szerint a leírás 🔒 „Biztonságos megosztás” bekezdése. Új mező, minta vagy útmutató szöveg nem kerül bele.","Az M4.4 peulabemutató-vázlat (LMS-M4-05) fájlalapú leadási útja: a „Beadás módja” szerinti „1 oldalas doc / pdf, a letölthető sablon alapján”. Az online szöveges leadással egyenértékű (Program terv §5; hozzáférhetőségi sztenderd §4).",,,,,,"note: Valódi szöveges dokumentum (nem kép), címsorokkal és megjelölt kitöltési helyekkel, hogy képernyőolvasóval is használható és kitölthető legyen; a dokumentum nyelve magyarra állítva.",emberi,,"note: Szerkeszthető dokumentum: Google Doc (csak szervezeti fiókban, korlátozott megosztással) és/vagy .docx; A4, 1 oldal, nyomtatható; magyar nyelv. Moodle-ben az Assignment „Additional files” mezőjébe kerül.",print-pdf,"M4.4-MUNK-01, M4.4-MUNK-01::PRINTPDF",,,,,R5,,A11Y-18 statikus előfeltétele (IMPL-18-1): az Assignment „Beadás módja” sorában hivatkozott letölthető sablon deklarálása; tartalma kizárólag a leírás meglévő szövegéből áll. A sablon letölthetőségét és akadálymentességét a renderen kell igazolni (release-evidence).,6c606d0a84a1d188b51295a652cfc59cdbe4c6bc185d5afb649533da29b3bc6e,,,,
M4.4-NAR-01,M4,M4.4,online-lecke,02 Tervezet/Modulok/M4/Online leckék/M4.4 – 45 mp-es peulabemutató – vázlat egy konkrét kvucára.md,116,voiceover,narration,legyártandó,jogtisztázás alatt,,"Slide 1 narráció – „45 mp-ed van… Mit mondasz?""","30–40 mp narráció: a peula első fél-egy perce sokat számít; ennyi idő alatt megértik, miről lesz szó és miért nekik szól; ez a rövid peulabemutató; most megnézzük, hogyan lehet 45 mp-ben érthetően, röviden, rájuk szabva beszélni.","Hangos bevezetés a hook-helyzetbe, érzelmi ráhangolás a rövid peulabemutató fontosságára.",M4.4-NAR-01-VO,"„Képzeld el, hogy peulát tartasz.
A kvucád ott ül veled szemben,
és érzed, hogy az első **fél perc–egy perc**
nagyon sokat számít.

Ennyi időd van arra, hogy
megértsék, miről lesz szó,
és miért pont nekik szól az egész.

Ez a rövid bevezető a te **peulabemutatód**.

Most megnézzük, hogyan lehet
**45 másodpercben is érthetően, röviden és rájuk szabva** beszélni.”",aec1c1991462508cc179d2f3d95941d8d2c5394ba8c1174a12bfe49785270ce9,,,"note: Leirat/transzkript (M4.4-NAR-01::TRANSCRIPT) kötelező: csak hang, ezért a dián vagy a médiaelem mellett látható leirat a teljes szöveges ekvivalens (WCAG 2.2 SC 1.2.1); első sora a kanonikus AI-címke; az M4.4-NAR-01::CAPTIONS archivált .vtt-derivatíva (projektgazdai döntés, 2026-10-03, VO D-19, D-21)",AI-generált,AI-generált,"note: Magyar nyelvű hangfelvétel, 30–40 mp, semleges-barátságos hangszín.","captions, transcript","M4.4-NAR-01, M4.4-NAR-01::CAPTIONS, M4.4-NAR-01::TRANSCRIPT",,,,"R2, R3","R1, R2, R3",,Slide 1; verbatim a forrásban az M4.4-NAR-01-VO @source blokkban.,ff480053716bc562538552d56b9d8e56a7eef523a3b0df4e841254a909a16a4a,asset: M4.4-NAR-01 | captions: M4.4-FEL-01 | transcript: M4.4-LEI-01,,,
M4.4-NAR-02,M4,M4.4,online-lecke,02 Tervezet/Modulok/M4/Online leckék/M4.4 – 45 mp-es peulabemutató – vázlat egy konkrét kvucára.md,258,voiceover,narration,legyártandó,jogtisztázás alatt,,"Slide 2 narráció – „Mi az a rövid peulabemutató?""","35–45 mp narráció: a rövid peulabemutató egy fél-háromnegyed perces bevezető; nem ‘ezer fokon pörögni', hanem világos legyen miről szól, miért ennek a kvucának, mire számíthatnak; nem reklám és nem fellépés, hanem érthető, rövid meghívás.",Hangos definíció: mitől működik ez a rövid bemutató és miért 45 mp.,M4.4-NAR-02-VO,"„A peulabemutató egy nagyon rövid bevezető,
nagyjából **fél perc, háromnegyed perc**.

A lényege nem az, hogy
‘ezer fokon pörögj’,
hanem hogy **világos legyen**:

– miről fog szólni a peula,
– miért pont ennek a kvucának szól,
– és nagyjából mire számíthatnak.

Ez nem reklám és nem fellépés,
hanem egy **érthető, rövid meghívás**:
‘gyertek, ez most rólatok szól, és ezért érdemes rá figyelni’.”",a5393f6dcd659caaac08da9483d7b0979df755d61ce516ff7d78fcffe791bcbe,,,"note: Leirat/transzkript (M4.4-NAR-02::TRANSCRIPT) kötelező: csak hang, ezért a dián vagy a médiaelem mellett látható leirat a teljes szöveges ekvivalens (WCAG 2.2 SC 1.2.1); első sora a kanonikus AI-címke; az M4.4-NAR-02::CAPTIONS archivált .vtt-derivatíva (projektgazdai döntés, 2026-10-03, VO D-19, D-21)",AI-generált,AI-generált,"note: Magyar hangfelvétel, 35–45 mp, semleges-barátságos hangszín.","captions, transcript","M4.4-NAR-02, M4.4-NAR-02::CAPTIONS, M4.4-NAR-02::TRANSCRIPT",,,,"R2, R3","R1, R2, R3",,Slide 2; a slide-on szöveg külön bulletpontos vizuál (M4.4-DIA-02).,1858de21e9cfa90d50f4228b541c2e3d994b530c2c113b5d97e0a231d9fb26de,asset: M4.4-NAR-02 | captions: M4.4-FEL-02 | transcript: M4.4-LEI-02,,,
M4.4-NAR-03,M4,M4.4,online-lecke,02 Tervezet/Modulok/M4/Online leckék/M4.4 – 45 mp-es peulabemutató – vázlat egy konkrét kvucára.md,389,voiceover,narration,legyártandó,jogtisztázás alatt,,Slide 3 narráció – Az 5 kérdéses peulabemutató-sablon,"50–60 mp narráció végigvezet az 5 kérdésen: 1) kihez beszélsz, 2) miről szól a peula, 3) miért fontos nekik, 4) mit fogtok csinálni, 5) mit vigyenek haza – mindegyikhez rövid magyarázat.",Hangosan végigvezeti a tanulót az 5 kérdéses sablonon.,M4.4-NAR-03-VO,"„Ahhoz, hogy összeálljon a rövid bemutatód,
elég, ha **5 rövid kérdésre válaszolsz**.

Először: *kihez beszélsz?*
Nem mindegy, hogy 10 évesekhez, 15 évesekhez
vagy egy képzős csoporthoz –
egy mondatban próbáld megfogalmazni, kik ők.

Második: *miről szól a peula?*
Egymondatos, egyszerű témamegfogalmazás.

Harmadik: *miért fontos ez nekik?*
Itt kapcsolod össze a témát az életükkel.
Mi az a konfliktus, kérdés, helyzet,
ami miatt tényleg releváns nekik?

Negyedik: *mit fogtok csinálni?*
Nem kell a teljes forgatókönyv,
csak 1 mondat arról,
hogy játék, vita, állomás stb.

Ötödik: *mit szeretnél, hogy hazavigyenek?*
Egy mondat arról az üzenetről vagy élményről,
amit tényleg szeretnél, hogy megmaradjon bennük.”",82a6366d867ec6228277459889cbbd1e9cdee9218bc7e6b46969973c80fbec85,,,"note: Leirat/transzkript (M4.4-NAR-03::TRANSCRIPT) kötelező: csak hang, ezért a dián vagy a médiaelem mellett látható leirat a teljes szöveges ekvivalens (WCAG 2.2 SC 1.2.1); első sora a kanonikus AI-címke; az M4.4-NAR-03::CAPTIONS archivált .vtt-derivatíva (projektgazdai döntés, 2026-10-03, VO D-19, D-21)",AI-generált,AI-generált,"note: Magyar hangfelvétel, 50–60 mp, semleges-barátságos hangszín.","captions, transcript","M4.4-NAR-03, M4.4-NAR-03::CAPTIONS, M4.4-NAR-03::TRANSCRIPT",,,,"R2, R3","R1, R2, R3",,Slide 3; a slide-on a sablon-vizuál külön asset (M4.4-DIA-03).,cb9e212b5263a0ed05ef70bf00ba24a10e54efe9001d26f7480e81bb49fdfa76,asset: M4.4-NAR-03 | captions: M4.4-FEL-03 | transcript: M4.4-LEI-03,,,
M4.4-NAR-05,M4,M4.4,online-lecke,02 Tervezet/Modulok/M4/Online leckék/M4.4 – 45 mp-es peulabemutató – vázlat egy konkrét kvucára.md,610,voiceover,narration,legyártandó,jogtisztázás alatt,,"Slide 5 narráció – „Írd meg a saját 45 mp-es peulabemutató-vázlatod""","30–40 mp narráció: írd meg a saját peulabemutatód első változatát; válassz egy kvucát; használd az 5 kérdést, rövid egyszerű mondatokkal; nem kell szépnek, csak érthetőnek és őszintének lennie; az M4.B peulán kipróbálod, és a társas visszajelzés alapján finomítva adod be az ‘M4.4 – Peulabemutató-vázlat' beadandóba.",Hangos átvezetés az aktivitásba és a Moodle-beadandóba.,M4.4-NAR-05-VO,"„Most jön a lényeg:
írd meg a saját peulabemutatód első változatát.

Válassz ki egy kvucát – lehet olyan,
akikkel már dolgozol,
vagy akikkel dolgozni fogsz.

Használd az öt kérdést,
és írj rá **rövid, egyszerű mondatokat**.

Nem kell szépnek, csak **érthetőnek és őszintének** lennie.
Ezt az M4.B peulán kipróbálod a társaiddal,
és a visszajelzésük alapján finomítva
adod be az ‘M4.4 – Peulabemutató-vázlat’ beadandóban.”",2fe2195d4b0af62fac8e5fb2b99a24cb63d2ec032911c65459fd266e82bd53df,,,"note: Leirat/transzkript (M4.4-NAR-05::TRANSCRIPT) kötelező: csak hang, ezért a dián vagy a médiaelem mellett látható leirat a teljes szöveges ekvivalens (WCAG 2.2 SC 1.2.1); első sora a kanonikus AI-címke; az M4.4-NAR-05::CAPTIONS archivált .vtt-derivatíva (projektgazdai döntés, 2026-10-03, VO D-19, D-21)",AI-generált,AI-generált,"note: Magyar hangfelvétel, 30–40 mp, semleges-barátságos hangszín.","captions, transcript","M4.4-NAR-05, M4.4-NAR-05::CAPTIONS, M4.4-NAR-05::TRANSCRIPT",,,,"R2, R3","R1, R2, R3",,Slide 5; mellette a szabad szöveges mező és a Moodle-átvezetés.,047dc15fbeb1aa66d1c35109aa44b0cbb85a0b76e265226a8dc1567963abae27,asset: M4.4-NAR-05 | captions: M4.4-FEL-05 | transcript: M4.4-LEI-05,,,
M4.A-KART-01,M4,M4.A,peula,02 Tervezet/Modulok/M4/Peulák/M4.A – Állj oda! – Kiállás & jelenlét a térben.md,115,card-set,,legyártandó,specifikáció kész,,Kiállás-szobrok szerepcímke-szett,"Kis, vágható kártyaszett a kiscsoportoknak osztandó madrih-szerepekkel. Min. 3 alap szerepkártya a forrás szövege szerint: „Ideges madrih, aki legszívesebben elbújna.”; „Olyan madrih, aki nem nagyon akar itt lenni.”; „Nyugodt, jelen lévő madrih, aki kapcsolódni próbál.” Több csoportnyi példányban, egy szerep / kártya.","A „Kiállás-szobrok” gyakorlat indítása: a kiscsoportok diszkréten, kézbe adva kapják a megformázandó testtartás-szerepeket, hogy testtartásból/tekintetből olvasható nonverbális jelzéseket gyakoroljanak.",,,,,,"note: Nagy, jól olvasható betűméret; elegendő kontraszt fekete-fehér nyomtatáshoz. Alt-szöveg nem releváns (fizikai kártya); a szerepszövegek a képzői scriptben felolvasható alternatívaként is meglegyenek (a forrás explicit kínálja az „elmondva” opciót).",vegyes,"vegyes (ember-írt szerepszövegek, AI-asszisztált tördelés)","note: A4-en több vágható kártya, magyar nyelv, fekete-fehér nyomtatható; szerepenként 1 rövid mondat nagy betűvel.",print-pdf,"M4.A-KART-01, M4.A-KART-01::PRINTPDF",,,,,"R1, R5",,"Alternatíva: a szerepek el is mondhatók kártya nélkül (lásd 4.2, 2. lépés: „elmondva vagy kis lapokon”), ezért opcionális, de legyártható asset.",9347ea30cbc49c90bb23b9df81b88506c458561f4085dc63ec11f9188de2122e,asset: M4.A-KART-01,,,
M4.A-MUNK-01,M4,M4.A,peula,02 Tervezet/Modulok/M4/Peulák/M4.A – Állj oda! – Kiállás & jelenlét a térben.md,298,worksheet,,legyártandó,specifikáció kész,,Exit-mondat post-it / fókuszmondat cédula,"Kis méretű kitölthető cédula/post-it-sablon az exit-mondathoz, előnyomott mondatkezdettel a forrás szó szerinti zárómondatával: „Egy dolog, amire legközelebb figyelni szeretnék, amikor a kvucám előtt állok, az az, hogy…”, alatta üres sorok a befejezéshez és opcionális névmezővel („név (opcionális):”).","A peula zárásának kézzelfogható kimenete: a résztvevő leírja az 1 mondatos személyes fókuszát, amit a közös „M4 – kiállás” borítékba/falra tesz, és amire a modul további részében visszautalnak.",,,,,,note: Elegendő íráshely és nagy betűs előnyomott mondatkezdet; sima papíros (előnyomás nélküli) alternatíva is elfogadott. Alt-szöveg nem releváns (fizikai).,vegyes,"vegyes (ember-írt sablonszöveg, AI-asszisztált tördelés)","note: Post-it méret vagy A6-os cédula, magyar nyelv, fekete-fehér nyomtatható; több példány / lap.",print-pdf,"M4.A-MUNK-01, M4.A-MUNK-01::PRINTPDF",,,,,"R1, R5",,"Összefügg az M4.A-POSZ-01 gyűjtő-boríték/fal-elemmel; a mondat ugyanaz, mint a 4.5/1. zárókör mondatbefejezése.",74cb4c0327db7353a0f84e79e7222670e49a84ba8a005d41d03b22aaaaa0eafc,asset: M4.A-MUNK-01,,,
M4.A-MUNK-02,M4,M4.A,peula,02 Tervezet/Modulok/M4/Peulák/M4.A – Állj oda! – Kiállás & jelenlét a térben.md,389,worksheet,,legyártandó,specifikáció kész,,Képzői checklist – „Állj oda!” (1 A4),"Egyoldalas, nyomtatható képzői ellenőrzőlista a forrás 5 pontja alapján: 1) Meta tiszta? (M4.1–M4.2 testbe vitele, saját kiállás kipróbálása, hang / teremhang alapszintű kipróbálása, 1 fókuszmondat); 2) Eszközök előkészítve? (székek körben + szabad „színpad”, tábla/flip + filc, papírok/post-itek + tollak, Moodle-értesítő 24 órával a peula előtt); 3) Biztonsági keret a fejedben? (nem kötelező beállni, „most inkább figyelek”; erős szorongásnál a peula után diszkrét, de átlátható megkeresés: kettesben (1:1), személyesen vagy online (online csak szervezeti csatornán, személyes közösségimédia-fiókról nem), csak indokolt esetben és egy másik felelős tudtával; a megengedett 1:1 helyzeteket a Gyermekvédelmi működési standard v1.0 safer-working szabálya sorolja fel); 4) Időkeret reális? (45 perc, mit rövidítesz – pl. kevesebb szobor, csak 1 kör triádokban); 5) Híd az online/következő lépéshez (M4.3–M4.4, peulabemutató). Bepipálható checkbox-okkal.","A képző peula előtt/után gyorsan végigfuttatható ellenőrzőlistája az időkeret, eszközök, safety és online-híd biztosítására.",,,,,,"note: Logikus olvasási sorrend, elég nagy betű, kipipálható mezők. Alt-szöveg nem releváns (fizikai/print).",vegyes,"vegyes (ember-írt tartalom a forrásból, AI-asszisztált tördelés)","note: Pontosan 1 db A4 oldal, magyar nyelv, fekete-fehér nyomtatható, checkbox-os lista.",print-pdf,"M4.A-MUNK-02, M4.A-MUNK-02::PRINTPDF",,,,,"R1, R5",,A forrás explicit kéri az „1 A4-re” formátumot (5. szakasz címe).,edb55460654fd95407cca0c258dfd7138a5e22df005443eceda9b85458f035d6,asset: M4.A-MUNK-02,,,
M4.A-MUNK-03,M4,M4.A,peula,02 Tervezet/Modulok/M4/Peulák/M4.A – Állj oda! – Kiállás & jelenlét a térben.md,148,worksheet,,legyártandó,specifikáció kész,,Flipchart-előkészítő sablon – kulcsmondatok & megfigyelés-kulcsszavak (opcionális),"Opcionális A4 előkészítő-vázlat a képzőnek (flipchartra/táblára átrajzolható), mezőkkel: (a) safety-kulcsmondatok a forrásból („nem kötelező beállni…”, „konkrét megfigyelés, nem minősítés”); (b) „Mit olvasunk le?” megfigyelés-kulcsszavak gyűjtőoszlopa (a forrás 4.2 blokkjának záró összegzése alapján: váll, tekintet, kéz, láb); (c) záró fókusz-mondat sablonja. Üres írható zónákkal. MEGJEGYZÉS: a forrás csak élő tábla/flipchart-használatot ír elő, nem kész nyomtatott táblát – ez kiegészítő képzői segédeszköz, nem szigorúan forrás-kötelező.","Egységes vizuális keret a táblára/flipchartra, hogy a megfigyelés-kulcsszavak és a safety-mondatok láthatóan, következetesen jelenjenek meg a blokkok alatt.",,,,,,"note: Nagy, olvasható kézírás/feliratok; kontrasztos filc ajánlása a leírásban. Alt-szöveg nem releváns (fizikai).",vegyes,"vegyes (ember-írt struktúra a forrás kulcsszavaiból, AI-asszisztált sablon)","note: A4 előkészítő-vázlat a képzőnek (flipchartra átrajzolva), magyar nyelv, fekete-fehér.",print-pdf,"M4.A-MUNK-03, M4.A-MUNK-03::PRINTPDF",,,,,"R1, R5",,"Opcionális segédeszköz; a forrás a táblahasználatot több blokknál (4.2, 4.5) említi, de pre-produkált sablont nem kér explicit – ezért a contentSpec ne állítson többet a forrásnál.",eb37e348b6a1ec34e32f3bccd690597219c6fa3dfe0725f8c3dc800df42e4430,asset: M4.A-MUNK-03,,,
M4.A-POSZ-01,M4,M4.A,peula,02 Tervezet/Modulok/M4/Peulák/M4.A – Állj oda! – Kiállás & jelenlét a térben.md,331,poster,,legyártandó,specifikáció kész,,„M4 – kiállás” gyűjtő-boríték / fal-címke,"Nyomtatható, kifüggeszthető fal-címke / boríték-fej a kitöltött exit-mondatok összegyűjtéséhez: nagy felirat „M4 – kiállás – fókuszmondatok”, opcionálisan rövid instrukcióval, hogy ide kerülnek a post-itek/cédulák.","Vizuális, kifüggeszthető gyűjtőpont a fókuszmondatoknak, amely láthatóvá teszi, „milyen fókuszokkal mentek innen tovább” (4.5/2. „Ez csak arra lesz, hogy lássuk…”).",,,,,,"note: Nagy, kontrasztos felirat, távolról is olvasható fejléc. Alt-szöveg nem releváns (fizikai/kifüggesztett).",vegyes,"vegyes (ember-írt felirat, AI-asszisztált tördelés)","note: A4/A5 nyomtatható címke vagy borítékfej, fekvő/álló, magyar nyelv, fekete-fehér, nagy fejléccel.",print-pdf,"M4.A-POSZ-01, M4.A-POSZ-01::PRINTPDF",,,,,"R1, R5",,"Átsorolva print-munkalapról print-poszterre: ez kifüggesztett/kihelyezett gyűjtő-felirat, nem kitöltendő munkalap. Az M4.A-MUNK-01 cédulák gyűjtőeleme.",fb5813df401407d675772edb9c8257aba209a289925a7672891a6184e06b3ab0,asset: M4.A-POSZ-01,,,
M4.B-MUNK-01,M4,M4.B,peula,02 Tervezet/Modulok/M4/Peulák/M4.B – Mit és hogyan kérdezek – Kérdezés & peulabemutató gyakorlása.md,78,worksheet,,legyártandó,specifikáció kész,,Kilépőkártya / öntapadós jegyzet sablon (2 kérdés),"Kisméretű nyomtatható kilépőkártya / post-it-méretű kártya két kitöltendő mezővel, a forrás szövegével: (1) „Melyik kérdéstípusból szeretnél többet használni?”, (2) „Melyik peulabemutató-mondatodat szeretnéd biztosan megtartani?”. Névtelenül leadható vagy elvihető emlékeztetőként.","Az élmény lehozása konkrét, írott személyes elhatározássá; emlékeztető a terepi használathoz.",,,,,,note: Elég nagy kitöltőfelület; digitális verzióhoz alt-szöveg a két kérdés szövegével,emberi,emberi-felvétel,"note: Post-it méret vagy A6 kártya, magyar nyelvű, 2 kitöltőmezős nyomtatható sablon",print-pdf,"M4.B-MUNK-01, M4.B-MUNK-01::PRINTPDF",,,,,R5,,"Csak „ha belefér” lépés (4.4 opcionális része, 3. lépés: Kilépőkártya). A forrás szerint sima üres post-it is használható (uo.); a strukturált sablon csak segíti a kitöltést.",acc75934485345eca3c0c1a54c4c7d840561aaca071326243b6dfe79027c794e,asset: M4.B-MUNK-01,,,
M4.B-MUNK-02,M4,M4.B,peula,02 Tervezet/Modulok/M4/Peulák/M4.B – Mit és hogyan kérdezek – Kérdezés & peulabemutató gyakorlása.md,230,worksheet,,legyártandó,specifikáció kész,,Gyors peulabemutató-vázlat mini-sablon (B-terv munkalap),"Egyoldalas nyomtatható mini-munkalap az M4.4 peulabemutató-sablon 5 prompt-mezőjével: kihez beszélek / miről van szó / miért fontos nekik / mit fogtok csinálni / mit szeretnél, hogy hazavigyenek. Üres sorokkal a 4–6 mondat lejegyzéséhez.","B-terv azoknak, akik nem hozták kész az M4.4 peulabemutató-vázlatot: 3 perc alatt papírra rögtönzött peulabemutató-vázlat, hogy legyen mire ránézni a peulabemutató-kör alatt.",,,,,,note: Tiszta mezőcímkék; digitális verzióhoz alt-szöveg az 5 prompttal,emberi,emberi-felvétel,"note: A5/A4 munkalap, magyar nyelvű, 5 strukturált prompttal és üres sorokkal",print-pdf,"M4.B-MUNK-02, M4.B-MUNK-02::PRINTPDF",,,,,R5,,"Kapcsolódik az M4.4 online lecke peulabemutató-sablonjához. A képző nyomtatott tartalékként minden M4.B-re viszi (2.1): annak adja, akinél nincs meg a vázlat, és ezt osztja ki a 4.3, 2. lépés B-tervénél is.",97f50855426d1237d78d85aab0342b668f503cfc1a6c9a996cd913efd4127e3c,asset: M4.B-MUNK-02,,,
M4.B-MUNK-03,M4,M4.B,peula,02 Tervezet/Modulok/M4/Peulák/M4.B – Mit és hogyan kérdezek – Kérdezés & peulabemutató gyakorlása.md,340,worksheet,,legyártandó,specifikáció kész,,Képzői checklist (1 A4),"Egyoldalas (1 A4) nyomtatható képzői ellenőrzőlista 5 fő ponttal a forrás szerint: Meta tiszta? / Eszközök előkészítve? / Biztonsági keret a fejedben? / Időkeret reális? / Híd világos? – mindegyikhez a forrásban megadott alpontokkal (pl. a 4.3 peulabemutató-kör választható részvételi módjának felkínálása, 5. szakasz 3. pont), pipálható formátumban.","A képző gyors, peula előtti/utáni önellenőrzése; biztosítja a core elemek és az alapból, mindenkinek felkínálandó választható részvételi mód meglétét.",,,,,,"note: Pipálható dobozok, jól tagolt szakaszcímek; digitális verzióhoz strukturált szöveges ekvivalens / alt-szöveg",emberi,emberi-felvétel,"note: 1 db A4, álló, magyar nyelvű, checkbox-listás elrendezés, 5 szakaszra tagolva",print-pdf,"M4.B-MUNK-03, M4.B-MUNK-03::PRINTPDF",,,,,R5,,"A forrás explicit „1 A4-re” méretet ad meg, tehát nyomtatható artefaktum. Csak képzői használatra (nem hanih-anyag).",c4eaff742d128eb811684ffd3aaa094443c339020fc6a65bf97f12af308abbea,asset: M4.B-MUNK-03,,,
M4.B-POSZ-01,M4,M4.B,peula,02 Tervezet/Modulok/M4/Peulák/M4.B – Mit és hogyan kérdezek – Kérdezés & peulabemutató gyakorlása.md,146,poster,,legyártandó,specifikáció kész,,Kérdéstípusok flipchart-/poszter-sablon (4 típus),"Előre gyártott flipchart-/poszter-sablon (vagy kivetíthető háttér) a négy kérdéstípussal és egysoros definícióval, a forrás szövegével: Nyitott – többféle válasz, nem csak igen/nem; Zárt – rövid, konkrét válasz, igen/nem vagy adat; Tisztázó – azt ellenőrzöm, jól értem-e, amit a másik mondott; Irányító – saját véleményem felé tol (most kevésbé gyakoroljuk). Üres mezők is hagyhatók a képző élő felírásához.","Vizuális közös referencia a kérdéstípusokhoz, hogy a kvuca és a képző ugyanazt a nyelvet használja az interjú-körhinta alatt; az M4.3 online lecke (kérdezési minták) nyelvéhez köti.",,,,,,"note: Nagy, kontrasztos, jól olvasható tipográfia; ha digitálisan kivetítik, alt-szöveg szükséges a 4 kérdéstípus + definíció felsorolásával (lásd M4.B-POSZ-01)",vegyes,vegyes,"note: A2/A1 poszter vagy A4 nyomtatható flipchart-sablon, álló vagy fekvő, magyar nyelvű, 4 cellás elrendezés; opcionálisan kivetíthető dia-háttér",print-pdf,"M4.B-POSZ-01, M4.B-POSZ-01::PRINTPDF",,,,,"R1, R5",,"A forrás alapból élő felírást ír elő (4.2, 1. lépés) – ez a sablon kiváltja vagy gyorsítja azt. Kapcsolódik az M4.3 online leckéhez.",89d2f33189b49fabaae5c0e169b30466d40ed87bb3821a244f5dac7e97ed49b2,asset: M4.B-POSZ-01 | alt-text: M4.B-ALT-01,,,
M4.F-EGY-01,M4,M4.F,peula,"02 Tervezet/Modulok/M4/Peulák/M4.F – Felzárkóztató peula – Test, hang, kérdések & peulabemutató (Study Lab).md",97,print,consumable,külső forrás,specifikáció kész,,Cetli / post-it készlet a név nélküli témakérésekhez,"Fizikai post-it/cetli-készlet, résztvevőnként 1–2 db, az opcionális, név nélküli témakéréshez – a tájékozódó tábla (M4.F-POSZ-01) kijelölt sávjára vagy a közös témakérő flipchartra. Egyszínű/semleges, nem igényel nyomtatott tartalmat. Személyes haladási státusz jelölésére nem használjuk.","Név nélküli témakérés: aki szeretne, felír egy kérdést vagy témát (nem státuszt és nem nevet), amiben aznap segítséget kér.",,,,,,"note: Fizikai eszköz; a témakérés-cetli opcionális, szóban is lehet kérdezni – nincs szöveges ekvivalens igény",stock,stock / beszerzett fizikai eszköz (nem generálandó tartalom),"note: Kis, írható post-it/cetli, résztvevőnként 1–2 db (létszám szerint, tartalékkal)",,M4.F-EGY-01,,,source: beszerzendő irodaszer (post-it / matrica / filc / marker); owner: képzés-logisztika,,,,"Az M4.F-POSZ-01 tájékozódó táblához tartozik, kizárólag név nélküli témakérésre. Nem legyártandó tartalom; csak beszerzési tétel a teljesség kedvéért. Az R8 kivezetve: a szabály szövege kifejezetten „valós fotó/screenshot” esetére szól (azonosítható személy, kézírás, felhasználónév a képen). Ez a tétel beszerzendő fizikai irodaszer, nem képi anyag — se fotó, se képernyőkép, se ábrázolt személy —, így az R8-nak nincs alkalmazható kikötése rá. A beszerzési tétel specifikációja kész.",0e1e58b58d40511d96d988a81acccffb2f8a12fb36c59f2be799aa4e2aa83a32,asset: M4.F-EGY-01,,,
M4.F-EGY-02,M4,M4.F,peula,"02 Tervezet/Modulok/M4/Peulák/M4.F – Felzárkóztató peula – Test, hang, kérdések & peulabemutató (Study Lab).md",285,print,consumable,külső forrás,specifikáció kész,,Filc-/marker-készlet a fogalom-térkép táblához,"Fizikai flipchart-/tábla-filc készlet (több szín), amivel a képző a fogalom-térkép (M4.F-POSZ-02) buborékjait és a felmerült kérdés-kulcsszavakat kézzel felírja/bővíti. Nem igényel nyomtatott vagy generált tartalmat.","A fogalom-térkép és a kérdésgyűjtés kézi, élő bővítésének eszköze a Q&A blokkban (test–hang–kérdések–peulabemutató tisztázása).",,,,,,"note: Fizikai eszköz; jól látható, kontrasztos színek használata ajánlott a nagy táblán – nincs szöveges ekvivalens igény",stock,stock / beszerzett fizikai eszköz (nem generálandó tartalom),"note: Több színű flipchart-/tábla-filc, kb. 2–4 db; a tábla/flipchart típusához illő (száraz törlő vagy permanent)",,M4.F-EGY-02,,,source: beszerzendő irodaszer (post-it / matrica / filc / marker); owner: képzés-logisztika,,,,"Az M4.F-POSZ-02 fogalom-térképhez tartozik (a forrás 2.1 Eszközök listája explicit: „Filcek a táblához”). Az M4.F-POSZ-02 notes-mezeje már hivatkozott rá – ez a tétel feloldja a korábban függő (dangling) M4.F-EGY-02 hivatkozást. Nem legyártandó tartalom; csak beszerzési tétel a teljesség kedvéért. Az R8 kivezetve: a szabály szövege kifejezetten „valós fotó/screenshot” esetére szól (azonosítható személy, kézírás, felhasználónév a képen). Ez a tétel beszerzendő fizikai irodaszer, nem képi anyag — se fotó, se képernyőkép, se ábrázolt személy —, így az R8-nak nincs alkalmazható kikötése rá. A beszerzési tétel specifikációja kész.",339bc8e35521640b6076122dee2e5b1843dd32aa07b8bee27ea52a3695a9e82e,asset: M4.F-EGY-02,,,
M4.F-MUNK-01,M4,M4.F,peula,"02 Tervezet/Modulok/M4/Peulák/M4.F – Felzárkóztató peula – Test, hang, kérdések & peulabemutató (Study Lab).md",186,worksheet,,legyártandó,specifikáció kész,,Jegyzetlap – 1 gondolat / 1 kérdés leckénként (L1–L4),"Egyoldalas, nyomtatható jegyzetlap-sablon résztvevőnként. Négy szekció (L1 Test/kiállás, L2 Aktív hallgatás, L3 Kérdéstípusok, L4 Peulabemutató), mindegyiknél 2 sor: „1 gondolat” és „1 kérdés”. Fejléc a peula címével. Kézzel kitölthető vonalak.","A résztvevő leckénként rögzít 1 gondolatot és 1 kérdést; a képző ebből látja, mi érthető/nem, és ez a Blokk 3 Q&A inputja (a forrás szerint a lapokról olvasnak fel kérdéseket).",,,,,,"note: Print, kézzel kitölthető; magas kontraszt, elegendő íráshely; nem képi tartalom, külön alt-szöveg nem szükséges",vegyes,"AI-asszisztált (szöveg-sablon), nyomtatható print","note: A4 álló, 1 oldal/fő, fekete-fehér nyomtatható, magyar nyelv",print-pdf,"M4.F-MUNK-01, M4.F-MUNK-01::PRINTPDF",,,,,"R1, R5",,Összefügg a tábla-sablonnal (M4.F-POSZ-01) és a fogalom-térképpel (M4.F-POSZ-02); ugyanazt a 4 lecke-bontást követi. A peulabemutató-szekció (L4) tartalmilag a peulabemutató-sablonra (M4.F-MUNK-02) rímel.,94b829cf9687e1909a689be74f177f84877c54b3b86da55738e87283f3497934,asset: M4.F-MUNK-01,,,
M4.F-MUNK-02,M4,M4.F,peula,"02 Tervezet/Modulok/M4/Peulák/M4.F – Felzárkóztató peula – Test, hang, kérdések & peulabemutató (Study Lab).md",219,worksheet,,legyártandó,specifikáció kész,,45 mp-es peulabemutató-vázlat sablon (eszközmentes javító feladat),"Egyoldalas, nyomtatható peulabemutató-vázlat-sablon: a forrásban háromszor hivatkozott struktúra szerint 4–6 sor a 45 mp-es peulabemutató összerakásához – Kihez beszélek? / Miről szól? / Miért fontos nekik? / Mit fogunk csinálni? / Mit vigyenek haza? Mindegyikhez kézzel kitölthető hely. Rövid fejléc-emlékeztető: cél kb. 4–6 rövid mondat / ~45 mp.","Eszközmentes javító feladat: a résztvevő a kapun kapott visszajelzés alapján papíron is kiegészítheti a peulabemutató-vázlatát a javító újrabeadás előtt (aki technikai akadály miatt nem tud belépni, ezen dolgozik); egyben a Blokk 3 fogalom-térkép peulabemutató-buborékjának vázát adja.",,,,,,"note: Print, kézzel kitölthető; magas kontraszt, elegendő íráshely; nem képi tartalom, külön alt-szöveg nem szükséges",vegyes,"AI-asszisztált (szöveg/struktúra-sablon), nyomtatható print","note: A4 álló, 1 oldal/fő, fekete-fehér nyomtatható, magyar nyelv",print-pdf,"M4.F-MUNK-02, M4.F-MUNK-02::PRINTPDF",,,,,"R1, R5",,"A forrás három helyen épít a sablonra (4.2 blokk: a pótlási instrukció és a papíron dolgozás; 4.3 blokk: „a sablon szerint”) – önálló, eszközmentesen is használható print-asset, amely a jegyzetlap (M4.F-MUNK-01) L4 szekcióját bontja ki. Tartalmilag az M4.4 lecke peulabemutató-vázlatára épül.",d95bb3334a1fc90570dd6043ba2d60701d4e11365f56faec19e5d41e8102b852,asset: M4.F-MUNK-02,,,
M4.F-POSZ-01,M4,M4.F,peula,"02 Tervezet/Modulok/M4/Peulák/M4.F – Felzárkóztató peula – Test, hang, kérdések & peulabemutató (Study Lab).md",127,poster,,legyártandó,specifikáció kész,,Tájékozódó tábla – M4 leckelista + név nélküli témakérések,"Flipchart/poszter-sablon az M4 leckelistával, 4 sorban: L1 – Test (kiállás, tekintet); L2 – Aktív hallgatás & visszatükrözés; L3 – Kérdezési minták (nyitott, zárt, tisztázó, irányító); L4 – 45 mp-es peulabemutató; mellette elkülönített sáv „Miben kérsz ma segítséget?” felirattal a név nélküli témakérés-cetliknek. Nincs matricahely, személyenkénti jelölés vagy „Kész az M4” állapotsor – a saját haladását mindenki maga nézi meg a Moodle-ben.","Közös, nem személyre szóló segédeszköz a Blokk 1-beli privát állapotfelméréshez: áttekintő térkép a modul leckéiről (a képző hangosan is felolvassa), mellette hely a név nélküli témakérés-cetliknek. Senkinek a saját haladása nem kerül ki rá.",,,,,,"note: Print/flipchart; nagy, jól olvasható betűk, magas kontraszt; a képző a sorokat hangosan is felolvassa, a témakérés-cetli opcionális (szóban is lehet kérdezni)",vegyes,"AI-asszisztált (szöveg-sablon), nyomtatható/flipchartra írható print","note: Flipchart-méret (A1/A0) vagy nagy nyomtatott poszter, álló, magyar nyelv; opcionálisan kézzel a táblára másolható",print-pdf,"M4.F-POSZ-01, M4.F-POSZ-01::PRINTPDF",,,,,"R1, R5",,A név nélküli témakérés-cetlik (M4.F-EGY-01) ehhez a táblához tartoznak; a leckelista-bontás megegyezik a jegyzetlappal (M4.F-MUNK-01). A tábla nem hordoz személyes haladási státuszt.,2df29a6f9db64935eaf4810f6a63491649073060161b641c99a01075f951d835,asset: M4.F-POSZ-01,,,
M4.F-POSZ-02,M4,M4.F,peula,"02 Tervezet/Modulok/M4/Peulák/M4.F – Felzárkóztató peula – Test, hang, kérdések & peulabemutató (Study Lab).md",315,poster,,legyártandó,specifikáció kész,,Fogalom-térkép sablon – Test / Hang / Kérdések / Peulabemutató (4 buborék),"Flipchart/poszter-sablon: középen 4 előrajzolt buborék (Test; Hang / jelenlét; Kérdések; Peulabemutató – 45 mp), körülöttük üres hely a felmerült kérdések/kulcsszavak felírásához. Opcionálisan a 4 buborékhoz tartozó rövid emlékeztető-kulcsszavak: kiállás/tekintet/térfoglalás; hangerő/tempó/szünet; nyitott/zárt/tisztázó/irányító; kihez/miről/miért/mit fognak csinálni/mit vigyenek haza.",A modul (test–hang–kérdések–peulabemutató) vizuális összekötése; a Q&A során a kulcspontok és félreértések helyrerakásának kerete.,,,,,,"note: Print/flipchart; nagy betűk, magas kontraszt; a buborék-diagram szerkezetéhez alt-szöveg szükséges, ha digitálisan is megosztják",vegyes,"AI-asszisztált (szöveg/struktúra-sablon), nyomtatható/flipchartra írható print; a forrás filceket kér a kézi bővítéshez","note: Flipchart-méret (A1/A0), álló, magyar nyelv; filccel kézzel bővíthető (lásd 2.1 Eszközök)",print-pdf,"M4.F-POSZ-02, M4.F-POSZ-02::PRINTPDF",,,,,"R1, R5",,A filcek (2.1 Eszközök) ehhez a táblához tartoznak (lásd M4.F-EGY-02); tartalmilag a jegyzetlap (M4.F-MUNK-01) 4 leckéjére rímel.,3941d5ec323a34162e9acf38fcdbf0196709c6a1c3623a5cf4c568f1eec06a81,asset: M4.F-POSZ-02,,,
M5-HUB-EGY-01,M5,M5-HUB,hub,"02 Tervezet/Modulok/M5/M5 – Ez most játék vagy tanulás – Nonformális nevelés, módszerválasztás & tanulástan.md",94,print,consumable,külső forrás,specifikáció kész,,Galériaséta reakció-eszközök (post-it / pötty-matrica),"Post-it lapok és pötty-/pont-matricák a poszter-sétához, hogy a résztvevők reakciókat hagyhassanak a csoportposztereken („Mitől lett someresebb? Mi maradt még sulis?”). Beszerzendő/előkészítendő készlet, nem egyedi grafika.","Strukturált társas visszajelzés a galériaséta során, az átdolgozott peula-tervek értékeléséhez.",,,,,,note: —,stock,,note: Beszerzett post-it (több szín) + pötty-matrica ívek; mennyiség a csoportlétszámhoz igazítva,,M5-HUB-EGY-01,,,source: beszerzendő irodaszer (post-it / matrica / filc / marker); owner: képzés-logisztika,,,,"Kiegészítő eszköz az M5.A-POSZ-01 poszter-sablonhoz; nem generálandó grafika, csak beszerzés/előkészítés. Az R8 kivezetve: a szabály szövege kifejezetten „valós fotó/screenshot” esetére szól (azonosítható személy, kézírás, felhasználónév a képen). Ez a tétel beszerzendő fizikai irodaszer, nem képi anyag — se fotó, se képernyőkép, se ábrázolt személy —, így az R8-nak nincs alkalmazható kikötése rá. A beszerzési tétel specifikációja kész.",6dac4a62feb204c5a0c7780881aced0c6fbbff81f7b454634ef369fcb00b1d1a,asset: M5.A-EGY-01,,,
M5.1-DIA-01,M5,M5.1,online-lecke,"02 Tervezet/Modulok/M5/Online leckék/M5.1 – Mi a nonformális nevelés – Suli, Somer, random.md",223,diagram,,legyártandó,specifikáció kész,,Háromoszlopos formális/nonformális/informális grafika,"Egyszerű háromoszlopos (vagy három egymás alatti dobozos) tartalmi grafika: bal – formális/suli, közép – nonformális/Somer, jobb – informális/hétköznapi, spontán helyzetek. Minden oszlophoz ikon + valódi kijelölhető bullet-szöveg. Kulcsszöveget NEM szabad a képbe égetni. (Megjegyzés: H5P statikus grafika; az ""animált-diagram"" típus a legközelebbi enum-érték a tartalmi ábrához.)","A három fogalom tiszta, vizuális megkülönböztetése; az INPUT 2 definíciók rögzítése.",,,,M5.1-DIA-01-ALT#1,"Három oszlop egymás mellett: bal – formális tanulás, például a suli (tanterv, jegy, kötelező); közép – nonformális tanulás, például a Somer (szervezett, van nevelési cél, játék-élmény; a Somerben a részvétel önkéntes); jobb – informális tanulás, azaz hétköznapi, spontán helyzetek (spontán, nincs tervezett nevelési cél, sokszor észre sem veszed, hogy tanultál).",visual: informative; note: Tartalmi (információt hordozó) kép: KÖTELEZŐ ekvivalens alt-szöveg (M5.1-DIA-01::ALTTEXT). Ikonok dekoratívak (M5.1-DIA-01::ALTTEXT). Kulcsszöveg ne legyen képbe égetve.,AI-generált,AI-generált,"note: Grafika/diagram, három oszlop, reszponzív, mobil-first; a bullet-szöveg valódi szöveg a kép mellett.",alt-text,"M5.1-DIA-01, M5.1-DIA-01::ALTTEXT",,,,,"R1, R5",,"Összetartozik: M5.1-IKO-01, M5.1-DIA-01::ALTTEXT, M5.1-DIA-01::ALTTEXT. D5.2 előírás. AI-generált elem, ezért a 22. sori AI-provenance jelölés (M5.1-EGY-01) elvileg rá is vonatkozik.",af700b354c21a2e98ad3b085cfc436f291a81596fd76906fc876537191329f13,"asset: M5.1-DIA-01 | alt-text: M5.1-ALT-02, M5.1-ALT-03",,,
M5.1-EGY-01,M5,M5.1,online-lecke,"02 Tervezet/Modulok/M5/Online leckék/M5.1 – Mi a nonformális nevelés – Suli, Somer, random.md",57,other,ui-text,legyártandó,specifikáció kész,,Provenance-címke – kanonikus AI-jelölés a videók alá,"Tanulónak látható AI-provenance felirat a beszélő fej videók alá (HOOK és OUTRO), a kanonikus R1-szöveggel szó szerint: „AI-generált médiaelem · emberi lektorálással.” Etikus AI-használat jelölés (D1.3). A 22. sor szerint az AI-feltüntetés elve a SLIDE 3 ikon-grafikára (IKO-01/DIA-01) is kiterjed.",Etikus AI-feltüntetés; összhangban a képzés AI-provenance tanításával (D1.3).,,,,,,"note: Valódi kijelölhető szöveg legyen, ne képbe égetve.",emberi,emberi-felvétel,"note: Rövid szövegcímke a videó alatt, magyar.",,M5.1-EGY-01,,,,,,,"Összetartozik: M5.1-VID-01, M5.1-VID-02 (konkrét videó-címke), és elvileg M5.1-IKO-01 / M5.1-DIA-01 (a 22. sor az ikon-grafikára is kiterjeszti az AI-feltüntetést). A forrás (22. sor) modul-szinten írja elő a jelölés kitételét a leckében; a konkrét címkeszöveg (SLIDE 1) a videóra vonatkozik.",dcfdc5e1fd4c8a733cba0d6dc0e6aafb5203a76e8f7793e72f56f6ec0f87918b,asset: M5.1-EGY-01,,,
M5.1-IKO-01,M5,M5.1,online-lecke,"02 Tervezet/Modulok/M5/Online leckék/M5.1 – Mi a nonformális nevelés – Suli, Somer, random.md",262,icon-set,,legyártandó,specifikáció kész,,Három tanulástípus ikon-grafika,"Egyszerű ikon-készlet a 3 tanulástípushoz: formális (iskola), nonformális (Somer-logós jellegű kvuca), informális (chat-buborék). Egységes vizuális stílus, mobil-first, jól skálázódó.",A három fogalom vizuális megkülönböztetése és gyors felismerhetősége az INPUT 2 diagramon.,,,,,,"visual: decorative; alt_note: a lecke akadálymentesítési jegyzete dekoratívként jelöli (üres / rejtett alt); note: Az ikonok tisztán DEKORATÍVAK (a jelentést a szöveg hordozza), ezért alt üres/rejtett (lásd M5.1-DIA-01::ALTTEXT). A tartalmat a háromoszlopos diagram alt-szövege és a bullet-szöveg adja.",AI-generált,AI-generált,"note: 3 ikon, vektoros/egyszerű grafika, reszponzív, mobil-first méretezés.",,M5.1-IKO-01,,,,,"R4, R1, R5",,"Összetartozik: M5.1-DIA-01 (háromoszlopos grafika), M5.1-DIA-01::ALTTEXT (ikon-alt rejtett). AI-generált elem, ezért a 22. sori AI-provenance jelölés (M5.1-EGY-01) elvileg rá is vonatkozik.",671eb0cf5419297058a80a5992bd544383805b8ed8380e5dddf7a6fe7fa0741f,asset: M5.1-IKO-01,,,
M5.1-NAR-02,M5,M5.1,online-lecke,"02 Tervezet/Modulok/M5/Online leckék/M5.1 – Mi a nonformális nevelés – Suli, Somer, random.md",295,voiceover,narration,legyártandó,jogtisztázás alatt,,INPUT 2 narráció – három fogalom definíciója,"Kb. 70–90 mp hangnarráció a három tanulási forma definíciójával: formális (suli – tanterv és intézményi keret, jeggyel/bizonyítvánnyal hitelesítve, jellemzően kötelező jelenléttel, tanár–diák szerepben), nonformális (Somer – a suli rendszerén kívüli, szervezett, megtervezett program, amelynek van nevelési célja, csak nem dolgozatban, hanem játékban, beszélgetésben és közös élményekben jelenik meg; a Somerbe ráadásul önként jössz), és informális (hétköznapi, spontán helyzetek – spontán, előre tervezett nevelési cél nélkül). A választóvonal a tudatos nevelési cél, nem az önkéntesség. A felmondandó szöveg a hivatkozott forrásblokkban él.","A három fogalom tiszta, hangzó definíciója; a Somer = nonformális üzenet rögzítése.",M5.1-NAR-02-VO,"„Háromféle tanulási helyzetről beszélünk.

A **formális tanulás** az, amikor suliban vagy:
a keretet a tanterv és az intézmény adja, **jeggyel, bizonyítvánnyal** hitelesítik, jellemzően kötelező jelenléttel, tanár–diák szerepben.

A **nonformális tanulás** olyan, mint a Somer:
szervezett, megtervezett program a suli rendszerén kívül,
van **nevelési cél**, csak nem dolgozatban, hanem játékban, beszélgetésben, közös élményekben jelenik meg.
A Somerbe ráadásul **önként jössz** – nálunk a részvétel nem kötelező.

Az **informális tanulás** pedig **hétköznapi, spontán helyzetekben** történik:
amikor a barátaiddal beszélgetsz, nézel egy videót, hallasz valamit otthon –
nincs rá előre tervezett nevelési cél,
és **sokszor észre sem veszed, hogy közben tanultál** – mégis megragad belőle valami.

Jó tudni: a választóvonal **nem az önkéntesség**, hanem a **tudatos nevelési cél**. A someres programot az teszi nonformálissá, hogy **szándékosan, célzottan tervezzük**; az informális tanulás viszont menet közben, tervezés nélkül történik – gyakran anélkül, hogy tanulni akartál volna. Az önkéntesség a **Somer sajátja**, nem az informális tanulás ismertetőjegye.”",6ca88264ac481755172ce562d528c63d4b54d23516b5118a054ccaeff16c4fe2,,,"note: Leirat/transzkript (M5.1-NAR-02::TRANSCRIPT) kötelező: csak hang, ezért a dián vagy a médiaelem mellett látható leirat a teljes szöveges ekvivalens (WCAG 2.2 SC 1.2.1); első sora a kanonikus AI-címke; az M5.1-NAR-02::CAPTIONS archivált .vtt-derivatíva (projektgazdai döntés, 2026-10-03, VO D-19, D-21)",AI-generált,AI-generált,"note: Hang, magyar, kb. 70–90 mp.","captions, transcript","M5.1-NAR-02, M5.1-NAR-02::CAPTIONS, M5.1-NAR-02::TRANSCRIPT",,,,"R2, R3","R1, R2, R3",,"A forrás nem ír kifejezetten beszélő fejet a SLIDE 3-hoz, csak narrációt (kb. 70–90 mp) a háromoszlopos grafika fölé. A szöveget kiadás előtt emberi szakmai lektorálásnak kell alávetni (bizonyítéka a release-jegyzőkönyv, Program terv §9.3). Összetartozik: M5.1-DIA-01.",2ab514cdf3996c2ee503d80b3ffa094612e30b4c07719a355e0735333c36748f,asset: M5.1-NAR-02 | captions: M5.1-FEL-02 | transcript: M5.1-LEI-02,,,
M5.1-VID-01,M5,M5.1,online-lecke,"02 Tervezet/Modulok/M5/Online leckék/M5.1 – Mi a nonformális nevelés – Suli, Somer, random.md",83,video,ai-talking-head,legyártandó,jogtisztázás alatt,,nyitó beszélő fej – suli / Somer / hétköznapok,"AI beszélő fej videó, 16:9 arányban, max. 40 mp. Személyes ráhangolással bevezeti a három tanulási kategóriát (suli / Somer / hétköznapok), és felveti, mi számít formális, nonformális és informális tanulásnak, illetve hol van ebben a Somer. A felmondandó szöveg a hivatkozott forrásblokkban él, itt nem ismételjük.","Azonnali érzelmi bevonás, a három kategória (formális/nonformális/informális) ráhangoló bevezetése a HOOK flow-ban.",M5.1-VID-01-VO,"„Szia!
Gondolj vissza az elmúlt hetekre.
Voltál **suliban**, voltál **Somer-programon**, és voltak teljesen **más pillanatok** a barátaiddal.

Néha a tanár feleltet, néha a madrih sztorikat mesél a kvucának,
néha pedig csak TikTokokat küldötök egymásnak.

Ebben a leckében azt nézzük meg,
hogy ezek közül **mi számít formális, mi nonformális és mi informális tanulásnak**.

És azt is, hogy **a Somer hol van ebben a képben**.”",a461ce6828fbc62ccd916adee0377f165eb3256e9a704ca468ed91f57fd32783,,,"audio: spoken; visual: decorative; alt_note: csak a képi sáv (beszélő fej) dekoratív: hangalámondás nem kell (WCAG 2.2 SC 1.2.5), mert a felirat és a leirat szó szerint lefedi a narrációt; a videóelemet a dián látható, leíró videócímke azonosítja (SC 1.1.1); note: Felirat + leirat KÖTELEZŐ; a felirat szó szerint a @source szövegéből készül. A lejátszót nem rejtjük el a segédtechnológiák elől: a dián látható, leíró videócímke azonosítja (pl. „Bevezető videó – suli, Somer, hétköznapok, kb. 30–40 mp, felirattal”). A leirat a dián látható vagy összecsukható szövegként, illetve linkként érhető el.",AI-generált,AI-generált,"note: Videó, 16:9, max. 40 mp (narráció kb. 30-40 mp), feliratozott 20-40 mp-es blokkokban, mobil-first.","voiceover, captions, transcript","M5.1-VID-01, M5.1-VID-01::VOICEOVER, M5.1-VID-01::CAPTIONS, M5.1-VID-01::TRANSCRIPT",,,,"R2, R3","R1, R2, R3",,"Összetartozik: M5.1-VID-01::VOICEOVER (narráció), M5.1-VID-01::CAPTIONS (felirat), M5.1-VID-01::TRANSCRIPT (leirat), M5.1-VID-01 (dekoratív képi sáv, leíró videócímke), M5.1-EGY-01 (provenance-címke). A videó alá tanulónak látható provenance-címke kell, a kanonikus R1-szöveggel: „AI-generált médiaelem · emberi lektorálással.”",08792d4a09e62e952a32cf705fb2b3451db961e6fca5fb4208401bb0cb6864b4,asset: M5.1-VID-01 | voiceover: M5.1-NAR-01 | captions: M5.1-FEL-01 | transcript: M5.1-LEI-01 | alt-text: M5.1-ALT-01,,,
M5.1-VID-02,M5,M5.1,online-lecke,"02 Tervezet/Modulok/M5/Online leckék/M5.1 – Mi a nonformális nevelés – Suli, Somer, random.md",535,video,ai-talking-head,legyártandó,jogtisztázás alatt,,OUTRO beszélő fej thumbnail (opcionális),"Opcionális záró beszélő fej (thumbnail/rövid videó), kb. 20-30 mp narrációval: lezárás, a Somer mint nonformális nevelés összegzése (kvuca, élmény, nem suli, nem spontán), és híd a következő leckéhez (feladat → cél → kvuca → módszer).",Lezárás és átkötés a következő leckéhez; vizuális folytonosság a HOOK avatarral.,M5.1-VID-02-VO,"„Köszi, hogy végigcsináltad ezt a leckét.
Mostanra látod, hogy a Somer **nem suli, de nem is csak közös lógás**:
nonformális nevelés, ahol kvucával, élményekkel tanulunk.

A következő leckében azt nézzük meg,
hogyan jutsz el egy peula tervezésekor a **feladattól a célon és a kvucán át a módszerig** –
és nem fordítva.”",6e308c759e01baa70a0cfec5db798d7a3255f220c3ff9370c6af0773c02334a4,,,"audio: spoken; visual: decorative; alt_note: csak a képi sáv (beszélő fej) dekoratív: hangalámondás nem kell (WCAG 2.2 SC 1.2.5), mert a felirat és a leirat szó szerint lefedi a narrációt; a videóelemet a dián látható, leíró videócímke azonosítja (SC 1.1.1); note: Felirat + leirat kötelező (M5.1-VID-02::CAPTIONS, M5.1-VID-02::TRANSCRIPT); a felirat szó szerint a @source szövegéből készül. A lejátszót nem rejtjük el a segédtechnológiák elől: a dián látható, leíró videócímke azonosítja (pl. „Záró videó – összefoglalás és a következő lecke, kb. 20–30 mp, felirattal”). A leirat a dián látható vagy összecsukható szövegként, illetve linkként érhető el. Provenance-címke ugyanaz, mint M5.1-EGY-01.",AI-generált,AI-generált,"note: Videó/thumbnail, 16:9, narráció kb. 20-30 mp, feliratozott 20-40 mp-es blokkban.","voiceover, captions, transcript","M5.1-VID-02, M5.1-VID-02::VOICEOVER, M5.1-VID-02::CAPTIONS, M5.1-VID-02::TRANSCRIPT",,,,"R2, R3","R1, R2, R3",,"Opcionális elem (a lecke-meta AI-multimédia listája is opcionálisként sorolja). Összetartozik: M5.1-VID-02::VOICEOVER, M5.1-VID-02::CAPTIONS, M5.1-VID-02::TRANSCRIPT, M5.1-VID-02, M5.1-EGY-01.",c985b7297dff8ebf6349e635114d12587329683cbf9cd7973eddc8f20074ab00,asset: M5.1-VID-02 | voiceover: M5.1-NAR-03 | captions: M5.1-FEL-03 | transcript: M5.1-LEI-03 | alt-text: M5.1-ALT-04,,,
M5.2-DIA-01,M5,M5.2,online-lecke,02 Tervezet/Modulok/M5/Online leckék/M5.2 – Feladat → módszer döntési fa – Mit választok először.md,47,diagram,,legyártandó,specifikáció kész,,Központi sorrend-folyamatábra: feladat → cél → kvuca → módszer,"Vízszintes 4-lépéses folyamatábra (lánc/nyilas), elemei: FELADAT → CÉL → KVUCA → MÓDSZER. A lépések egymás után, animálva jelennek meg (balról jobbra), kiemelve, hogy a módszer az UTOLSÓ. Egy áthúzott/halvány ellenpélda is megjelenhet: ""módszer az első"" = rossz irány.","A lecke teljes mikrocélját egyetlen ábrán mutatja meg; a tanuló fejében sorrendként rögzíti a négy lépést, ami minden ágban visszatér.",,,,,,"visual: informative; alt_note: a lecke előírja az alt-szöveget, de a végleges szöveget a legyártott vizuál alapján kell megírni; note: Alt-szöveg kötelező (lásd M5.2-DIA-01::ALTTEXT): a négy lépés sorrendjének és a nyilak irányának leírása szöveggel.",AI-generált,AI-generált,"note: 16:9 slide-méret, statikus ábra vagy animált GIF/SVG (az animáció legfeljebb 5 mp, WCAG 2.2 SC 2.2.2), magyar feliratok a dobozokban, márkaszínek; némán is működik (nincs hang).",alt-text,"M5.2-DIA-01, M5.2-DIA-01::ALTTEXT",,,,,"R1, R5",,"Ez a lecke gerince; ugyanaz a diagram újrahasználva SLIDE 1, 6A-6D mini-összegzésekben és SLIDE 9-en.",b8be211d7b05d49631bd745318f09ad7ed6e9dfce463a0dea38ab624d043b243,asset: M5.2-DIA-01 | alt-text: M5.2-ALT-01,,,
M5.2-DIA-02,M5,M5.2,online-lecke,02 Tervezet/Modulok/M5/Online leckék/M5.2 – Feladat → módszer döntési fa – Mit választok először.md,152,diagram,,legyártandó,specifikáció kész,,Döntési fa térkép – 4 ág + közös visszacsatlakozás,"Branching-térkép ábra: egy gyökérből (SLIDE 2) négy ág (A: ismerkedés, B: érték-reflexió, C: készségfejlesztés, D: infóátadás) indul, mindegyik 4 lépésen (cél-mini → kvuca → módszer → összegzés) fut át, majd mind a 4 ág visszacsatlakozik a közös SLIDE 7-8-9 záróblokkba. Ágszínek/ikonok megkülönböztetve.","Vizuálisan érthetővé teszi a tanulónak (és a fejlesztőnek) a Branching Scenario szerkezetét; megmutatja, hogy bármelyik ág ugyanoda fut be.",,,,,,"visual: informative; alt_note: a lecke előírja az alt-szöveget, de a végleges szöveget a legyártott vizuál alapján kell megírni; note: Alt-szöveg kötelező (lásd M5.2-DIA-02::ALTTEXT): a 4 ág neve és a közös záróblokkba való visszatérés szöveges leírása.",AI-generált,AI-generált,"note: 16:9, SVG ágrajz, magyar címkék, 4 ágszín; statikus vagy enyhén animált (ág-kiemelés). Branching segéd-/orientációs ábraként és/vagy fejlesztői referenciaként.",alt-text,"M5.2-DIA-02, M5.2-DIA-02::ALTTEXT",,,,,"R1, R5",,"Ha csak fejlesztői/strukturális ábra, akkor is legyártandó vizuál; ha tanulói képernyőn jelenik meg, alt-szöveg kötelező.",a04b1d4a25f588056cce7d5bcc13d6144e4cf962dc415019d451a90c2d04066b,asset: M5.2-DIA-02 | alt-text: M5.2-ALT-02,,,
M5.2-IKO-01,M5,M5.2,online-lecke,02 Tervezet/Modulok/M5/Online leckék/M5.2 – Feladat → módszer döntési fa – Mit választok először.md,212,icon-set,,legyártandó,specifikáció kész,,Ág-azonosító ikonkészlet (4 ikon),"Négy egységes stílusú ikon a négy ághoz: (A) palánta/csíra = ismerkedés & bizalomépítés, (B) kézfogás = érték-reflexió, (C) puzzle-darab = készségfejlesztés/együttműködés, (D) naptár = infóátadás/tábori program. A forrásban emojiként jelölve, de gyártandó, márkázott ikonkészletté egységesítendő.","Vizuális ágazonosítás: a tanuló minden ág-slide-on azonnal felismeri, melyik útvonalon jár; következetes vizuális nyelv a döntési fában.",,,,,,"visual: informative; alt_note: a lecke előírja az alt-szöveget, de a végleges szöveget a legyártott vizuál alapján kell megírni; note: Mindegyik ikonhoz rövid alt-szöveg / dekoratív megjelölés (ha csak a fejlécet kíséri); az ágnév szövegesen mindig jelen van.",AI-generált,AI-generált,"note: 4 db SVG ikon, egységes vonalvastagság/stílus, márkaszínek, min. 64x64 px export, ágszínekhez illesztve.",alt-text,"M5.2-IKO-01, M5.2-IKO-01::ALTTEXT",,,,,"R1, R5",,"Helyettesíti a forrás nyers emojijait (🌱🤝🧩📅) egységes, hozzáférhető ikonkészlettel.",24fda96510b6ece679889e8b5e5401683e12d026062f5a7875e2ed6531874e96,asset: M5.2-IKO-01,,,
M5.2-ILL-01,M5,M5.2,online-lecke,02 Tervezet/Modulok/M5/Online leckék/M5.2 – Feladat → módszer döntési fa – Mit választok először.md,85,illustration,,legyártandó,specifikáció kész,,Bevezető jelenet-illusztráció: madrih a péntek esti felkérés előtt,"Egy madrihot ábrázoló illusztráció, aki épp megkapja a feladatot (""Tarts egy someres peulát!""), és kétféle első reakció jelenik meg gondolatbuborékban: a kedvenc játék vs. a teljes tanácstalanság. Hasomer Hacair-kontextus (someres környezet), barátságos, nem klisés.","Érzelmi belépő / kontextusteremtés: a tanuló a saját helyzetére ismer, ami motiválja a sorrend-tanulást; a slide szövegét vizuálisan támogatja.",,,,,,"visual: informative; alt_note: a lecke előírja az alt-szöveget, de a végleges szöveget a legyártott vizuál alapján kell megírni; note: Alt-szöveg kötelező (lásd M5.2-ILL-01::ALTTEXT): a jelenet és a két reakció leírása.",AI-generált,AI-generált,"note: 16:9 vagy slide-illesztett arány, raszter/vektor illusztráció, magyar nyelvű buborékszöveg vagy szöveg nélkül; márka- és someres vizuális stílus.",alt-text,"M5.2-ILL-01, M5.2-ILL-01::ALTTEXT",,,,,"R1, R5",,,a9022bd8f21904727788f8b4c4fe54d37a05e1a93d8bf5876e29075db317f941,asset: M5.2-ILL-01 | alt-text: M5.2-ALT-03,,,
M5.2-MUNK-01,M5,M5.2,online-lecke,02 Tervezet/Modulok/M5/Online leckék/M5.2 – Feladat → módszer döntési fa – Mit választok először.md,577,worksheet,,legyártandó,specifikáció kész,,Feladat–cél–kvuca–módszer mondatbefejező munkalap,"Egyoldalas munkalap a négylépéses logika rögzítésére: fejlécben a sorrend-diagram (feladat→cél→kvuca→módszer), majd kitölthető mondatkezdetek: ""Ha a feladatom az, hogy…"", ""…akkor a célom az, hogy…"", ""A kvucám…"", ""…ezért olyan módszert választok, ami…"", plusz a négy lépés külön kitöltő mezője, hogy a tanuló rávetíthesse a saját M4.4 peulabemutató-vázlatát.","Transzfer és gyakorlás: a tanuló az online leckét a saját korábbi peulabemutatójához köti; nyomtatható/offline reflexiós eszköz, amit a peula-tervezésnél elővehet.",,,,,,"note: Strukturált, géppel olvasható PDF; elegendő kontraszt és írásmező; logikus olvasási sorrend.",AI-generált,AI-generált,"note: A4 PDF, nyomtatható (fekete-fehér is olvasható), magyar nyelv, kitölthető vonalak/mezők.",print-pdf,"M5.2-MUNK-01, M5.2-MUNK-01::PRINTPDF",,,,,"R1, R5",,"A nyitott mondatbefejezés helye ez a munkalap vagy a tanuló saját jegyzete: a leckében nincs hozzá beviteli elem (tanuló-lokális lépés, D-4; nem pontozott).",edffe6f1761abf24fa422d42bcbf892f9668f93f36d3f001e2db485078f02747,asset: M5.2-MUNK-01,,,
M5.3-EGY-01,M5,M5.3,online-lecke,"02 Tervezet/Modulok/M5/Online leckék/M5.3 – Hogyan tanulunk tényleg – Gyakorlás, aktív felidézés, időben elosztott gyakorlás.md",387,other,h5p-interaction,legyártandó,specifikáció kész,,Dialog Cards Leitner-pakli (Repetition mód) – akadálymentes interaktív elem,"H5P Dialog Cards interaktív elem `Repetition` (Leitner) módban, 6-7 kártyával (Pakli A: 3 definíciós kártya gyakorlás/aktív felidézés/időben elosztott gyakorlás; Pakli B: 4 someres felismerő kártya). Azonos ülésen belüli ismételt előhívás interakció: kártya eleje (inger) → fejből válasz → megfordítás → „tudtam”/„még gyakorolnám” jelölés → nem tudott kártya visszakerül. Kötelező akadálymentesség: érintőfelület ≥ 24×24 CSS px (WCAG 2.5.8 AA); billentyűzettel + képernyőolvasóval teljes lapozás/megfordítás/Leitner-jelölés (WCAG 2.1.1 A); látható, időkorlát nélküli fókuszjelölés (WCAG 2.4.7 AA).","Önreferenciális modell-elem: a lecke maga modellezi az aktív felidézést (azonos ülésen belüli ismételt előhívással), nem csak beszél róla. A kapuhoz kapcsolódó lecke kritikus interaktív komponense, explicit WCAG-specifikációkkal, amelyeket éles indítás előtt biztosítani kell.",,,,,,"note: Maga is a11y-kritikus elem: WCAG 2.5.8 (célméret ≥24px, AA), 2.1.1 (billentyűzet, A), 2.4.7 (látható fókusz, AA) kötelező; éles indítás előtt tesztelendő.",emberi,emberi-felvétel,"note: H5P Dialog Cards, `Repetition` mód (NEM `Normal`); 6-7 kártya, magyar; mobil-first; kártyaszöveg a slide-okból származó, ember által írt tartalom (AI-asszisztált finomítás esetén a felületen jelölve).",,M5.3-EGY-01,,,,,,,"A kártyák szövege a forrásban kész (3.5, Pakli A és B). Az ikonok (M5.3-IKO-01) opcionálisan újrahasznosíthatók a kártyákon. Külön H5P elem a Column-ban, a Course Presentation után, a Question Set előtt.",b5e3d398cacaf386dde2cbed1dfb1e55dea2c898f2d92cc6d176896b2a831ce1,asset: M5.3-EGY-01,,,
M5.3-IKO-01,M5,M5.3,online-lecke,"02 Tervezet/Modulok/M5/Online leckék/M5.3 – Hogyan tanulunk tényleg – Gyakorlás, aktív felidézés, időben elosztott gyakorlás.md",129,icon-set,,legyártandó,specifikáció kész,,"Három kulcsfogalom ikon-trió (gyakorlás, aktív felidézés, időben elosztott gyakorlás)","Három koherens stílusú ikon: 1) Gyakorlás (aktív cselekvés – pl. éneklő/csináló figura, kéz); 2) Aktív felidézés (fejből felidézés – pl. agy + emlékezés-jel, becsukott füzet); 3) Időben elosztott gyakorlás (több külön blokk/időpont – pl. naptár-pontok, elosztott blokkok). Egységes vizuális nyelv.","Vizuálisan rögzíti és megkülönbözteti a három alapfogalmat egy képernyőn; végigkíséri a leckét (SLIDE 3, Dialog Cards, Quiz).",,,,,,"visual: informative; alt_note: a lecke előírja az alt-szöveget, de a végleges szöveget a legyártott vizuál alapján kell megírni; note: Kell alt-szöveg ikononként – itt jelentéshordozók, nem dekoratívak (lásd M5.3-IKO-01::ALTTEXT).",AI-generált,AI-generált,"note: SVG, egységes line/flat stílus, mobil-first méret; 3 ikon készletként; magyar címkékkel párosítva a slide-on.",alt-text,"M5.3-IKO-01, M5.3-IKO-01::ALTTEXT",,,,,"R1, R5",,"Ugyanez a három fogalom tér vissza SLIDE 3, Dialog Cards Pakli A/B, Quiz – az ikonok újrahasznosíthatók (a forrás explicit ikon-igényt csak a SLIDE 2-nél jelez; máshol opcionális dizájn-újrafelhasználás). Alt-szöveg: M5.3-IKO-01::ALTTEXT.",11806fe7eb64ca745b5aae8cea27476846c63d99de70b2d39fd6287b30e9defa,asset: M5.3-IKO-01 | alt-text: M5.3-ALT-02,,,
M5.3-ILL-01,M5,M5.3,online-lecke,"02 Tervezet/Modulok/M5/Online leckék/M5.3 – Hogyan tanulunk tényleg – Gyakorlás, aktív felidézés, időben elosztott gyakorlás.md",51,illustration,,legyártandó,specifikáció kész,,Két tanulási történet – A vs. B szembeállítás (Hook),"Kétoszlopos illusztráció: A) valaki egy este alatt, egyben magol egy hosszú listát (dalok/nevek, éjszaka, fáradtság, alvás); B) ugyanaz a személy több külön napon, rövidebb blokkokban átnézi a listát és néha fejből próbálja felidézni (nem csak olvas). A két forgatókönyv vizuális szembeállítása (magolás vs. elosztott gyakorlás + aktív felidézés).",Ráhangolás a magolás vs. elosztott gyakorlás témára; vizuálisan teszi kézzelfoghatóvá a választást a Single Choice kérdés előtt.,,,,,,"visual: informative; alt_note: a lecke előírja az alt-szöveget, de a végleges szöveget a legyártott vizuál alapján kell megírni; note: Kell alt-szöveg: a két forgatókönyv (A egyben magol éjjel / B több napon, fejből felidéz) tömör leírása (lásd M5.3-ILL-01::ALTTEXT).",AI-generált,AI-generált,"note: Álló vagy fekvő, mobil-first arány; PNG/SVG; magyar feliratozású minimál szöveggel vagy szöveg nélkül; H5P Course Presentation slide-háttér/illusztráció.",alt-text,"M5.3-ILL-01, M5.3-ILL-01::ALTTEXT",,,,,"R1, R5",,A SLIDE 1 Single Choice interakciójához kapcsolódik. Alt-szöveg: M5.3-ILL-01::ALTTEXT.,7123d436c290422937c3d407b65ef763faf6c3e98714e06acabc37532bdecaf5,asset: M5.3-ILL-01 | alt-text: M5.3-ALT-01,,,
M5.3-ILL-02,M5,M5.3,online-lecke,"02 Tervezet/Modulok/M5/Online leckék/M5.3 – Hogyan tanulunk tényleg – Gyakorlás, aktív felidézés, időben elosztott gyakorlás.md",203,illustration,,legyártandó,specifikáció kész,,Somer-példák a három fogalomra – három mini-jelenet,"Három koherens stílusú someres jelenet-illusztráció: 1) Gyakorlás – madrih új játékot tanít, a kvuca többször eljátssza egyre kevesebb magyarázattal; 2) Aktív felidézés – következő pénteken a kvuca fejből próbálja felidézni a múltkori játék szabályát/üzenetét; 3) Időben elosztott gyakorlás – egy téma/játék táborig 3-4× röviden kerül elő (idővonal/naptár jelleg). Hasomer Hacair közösségi kontextus.",A három absztrakt fogalmat konkrét someres (peula/ken/tábor) helyzetekre húzza rá.,,,,,,"visual: informative; alt_note: a lecke előírja az alt-szöveget, de a végleges szöveget a legyártott vizuál alapján kell megírni; note: Kell alt-szöveg mindhárom jelenethez (lásd M5.3-ILL-02::ALTTEXT).",AI-generált,AI-generált,note: Három koherens stílusú illusztráció vagy egy hármas kompozíció; mobil-first; PNG/SVG; magyar minimál címkékkel.,alt-text,"M5.3-ILL-02, M5.3-ILL-02::ALTTEXT",,,,,"R1, R5",,A SLIDE 3 True/False kérdéshez (időben elosztott gyakorlás ≠ magolás) kapcsolódik. Alt-szöveg: M5.3-ILL-02::ALTTEXT. Stílusban illeszkedjen az M5.3-IKO-01 ikonokhoz.,3999d9a43dbe684300778f2cb123743d431597f756d8b52a8903ec0cf34327c5,asset: M5.3-ILL-02 | alt-text: M5.3-ALT-03,,,
M5.4-ILL-01,M5,M5.4,online-lecke,02 Tervezet/Modulok/M5/Online leckék/M5.4 – Cél–kvuca–módszer mini-táblázat – saját adatbázisod madrihként.md,77,illustration,,legyártandó,specifikáció kész,,Minta-táblázat kártya-nézet (mobilbarát) – 3 helyzet blokk,"3 kártyából álló, mobilbarát vizuális minta-elrendezés; minden kártya egy helyzet, benne a 4 mező egymás alatt (Feladat / cél, Kvuca, Módszer / forma, Tanulástan-szemlélet) a SLIDE 2 minta pontos tartalmával (1. ismerkedés / 2. szolidaritás-reflexió / 3. szabály-tisztázás). Mezőcímkék kiemelve, tiszta tipográfia. ELSŐDLEGESEN H5P-ben szövegként renderelendő; csak akkor készüljön külön vizuális asset, ha designolt kártya-mintaként jelenik meg.","Konkrét, követhető példa a tanulónak arról, hogyan néz ki a saját elkészítendő táblázata; mintaként vezeti a SLIDE 4–5 saját kitöltést és az M5.4-MUNK-01 sablon tartalmi forrása is.",,,,,,"visual: informative; alt_note: a lecke előírja az alt-szöveget, de a végleges szöveget a legyártott vizuál alapján kell megírni; note: Ha képként készül, teljes alt-szöveg / leírás kell, amely felsorolja mindhárom kártya 4 mezőjének értékét; preferált a valódi szöveges (H5P) renderelés alt helyett, mert akkor natívan olvasható.",AI-generált,AI-generált,"note: Mobil-first elrendezés, álló (portré) arány; magyar szöveg; ha képként renderelődik, PNG vagy SVG, retina-felbontás.",alt-text,"M5.4-ILL-01, M5.4-ILL-01::ALTTEXT",,,,,"R1, R5",,"Borderline asset: a forrás szöveges blokként is megadja (SLIDE 2 minta), ezért nem kötelezően legyártandó grafika. Megtartva mint feltételes vizuális minta. provenance „AI-generált” (illusztráció, nem felvétel). Külön ALT-asset nem indokolt: a kép feltételes, és az alt-igény az a11y mezőbe foglalva — különálló alt-szöveg false positive lenne, ha a vizuál meg sem épül.",edfd7cbdae6879b302df2020f5ae259d35d57b63e1e00b8c174c70a20a07f19a,asset: M5.4-ILL-01,,,
M5.4-MUNK-01,M5,M5.4,online-lecke,02 Tervezet/Modulok/M5/Online leckék/M5.4 – Cél–kvuca–módszer mini-táblázat – saját adatbázisod madrihként.md,268,worksheet,,legyártandó,specifikáció kész,,Letölthető „Feladat–kvuca–módszer + tanulástan” kitölthető sablon (doc / sheet),"4 oszlopos kitölthető sablon doc ÉS sheet formátumban. Oszlopok: Feladat / cél | Kvuca (kor, hangulat) | Módszer / forma | Tanulástan-szemlélet (gyakorlás / aktív felidézés / időben elosztott gyakorlás). Legalább 3–4 üres sor. A fejlécben a SLIDE 5 mini-sablon kitöltési logikája (1–4 mező) rövid útmutatóként; a struktúra kövesse a SLIDE 2 minta-táblázatot. Opcionálisan egy előre kitöltött minta-sor a SLIDE 2 / SLIDE 5 példából (pl. névtanulós labdajáték sor).","A modulproduktum (Assignment-leadás) alternatív, fájl-alapú leadási útja: aki nem online szövegként ad le, ennek kitöltésével és feltöltésével teljesíti a leadást. A táblázat madrihként később újrahasznosítható peulatervezéshez.",,,,,,"note: Valódi táblázat-struktúra (nem kép), megjelölt oszlopfejlécekkel és kitölthető cellákkal, hogy képernyőolvasóval is használható és kitölthető legyen; a dokumentum nyelve magyarra állítva.",emberi,emberi-felvétel,"note: Szerkeszthető dokumentum: Google Doc + Google Sheet (csak szervezeti fiókban, korlátozott megosztással) és/vagy .docx / .xlsx; A4 nyomtatható elrendezés is; magyar nyelv.",print-pdf,"M5.4-MUNK-01, M5.4-MUNK-01::PRINTPDF",,,,,R5,,"Ugyanaz a tartalmi struktúra, mint a SLIDE 2 minta-táblázat és a SLIDE 5 mini-sablon; az Assignment online-text mező alternatívája. provenance az enum hiányában „emberi-felvétel” = ember által összeállított/szerzett sablon (nem AI-generált); ez a négy provenance-érték közül a leghűbb a humán-szerzőségre.",420ff4758a64cd279846aa520cd75d2f0399dc5851342ccf2360709079c88fc7,asset: M5.4-MUNK-01,,,
M5.A-KART-01,M5,M5.A,peula,"02 Tervezet/Modulok/M5/Peulák/M5.A – Suli, Somer vagy random – Hol tanulunk és hogyan.md",152,card-set,,legyártandó,specifikáció kész,,"12 helyzetkártya – kétoldalas szett (front: sztori, hátlap: címke)","12 db nyomtatható/kivágható helyzetkártya; a verbatim szöveg kánoni helye a „## 6. Melléklet – 12 helyzetkártya – szövegek” szakasz. Frontoldal: 1–3 mondatos szituáció-leírás (dolgozat jeggyel; péntek délutáni kvuca-kör; buszos TikTok; matek-szakkör versenyre; kenben felelősség-poszter; FIFA-maraton; tábortűz-történet a Somerről; iskolai szavalóverseny zsűrivel; családi vacsora; ken új játék + megbeszélés szolidaritásról; frontális 20 perces tanóra; Insta/TikTok görgetés). Hátoldal/sarok: képzői címke [SULI]/[SOMER]/[HÉTKÖZNAPOK] a fogalommal (formális/nonformális/informális). Felosztás: 6–8 db a 3 sarok játékhoz (kevert típus), csoportonként 2–3 db keverve a fő gyakorlathoz.",A sarokjáték és a kiscsoportos „átöltöztetés” gyakorlat alapanyaga; konkrét élethelyzeteken keresztül gyakoroltatja a besorolást (Suli/Somer/Hétköznapok) és a feladat→cél→kvuca→módszer gondolkodást; több kártya szándékosan határeset a vitához.,,,,,,"note: Olvasható törzsbetűméret a kézbe vehető kártyán; a hátlapcímke kontrasztos legyen. A sarokjátékban a szöveget a képző felolvassa, így a kártya nem írásolvasásra szorul; a fő gyakorlatban a csoport közösen olvassa.",vegyes,vegyes,"note: 12 kártya, A4-enként 2–4 kártya a vágási helyhez, kétoldalas (front: történet, hátlap: [SULI]/[SOMER]/[HÉTKÖZNAPOK] kicsiben sarokba vagy hátoldalra); nyomtatható PDF, magyar nyelv",print-pdf,"M5.A-KART-01, M5.A-KART-01::PRINTPDF",,,,,"R4, R1, R5",,A „2.1 Eszközök” 8 példa-szituációja és a 4.2 sarokjáték 6 sztorija a 6. melléklet 12 kártyájának részhalmaza/parafrázisa. A front/hátlap szétválasztás kánoni helye a „Javaslat nyomtatáshoz” szakasz.,e9d22b0e68c38bdc708099edf1f21bfaf001f673f0c92ea71f247bee1b84b4e5,asset: M5.A-KART-01,,,
M5.A-MUNK-01,M5,M5.A,peula,"02 Tervezet/Modulok/M5/Peulák/M5.A – Suli, Somer vagy random – Hol tanulunk és hogyan.md",3,worksheet,,legyártandó,specifikáció kész,,Poszter-sablon: 4 mezős „átöltöztetés” mini-táblázat,"Kiscsoportonkénti A3/flipchart-lap sablon a fő gyakorlathoz. Felül sáv a kiinduló helyzet rövid (1–2 mondatos) leírásának. Alatta 4 mezős mini-táblázat: (1) Feladat / cél – mit éljen át/tanuljon a kvuca; (2) Kvuca – korosztály, hangulat, beszédesség; (3) Módszer / forma – konkrét gyakorlat/peula-részlet; (4) Mitől lesz Somer? – 1 mondat a sulis/spontán verziótól való különbségről. A mezők megnevezve, a csoport tölti ki filccel. Lehet üres A3 + külön mintaábra a 4 mező elrendezéséről, vagy előrenyomtatott keret. A poszter mellé szabad sáv/margó is kell a galériaséta post-it/pötty reakcióinak.","Strukturálja a kiscsoportos alkotást a feladat→cél→kvuca→módszer lánc mentén; biztosítja, hogy a poszter a galériasétán önmagában, kívülálló számára is érthető legyen.",,,,,,"note: Egyértelmű, nagy mező-feliratok; elég nagy kitölthető felület; nem írásos hozzájárulás is lehetséges (rajz/szimbólum a mezőkben); a galériasétán a poszter szóban (házigazda) is megtámogatható.",vegyes,vegyes,"note: Kiscsoportonként 1 db A3 / flipchart-lap; filccel kitölthető; opcionálisan előrenyomtatott 4 mezős keret-PDF, mellette/körötte szabad reakció-sáv; magyar nyelv",print-pdf,"M5.A-MUNK-01, M5.A-MUNK-01::PRINTPDF",,,,,"R1, R5",,"A galériaséta (4.4.1) ezeket a posztereket állítja ki; az első 3 mező (feladat/cél – kvuca – módszer) átemelhető az M5.4 saját táblázatba; a tanulástan-oszlop ott új mező, nem a 4. mezőből lesz (5. checklist).",5449c2833746ed0648dddd9da599d6320f40ca08b1a75035b0f69725d2571d10,asset: M5.A-MUNK-01,,,
M5.A-MUNK-02,M5,M5.A,peula,"02 Tervezet/Modulok/M5/Peulák/M5.A – Suli, Somer vagy random – Hol tanulunk és hogyan.md",294,worksheet,,legyártandó,specifikáció kész,,Flipchart-sablon: „Feladat / Cél → Kvuca → Módszer” lánc,"Egy flipchart-lapra felírandó/előkészített lánc-struktúra: „Feladat / Cél → Kvuca → Módszer”, nyíllal összekötve, jól láthatóan a teremben. A képző élőben fut át rajta egy kész példasort (tábori szabályok átadása → cél → kvuca → módszer). Lehet kézzel felírni vagy előkészített sablonként nyomtatni/kivetíteni.","Vizuális horgony a kiscsoportos munkához; folyamatosan szem előtt tartja a döntési láncot, amelyre a poszterek épülnek (kapcsolódik az M5.2 feladat→módszer döntési fához).",,,,,,"note: Nagy, kontrasztos felirat a teremből olvashatósághoz; a lánc szóban is elhangzik az élő mini-felvezetőben (214-221), így nem csak vizuálisan érhető el.",vegyes,vegyes,note: 1 db flipchart-lap vagy A3 sablon; kézzel írható vagy nyomtatható/kivetíthető; magyar nyelv,print-pdf,"M5.A-MUNK-02, M5.A-MUNK-02::PRINTPDF",,,,,"R1, R5",,Tartalmilag kapcsolódik a 4.3.2 4 mezős sablonhoz (M5.A-MUNK-01); a lánc három eleme oda kerül át mezőkként (a 4. mező a „Mitől lesz Somer?”). Élőben kiváltja a 4.3.1 instrukció (190) „táblára felírt struktúra” szükségletét is.,81071c691a1cad6893cb1dc55c69d4d23f260c4edd3b19e5f8a30aacc3c1f1e8,asset: M5.A-MUNK-02,,,
M5.A-POSZ-01,M5,M5.A,peula,"02 Tervezet/Modulok/M5/Peulák/M5.A – Suli, Somer vagy random – Hol tanulunk és hogyan.md",186,poster,,legyártandó,specifikáció kész,,3 sarok-felirat: SULI / SOMER / HÉTKÖZNAPOK,"Három nagy, jól olvasható A4/A3 falifelirat, egyenként egy szóval/kifejezéssel: „SULI”, „SOMER”, „HÉTKÖZNAPOK”. A terem három sarkának/zónájának kijelölésére szolgálnak a 3 sarok játékhoz. Vastag, távolról is olvasható tipográfia; opcionálisan zárójelben a fogalom (formális / nonformális / informális).",A 3 sarok mozgásos játék fizikai zónáit jelöli; testben/mozgásban élményesíti az M5.1 formális–nonformális–informális fogalmait.,,,,,,"note: Nagy kontraszt és nagy betűméret a távolról olvashatósághoz; a zóna a feliratokon túl szóban is megnevezhető (a felolvasott sztori után a képző kimondja a 3 sarok nevét), így a felirat nem az egyetlen tájékozódási pont.",vegyes,vegyes,"note: 3 db, A4 vagy A3, álló vagy fekvő, fekete-fehér is elég; nyomtatható PDF, magyar nyelv",print-pdf,"M5.A-POSZ-01, M5.A-POSZ-01::PRINTPDF",,,,,"R1, R5",,"Ugyanaz a 3 fogalom köszön vissza a helyzetkártyák hátlapcímkéin ([SULI]/[SOMER]/[HÉTKÖZNAPOK], lásd M5.A-KART-01).",21c2fe79aa2e73984357b640862af73b65e08f44b43ba8ea71ab6db9bc93a05a,asset: M5.A-POSZ-01,,,
M5.B-KART-01,M5,M5.B,peula,02 Tervezet/Modulok/M5/Peulák/M5.B – Tervezek egy nonformális peula-részletet – hogy tényleg tanuljunk is.md,3,card-set,,legyártandó,specifikáció kész,,Indítósor-kártyaszett (6-8 db kész táblázat-sor),"6-8 db nyomtatott kártya, mindegyiken egy kész 'táblázat-sor': CÉL + KVUCA (kor + hangulat) + 1 nyers MÓDSZER-mag. A forrás 6 konkrét mintát ad (44-50. sor): névtanulós labdajáték; szabály-színház; dilemma-kártyák + sarokba állás; gyors kvíz párokban; közös kihívás-pálya; páros interjú. A 6-8 db eléréséhez 1-2 további sort is meg kell írni hasonló mintára. A táblázatot nem hozó/elakadt csoport húz egyet, a saját korosztályára alakítja, és abból tervez tovább.","Tartalékeszköz: ha a résztvevő nem hozta el / nem készült el az M5.4 táblázata, azonnal van miből dolgozni; a peula fő gyakorlata (1 sor → peula-részlet) így sem akad el. Az 'Indítókártyás mód' (kapu-csúszás) fő hordozója.",,,,,,"note: Olvasható, nagy betűs nyomtatás; tartalom rövid, kártyánként önállóan értelmezhető szöveg.",emberi,emberi-felvétel,"note: Nyomtatott kártyaszett, 6-8 db, kártya-méret (pl. A6/A5), magyar nyelv, kártyánként 1 cél + 1 kvuca + 1 módszer-mag.",print-pdf,"M5.B-KART-01, M5.B-KART-01::PRINTPDF",,,,,R5,,Print-fizikai. Kapcsolódik a 4.2.1 'Indítókártyás út' tartalékmegoldáshoz és a zárókör hídjához (utólag rögzítés az M5.4 táblázatba). Az 1.1-ben leírt 'Indítókártyás mód' kerülőútjának eszköze.,a473898c7cce73ecbf7a4096d0d965f75730ffd3298b551c72db2433b83fd3dc,asset: M5.B-KART-01,,,
M5.B-KART-02,M5,M5.B,peula,02 Tervezet/Modulok/M5/Peulák/M5.B – Tervezek egy nonformális peula-részletet – hogy tényleg tanuljunk is.md,213,card-set,,legyártandó,specifikáció kész,,Élő kvíz – képzői állítás-kártyák (5 db igaz/hamis + súgó),"5 db előre megírt, nyomtatott állítás-kártya az induló élő (igaz/hamis, állj-egyik-oldalra) kvízhez. A forrás (100-121. sor) MIND az 5 állítást szó szerint megadja, mindegyikhez a helyes választ és a képző által felolvasandó rövid magyarázatot: (1) időben elosztott gyakorlás = egyetlen hosszú blokk (Hamis); (2) kérdezés→aktív felidézés (Igaz); (3) madrih sokat beszél (Hamis); (4) gyakorlás=csinál valamit (Igaz); (5) többszöri visszatérés=időben elosztott gyakorlás (Igaz). Kártyánként: állítás szövege + HELYES válasz jelölése + 1-2 mondatos képzői súgó. Legyártandó: ezek tördelt, felolvasható elrendezése (képzői súgó-kártya / lap).","A nyitóblokk (0–10') hordozója: a képző folyékonyan, sorrendben tudja felolvasni az 5 állítást és a hozzá tartozó helyes választ + magyarázatot, hogy a tanulástan három kulcsfogalmát (gyakorlás, aktív felidézés, időben elosztott gyakorlás) élőben aktiválja. A checklist kötelező előkészített eleme.",,,,,,"note: Nagy betűs, jól tagolt elrendezés a gyors felolvasáshoz; a helyes válasz vizuálisan kiemelve (pl. félkövér / szín), hogy a képző egy pillantással lássa.",emberi,emberi-felvétel,"note: Nyomtatott állítás-/súgókártya-szett vagy 1 képzői lap, 5 tétel, magyar nyelv; tételenként: állítás + helyes válasz (Igaz/Hamis) + rövid súgó-szöveg. Kézben tartható, felolvasásra optimalizált tördelés.",print-pdf,"M5.B-KART-02, M5.B-KART-02::PRINTPDF",,,,,R5,,"Print-fizikai / képzői súgó. Korábbi körből KIMARADT asset – a 2.3 és az 5. checklist explicit 'előkészített' tételként nevezi meg, és a 4.1 a teljes tartalmat verbatim hozza, ezért legyártandó (nem rögtönzött). Megkülönböztetendő a MUNK-03 tábla-sablontól: az a kulcsszavakat/struktúrát viszi a táblára, ez a kvíz-állításokat a képző kezébe.",d2863b1d7e8b0c23eec0b6b38a667553907eb13538602c06c863409527eb0b98,asset: M5.B-KART-02,,,
M5.B-MUNK-01,M5,M5.B,peula,02 Tervezet/Modulok/M5/Peulák/M5.B – Tervezek egy nonformális peula-részletet – hogy tényleg tanuljunk is.md,106,worksheet,,legyártandó,specifikáció kész,,A3 / flipchart üres vázlatlap (3-4 blokkos peula-részlet),"Kiscsoportonként 1 db A3/flipchart-lap a peula-részlet vázlatának. A forrás szerint ez alapvetően ÜRES lap, amit a csoportok filccel töltenek ki; a 'javasolt rajz' csak ajánlás: 3-4 blokk (indítás / fő aktivitás / minizárás). A poszterre a csoportoknak min. 4 részt kell rajzolniuk (4.2.2, 174-180): (1) Cél, (2) Kvuca-jellemzők kor+hangulat, (3) Konkrét gyakorlat/játék lépésekben, (4) Hol jelenik meg: gyakorlás/aktív felidézés/időben elosztott gyakorlás. FONTOS: a forrás nem ír elő nyomtatott mezőket – a lap üres, a struktúrát a táblára felírt sablon adja (lásd M5.B-MUNK-03). Opcionálisan elő lehet rajzolni a 3-4 blokkot.","Hordozó a kiscsoportos poszterezéshez: a 10-15 perces peula-részlet vázlatának (cél, kvuca, felépítés, tanulástan-elem) megrajzolásához.",,,,,,"note: Elegendő üres hely a kézzel/filccel íráshoz; ha előrajzolt blokkok vannak, nagy, jól olvasható mezőcímkék.",emberi,emberi-felvétel,"note: A3 / flipchart-lap, üres (opcionálisan 3-4 előrajzolt blokk-kerettel), magyar nyelv, kézzel/filccel kitölthető. Kiscsoportonként 1 db.",print-pdf,"M5.B-MUNK-01, M5.B-MUNK-01::PRINTPDF",,,,,R5,,"Print-fizikai. A forrás üres lapot ír le 'javasolt rajzzal', nem kész 4-mezős nyomtatott sablont – a korábbi spec ezt túlírta. A kitöltést irányító 'Javasolt struktúra' a táblára kerül (M5.B-MUNK-03).",f9695e4ec5f3f72cf120b245b5823156a9588041a3bf13ecac3d884c66ed3fa6,asset: M5.B-MUNK-01,,,
M5.B-MUNK-02,M5,M5.B,peula,02 Tervezet/Modulok/M5/Peulák/M5.B – Tervezek egy nonformális peula-részletet – hogy tényleg tanuljunk is.md,35,worksheet,,legyártandó,specifikáció kész,,"Mintatáblázat – „Cél–kvuca–módszer"" (2-3 db tartalék)","2-3 db nyomtatott kész 'Cél–kvuca–módszer' mini-táblázat (az M5.4 mintasoraiból) azoknak, akiknek nincs saját kitöltött táblázatuk. Több kész sort tartalmaz, amiből a résztvevő egyet kiválaszt és abból dolgozik tovább (4.2.1: „Válasszatok ki pontosan 1 sort"").","Tartalék azoknak, akik nem hozták el / nem készítették el a saját M5.4 táblázatukat; biztosítja, hogy mindenki tudjon 1 sort választani a fő gyakorlathoz.",,,,,,"note: Olvasható táblázatos elrendezés, fejléccel; nagy betűs, kézben tartható méret.",emberi,emberi-felvétel,"note: Nyomtatott táblázat-lap, 2-3 példány, magyar nyelv, oszlopok: cél / kvuca / módszer. Az M5.4 mintasorait újrahasznosítja.",print-pdf,"M5.B-MUNK-02, M5.B-MUNK-02::PRINTPDF",,,,,R5,,"Print-fizikai. Származtatott az M5.4 leckéből; ott a forrássorok visszakereshetők. Megkülönböztetendő a KART-01 indítókártyáktól: ez teljes táblázat-lap több sorral, az indítókártyák egy-egy különálló sort hordoznak.",af578b5c9ad234b144aff26dcf39eb95b82c21c6bd63e8feae287798219f933b,asset: M5.B-MUNK-02,,,
M5.B-MUNK-03,M5,M5.B,peula,02 Tervezet/Modulok/M5/Peulák/M5.B – Tervezek egy nonformális peula-részletet – hogy tényleg tanuljunk is.md,138,worksheet,,legyártandó,specifikáció kész,,Tábla/flipchart sablonlap – kulcsszó-panel + javasolt tervezési struktúra,"Előre megtervezett tábla/flipchart-elrendezés (a képző élőben írja fel, de tervezett sablon kell hozzá): (a) a három kulcsszó kiírva – gyakorlás, aktív felidézés, időben elosztott gyakorlás; (b) a javasolt tervezési struktúra felírható váza: Cél: „Azt szeretnénk, hogy a kvuca …"" / Kvuca: „… évesek, általában … (energiaszint, beszédkedv)"" / Felépítés (10–15’): Indítás (1–3’) – Fő aktivitás (7–10’) – Minizárás (1–2’) / Tanulástan-jelölés (hol gyakorlás/aktív felidézés/időben elosztott gyakorlás). Legyártandó: a sablon-elrendezés terve (előre nyomtatott lapon vagy a képző által követendő felírási minta).","Vizuális közös referencia a tanulástan-kulcsszavakhoz és a tervezési struktúrához; segíti a kiscsoportokat, hogy a sablon szerint töltsék ki az üres A3-at (MUNK-01).",,,,,,"note: Nagy betűs, kontrasztos felirat, hogy a kör távolabbi pontjáról is olvasható legyen.",emberi,emberi-felvétel,"note: Flipchart/tábla-sablon, magyar nyelv, kézzel írt vagy előre nyomtatott sablonlap; 3 kulcsszó + struktúra-keret (Cél/Kvuca/Felépítés/Tanulástan).",print-pdf,"M5.B-MUNK-03, M5.B-MUNK-03::PRINTPDF",,,,,R5,,Print-fizikai / élő tábla. A 4.1 kvíz a három kulcsszót szóban aktiválja; itt a tervezési struktúra felírása a legyártandó elem. Párban használandó a MUNK-01 üres vázlatlappal.,39e79059881ca44f4f87ef571c4ad758efc2fc465513f4836bb3b5e72c745fa6,asset: M5.B-MUNK-03,,,
M5.F-MUNK-01,M5,M5.F,peula,"02 Tervezet/Modulok/M5/Peulák/M5.F – Felzárkóztató peula – Suli, Somer & tanulástan (Study Lab).md",165,worksheet,,legyártandó,specifikáció kész,,Jegyzetlap – „1 gondolat / 1 kérdés leckénként” (L1–L4),"Egyoldalas, kinyomtatható jegyzetlap minden résztvevőnek, négy lecke-szekcióval (L1, L2, L3, L4), leckénként 2–2 sorral: egy sor „1 gondolat” (mi volt a legfontosabb), egy sor „1 kérdés” (ami benned maradt). Rövid fejléc-instrukció + opcionális jelölés „ezt még pótolnom kell” / „még nem kezdtem el, de szeretném megérteni, hogy…”. Lecke-címek a forrás szerint: L1 – 1 gondolat / 1 kérdés, L2 – 1 gondolat / 1 kérdés, L3 – 1 gondolat / 1 kérdés, L4 – 1 gondolat / 1 kérdés (L1 Suli/Somer/hétköznapok, L2 Feladat→cél→kvuca→módszer, L3 gyakorlás-aktív felidézés-időben elosztott gyakorlás, L4 Cél–kvuca–módszer mini-táblázat). A lap alján egy sor a javítási tervnek: „A javító újraleadásig: melyik szempontot (R1–R4) írom át, és hogyan?”","Strukturált egyéni reflexió a csendes pótlási blokk végén; anyagot ad a név nélküli kérdésgyűjtéshez, kirajzolja, mit ért és hol bizonytalan a résztvevő, és rögzíti, mit dolgoz át a táblázatában a javító újraleadásig.",,,,,,note: Kell alt-szöveg / kitölthető akadálymentes változat (digitális űrlap-ekvivalens a látás- vagy finommotorikai nehézséggel élők számára); a sablon szövegét képernyőolvasó-barát formában is biztosítani.,emberi,emberi-felvétel,"note: A4 álló, 1 oldal, 4 szekció × 2 sor (gondolat/kérdés) + alul 1 sor a javítási tervnek; nyomtatható PDF; magyar nyelvű; résztvevőnként 1 példány",print-pdf,"M5.F-MUNK-01, M5.F-MUNK-01::PRINTPDF",,,,,R5,,"Begyűjthető a Blokk 3 elején név nélküli kérdésgyűjtésnek (line 172, 222–224). Tartalmilag kapcsolódik az M5.4 mini-táblázathoz; a checklist (line 335) is hivatkozza.",6f69224f577ee872647480a3eb33c7ac49a2f0c01f171bcb5c6096df577e4bdf,asset: M5.F-MUNK-01,,,
M5.F-POSZ-01,M5,M5.F,peula,"02 Tervezet/Modulok/M5/Peulák/M5.F – Felzárkóztató peula – Suli, Somer & tanulástan (Study Lab).md",105,poster,,legyártandó,specifikáció kész,,Tájékozódó tábla – M5 leckelista + név nélküli témakérések,"Előkészített flipchart/poszter-sablon az M5 leckelistával, 4 sorban: L1 – Suli / Somer / hétköznapok (formális–nonformális–informális); L2 – Feladat → cél → kvuca → módszer; L3 – Hogyan tanulunk tényleg? – gyakorlás, aktív felidézés, időben elosztott gyakorlás; L4 – Cél–kvuca–módszer mini-táblázat; mellette elkülönített sáv „Miben kérsz ma segítséget?” felirattal a név nélküli témakérés-cetliknek. Nincs matricahely, személyenkénti jelölés vagy „Kész az M5” állapotsor – a saját haladását mindenki maga nézi meg a Moodle-ben. Cím a tetején: „Az M5 négy leckéje”.","Közös, nem személyre szóló segédeszköz a Blokk 1-beli privát állapotfelméréshez: áttekintő térkép a modul leckéiről (a képző hangosan is felolvassa), mellette hely a név nélküli témakérés-cetliknek. Senkinek a saját haladása nem kerül ki rá.",,,,,,note: Kell alt-szöveg / leírás a nyomtatható sablonhoz (sorok felsorolása); a képző a sorokat hangosan is felolvassa; képernyőolvasóhoz a digitális PDF-változat alt-leírása szükséges.,emberi,emberi-felvétel,"note: A1 vagy flipchart-méret, álló; nagy, jól olvasható fejléc + 4 leckesor + témakérés-sáv; nyomtatható PDF-sablon és/vagy flipchart-rajzolási útmutató; magyar nyelvű",print-pdf,"M5.F-POSZ-01, M5.F-POSZ-01::PRINTPDF",,,,,R5,,"A név nélküli témakérő cetlik sima, dekorálatlan fogyóeszközök – nem külön legyártandó designasset; státuszjelölésre nem használjuk (lásd a felszerelés-listát). Összekapcsolódik a fogalom-térkép flipcharttal (M5.F-POSZ-02) mint a peula két fő táblás eszköze. A képzői checklist is hivatkozza.",facb2d62e971747271532e6837ee2ece4aaa19cea796ea35d2ffe294931b3765,asset: M5.F-POSZ-01,,,
M5.F-POSZ-02,M5,M5.F,peula,"02 Tervezet/Modulok/M5/Peulák/M5.F – Felzárkóztató peula – Suli, Somer & tanulástan (Study Lab).md",241,poster,,legyártandó,specifikáció kész,,Fogalom-térkép flipchart-sablon – 3 nagy rész + nyilak,"Flipchart/tábla-sablon a közös fogalom-térképhez: 3 nagy buborék/terület előre felskiccelve vagy rajzolási útmutatóval – 1) Suli / Somer / hétköznapok (formális–nonformális–informális), 2) Feladat → cél → kvuca → módszer, 3) Gyakorlás – aktív felidézés – időben elosztott gyakorlás. Üres belső tér a résztvevők kulcsszavainak, és hely a három rész közötti összekötő nyilaknak. A keretmondat („Suli/Somer/hétköznapok = milyen térben tanulunk; tervezés = hogyan tervezünk tudatosan; tanulástan = mitől marad meg a tanulás”) opcionális feliratként.","Közös vizuális szerkezet, amelyre a csoport a saját kulcsszavait és összekötéseit írja; láthatóvá teszi, hogyan függ össze a tér, a tervezés és a tanulástan az M5-ben.",,,,,,"note: Kell alt-szöveg / leírás (3 buborék címe és a köztük húzott nyilak jelentése) a digitális sablonhoz; fizikai flipchart, a leírás a kísérő anyagban.",emberi,emberi-felvétel,"note: A1 vagy flipchart-méret, fekvő ajánlott; 3 nagy buborék + nyíl-zónák; nyomtatható/rajzolható sablon + filcek; magyar nyelvű",print-pdf,"M5.F-POSZ-02, M5.F-POSZ-02::PRINTPDF",,,,,R5,,"Filcek a táblához (line 68) sima eszköz, nem asset. Élőben épül ki a társas aktív felidézés (4.3.0) és kérdésgyűjtés (4.3.1) után; a nyilak/összekötések a 4.3.3-ban kerülnek rá.",8a7f2e53b3082b9932fd56120d304183bd710437d0923e6ab05826aa70248d4b,asset: M5.F-POSZ-02,,,
M6-HUB-MUNK-01,M6,M6-HUB,hub,"02 Tervezet/Modulok/M6/M6 – Eszköztár – játék, történet, kézműves & inkluzivitás.md",3,worksheet,,újrahasznosítás,specifikáció kész,,"Játéklap-sablon (üres, kitölthető) – M6 modul-produktum","Egylapos, nyomtatható és digitálisan is kitölthető játéklap-sablon kötött rovatokkal: (1) Eszköz típusa (játék / történet / kézműves), (2) Cél + someres érték-kapcsolódás, (3) Kvuca/korosztály (Parparim 6–9 / Kivsza 10–12 / Leviatán 13–17) + létszám, (4) Lépésről lépésre leírás + szükséges eszközök, (5) Biztonsági megjegyzések (fizikai / beleegyezés / felkavaró tartalom / időkeret / felelősségek; mikor kell leállítani, és kit hív a madrih, ha valakinek sok), (6) Inkluzivitás: legalább 1 megnevezett akadály + 1 konkrét alternatív belépési pont, (7) Variációk („ha valakinek ez nehéz, akkor…”). A rovatstruktúra 1:1 feleljen meg az M6 KAPU-rubrika R1–R5 sorainak, hogy a kapuzás közvetlenül a lapon legyen ellenőrizhető.","Ez a modul központi, kapuzott produktuma (éles teljesítési kapu, §6.2). A sablon vezeti a madrihot, hogy minden kapuzott elem (cél, kvuca, leírás, R4 Biztonság blokkoló feltétel, R5 Inkluzivitás blokkoló feltétel, variációk) kötelezően kitöltött mezőként jelenjen meg; biztosítja, hogy a produktum egységes és társak és mentor által áttekinthető legyen, és továbbvihető az M7 félévzáró összegző feladatába.",,,,,,"note: Akadálymentes nyomtatott/digitális űrlap: logikus olvasási sorrend, valódi szöveg (nem képbe ágyazott), kitölthető PDF-nél címkézett űrlapmezők (tab-sorrend, képernyőolvasó-kompatibilis mezőnevek); elegendő kontraszt; egyszerű, sallangmentes magyar instrukciós szöveg minden rovatnál.",vegyes,vegyes,"note: A4, álló, 1 oldal (kétoldalas verzió is megengedett, ha az R4/R5 mezőhöz több hely kell); nyomtatható PDF + szerkeszthető verzió (Moodle Assignment-feltöltéshez, kitölthető PDF vagy Word sablon; Google-sablon csak szervezeti fiókban, korlátozott megosztással); magyar nyelv; fekete-fehérben is olvasható, akadálymentes betűméret (min. 11 pt), tiszta rovat-keretek, elegendő íráshely a kézi kitöltéshez.",,,M6.B-MUNK-01,,,,,,"Újrahasznosítás indoklása (v1 dedup): M6.B-MUNK-01 az elsődleges/forrás-sablon, amire M6-MUNK-01 és M6.F-MUNK-02 explicit visszahivatkozik ('a digitális/sablon nyomtatott változata'). Ugyanaz az egylapos játéklap; a felhasználási kontextus (műhely / modulproduktum / offline B-terv) eltér, de a média egy darab. Modul-szintű, közös print/űrlap-deliverable: használja az M6.B (2.1. Eszközök, 4.3. Blokk 3, 5. Képzői ellenőrző lista: „Játéklap-sablon nyomtatva”, „Oszd ki a játéklap-sablonokat”) és az M6.F (2.1. Eszközök: „nyomtatott üres játéklap-sablonok”) – mindkét gyermekfájl HASZNÁLJA, de NEM definiálja a rovatstruktúrát, ezért a kanonikus horgony a hub (§2.5 + §6.2 R1–R5 megfeleltetés). A kapuzás az M6 – KAPU fájl rubrikája (R1–R5) szerint történik. A KAPU-rubrika, a quiz item-bank, a fogalom-térkép (M6.F-POSZ-02) és a lecke-szintű slide/narráció/branching tartalmak NEM itt, hanem a dedikált gyermekfájlokban (M6 – KAPU, M6.1–M6.4, M6.F) gyártandók – a kettős számolás elkerülése végett.",efb4262e4a7cc28a6c0d9b14de374823dee50a74e198c0159bea37de627837ff,asset: M6-MUNK-01,,,
M6.1-DIA-01,M6,M6.1,online-lecke,02 Tervezet/Modulok/M6/Online leckék/M6.1 – Játék-kategóriák 3 aktuális kvucára.md,230,diagram,,legyártandó,specifikáció kész,,Korosztály-táblázat – 3 aktuális kvuca-korosztály (tartalmi ábra),"Háromsoros korosztály-táblázat / ikon-sor tervezési kiindulópontokkal: Parparim 6–9 (rövid instrukció, mozgás, konkrét példa); Kivsza 10–12 (kortárs- és státuszdinamika megfigyelése); Leviatán 13–17 (identitás, valahová tartozás, barátság, az idősebbeknél több vita és reflexió). Minden sor mellett: ‘kiindulópont, a konkrét kvucához igazítsd’. Fejlécsoros táblázat vagy élő szöveg + kísérő ikonok; a kulcstartalom nem ég kizárólag képbe. Alul 1–2 bullet a fő üzenettel.","Közös nyelv a 3 aktuális korosztályról, amire a modul későbbi leckéi (M3-ból átvett korosztály-térkép) hivatkoznak.",,,,,,"visual: informative; alt_note: a lecke előírja az alt-szöveget, de a végleges szöveget a legyártott vizuál alapján kell megírni; note: Alt-szöveg kötelező (M6.1-DIA-01::ALTTEXT); kulcstartalom élő szövegként/táblázatként is jelen; dekoratív kísérő-ikonok üres/rejtett alttal.",AI-generált,AI-generált,"note: Táblázat/ikon-sor grafika, mobil-first, 3 sor, magyar",alt-text,"M6.1-DIA-01, M6.1-DIA-01::ALTTEXT",,,,,"R1, R5",,"A forrás kötelezően előírja, hogy a tartalom valódi táblázat/élő szöveg is legyen, nem csak kép (SLIDE 2, „Alt-szöveg + szöveges ekvivalens” doboz).",3f467549a75381da0f2ab3607f74e4c7841ee848b2eaa1287404c0acf14a48c2,asset: M6.1-DIA-01 | alt-text: M6.1-ALT-01,,,
M6.1-EGY-01,M6,M6.1,online-lecke,02 Tervezet/Modulok/M6/Online leckék/M6.1 – Játék-kategóriák 3 aktuális kvucára.md,53,other,ui-text,legyártandó,specifikáció kész,,AI-provenance ember-olvasható sor (lecke alján/dián),"Tanuló felé látható, ember-olvasható szövegsor a kanonikus R1-szöveggel szó szerint: „AI-generált médiaelem · emberi lektorálással.” Megjelenítendő a lecke alján/dián.",Program terv §4 (AI-eredetjelölés) és R1: az AI-eredet ember-olvasható jelzése a tanulónak.,,,,,,note: Olvasható szövegként jelenik meg (nem képbe égetve).,emberi,emberi-felvétel,"note: Szöveges UI-elem a dián/lecke alján, magyar",,M6.1-EGY-01,,,,,,,"A gépi olvasható provenance-jelölés (C2PA/vízjel/metaadat) ajánlott jó gyakorlat (R1, Program terv §4): ha a generáló eszköz ad ilyet, az export ne távolítsa el (lásd M6.1-VID-01 technical); a generáló eszköz kiválasztása nyitott döntés (R2).",257a458e87e41837e9fa07b530da9ccfcdb488483324370083b048f0a099d395,asset: M6.1-EGY-01,,,
M6.1-EGY-02,M6,M6.1,online-lecke,02 Tervezet/Modulok/M6/Online leckék/M6.1 – Játék-kategóriák 3 aktuális kvucára.md,79,other,h5p-interaction,legyártandó,specifikáció kész,,Single Choice – önreflexió: „mi alapján döntesz?”,"H5P Multiple Choice egyválaszos („single”) módban: önreflexiós kérdés (nincs jó/rossz válasz) 4 opcióval, egységes (jó/rossz független) visszajelzés-szöveggel: „Köszi, hogy választottál…”. Egyik opció sem jelölhető hibásnak (pl. minden opció elfogadott válasz, megoldás-gomb nélkül); a beállítást az LMS – H5P runtime acceptance.md szerint tesztelni kell.","Bevonás, ráhangolás a tudatos döntésre játékválasztáskor.",,,,,,note: Szövegként hozzáférhető (H5P natív).,emberi,emberi-felvétel,"note: H5P Multiple Choice („single” mód), 4 opció, magyar, egységes visszajelzés",,M6.1-EGY-02,,,,,,,Kvíz-kulcsok emberi lektoráláson mennek át (human-in-the-loop).,1395ab6f2a02ef5db9b049d721e0d2af90388bf35ad87085776711d871deac9d,asset: M6.1-EGY-02,,,
M6.1-EGY-03,M6,M6.1,online-lecke,02 Tervezet/Modulok/M6/Online leckék/M6.1 – Játék-kategóriák 3 aktuális kvucára.md,500,other,h5p-interaction,legyártandó,specifikáció kész,,Single Choice – „Névkör labdával” korosztály,"H5P Multiple Choice („single” mód) 3 opcióval (Parparim 6–9 a helyes), jó válaszra szóló visszajelzés-szöveggel a fiatalabb kvuca természetes formájáról (egyszerű szabály, mindenki sorra kerül; Kivszánál, 10–12 évesen humor/csavar kell).",Első korosztály-választás gyakorlása.,,,,,,note: Szövegként hozzáférhető (H5P natív).,emberi,emberi-felvétel,"note: H5P Multiple Choice („single” mód), 3 opció, magyar, kulcs+visszajelzés",,M6.1-EGY-03,,,,,,,Kvíz-kulcs emberi lektoráláson.,c193f12c86d009f30c6c3005ae2dadbecba68576daa4273e7648066b85e21364,asset: M6.1-EGY-03,,,
M6.1-EGY-04,M6,M6.1,online-lecke,02 Tervezet/Modulok/M6/Online leckék/M6.1 – Játék-kategóriák 3 aktuális kvucára.md,695,other,h5p-interaction,legyártandó,specifikáció kész,,Single Choice – Kivsza (10–12) bizalomjáték forma,"H5P Multiple Choice („single” mód) 3 opcióval (2. a helyes: egyszerűbb, kevésbé kockázatos feladat, kis térben), jó válaszra szóló visszajelzés a Kivsza-korú (10–12) résztvevők testkép/csoportbizalmáról (biztonság, consent, egyszerű szabályok).",Biztonságos formaválasztás gyakorlása Kivszánál (10–12).,,,,,,note: Szövegként hozzáférhető (H5P natív).,emberi,emberi-felvétel,"note: H5P Multiple Choice („single” mód), 3 opció, magyar, kulcs+visszajelzés",,M6.1-EGY-04,,,,,,,Kvíz-kulcs emberi lektoráláson.,1c3345526fb0f61338d59612783919b002b5c09adf0af0fc982d59143c29e41d,asset: M6.1-EGY-04,,,
M6.1-EGY-05,M6,M6.1,online-lecke,02 Tervezet/Modulok/M6/Online leckék/M6.1 – Játék-kategóriák 3 aktuális kvucára.md,721,other,h5p-interaction,legyártandó,specifikáció kész,,Szabad szöveges kérdés – kockázat bizalomjátékban,Rövid szabad szöveges nyitott kérdés: írj le 1 kockázatot (fizikai vagy érzelmi) egy csukott szemű bizalomjátékban (bármelyik korosztálynál). 1 mondat elég.,Kockázat-tudatosság megfogalmaztatása.,,,,,,note: Szövegként hozzáférhető; nincs kitöltendő elem.,emberi,emberi-felvétel,"note: Nyitott kérdés szövegként, magyar; a dián nincs beviteli elem (tanuló-lokális lépés: a tanuló magának írja le; D-5)",,M6.1-EGY-05,,,,,,,—,054760986d2d8ec0ce4bfa1c5b5b0cafb948e641d740349e55276f82de354c01,asset: M6.1-EGY-05,,,
M6.1-EGY-06,M6,M6.1,online-lecke,02 Tervezet/Modulok/M6/Online leckék/M6.1 – Játék-kategóriák 3 aktuális kvucára.md,934,other,h5p-interaction,legyártandó,specifikáció kész,,Single Choice – Parparim 6–9 reflexiós vs. mély,"H5P Multiple Choice („single” mód) 2 opcióval (könnyebb beszélgető kártyák a helyes); jó és téves válaszra is rövid visszajelzés arról, hogy egy összetett, érzékeny eset feldolgozása Parparimnál (6–9) túl sok lehet, ha nincs elég megértés/feldolgozás.",Biztonságos forma választása Parparimnál (6–9).,,,,,,note: Szövegként hozzáférhető (H5P natív).,emberi,emberi-felvétel,"note: H5P Multiple Choice („single” mód), 2 opció, magyar, kulcs+visszajelzés",,M6.1-EGY-06,,,,,,,Kvíz-kulcs emberi lektoráláson.,a66cd6921914d49cd479469c1e38761aae82fb08d4eb8605fbf0b0cdc1ba37b6,asset: M6.1-EGY-06,,,
M6.1-EGY-07,M6,M6.1,online-lecke,02 Tervezet/Modulok/M6/Online leckék/M6.1 – Játék-kategóriák 3 aktuális kvucára.md,1128,other,h5p-interaction,legyártandó,specifikáció kész,,Single Choice – Szitu 1 korosztály-választás,"H5P Multiple Choice („single” mód) 3 opcióval (Parparim 6–9 a helyes) a névtanulós játék (körben név+mozdulat, nincs kieső) első peulájához; jó és téves válaszra is rövid visszajelzés, amely kimondja, hogy a korosztály-profil tervezési kiindulópont, nem szabály (egyéni eltérés, saját kvuca).",Korosztály-választás gyakorlása szcenárióban.,,,,,,note: Szövegként hozzáférhető (H5P natív).,emberi,emberi-felvétel,"note: H5P Multiple Choice („single” mód), 3 opció, magyar",,M6.1-EGY-07,,,,,,,Kvíz-kulcs emberi lektoráláson.,03b2856952ac2a6c5572124d4aea6635eeccc7252f6c1f5c35c28be7c5e2f276,asset: M6.1-EGY-07,,,
M6.1-EGY-08,M6,M6.1,online-lecke,02 Tervezet/Modulok/M6/Online leckék/M6.1 – Játék-kategóriák 3 aktuális kvucára.md,1154,other,h5p-interaction,legyártandó,specifikáció kész,,Szabad szöveges kérdés – Szitu 2 futkosós energizer kockázata + biztonsági keret,"Rövid szabad szöveges kérdés: mi lehet kockázatos egy futkosós energizerben (3 falhoz tartozó jel, jelre különböző falakhoz futás teljes erőből) 10–12 évesekkel (tér, balesetveszély, kimaradás), 1–2 dolog. A kérdés alatt vagy a következő dián statikus szövegként – rögzített választól függetlenül, mindig elérhetően – álló Biztonsági keret szöveg (tempó: gyors séta/kocogás; tér: akadályoktól mentes; ütközés elkerülése; kimaradás tompítása).",Kockázat-felismerés + biztonsági keret tanítása.,,,,,,note: Szövegként hozzáférhető; nincs kitöltendő elem.,emberi,emberi-felvétel,"note: Nyitott kérdés szövegként + statikus safety-keret szövegblokk (a kérdés alatt vagy a következő dián), magyar; a dián nincs beviteli elem (D-5); a keret feltétel nélküli megjelenését az LMS – H5P runtime acceptance.md 24. pontja ellenőrzi",,M6.1-EGY-08,,,,,,,"A safety-keret statikus szövegként a kérdés alatt vagy a következő dián áll, rögzített választól függetlenül (SLIDE 7, „Biztonsági keret” doboz).",c89061b8403b1d0ec780e0b86817358d2aff30f8d9e06512c5c48fc1697c2a68,asset: M6.1-EGY-08,,,
M6.1-EGY-09,M6,M6.1,online-lecke,02 Tervezet/Modulok/M6/Online leckék/M6.1 – Játék-kategóriák 3 aktuális kvucára.md,1249,other,h5p-interaction,legyártandó,specifikáció kész,,Single Choice – miért hasznos kategóriákban gondolkodni,"H5P Multiple Choice („single” mód) 4 opcióval (»így jobban átlátom, mire való egy játék, és melyik korosztályhoz illik« a helyes); téves válaszra rövid, egységes visszajelzés.",Fő üzenet rögzítése: kategóriás gondolkodás haszna.,,,,,,note: Szövegként hozzáférhető (H5P natív).,emberi,emberi-felvétel,"note: H5P Multiple Choice („single” mód), 4 opció, magyar, kulcs",,M6.1-EGY-09,,,,,,,Kvíz-kulcs emberi lektoráláson.,fb628f3c5b44a58fa2459d5277868a891645e26d7a4baf12c4db9d515c77ba5f,asset: M6.1-EGY-09,,,
M6.1-EGY-10,M6,M6.1,online-lecke,02 Tervezet/Modulok/M6/Online leckék/M6.1 – Játék-kategóriák 3 aktuális kvucára.md,1275,other,h5p-interaction,legyártandó,specifikáció kész,,Single Choice – mikor ne hozz mély élményjátékot,"H5P Multiple Choice („single” mód) 4 opcióval (»6–9 éves Parparim, friss kvuca, alig ismerik egymást« a helyes); jó válaszra rövid visszajelzés (a korosztály + a csoport frissessége együtt indokol óvatosságot; a profil kiindulópont, de az óvatosságból nem engedünk – bizonytalanságnál a szelídebb változat), és külön, az opcióhoz kötött korrekciós visszajelzés a »mindig jó hozni« disztraktorra (az erős élmény önmagában nem tanít); a megjelenítést az LMS – H5P runtime acceptance.md szerint tesztelni kell.",Fő üzenet rögzítése: mély játék korlátai fiatalabbaknál.,,,,,,note: Szövegként hozzáférhető (H5P natív).,emberi,emberi-felvétel,"note: H5P Multiple Choice („single” mód), 4 opció, magyar, kulcs + opcióhoz kötött visszajelzés",,M6.1-EGY-10,,,,,,,Kvíz-kulcs emberi lektoráláson.,2f1c48907e39d3a24b210ad84cc2676403fbe62e1aa2d7639e18a479db5da1e0,asset: M6.1-EGY-10,,,
M6.1-EGY-11,M6,M6.1,online-lecke,02 Tervezet/Modulok/M6/Online leckék/M6.1 – Játék-kategóriák 3 aktuális kvucára.md,1301,other,h5p-interaction,legyártandó,specifikáció kész,,Nyitott kérdés – záró mini-reflexió (kedvenc játék + kockázat),"Nyitott kérdés, beviteli elem nélkül (a tanuló magának írja le): gondolj egy szeretett játékra, írd le 1 mondatban, melyik korosztálynál használnád legszívesebben és mi az az 1 kockázat, amire figyelnél. 1–2 mondat elég.",Záró transzfer-reflexió saját játékra.,,,,,,note: Szövegként hozzáférhető; nincs kitöltendő elem.,emberi,emberi-felvétel,"note: Nyitott kérdés szövegként, magyar; a dián nincs beviteli elem (tanuló-lokális lépés)",,M6.1-EGY-11,,,,,,,—,4e93b27a6e40cfc51abc0033ac7d3d81ed8c21f46001d237e2260c7ab32fca58,asset: M6.1-EGY-11,,,
M6.1-IKO-01,M6,M6.1,online-lecke,02 Tervezet/Modulok/M6/Online leckék/M6.1 – Játék-kategóriák 3 aktuális kvucára.md,357,icon-set,,legyártandó,specifikáció kész,,Játék-kategória ikonok – 5 kategória,"Öt kis kategória-ikon a számozott listához: 1. Ismerkedős/névtanulós; 2. Energizer/mozgásos; 3. Bizalom-/kontakt; 4. Reflexiós/beszélgetős; 5. Mélyebb élményjáték. Tartalmi ikon-lista; a kategórianevek + rövid leírás élő, számozott szövegként is jelen.",Az 5 játék-kategória vizuális bevezetése név + rövid leírás szinten.,,,,,,"visual: informative; alt_note: a lecke előírja az alt-szöveget, de a végleges szöveget a legyártott vizuál alapján kell megírni; note: Alt-szöveg kötelező (M6.1-IKO-01::ALTTEXT); kulcstartalom élő szövegként is jelen; díszítő ikon-elemek üres/rejtett alttal.",AI-generált,AI-generált,"note: 5 ikon, egységes stílus, mobil-first, magyar címkék",alt-text,"M6.1-IKO-01, M6.1-IKO-01::ALTTEXT",,,,,"R1, R5",,"A forrás kötelezően előírja, hogy a kategórianevek élő számozott szövegként is jelen legyenek, nem csak ikonként (SLIDE 3, „Alt-szöveg + szöveges ekvivalens” doboz).",984ae09a57087336cb104f5967848273eb732bd8851df5e95f06321c0d0f26d3,asset: M6.1-IKO-01 | alt-text: M6.1-ALT-02,,,
M6.1-ILL-01,M6,M6.1,online-lecke,02 Tervezet/Modulok/M6/Online leckék/M6.1 – Játék-kategóriák 3 aktuális kvucára.md,526,illustration,,legyártandó,specifikáció kész,,Kategória-kártyák 1 – ismerkedős + energizer (2 kártya),"Két egymás alatti kártya-illusztráció: A) Ismerkedős/névtanulós – „Névkör labdával” (kör, labdadobás, név+mozdulat, többiek ismétlik); B) Energizer/mozgásos – „Szobor-játék” (zenére mozgás, megdermedés). Korosztály-címkék (6–9, 10–12) és az A kártyához inkluzív variáció (labda helyett körbeadott tárgy / labda nélkül / ülve is) a kártyán.",Két „alap” kategória kipéldázása konkrét játékkal.,,,,,,"visual: informative; alt_note: a lecke előírja az alt-szöveget, de a végleges szöveget a legyártott vizuál alapján kell megírni; note: Alt-szöveg kötelező mindkét kártyára (M6.1-ILL-01::ALTTEXT); kártyaszöveg élő szövegként is jelen.",AI-generált,AI-generált,"note: 2 kártya-grafika, mobil-first, magyar feliratok",alt-text,"M6.1-ILL-01, M6.1-ILL-01::ALTTEXT",,,,,"R1, R5",,,2d943dd065cb514e79f4b6c4445847f73cf00289e1a1406c3ff287d7a95a71c7,asset: M6.1-ILL-01 | alt-text: M6.1-ALT-03,,,
M6.1-ILL-02,M6,M6.1,online-lecke,02 Tervezet/Modulok/M6/Online leckék/M6.1 – Játék-kategóriák 3 aktuális kvucára.md,747,illustration,,legyártandó,specifikáció kész,,Kategória-kártya 2 – bizalomjáték „Csukott szemű vezetés”,"Egy kártya-illusztráció: bizalom-/kontaktjáték „Csukott szemű vezetés” – párokban, egyik csukott szemmel sétál, másik vezeti/irányítja/figyel. Korosztály-címke (inkább 13–17; fiatalabbaknál csak óvatosan).","Rámutatni, hogy bizalom-/kontaktjáték = magasabb kockázat.",,,,,,"visual: informative; alt_note: a lecke előírja az alt-szöveget, de a végleges szöveget a legyártott vizuál alapján kell megírni; note: Alt-szöveg kötelező (M6.1-ILL-02::ALTTEXT); kártyaszöveg élő szövegként is jelen.",AI-generált,AI-generált,"note: 1 kártya-grafika, mobil-first, magyar feliratok",alt-text,"M6.1-ILL-02, M6.1-ILL-02::ALTTEXT",,,,,"R1, R5",,,2f99889581aea486b3ba6d06b28380cdee957f18db4a19a3b70268086bcf8bd3,asset: M6.1-ILL-02 | alt-text: M6.1-ALT-04,,,
M6.1-ILL-03,M6,M6.1,online-lecke,02 Tervezet/Modulok/M6/Online leckék/M6.1 – Játék-kategóriák 3 aktuális kvucára.md,960,illustration,,legyártandó,specifikáció kész,,Kategória-kártya 3 – reflexiós vs. mély élmény (2 minisztori),"Két egymás alatti minisztori-illusztráció: A) Reflexiós „Beszélgető kártyák” (mindenki húz egy egyszerű kérdést, körben válaszol, nincs kötelező nagy megosztás); B) Érzékenyebb „fiktív eset kirekesztésről” (kívülről elemzett eset, nincs szerepjáték vagy demonstratív kizárás, hosszabb feldolgozó kör). Korosztály-címke csak az A kártyán: Kivsza/Leviatán (10–17); a B kártyán nincs korosztály-címke, helyette a látható „Biztonsági minimum” sorai.",Különbség könnyebb reflexiós játék és mély élmény között.,,,,,,"visual: informative; alt_note: a lecke előírja az alt-szöveget, de a végleges szöveget a legyártott vizuál alapján kell megírni; note: Alt-szöveg kötelező mindkét kártyára (M6.1-ILL-03::ALTTEXT); szöveg élő szövegként is jelen.",AI-generált,AI-generált,"note: 2 kártya/jelenet-grafika, mobil-first, magyar feliratok",alt-text,"M6.1-ILL-03, M6.1-ILL-03::ALTTEXT",,,,,"R1, R5",,,eb49fadbc649027a861def4a29ed23dfdae383fa39c6f31d8b0aa5c9e5c4109c,asset: M6.1-ILL-03 | alt-text: M6.1-ALT-05,,,
M6.1-NAR-02,M6,M6.1,online-lecke,02 Tervezet/Modulok/M6/Online leckék/M6.1 – Játék-kategóriák 3 aktuális kvucára.md,268,voiceover,narration,legyártandó,jogtisztázás alatt,,Narráció – SLIDE 2: 3 aktuális korosztály bemutatása,"Szintetikus magyar narráció (kb. 50–65 mp): a 3 aktuális kvuca-korosztály jellemzői (Parparim 6–9, Kivsza 10–12, Leviatán 13–17), zárás: ne csak játékban, hanem játék + kvuca párosban gondolkodj.",A korosztály-keret hangos megerősítése.,M6.1-NAR-02-VO,"„Ebben a modulban három aktuális kvuca-korosztállyal dolgozunk.

**Parparimnál, 6–9 éveseknél** gyakran jó kiindulópont a rövid, világos instrukció, a mozgás és a konkrét példa – de figyeld, hogy a te kvucádnak mi működik.

**Kivszánál, 10–12 éveseknél** a kortársak és a státusz kérdése sok csoportban fontosabbá válhat. Ez nem szabály: nézd meg a tényleges dinamikát.

**Leviatánnál, 13–17 éveseknél** identitás, barátság és valahová tartozás sokaknál hangsúlyos téma lehet; az idősebbeknél több tér adható vitának, önálló döntésnek és reflexiónak. A magasabb életkor nem jelent automatikus érettséget vagy nagyobb terhelhetőséget.

Ugyanaz a játék mást jelent ezeknél a korosztályoknál.
Ezért fontos, hogy **ne csak játékban**,
hanem **a játék és a kvuca párosában** gondolkodj.”",3829694775a418417df5db63b3c1a0a472bc0d195bfc4ce92bbe534d4aaf6a45,,,"note: Leirat/transzkript (M6.1-NAR-02::TRANSCRIPT) kötelező: csak hang, ezért a dián vagy a médiaelem mellett látható leirat a teljes szöveges ekvivalens (WCAG 2.2 SC 1.2.1); első sora a kanonikus AI-címke; az M6.1-NAR-02::CAPTIONS archivált .vtt-derivatíva (projektgazdai döntés, 2026-10-03, VO D-19, D-21)",AI-generált,AI-generált,"note: Hang (TTS), kb. 50–65 mp, magyar","captions, transcript","M6.1-NAR-02, M6.1-NAR-02::CAPTIONS, M6.1-NAR-02::TRANSCRIPT",,,,"R2, R3","R1, R2, R3",,Emberi lektorálás élesítés előtt.,437b9c0ed1aefa57f60b9af05f1b4cd65b540272abf907361d8f422d677ab371,asset: M6.1-NAR-02 | transcript: M6.1-LEI-03,,,
M6.1-NAR-03,M6,M6.1,online-lecke,02 Tervezet/Modulok/M6/Online leckék/M6.1 – Játék-kategóriák 3 aktuális kvucára.md,395,voiceover,narration,legyártandó,jogtisztázás alatt,,Narráció – SLIDE 3: 5 játék-kategória,"Szintetikus magyar narráció (kb. 45–60 mp): az 5 játék-kategória célja és jellege (ismerkedős, energizer, bizalom/kontakt, reflexiós, mély élmény), kockázat-utalásokkal; mély élmény inkább nagyobbaknál, kis létszámú kvucával.",A kategóriák hangos kifejtése.,M6.1-NAR-03-VO,"„A ‘játék’ szó nagyon sok mindent takar.

Vannak **ismerkedős, névtanulós játékok**.
Ezeknél az a cél, hogy *mindenki sorra kerüljön*,
biztonságosan, kis tét mellett.

Vannak **energizer, mozgásos játékok**.
Ezek felrázzák a fáradt kvucát,
levezetik a feszültséget,
adnak egy kis közös nevetést.

A **bizalom- vagy kontaktjátékok** már több kockázatot hoznak.
Testközelség, érintés,
‘rábízom-e magam a többiekre’ élmény.

A **reflexiós, beszélgetős játékok**
könnyebb kérdésekkel nyitnak témákat,
segítik, hogy a kvuca megossza, amit gondol.

A **mélyebb élményjátékok**
erős, emlékezetes helyzetet teremtenek,
és utána komolyabb feldolgozást igényelnek.
Ezeket inkább nagyobbaknál, kis létszámú kvucával érdemes használni.”",6a51801924a6f81164d2eec0fb277538b82adf932fb8481b7c25e1aaf270d751,,,"note: Leirat/transzkript (M6.1-NAR-03::TRANSCRIPT) kötelező: csak hang, ezért a dián vagy a médiaelem mellett látható leirat a teljes szöveges ekvivalens (WCAG 2.2 SC 1.2.1); első sora a kanonikus AI-címke; az M6.1-NAR-03::CAPTIONS archivált .vtt-derivatíva (projektgazdai döntés, 2026-10-03, VO D-19, D-21)",AI-generált,AI-generált,"note: Hang (TTS), kb. 45–60 mp, magyar","captions, transcript","M6.1-NAR-03, M6.1-NAR-03::CAPTIONS, M6.1-NAR-03::TRANSCRIPT",,,,"R2, R3","R1, R2, R3",,Emberi lektorálás élesítés előtt.,ec6a63c47b34dc0f36bc316e816a509ff0d23a132a4a978b618d91373bfb76df,asset: M6.1-NAR-03 | transcript: M6.1-LEI-04,,,
M6.1-NAR-04,M6,M6.1,online-lecke,02 Tervezet/Modulok/M6/Online leckék/M6.1 – Játék-kategóriák 3 aktuális kvucára.md,563,voiceover,narration,legyártandó,jogtisztázás alatt,,Narráció – SLIDE 4: ismerkedős + energizer,"Szintetikus magyar narráció (kb. 35–45 mp): mikor jók az ismerkedős és energizer játékok, miért 6–9 és 10–12, és hogy nagyobbaknál csavar/humor kell, ne legyen „túl gyerekes” érzés.",A két alap kategória és korosztály-illesztés hangos kifejtése.,M6.1-NAR-04-VO,"„Kezdjük két ‘alap’ kategóriával.

Az **ismerkedős, névtanulós játékok**
akkor jók, amikor friss a kvuca,
és még senki nem tudja pontosan, ki kicsoda.

A ‘Névkör labdával’ egyszerű, átlátható,
mindenki sorra kerül,
és nincs nagy tétje annak, mit mond.

Az **energizer játékok**
inkább a pörgésről és a nevetésről szólnak.
Segítenek, ha a kvuca fáradt, vagy túl feszült.

Ezek a játékok általában nagyon jól működnek
egy 6–9 éves Parparim-kvucánál, illetve többnyire megfelelőek egy 10–12 éves Kivsza-kvucának is.
Nagyobbaknál már érdemes csavart, humort vinni bele,
hogy ne legyen ‘túl gyerekes’ érzésük.”",27dee1dd36da1cedf8586ee456844d3521ae31c8f6ed37b62cbf97987e3732c6,,,"note: Leirat/transzkript (M6.1-NAR-04::TRANSCRIPT) kötelező: csak hang, ezért a dián vagy a médiaelem mellett látható leirat a teljes szöveges ekvivalens (WCAG 2.2 SC 1.2.1); első sora a kanonikus AI-címke; az M6.1-NAR-04::CAPTIONS archivált .vtt-derivatíva (projektgazdai döntés, 2026-10-03, VO D-19, D-21)",AI-generált,AI-generált,"note: Hang (TTS), kb. 35–45 mp, magyar","captions, transcript","M6.1-NAR-04, M6.1-NAR-04::CAPTIONS, M6.1-NAR-04::TRANSCRIPT",,,,"R2, R3","R1, R2, R3",,Emberi lektorálás élesítés előtt.,5268d6b0c33ccab6b2f8c29d3f0a3a8f9e8fc2f8edc293121d23c03c710aa43f,asset: M6.1-NAR-04 | transcript: M6.1-LEI-05,,,
M6.1-NAR-05,M6,M6.1,online-lecke,02 Tervezet/Modulok/M6/Online leckék/M6.1 – Játék-kategóriák 3 aktuális kvucára.md,784,voiceover,narration,legyártandó,jogtisztázás alatt,,Narráció – SLIDE 5: bizalom-/kontaktjáték + kockázat,"Szintetikus magyar narráció (kb. 40–50 mp): a „Csukott szemű vezetés” mint erős élmény és fizikai/érzelmi kockázat; mit nézz (kor, ismeretség, jelzés-képesség); inkább 13–17, fiatalabbaknál csak egyszerű, rövid, jól szabályozott verzió.",A bizalomjáték kockázatának hangos kifejtése.,M6.1-NAR-05-VO,"„A **bizalom- és kontaktjátékok** már egy másik szint.

A ‘Csukott szemű vezetés’-nél
valakinek szó szerint rá kell bíznia magát a társára.
Nem látja, merre megy.
A másik felel a biztonságáért.

Ez nagyon erős élmény lehet.
És közben nagy a **fizikai és érzelmi kockázat** is.

Ilyen játékoknál mindig nézd:
hány évesek, mennyire ismerik egymást,
mennyire tudják jelezni, ha **valami sok** nekik.

Idősebb kvucáknál is csak akkor használd,
ha a konkrét csoport és a helyzet ezt indokolja.
Fiatalabbaknál pedig különösen egyszerű, rövid,
jól szabályozott változatban gondolkodj.”",7c7fd142c05ea108e99ce2b21f97a2509688731b7db9b83bd8767ec723d36ca2,,,"note: Leirat/transzkript (M6.1-NAR-05::TRANSCRIPT) kötelező: csak hang, ezért a dián vagy a médiaelem mellett látható leirat a teljes szöveges ekvivalens (WCAG 2.2 SC 1.2.1); első sora a kanonikus AI-címke; az M6.1-NAR-05::CAPTIONS archivált .vtt-derivatíva (projektgazdai döntés, 2026-10-03, VO D-19, D-21)",AI-generált,AI-generált,"note: Hang (TTS), kb. 40–50 mp, magyar","captions, transcript","M6.1-NAR-05, M6.1-NAR-05::CAPTIONS, M6.1-NAR-05::TRANSCRIPT",,,,"R2, R3","R1, R2, R3",,Emberi lektorálás élesítés előtt.,7eac17dae74854130b381c6901c4908064c22bc4f05d9d4ac74d4518bc0a5145,asset: M6.1-NAR-05 | transcript: M6.1-LEI-06,,,
M6.1-NAR-06,M6,M6.1,online-lecke,02 Tervezet/Modulok/M6/Online leckék/M6.1 – Játék-kategóriák 3 aktuális kvucára.md,997,voiceover,narration,legyártandó,jogtisztázás alatt,,Narráció – SLIDE 6: reflexiós vs. mély élmény,"Szintetikus magyar narráció (kb. 40–50 mp): a beszélgető kártyás reflexió könnyebben emészthető; érzékenyebb kirekesztés-témánál fiktív esetet elemzünk kívülről, nem játszatunk el kirekesztést; ilyen témához idő, tér és utólagos megbeszélés kell, a kérdések a konkrét kvucához illeszkedjenek – nem az életkor önmagában dönti el, mi fér bele.",A reflexiós–mély különbség hangos kifejtése.,M6.1-NAR-06-VO,"„A **reflexiós játékok**
és a **mélyebb élményjátékok** között is van különbség.

Egy beszélgetőkártyás játék
könnyebben emészthető.
Egyszerű kérdések, rövid válaszok,
mindenki maga dönti el, mennyire megy mélyre.

A kirekesztésről is lehet komolyan gondolkodni,
de ehhez nem kell senkit ténylegesen kirekeszteni.
Használj fiktív, nem beazonosítható esetet,
és a kvucával kívülről nézzétek meg a szereplők döntéseit.

Ilyen érzékeny témánál fontos,
hogy legyen rá idő, tér és utólagos megbeszélés,
és hogy a kérdések illeszkedjenek a konkrét kvucához.
Nem az életkor önmagában dönti el, mi fér bele.”",bc24a04420ed059d3133439a96395fffd86aeb8e08c6529a49d29c71e1d289a5,,,"note: Leirat/transzkript (M6.1-NAR-06::TRANSCRIPT) kötelező: csak hang, ezért a dián vagy a médiaelem mellett látható leirat a teljes szöveges ekvivalens (WCAG 2.2 SC 1.2.1); első sora a kanonikus AI-címke; az M6.1-NAR-06::CAPTIONS archivált .vtt-derivatíva (projektgazdai döntés, 2026-10-03, VO D-19, D-21)",AI-generált,AI-generált,"note: Hang (TTS), kb. 40–50 mp, magyar","captions, transcript","M6.1-NAR-06, M6.1-NAR-06::CAPTIONS, M6.1-NAR-06::TRANSCRIPT",,,,"R2, R3","R1, R2, R3",,Emberi lektorálás élesítés előtt.,88a2cc5abc68ea5ffbe340929e2ef918c7f98788b09bd892a526c7514879c642,asset: M6.1-NAR-06 | transcript: M6.1-LEI-07,,,
M6.1-NAR-07,M6,M6.1,online-lecke,02 Tervezet/Modulok/M6/Online leckék/M6.1 – Játék-kategóriák 3 aktuális kvucára.md,1328,voiceover,narration,legyártandó,jogtisztázás alatt,,Narráció – SLIDE 8 outro (opcionális rövid videóhoz),"Szintetikus magyar narráció (kb. 30–40 mp): zárás – miért hasznos kategóriákban gondolkodni, mikor ne hozz túl mély játékot, és felhívás a záró mini-reflexióra (saját kedvenc játék: melyik korosztály + 1 kockázat). Opcionálisan rövid videóként.",Fő üzenetek rögzítése + híd az M6.2 felé.,M6.1-NAR-07-VO,"„Zárásként nézzük meg, mire emlékszel.

Tudod-e, miért hasznos **kategóriákban gondolkodni**,
és mikor nem jó **túl mély** játékot hozni?

A végén egy mondatban írd le azt is,
hogy egy saját kedvenc játékodat
melyik korosztálynál használnád inkább,
és mi az az egy kockázat, amire figyelnél benne.”",ca46104110ba2aedf88e51761c7df57d66f5fc95493acee15c1a4dea46a64235,,,"note: Leirat/transzkript (M6.1-NAR-07::TRANSCRIPT) kötelező: csak hang, ezért a dián vagy a médiaelem mellett látható leirat a teljes szöveges ekvivalens (WCAG 2.2 SC 1.2.1); első sora a kanonikus AI-címke (projektgazdai döntés, 2026-10-03, VO D-19, D-21); ha az opcionális videó beépül, kapcsolható szinkron magyar felirat (WCAG 2.2 SC 1.2.2) is kötelező (M6.1-NAR-07::CAPTIONS).",AI-generált,AI-generált,"note: Hang (TTS), kb. 30–40 mp, magyar; opcionálisan beszélőfej-videó","captions, transcript","M6.1-NAR-07, M6.1-NAR-07::CAPTIONS, M6.1-NAR-07::TRANSCRIPT",,,,"R2, R3","R1, R2, R3",,"Ha opcionális videó készül, az külön beszélőfej-videó asset (és AI-provenance jelölés is kell hozzá); emberi lektorálás élesítés előtt.",a5b1eb53bb9769070b9c4b98e8448b66ac1aec38083d6e0270dbc6457787e913,asset: M6.1-NAR-07 | captions: M6.1-FEL-02 | transcript: M6.1-LEI-02,,,
M6.1-VID-01,M6,M6.1,online-lecke,02 Tervezet/Modulok/M6/Online leckék/M6.1 – Játék-kategóriák 3 aktuális kvucára.md,105,video,ai-talking-head,legyártandó,jogtisztázás alatt,,"Hook beszélőfej-videó – „Volt már olyan, hogy nem ült a játék?”","16:9 AI beszélő fej videó, kb. 35–45 mp, a SLIDE 1 narrációs szöveget mondja el (tegező, max 10–12 szavas mondatok). Bevonó hangvétel: a tanuló saját rossz játékélményére rezonál, bevezeti a játék-kategóriák + 3 aktuális korosztály keretet.","Bevonás; ráérezni, hogy egy „jó játék” is lehet rossz döntés rossz kvucánál.",M6.1-VID-01-VO,"„Szia!
Volt már olyan, hogy bedobtál egy játékot,
és azt érezted: *‘ez most nagyon nem működik’*?

Lehet, hogy túlpörgette a kvucát.
Lehet, hogy mindenki unta.
Lehet, hogy valaki teljesen kiesett belőle.

Maga a játék ettől még lehet jó.
Csak **nem annak a korosztálynak**.
Vagy **nem abban a hangulatban**.
Vagy **nem ebben a térben**.

Ebben a leckében azt nézzük meg,
hogyan gondolkodhatsz **játék-kategóriákban**
és **három aktuális korosztályban**,
hogy tudatosabban válassz a kvucádnak.”",b750e8d307086e3a46389f3663a6eb5866292cb2bfc2f6b495e4a88f22cf3659,,,"audio: spoken; visual: decorative; alt_note: csak a képi sáv (beszélő fej) dekoratív: hangalámondás nem kell (WCAG 2.2 SC 1.2.5), mert a felirat és a leirat szó szerint lefedi a narrációt; a videóelemet a dián látható, leíró videócímke azonosítsa (SC 1.1.1); note: Kötelező kapcsolható szinkron magyar felirat (WCAG 1.2.2) + teljes szöveges leirat a dián vagy a médiaelem mellett látható szövegként; lásd M6.1-VID-01::CAPTIONS és M6.1-VID-01::TRANSCRIPT.",AI-generált,AI-generált,"note: 16:9 videó, kb. 35–45 mp, magyar, szintetikus beszéd, kapcsolható, nem égetett WebVTT-felirat a lecke `@source` szövegéből; gépi olvasható provenance-jelölés (C2PA/vízjel/metaadat): ha a generáló eszköz adja, az export ne távolítsa el (R1, ajánlott jó gyakorlat)","voiceover, captions, transcript","M6.1-VID-01, M6.1-VID-01::VOICEOVER, M6.1-VID-01::CAPTIONS, M6.1-VID-01::TRANSCRIPT",,,,"R2, R3","R1, R2, R3",,"Összekapcsolódik: M6.1-VID-01::VOICEOVER (narráció), M6.1-VID-01::CAPTIONS (felirat), M6.1-VID-01::TRANSCRIPT (leirat), M6.1-EGY-01 (AI-provenance ember-olvasható sor). Gépi olvasható provenance-jelölés (C2PA/vízjel): ajánlott jó gyakorlat (R1, Program terv §4) – ha a generáló eszköz adja, az export ne távolítsa el; a generáló eszköz kiválasztása nyitott döntés (R2).",7554ae085033edbfc108414ceaab9748672859c0382d6060cf2e7d9a76b2f102,asset: M6.1-VID-01 | voiceover: M6.1-NAR-01 | captions: M6.1-FEL-01 | transcript: M6.1-LEI-01,,,
M6.2-DIA-01,M6,M6.2,online-lecke,"02 Tervezet/Modulok/M6/Online leckék/M6.2 – Történet, mint tükör.md",670,diagram,,legyártandó,specifikáció kész,,Kétoszlopos „Oké / Figyelj rá” táblázat-ábra,"Kétoszlopos, fejlécsoros táblázat-ábra: bal oszlop „Oké” (egyszerű hétköznapi helyzetek, rövid mondatok, nincs explicit erőszak), jobb oszlop „Figyelj rá” (túl sötét/traumatikus, túl sok szereplő, vallási/politikai töltet, friss sebet érintő téma). A tartalom élő szövegként/táblázatként is a dián.",Korosztály- és trigger-érzékenység szemléltetése kontrasztos elrendezésben,,,,,,"visual: informative; alt_note: a lecke előírja az alt-szöveget, de a végleges szöveget a legyártott vizuál alapján kell megírni; note: Kell alt-szöveg + szöveges ekvivalens (élő táblázat/szöveg), dekoratív kísérő-ikonok rejtett alttal (WCAG 1.1.1, A) – lásd M6.2-DIA-01::ALTTEXT",AI-generált,AI-generált,"note: statikus vagy enyhén animált ábra, magyar feliratok, H5P slide-ra illeszkedő méret",alt-text,"M6.2-DIA-01, M6.2-DIA-01::ALTTEXT",,,,,"R1, R5",,A kulcstartalom nem éghet kizárólag képbe; lásd a SLIDE 6 „Alt-szöveg + szöveges ekvivalens” előírását. A kind az enum legközelebbi értéke (diagram/táblázat); a technical mező szerint statikus is lehet.,b44339ddcaee30a5e75222cab56f206a5fbedddd74b2394ce0924aaa2b165fa9,asset: M6.2-DIA-01 | alt-text: M6.2-ALT-02,,,
M6.2-IKO-01,M6,M6.2,online-lecke,"02 Tervezet/Modulok/M6/Online leckék/M6.2 – Történet, mint tükör.md",171,icon-set,,legyártandó,specifikáció kész,,"Tartalmi ikonok – „Miért mesélünk?” (szív, tükör, kérdőjel)","Kis ikon-készlet a 4 bullethez (pl. szív = „érezni, nem csak gondolkodni”, tükör = „tükröt tart a kvucának”, kérdőjel = ha jól kérdezel). A tartalmi ikonok érdemi alttal, az esetleges dekoratív kísérők rejtett alttal.",A négy ok vizuális megerősítése; az érdemi ikonok a kulcsfogalmat hordozzák,,,,,,"visual: informative; alt_note: a lecke előírja az alt-szöveget, de a végleges szöveget a legyártott vizuál alapján kell megírni; note: Kell alt-szöveg az érdemi ikonokhoz (kulcsfogalmat kimondja), dekoratívhoz üres/rejtett alt (WCAG 1.1.1, A) – lásd M6.2-IKO-01::ALTTEXT",AI-generált,AI-generált,"note: SVG/PNG ikonok, egységes stílus, a slide szöveg mellé",alt-text,"M6.2-IKO-01, M6.2-IKO-01::ALTTEXT",,,,,"R1, R5",,A négy ok élő szövegként is a dián van; az ikonok nem dekoratívak.,f62c06097de060be495beab6ecb36422b92f4287e71997b1a47108489ef3ac92,asset: M6.2-IKO-01 | alt-text: M6.2-ALT-01,,,
M6.2-NAR-02,M6,M6.2,online-lecke,"02 Tervezet/Modulok/M6/Online leckék/M6.2 – Történet, mint tükör.md",209,voiceover,narration,legyártandó,jogtisztázás alatt,,Narráció – SLIDE 2 „Miért mesélünk történeteket?” (40–50 mp),"40–50 mp magyar narráció: a történet mint eszköz (érzelem elérése, konkrét helyzet, kitalált szereplő kisebb szégyennel), és hogy jó kérdéssel tükröt tart a kvucának.",Az input megerősítése hangban; a történet mint eszköz tisztázása,M6.2-NAR-02-VO,"„Peulán nemcsak azért mesélünk történetet,
mert ‘jól hangzik’, hanem mert **eszköz**.

Egy történet segít, hogy ne csak gondolkodjanak,
hanem **érezzenek is valamit**.
Lássanak egy konkrét helyzetet,
amiben akár magukra ismerhetnek.

Sokszor könnyebb egy **kitalált szereplőről** beszélni,
mint rögtön saját élményről.
Kisebb a bevonódás, esetleg a szégyen, így kisebb a tét.

Ha utána **jól kérdezel**,
a történet nemcsak ‘szép sztori’ lesz,
hanem **tükröt tart** a kvucának:
‘Hol vagyok én ebben? Mit csinálnék másképp?’”",6d84d13fcacef0079cbdff95ddc2b72846c3acf78c6997f4e2f0190992006a2a,,,"note: Leirat/transzkript (M6.2-NAR-02::TRANSCRIPT) kötelező: csak hang, ezért a dián vagy a médiaelem mellett látható leirat a teljes szöveges ekvivalens (WCAG 2.2 SC 1.2.1); első sora a kanonikus AI-címke; az M6.2-NAR-02::CAPTIONS archivált .vtt-derivatíva (projektgazdai döntés, 2026-10-03, VO D-19, D-21)",AI-generált,AI-generált,"note: kb. 40–50 mp, magyar hang, MP3/WAV","captions, transcript","M6.2-NAR-02, M6.2-NAR-02::CAPTIONS, M6.2-NAR-02::TRANSCRIPT",,,,"R2, R3","R1, R2, R3",,,7f8544cc1124902dbe40df68ef4c4aeb7fedb24d00091eeffb777291036ce9f5,asset: M6.2-NAR-02 | captions: M6.2-FEL-02 | transcript: M6.2-LEI-02,,,
M6.2-NAR-04,M6,M6.2,online-lecke,"02 Tervezet/Modulok/M6/Online leckék/M6.2 – Történet, mint tükör.md",418,voiceover,narration,legyártandó,jogtisztázás alatt,,Narráció – SLIDE 4 történet 2. rész (40–50 mp),"40–50 mp magyar narráció: Lili elhallgat, a madrih reakciója (csak megköszöni), Lili végig csendben marad, két hanih megszólítja a madrihot (’ez nem volt oké’), átvezetés a tükör-szakaszhoz.","A történet lezárása hangban, átvezetés a reflexióhoz",M6.2-NAR-04-VO,"„A beszólás után Lili elhallgat.
Lehajtja a fejét, hátradől.

A madrih hallja, mi történt.
Látszik rajta, hogy gondolkodik,
de végül csak megköszöni Lilinek a megosztást,
és megy tovább a kör.

A peula véget ér.
Lili szinte végig csendben marad.

A végén két hanih odamegy a madrihhoz,
és azt mondják:
‘Figyi, szerintünk ez nem volt oké.
Lehetett volna valamit csinálni?’

Most jön az a rész,
ahol **a történet tükröt tarthat a kvucának**.”",f78f0c8b737f2434ee9f8025e63134936359d43d8b83a1018be5fe0061add7a0,,,"note: Leirat/transzkript (M6.2-NAR-04::TRANSCRIPT) kötelező: csak hang, ezért a dián vagy a médiaelem mellett látható leirat a teljes szöveges ekvivalens (WCAG 2.2 SC 1.2.1); első sora a kanonikus AI-címke; az M6.2-NAR-04::CAPTIONS archivált .vtt-derivatíva (projektgazdai döntés, 2026-10-03, VO D-19, D-21)",AI-generált,AI-generált,"note: kb. 40–50 mp, magyar hang, MP3/WAV","captions, transcript","M6.2-NAR-04, M6.2-NAR-04::CAPTIONS, M6.2-NAR-04::TRANSCRIPT",,,,"R2, R3","R1, R2, R3",,,ceec1c2a58643910afc85ae8f554f33695abf1209335ef5a28d0a287e0050b35,asset: M6.2-NAR-04 | captions: M6.2-FEL-04 | transcript: M6.2-LEI-04,,,
M6.2-NAR-05,M6,M6.2,online-lecke,"02 Tervezet/Modulok/M6/Online leckék/M6.2 – Történet, mint tükör.md",547,voiceover,narration,legyártandó,jogtisztázás alatt,,"Narráció – SLIDE 5 „Történet, mint tükör – kérdések” (45–60 mp)","45–60 mp magyar narráció: a reflektív, nem szégyenítő kérdések szerepe, négy konkrét kérdésminta felolvasása, a nyitott kérdés fogalma (nincs egyetlen jó válasz), szemben a szégyenítő ellenpéldával.",Mintaadás reflektív kérdésekre hangban,M6.2-NAR-05-VO,"„Ahhoz, hogy a történet **tükör** legyen,
nem elég elmesélni és továbbmenni.

Az segít, ha olyan kérdéseket teszel fel,
amelyekben a hanihok **magukra ismerhetnek**,
de **nem szégyenülnek meg**.

Ilyenek lehetnek például:

– ‘Melyik szereplő nézőpontját érted a legjobban, és miért?’
– ‘Milyen hasonló helyzet volt már nálatok?
Nem kell nevet mondani.’
– ‘Te mit tettél volna a madrih helyében?’
– ‘Mit szeretnél, mit tegyen a kvuca,
ha legközelebb valakit kinevetnek?’

Ezek **nyitott kérdések**.
Nincs egyetlen jó válasz.
És nem azt kérdezik:
‘Na, ki szokott így beszólni közületek?’”",f219beea277d1473e160e2153ff6479aedbed7e815431be6f74333d3525b34c7,,,"note: Leirat/transzkript (M6.2-NAR-05::TRANSCRIPT) kötelező: csak hang, ezért a dián vagy a médiaelem mellett látható leirat a teljes szöveges ekvivalens (WCAG 2.2 SC 1.2.1); első sora a kanonikus AI-címke; az M6.2-NAR-05::CAPTIONS archivált .vtt-derivatíva (projektgazdai döntés, 2026-10-03, VO D-19, D-21)",AI-generált,AI-generált,"note: kb. 45–60 mp, magyar hang, MP3/WAV","captions, transcript","M6.2-NAR-05, M6.2-NAR-05::CAPTIONS, M6.2-NAR-05::TRANSCRIPT",,,,"R2, R3","R1, R2, R3",,,574495143256b9ab3403b95aeeb994b4a7f92728383f704c7b6f2c2d5fbf1f2e,asset: M6.2-NAR-05 | captions: M6.2-FEL-05 | transcript: M6.2-LEI-05,,,
M6.2-NAR-06,M6,M6.2,online-lecke,"02 Tervezet/Modulok/M6/Online leckék/M6.2 – Történet, mint tükör.md",708,voiceover,narration,legyártandó,jogtisztázás alatt,,Narráció – SLIDE 6 „Nem minden téma és nyelv jó” (45–60 mp),"45–60 mp magyar narráció: korosztály-érzékenység, kisebbeknek egyszerű hétköznapi helyzetek, kerülni a túl sötét/traumatikus sztorit, vallási/politikai kérdések kontextusa, cél a segítő tükör.",Trigger- és korosztály-érzékenység átadása hangban,M6.2-NAR-06-VO,"„Fontos, hogy **nem minden történet jó minden korosztálynak**.

Kisebbeknél (Parparim 6–9, Kivsza 10–12)
jobbak az egyszerű, hétköznapi helyzetek:
kinevetés, bátorság, együttműködés.

Rövid sztori, kevés szereplő,
érthető, konkrét nyelv.

Arra viszont nagyon figyelj,
hogy ne hozz be túl sötét, traumatikus történeteket
pusztán ‘drámai hatásból’.

Ha valaki épp most él át hasonlót,
ez **túl sok** lehet neki.

Ugyanígy: vallási vagy politikai kérdéseknél
fontos, hogy értsd a kvucádat, a kontextust,
és hogy legyen idő, tér a feldolgozásra.

A cél nem az, hogy elrettentsük vagy megijesszük a hanihokat,
hanem hogy segítő **tükröt** adjunk nekik.”",e58dd7b746d44654201672b8ff90b5021d249da677434b5cbfdcc00e3a8b203e,,,"note: Leirat/transzkript (M6.2-NAR-06::TRANSCRIPT) kötelező: csak hang, ezért a dián vagy a médiaelem mellett látható leirat a teljes szöveges ekvivalens (WCAG 2.2 SC 1.2.1); első sora a kanonikus AI-címke; az M6.2-NAR-06::CAPTIONS archivált .vtt-derivatíva (projektgazdai döntés, 2026-10-03, VO D-19, D-21)",AI-generált,AI-generált,"note: kb. 45–60 mp, magyar hang, MP3/WAV","captions, transcript","M6.2-NAR-06, M6.2-NAR-06::CAPTIONS, M6.2-NAR-06::TRANSCRIPT",,,,"R2, R3","R1, R2, R3",,,52a0a83d6ba0ce751b9a64f7f7e8a64934c94dea1645ce5d492ba0ad1915749a,asset: M6.2-NAR-06 | captions: M6.2-FEL-06 | transcript: M6.2-LEI-06,,,
M6.2-NAR-07,M6,M6.2,online-lecke,"02 Tervezet/Modulok/M6/Online leckék/M6.2 – Történet, mint tükör.md",844,voiceover,narration,legyártandó,jogtisztázás alatt,,Narráció – SLIDE 7 Activity „Te hogyan tennéd tükörré?” (30–40 mp),"30–40 mp magyar narráció: a tanuló feladatának felvezetése – képzelje el a történetet saját kvucájának, fogalmazzon meg két nyitott kérdést és egyet, amit elhagyna.",A gyakorló feladat felvezetése hangban,M6.2-NAR-07-VO,"„Most rajtad a sor.

Képzeld el, hogy ezt a történetet
a saját kvucádnak meséled el.

Milyen kérdéseket tennél fel utána,
hogy segítsd a gondolkodást?

És milyen kérdést **nem** tennél fel,
mert tudod, hogy szégyenítő lehet, vagy túlságosan irányító?

Írj le **két nyitott kérdést**,
és egy olyat, amit inkább nem használnál.”",453015a874561ee4d2fe3d20a19da232c98081d1804ce823b43861f29db2fd6b,,,"note: Leirat/transzkript (M6.2-NAR-07::TRANSCRIPT) kötelező: csak hang, ezért a dián vagy a médiaelem mellett látható leirat a teljes szöveges ekvivalens (WCAG 2.2 SC 1.2.1); első sora a kanonikus AI-címke; az M6.2-NAR-07::CAPTIONS archivált .vtt-derivatíva (projektgazdai döntés, 2026-10-03, VO D-19, D-21)",AI-generált,AI-generált,"note: kb. 30–40 mp, magyar hang, MP3/WAV","captions, transcript","M6.2-NAR-07, M6.2-NAR-07::CAPTIONS, M6.2-NAR-07::TRANSCRIPT",,,,"R2, R3","R1, R2, R3",,,08b9fb547f1c8d6633d4f368d22bafa693e1e93bc2f2d81532b1f4afb819a30b,asset: M6.2-NAR-07 | captions: M6.2-FEL-07 | transcript: M6.2-LEI-07,,,
M6.2-VID-01,M6,M6.2,online-lecke,"02 Tervezet/Modulok/M6/Online leckék/M6.2 – Történet, mint tükör.md",53,video,ai-talking-head,legyártandó,jogtisztázás alatt,,Hook – AI beszélő fej: „kínos csend lett a sztori után?”,"AI-generált beszélő fej (kb. 35–45 mp) magyar narrációval, ami felvezeti a leckét: a kínos csend / túl személyes történet élménye, a történet mint erős, összekapcsoló de túlcsorduló eszköz, és hogy a lecke a történetet mint tükröt és a reflektáló kérdéseket veszi át. A SLIDE 1 narrációja (M6.2-VID-01-VO) a beszélt szöveg.","Érzelmi bevonás, a lecke keretének felvezetése a tanuló saját élményén keresztül",M6.2-VID-01-VO,"„Szia!
Történt már veled olyan, hogy elmeséltél a kvucádnak egy sztorit,
és utána **kínos csend lett**?

Te lelkesedtél,
de a többiek néztek rád,
mintha nem értenék, miről beszélsz.

Vagy fordítva:
egy nagyon személyes történetet mondtál,
valakit láthatóan felkavart,
és utána nem tudtad, hogyan folytasd.

A történetek nagyon erős eszközök.
Tudnak **összekapcsolni**,
de lehetnek **túl megterhelők** is.

Ebben a leckében azt nézzük meg,
hogyan lehet egy történet **tükör** a kvucának,
és milyen kérdésekkel segítheted a reflektálást.”",17dc133911aaf884dbc35bde23e213b4eee084e64ff7c6a6d6fca1a1b60fc746,,,"audio: spoken; visual: decorative; alt_note: csak a képi sáv (beszélő fej) dekoratív: hangalámondás nem kell (WCAG 2.2 SC 1.2.5), mert a felirat és a leirat szó szerint lefedi a narrációt; a videóelemet a dián látható, leíró videócímke azonosítsa (SC 1.1.1); note: Kell kapcsolható magyar felirat (WCAG 1.2.2) + teljes szöveges leirat a dián vagy a médiaelem mellett látható szövegként; lásd M6.2-VID-01::CAPTIONS és M6.2-VID-01::TRANSCRIPT",AI-generált,AI-generált,"note: kb. 35–45 mp, fekvő videó, magyar beszéd, MP4, csatolt, kapcsolható felirat-sávval","voiceover, captions, transcript","M6.2-VID-01, M6.2-VID-01::VOICEOVER, M6.2-VID-01::CAPTIONS, M6.2-VID-01::TRANSCRIPT",,,,"R2, R3","R1, R2, R3",,"Ugyanazt a szöveget hordozza, mint a SLIDE 1 narráció (M6.2-VID-01::VOICEOVER). Felirat: M6.2-VID-01::CAPTIONS, leirat: M6.2-VID-01::TRANSCRIPT.",293cc446e950629d1ad7a95e9a520846e222041388a1a96a440256d1dd275d0e,asset: M6.2-VID-01 | voiceover: M6.2-NAR-01 | captions: M6.2-FEL-01 | transcript: M6.2-LEI-01,,,
M6.2-VID-02,M6,M6.2,online-lecke,"02 Tervezet/Modulok/M6/Online leckék/M6.2 – Történet, mint tükör.md",302,video,ai-talking-head,legyártandó,jogtisztázás alatt,,Opcionális beszélő fej / narrációs videó – „Az új lány a körben” (1. rész),"Opcionális AI beszélő fej / narrációs videó, ami a „Lili, az új lány” történet 1. részét meséli el. A forrás szerint (SLIDE 3, „Mit látunk?”) a videó a slide-szöveggel („Történet – 1. rész”) azonos szöveget hordoz; a SLIDE 3 narráció (M6.2-VID-02::VOICEOVER, forrás: M6.2-VID-02-VO) ennek a sztorinak a rövidített, mesélt változata.",A történet 1. részének átélhetőbb átadása mozgóképben (opcionális),M6.2-VID-02-VO,"„Hallgass meg egy rövid történetet egy kvuca-alkalomról.

Tizenhárom évesek ülnek körben.
Régi barátok, régi poénok.
Most először jön egy új lány, Lili.

A madrih kéri őket,
hogy mondjanak egy jó dolgot a hetükről.

Lili kicsit zavarban van,
de azt mondja: az jó,
hogy anyukája elengedte ide.

Valaki halkan odaszól:
‘Na, még egy kocka…’
és a kör egy része kuncog.

Nézd meg, mi történik ezután.”",419886dc2fc50c7d6ed8121ebc46f9bf64eff9c6e9312852190a7a76591d35bc,,,"audio: spoken; visual: decorative; alt_note: csak a képi sáv (beszélő fej) dekoratív: hangalámondás nem kell (WCAG 2.2 SC 1.2.5), mert a felirat és a leirat szó szerint lefedi a narrációt; a videóelemet a dián látható, leíró videócímke azonosítsa (SC 1.1.1); note: Ha bekerül: kell kapcsolható magyar felirat (M6.2-VID-02::CAPTIONS) + leirat (M6.2-VID-02::TRANSCRIPT)",AI-generált,AI-generált,"note: kb. 30–35 mp, magyar beszéd, kapcsolható, nem égetett WebVTT-felirat a lecke `@source` szövegéből; opcionális elem","voiceover, captions, transcript","M6.2-VID-02, M6.2-VID-02::VOICEOVER, M6.2-VID-02::CAPTIONS, M6.2-VID-02::TRANSCRIPT",,,,"R2, R3","R1, R2, R3",,Csak ha a videó bekerül; egyébként a slide-szöveg + narráció (M6.2-VID-02::VOICEOVER) hordozza a tartalmat.,ea729424721ba4108cfa4222d83708771e64ef0c47cfcce52bbbd03b260afea1,asset: M6.2-VID-02 | voiceover: M6.2-NAR-03 | captions: M6.2-FEL-03 | transcript: M6.2-LEI-03,,,
M6.3-DIA-01,M6,M6.3,online-lecke,"02 Tervezet/Modulok/M6/Online leckék/M6.3 – Kézműves, ami tanít is.md",246,diagram,,legyártandó,specifikáció kész,,Három-kérdés keret – ikon/box diagram (Cél–Inkluzivitás–Variációk),"Három nagy ikon/box egymás alatt: 1) Cél – Mit tanít? (együttműködés/identitás/„mindenki hozzátesz""/felelősség + someres érték: egalitás, társadalmi felelősség); 2) Inkluzivitás – Kinek nehéz? (finommotorika, anyagérzékenység, pénz, vallási/kulturális jelképek, nyelvi nehézség, szorongás); 3) Variációk – Hogyan vonok be mindenkit? (egyszerűbb verzió, közös alkotás egyéni helyett, más anyag). Vizuális keretábra a három kérdéssel.",A lecke alapkeretének (cél – inkluzivitás – variációk) vizuális rögzítése.,,,,,,"visual: informative; alt_note: a lecke előírja az alt-szöveget, de a végleges szöveget a legyártott vizuál alapján kell megírni; note: Kötelező alt-szöveg / szöveges ekvivalens (M6.3-DIA-01::ALTTEXT); a box-feliratok valós szövegként is olvashatók legyenek.",AI-generált,AI-generált / grafikus,"note: Három-boxos függőleges ábra ikonokkal, magyar feliratok, mobil-first. Lehet statikus vagy lépésenként animált (a forrás nem ír elő animációt; az enumban a „animált-diagram"" a legközelebbi típus).",alt-text,"M6.3-DIA-01, M6.3-DIA-01::ALTTEXT",,,,,"R1, R5",,A három box ikon-igénye átfedhet az M6.3-IKO-01 ikon-készlettel.,98d4bc6b5027fe96f2336651de341fe92cf80a2298bbeffae520c12e92cbfc62,asset: M6.3-DIA-01 | alt-text: M6.3-ALT-03,,,
M6.3-FOTO-01,M6,M6.3,online-lecke,"02 Tervezet/Modulok/M6/Online leckék/M6.3 – Kézműves, ami tanít is.md",61,illustration,,legyártandó,specifikáció kész,,HOOK – Unottan színezgető gyerekek (bal kép),"Tartalmi fotó vagy illusztráció: gyerekek külön-külön, láthatóan unottan színezgetnek egy asztalnál. A „kézműves mint puszta időtöltés"" vizuális pólusa. Párban a jobb képpel (M6.3-FOTO-02) kontrasztot alkot.","A „csak kézműveskedünk"" vs. „kézműves, ami tanít"" logika elválasztása; a két kép kontrasztja maga az üzenet.",,,,,,"visual: informative; alt_note: az alt-szöveg meg van írva a leckében („Bal kép alt: …”), de nem fogható @source blokkba: a prescription egyetlen bekezdésben ad meg két alt-ot, és a köztük elhelyezett jelölő kettévágná a bekezdést. A szöveget a leckéből kell átvenni — az élő ellenőrzés erre az egy altra nem terjed ki.; note: Kötelező alt-szöveg (M6.3-FOTO-01::ALTTEXT) – NEM dekoratív, információt hordoz (a lecke SLIDE 1 alt-szöveg előírása kiemeli).",AI-generált,AI-generált (illusztráció),"note: Álló/fekvő fotó vagy illusztráció, mobil-first slide bal felére; magyar kontextus, Kivsza, 10–12 éves korosztály.",alt-text,"M6.3-FOTO-01, M6.3-FOTO-01::ALTTEXT",,,,,"R1, R5",,"Kötelező forrás + licenc, felismerhető kiskorú képmásánál pedig a jogalap és a dokumentáció igazolása a lecke képhasználati követelménye szerint (HUM-PRIV-02) a buildhez (3. szakasz, „Fotó / kép forrás-, jog- és adatvédelmi követelmény” doboz). Párja: M6.3-FOTO-02. | DÖNTÉS: illusztráció (GDPR-kockázat elkerülése), FOTO→ILL.",0e67d448a5ee95380d621a258edc8d7bfb56171719c22be4e30b80cb016aba60,asset: M6.3-FOTO-01 | alt-text: M6.3-ALT-01,,,
M6.3-FOTO-02,M6,M6.3,online-lecke,"02 Tervezet/Modulok/M6/Online leckék/M6.3 – Kézműves, ami tanít is.md",99,illustration,,újrahasznosítás,specifikáció kész,,HOOK – Kvuca közös plakáton dolgozik (jobb kép),"Tartalmi fotó vagy illusztráció: egy kvuca együtt, egymás mellett dolgozik egy nagy közös plakáton. A „kézműves mint közös élmény"" vizuális pólusa.",Kontraszt-pár a bal képpel (M6.3-FOTO-01); a kézműves közös-élmény jellegét mutatja.,,,,,,"visual: informative; alt_note: a lecke előírja az alt-szöveget, de a végleges szöveget a legyártott vizuál alapján kell megírni; note: NEM dekoratív. Az M6.3-FOTO-02 nem gyárt külön deriváltat (reuse), de a HOOK-elhelyezés alt-szövege NEM az M6.3-FOTO-03::ALTTEXT, hanem a lecke SLIDE 1 alt-szöveg előírásának „Jobb kép alt” sora – a buildnél azt kell használni.",AI-generált,AI-generált (illusztráció),"note: Álló/fekvő fotó vagy illusztráció, mobil-first slide jobb felére; magyar kontextus, Kivsza, 10–12 éves korosztály.",,,M6.3-FOTO-03,,,,,,"Újrahasznosítás indoklása (v1 dedup): Egyszer kell legyártani a 'kvuca közös nagy plakáton dolgozik, sok kéz' képet. HOOK-on (SLIDE 1) a FOTO-01 unott-színezős kontraszt-párjaként, kicsiben/párban jelenik meg; SLIDE 3-on (PÉLDA 1) önállóan, nagyban, a részletekre (rajzok, szavak, mindenki nyoma) fókuszálva. Ha a HOOK-kontraszthoz szorosabb keret kell, a kép kivágása/mérete eltérhet, de a forrásfotó/illusztráció ugyanaz. Kötelező forrás + licenc, felismerhető kiskorú képmásánál pedig a jogalap és a dokumentáció igazolása a lecke képhasználati követelménye szerint (HUM-PRIV-02) (3. szakasz, „Fotó / kép forrás-, jog- és adatvédelmi követelmény” doboz). Párja: M6.3-FOTO-01. | DÖNTÉS: illusztráció (GDPR-kockázat elkerülése), FOTO→ILL.",3419270f6ef40d66db02e647083f73d77bf168b7ff255318b8d4f91e9471e83c,asset: M6.3-FOTO-02 | alt-text: M6.3-ALT-02,,,
M6.3-FOTO-03,M6,M6.3,online-lecke,"02 Tervezet/Modulok/M6/Online leckék/M6.3 – Kézműves, ami tanít is.md",418,illustration,,legyártandó,specifikáció kész,,Közös kvuca-plakát – sok kéz dolgozik rajta,"Tartalmi kép: nagy csomagolópapír / poszter, sok kéz dolgozik rajta egyszerre, tele rajzokkal és szavakkal – „mindenki nyoma rajta van"".","Az első konkrét példa (Közös kvuca-plakát, együttműködés) vizuális megjelenítése.",,,,M6.3-FOTO-03-ALT#1,"Nagy csomagolópapírból készült közös plakát, sok kéz dolgozik rajta egyszerre, tele rajzokkal és szavakkal – mindenki nyomot hagy rajta.",visual: informative; note: Kötelező alt-szöveg (M6.3-FOTO-03::ALTTEXT).,AI-generált,AI-generált (illusztráció),"note: Fotó vagy illusztráció, slide kép-zóna, mobil-first; magyar kontextus.",alt-text,"M6.3-FOTO-03, M6.3-FOTO-03::ALTTEXT",,,,,"R1, R5",,"Kötelező forrás + licenc, felismerhető kiskorú képmásánál pedig a jogalap és a dokumentáció igazolása a lecke képhasználati követelménye szerint (HUM-PRIV-02) a buildhez (3. szakasz, „Fotó / kép forrás-, jog- és adatvédelmi követelmény” doboz). A SLIDE 3 „Mit látunk?” blokkjában szereplő „poszter"" a kép TARTALMA (ábrázolt kézműves), nem print-deliverable. | DÖNTÉS: illusztráció (GDPR-kockázat elkerülése), FOTO→ILL.",7b5579de18295169df08dc86992d135a2a9031a04133915d4e514d1cc7c5eea0,asset: M6.3-FOTO-03 | alt-text: M6.3-ALT-04,,,
M6.3-FOTO-04,M6,M6.3,online-lecke,"02 Tervezet/Modulok/M6/Online leckék/M6.3 – Kézműves, ami tanít is.md",615,illustration,,legyártandó,specifikáció kész,,Személyes szimbólum-karkötő – gyöngyfűzés,"Tartalmi kép: kezek színes gyöngyöket fűznek zsinórra, egy személyes karkötő készül – minden szín/gyöngy jelent valamit a viselőjének.","A második példa (identitás, önkifejezés karkötővel) vizuális megjelenítése.",,,,M6.3-FOTO-04-ALT#1,"Kezek színes gyöngyöket fűznek zsinórra, egy személyes karkötő készül – minden szín és gyöngy jelent valamit a viselőjének.",visual: informative; note: Kötelező alt-szöveg (M6.3-FOTO-04::ALTTEXT).,AI-generált,AI-generált (illusztráció),"note: Fotó vagy illusztráció, slide kép-zóna, mobil-first; magyar kontextus.",alt-text,"M6.3-FOTO-04, M6.3-FOTO-04::ALTTEXT",,,,,"R1, R5",,"Kötelező forrás + licenc, felismerhető kiskorú képmásánál pedig a jogalap és a dokumentáció igazolása a lecke képhasználati követelménye szerint (HUM-PRIV-02) a buildhez (3. szakasz, „Fotó / kép forrás-, jog- és adatvédelmi követelmény” doboz). | DÖNTÉS: illusztráció (GDPR-kockázat elkerülése), FOTO→ILL.",860e3e0e84cfba8244b1180d2eabab94480ee4ce1499014d70d86095f0394972,asset: M6.3-FOTO-04 | alt-text: M6.3-ALT-05,,,
M6.3-FOTO-05,M6,M6.3,online-lecke,"02 Tervezet/Modulok/M6/Online leckék/M6.3 – Kézműves, ami tanít is.md",822,illustration,,legyártandó,specifikáció kész,,Kvuca-zászló – közös festés,"Tartalmi kép: egy kvuca közösen fest egy zászlót, rajta a csoportot jelképező közös színekkel, jelekkel és szavakkal.","A harmadik példa (közösségi identitás, szimbólumok, kvuca-zászló) vizuális megjelenítése.",,,,M6.3-FOTO-05-ALT#1,"Egy kvuca közösen fest egy zászlót, rajta a csoportot jelképező közös színekkel, jelekkel és szavakkal.",visual: informative; note: Kötelező alt-szöveg (M6.3-FOTO-05::ALTTEXT).,AI-generált,AI-generált (illusztráció),"note: Fotó vagy illusztráció, slide kép-zóna, mobil-first; magyar kontextus.",alt-text,"M6.3-FOTO-05, M6.3-FOTO-05::ALTTEXT",,,,,"R1, R5",,"Kötelező forrás + licenc, felismerhető kiskorú képmásánál pedig a jogalap és a dokumentáció igazolása a lecke képhasználati követelménye szerint (HUM-PRIV-02) a buildhez (3. szakasz, „Fotó / kép forrás-, jog- és adatvédelmi követelmény” doboz). | DÖNTÉS: illusztráció (GDPR-kockázat elkerülése), FOTO→ILL.",558d4d97f22408b7d77246b52147f09b6f3dae1ae360e60a710afc990302722c,asset: M6.3-FOTO-05 | alt-text: M6.3-ALT-06,,,
M6.3-IKO-01,M6,M6.3,online-lecke,"02 Tervezet/Modulok/M6/Online leckék/M6.3 – Kézműves, ami tanít is.md",284,icon-set,,legyártandó,specifikáció kész,,Ikon-készlet – Cél / Inkluzivitás / Variációk,"Három ikon a három box fejlécéhez: Cél (mit tanít?), Inkluzivitás (kinek nehéz?), Variációk (hogyan vonok be mindenkit?). Egységes stílus.",A három alapreflex vizuális megkülönböztetése és felismerhetősége.,,,,,,"visual: decorative; alt_note: a lecke akadálymentesítési jegyzete dekoratívként jelöli (üres / rejtett alt); note: Az ikonok a box-felirat mellett dekoratívak; önállóan nem hordoznak új információt (a szöveg hordozza). Külön alt nem szükséges, ha a box-felirat olvasható.",AI-generált,AI-generált / grafikus,"note: 3 ikon, egységes vonalvastagság/stílus, mobil-first méret.",,M6.3-IKO-01,,,,,"R1, R5",,Az M6.3-DIA-01 diagramhoz tartozó ikonok; a diagram és az ikon-készlet egyben is gyártható.,1c5a3f7e3a9a777d8ee1637bb5b2ec7b22c92f2096d31dcab226adb129e82651,asset: M6.3-IKO-01,,,
M6.3-NAR-01,M6,M6.3,online-lecke,"02 Tervezet/Modulok/M6/Online leckék/M6.3 – Kézműves, ami tanít is.md",130,voiceover,narration,legyártandó,jogtisztázás alatt,,Narráció – SLIDE 1 HOOK (35–45 mp),"Kb. 35–45 mp narráció: a kézműves a peulákban néha „időtöltés"", máskor „valami fontosat tanít"" (együttműködés, közösségi felelősség, „mindenki hozzátesz valamit""); felvezeti, hogy a lecke a tudatos kézműves-választásról szól, hogy a végeredménynek jelentése legyen.","Bevonás, a lecke keretének felvezetése.",M6.3-NAR-01-VO,"„Szia!
A peulákban sokszor van **kézműves** rész is.

Néha ez olyan, mintha csak **időt töltenénk**:
mindenki színez valamit, beszélgetünk,
közben telik az este.

Máskor viszont a kézműveskedés
**valami fontosat tanít**:
együttműködést, közösségi felelősséget,
vagy azt, hogy *mindenki hozzátesz valamit*.

Ebben a leckében azt nézzük,
hogyan tudsz tudatosan **kézműves tevékenységet választani**,
hogy ne csak szép legyen a végeredmény,
hanem **jelentése is legyen**.”",0bfa28ac73ba9e94d0da8cf08a795083216c42466f1c59cc3def7ac39ab59b91,,,"note: Leirat/transzkript (M6.3-NAR-01::TRANSCRIPT) kötelező: csak hang, ezért a dián vagy a médiaelem mellett látható leirat a teljes szöveges ekvivalens (WCAG 2.2 SC 1.2.1); első sora a kanonikus AI-címke; az M6.3-NAR-01::CAPTIONS archivált .vtt-derivatíva (projektgazdai döntés, 2026-10-03, VO D-19, D-21)",AI-generált,AI-generált (szintetikus narráció),"note: Magyar nyelvű hang, kb. 35–45 mp; mobil-first lejátszás.","captions, transcript","M6.3-NAR-01, M6.3-NAR-01::CAPTIONS, M6.3-NAR-01::TRANSCRIPT",,,,"R2, R3","R1, R2, R3",,"Hozzá tartozik: felirat M6.3-NAR-01::CAPTIONS, leirat M6.3-NAR-01::TRANSCRIPT.",18cb24ebea69962016dc1767c49dfa819a7a14626e2567f3d9571e1b0eb2d51e,asset: M6.3-NAR-01 | captions: M6.3-FEL-01 | transcript: M6.3-LEI-01,,,
M6.3-NAR-02,M6,M6.3,online-lecke,"02 Tervezet/Modulok/M6/Online leckék/M6.3 – Kézműves, ami tanít is.md",316,voiceover,narration,legyártandó,jogtisztázás alatt,,Narráció – SLIDE 2 INPUT 1 (45–55 mp),"Kb. 45–55 mp narráció a három kérdésről kézműves előtt: 1) Mi a cél? (mit tanuljanak: együttműködés, „mindenki hozzátesz"", identitás); 2) Kinek lehet nehéz? (finommotorika, anyag-/szag-érzékenység, költség, instrukció nyelve, szorongás a körben megosztástól); 3) Milyen variációt kínálok? (matrica, szavak, más forma). Zárás: a kérdések segítenek, hogy a kézműves ne kirekesszen, hanem behívjon.",Az alapkeret elmagyarázása narrációval.,M6.3-NAR-02-VO,"„Mielőtt kézműves feladatot hozol egy kvucának,
érdemes három egyszerű kérdést feltenni.

**Első: Mi a cél?**
Mit szeretnél, hogy tanuljanak közben?
Együttműködést?
Azt, hogy ‘mindenki hozzátesz valamit’?
Vagy valamit az identitásukról?

**Második: Kinek lehet ez nehéz?**
Valakinek gond lehet a finommotorika?
Valaki érzékeny az anyagokra, szagokra?
Van, akinek gond a költség,
ha drága alapanyagot várunk tőle?
Valakinek nehéz az instrukció **nyelve**,
vagy **szorong** attól, hogy körben elmondja,
mit jelent neki, amit készített?

**Harmadik: Milyen variációt tudok kínálni?**
Tudom-e úgy csinálni,
hogy aki nem tud vagy nem akar rajzolni,
az matricával, szavakkal, más formában kapcsolódhat?

Ezek a kérdések segítenek abban,
hogy a kézműveskedés **ne kirekesszen**,
hanem **bevonjon** mindenkit.”",6e3c681ab31a6e650d74292513010764d62ccfc405e961663044f16aff574d81,,,"note: Leirat/transzkript (M6.3-NAR-02::TRANSCRIPT) kötelező: csak hang, ezért a dián vagy a médiaelem mellett látható leirat a teljes szöveges ekvivalens (WCAG 2.2 SC 1.2.1); első sora a kanonikus AI-címke; az M6.3-NAR-02::CAPTIONS archivált .vtt-derivatíva (projektgazdai döntés, 2026-10-03, VO D-19, D-21)",AI-generált,AI-generált (szintetikus narráció),"note: Magyar hang, kb. 45–55 mp; mobil-first.","captions, transcript","M6.3-NAR-02, M6.3-NAR-02::CAPTIONS, M6.3-NAR-02::TRANSCRIPT",,,,"R2, R3","R1, R2, R3",,"Felirat: M6.3-NAR-02::CAPTIONS, leirat: M6.3-NAR-02::TRANSCRIPT.",4bd0dc2c007f4737a3d3517bf44e8a9205154b1e1a4813d54b50ac0714533760,asset: M6.3-NAR-02 | captions: M6.3-FEL-02 | transcript: M6.3-LEI-02,,,
M6.3-NAR-03,M6,M6.3,online-lecke,"02 Tervezet/Modulok/M6/Online leckék/M6.3 – Kézműves, ami tanít is.md",456,voiceover,narration,legyártandó,jogtisztázás alatt,,Narráció – SLIDE 3 PÉLDA 1 Közös plakát (45–60 mp),"Kb. 45–60 mp narráció a Közös kvuca-plakátról: együttműködést tanít, „a plakát mindannyiunké"", sokféle nézőpont; inkluzivitás: ne legyen művészeti verseny; matricák, kivágott formák, színes papír, szavak – aki nem szeret rajzolni, ragaszthat/írhat/szimbólumot választhat; üzenet: mindenki hozzátesz valamit.",Az első példa pedagógiai magyarázata narrációval.,M6.3-NAR-03-VO,"„Nézzünk egy konkrét példát.

A ‘Közös kvuca-plakát’-nál
egy nagy lapra mindenki tesz valamit,
ami szerinte a kvucát jelképezi.

Ez taníthat **együttműködést**,
azt, hogy ‘ez a plakát mindannyiunké’.
És azt is, hogy a kvucáról szóló kép
nem egy ember fejéből jön,
hanem **sokféle nézőpontból**.

Az inkluzivitás szempontjából fontos,
hogy ne legyen művészeti verseny.
Ne legyen az az üzenet,
hogy ‘csak az számít, aki szépen rajzol’.

Tegyél ki matricákat, kivágott formákat,
ragasztót, színes papírt, szavakat.
Aki nem szeret rajzolni,
ragaszthat, írhat, választhat szimbólumot.

Így a foglalkozás **nem azt tanítja**,
hogy ‘nézd, ki mennyire ügyes’,
hanem azt, hogy **mindenki hozzátesz valamit**.”",534f1fe438dd7d1249e1f4c0ea04eb8b2b8568dad69291955883f8380d9a0c3f,,,"note: Leirat/transzkript (M6.3-NAR-03::TRANSCRIPT) kötelező: csak hang, ezért a dián vagy a médiaelem mellett látható leirat a teljes szöveges ekvivalens (WCAG 2.2 SC 1.2.1); első sora a kanonikus AI-címke; az M6.3-NAR-03::CAPTIONS archivált .vtt-derivatíva (projektgazdai döntés, 2026-10-03, VO D-19, D-21)",AI-generált,AI-generált (szintetikus narráció),"note: Magyar hang, kb. 45–60 mp; mobil-first.","captions, transcript","M6.3-NAR-03, M6.3-NAR-03::CAPTIONS, M6.3-NAR-03::TRANSCRIPT",,,,"R2, R3","R1, R2, R3",,"Felirat: M6.3-NAR-03::CAPTIONS, leirat: M6.3-NAR-03::TRANSCRIPT. A SLIDE 3 💡 „Egy rövid példa a gyakorlatból"" (Maja) doboza a slide-on RENDERELT SZÖVEGES tartalom (nem önálló legyártandó média-asset), nem a narráció része.",c671939187338794c8df26d2dbb573c270a495e24f9161324d489b2c55eadb3d,asset: M6.3-NAR-03 | captions: M6.3-FEL-03 | transcript: M6.3-LEI-03,,,
M6.3-NAR-04,M6,M6.3,online-lecke,"02 Tervezet/Modulok/M6/Online leckék/M6.3 – Kézműves, ami tanít is.md",653,voiceover,narration,legyártandó,jogtisztázás alatt,,Narráció – SLIDE 4 PÉLDA 2 Karkötő (kb. 55–75 mp),"Kb. 55–75 mp narráció a Személyes szimbólum-karkötőről: nem a „szép-e"", hanem hogy mit jelentenek az elemei; tanít önkifejezést, identitást, megosztást; inkluzivitás: finommotorika (vastagabb zsinór/nagyobb gyöngy), anyagok (fémallergia/tapintás), költség (státuszverseny veszélye); variációk: rajzos szimbólumkártya, páros munka (egyik fűz, másik segít a jelentésben).",A második példa pedagógiai magyarázata narrációval.,M6.3-NAR-04-VO,"„A ‘Személyes szimbólum-karkötő’
egy klasszikus kézműves feladat.

Nemcsak az a kérdés,
hogy ‘szép lett-e a karkötő’,
hanem hogy **mit jelentenek** az elemei.

Mit taníthat ez?
Önkifejezést: mi fontos nekem.
Identitást: milyen színek, jelek kapcsolódnak hozzám.
És megosztást: el merem-e mondani, mit raktam rá.

Az inkluzivitás szempontjából viszont
több dologra is figyelni kell.

Finommotorika:
a nagyon apró gyöngyöket
nem mindenki tudja kényelmesen fűzni.
Jó, ha van vastagabb zsinór, nagyobb gyöngy is.

Anyagok:
lehet valaki fémallergiás,
vagy zavarja bizonyos anyag tapintása.

Költség:
ha a kézműves feladat eredménye azon is múlik,
hogy ki milyen drága dolgot hoz otthonról,
akkor könnyen lesz belőle **státuszverseny**.

Ezért fontosak a **variációk** is:
ha valakinek nem megy a fűzés, vagy nem akarja,
készíthet helyette egy rajzos **szimbólumkártyát**,
vagy dolgozhat **párban** egy társával:
egyik fűz, másik segít kitalálni a jelentést.”",7b73f86cea8b9e2bbe73f3ca0c08b29b836418027dce57dd04ed03fb31bb6d6a,,,"note: Leirat/transzkript (M6.3-NAR-04::TRANSCRIPT) kötelező: csak hang, ezért a dián vagy a médiaelem mellett látható leirat a teljes szöveges ekvivalens (WCAG 2.2 SC 1.2.1); első sora a kanonikus AI-címke; az M6.3-NAR-04::CAPTIONS archivált .vtt-derivatíva (projektgazdai döntés, 2026-10-03, VO D-19, D-21)",AI-generált,AI-generált (szintetikus narráció),"note: Magyar hang, kb. 55–75 mp; mobil-first.","captions, transcript","M6.3-NAR-04, M6.3-NAR-04::CAPTIONS, M6.3-NAR-04::TRANSCRIPT",,,,"R2, R3","R1, R2, R3",,"Felirat: M6.3-NAR-04::CAPTIONS, leirat: M6.3-NAR-04::TRANSCRIPT.",686d078ee23a030fa81b7b208ccf92d0e7ff9b76c4953ccf10f5a47d2caac983,asset: M6.3-NAR-04 | captions: M6.3-FEL-04 | transcript: M6.3-LEI-04,,,
M6.3-NAR-05,M6,M6.3,online-lecke,"02 Tervezet/Modulok/M6/Online leckék/M6.3 – Kézműves, ami tanít is.md",860,voiceover,narration,legyártandó,jogtisztázás alatt,,Narráció – SLIDE 5 PÉLDA 3 Kvuca-zászló (45–60 mp),"Kb. 45–60 mp narráció a Kvuca-zászlóról: nemcsak „szép tárgy"", hanem „kik vagyunk mi együtt""; tanít közös döntést és felelősséget (amit kiteszünk, azt vállaljuk); inkluzivitásnál a szimbólumokra kell figyelni (ne bántson senkit, ne legyen valaki identitásából/kinézetéből/hátteréből vicc); a zászló akkor tanít jól, ha mindenki talál benne saját részletet, és senki sem érzi, hogy „rajta röhög a kvuca"".",A harmadik példa pedagógiai magyarázata narrációval.,M6.3-NAR-05-VO,"„A ‘Kvuca-zászló’ egy
nagyon hatékony kézműves program lehet.

Nemcsak egy ‘szép tárgy’ a falon,
hanem arról szól,
hogy **kik vagyunk mi együtt**.

Tanít közös döntést:
mit teszünk rá, mit nem.
Tanít felelősséget:
amit kiteszünk, azt vállaljuk,
az minket képvisel.

Inkluzivitásnál itt a **szimbólumokra** kell nagyon figyelni.

Milyen jeleket teszünk rá?
Nem bánt-e ez valakit a kvucából?
Nem csinálunk-e viccet valaki identitásából,
kinézetéből, hátteréből?

A zászló akkor tanít jól,
ha mindenki talál benne **saját részletet**,
és senki nem érzi azt,
hogy rajta röhög a kvuca.”",2db3e67b6430b8b2154a17221905bbd5df601306880c174a1662401dcabd3a14,,,"note: Leirat/transzkript (M6.3-NAR-05::TRANSCRIPT) kötelező: csak hang, ezért a dián vagy a médiaelem mellett látható leirat a teljes szöveges ekvivalens (WCAG 2.2 SC 1.2.1); első sora a kanonikus AI-címke; az M6.3-NAR-05::CAPTIONS archivált .vtt-derivatíva (projektgazdai döntés, 2026-10-03, VO D-19, D-21)",AI-generált,AI-generált (szintetikus narráció),"note: Magyar hang, kb. 45–60 mp; mobil-first.","captions, transcript","M6.3-NAR-05, M6.3-NAR-05::CAPTIONS, M6.3-NAR-05::TRANSCRIPT",,,,"R2, R3","R1, R2, R3",,"Felirat: M6.3-NAR-05::CAPTIONS, leirat: M6.3-NAR-05::TRANSCRIPT.",5e321caaad6c8e22e97b87b770d81db263293615d589ab8729a4ccdc2af5552b,asset: M6.3-NAR-05 | captions: M6.3-FEL-05 | transcript: M6.3-LEI-05,,,
M6.3-NAR-06,M6,M6.3,online-lecke,"02 Tervezet/Modulok/M6/Online leckék/M6.3 – Kézműves, ami tanít is.md",1019,voiceover,narration,legyártandó,jogtisztázás alatt,,Narráció – SLIDE 6 ACTIVITY (30–40 mp),"Kb. 30–40 mp narráció: „Most rajtad a sor."" Válassz egy kézművest (a példák vagy saját ötlet) és nézd a három kérdéssel: Mit tanítson? Kinek lehet nehéz, miért? Hogyan variálnád, hogy senki ne maradjon kívül? Cél: a kézműves ne csak időt töltsön, hanem tudatosan tanítson egy konkrét kvucának.",Az összefoglaló gyakorlat felvezetése.,M6.3-NAR-06-VO,"„Most rajtad a sor.

Válassz ki egy kézműves feladatot
– akár a példák közül, akár a saját ötleteid közül –,
és nézz rá a három kérdéssel:

– Mit tanítson?
– Kinek lehet nehéz, miért?
– Hogyan tudnád variálni,
hogy senki ne maradjon ki?

A cél az, hogy a kézműveskedés
**ne csak időkitöltő legyen**,
hanem **tudatosan tanítson** valamit
egy konkrét kvucának.”",3e0013892038168a216d14421d8ebd238f85090aa36bea6f02f0ac8cf5f59a70,,,"note: Leirat/transzkript (M6.3-NAR-06::TRANSCRIPT) kötelező: csak hang, ezért a dián vagy a médiaelem mellett látható leirat a teljes szöveges ekvivalens (WCAG 2.2 SC 1.2.1); első sora a kanonikus AI-címke; az M6.3-NAR-06::CAPTIONS archivált .vtt-derivatíva (projektgazdai döntés, 2026-10-03, VO D-19, D-21)",AI-generált,AI-generált (szintetikus narráció),"note: Magyar hang, kb. 30–40 mp; mobil-first.","captions, transcript","M6.3-NAR-06, M6.3-NAR-06::CAPTIONS, M6.3-NAR-06::TRANSCRIPT",,,,"R2, R3","R1, R2, R3",,"Felirat: M6.3-NAR-06::CAPTIONS, leirat: M6.3-NAR-06::TRANSCRIPT. A SLIDE 6 instrukciója és 3 nyitott kérdése („Mit látunk?”) szöveges UI – tanuló-lokális lépés, beviteli elem nélkül, a 3. szakasz runtime-követelménye szerint –, NEM legyártandó média-asset.",23f15cc0ee756f2d9c4ffe3836a4451255ad064db8f886e0cd23d35a4e9e9197,asset: M6.3-NAR-06 | captions: M6.3-FEL-06 | transcript: M6.3-LEI-06,,,
M6.4-IKO-01,M6,M6.4,online-lecke,02 Tervezet/Modulok/M6/Online leckék/M6.4 – Döntési szcenáriók – mit választanál.md,3,icon-set,,legyártandó,specifikáció kész,,Szcenárió- és visszajelzés-szekció ikonkészlet (9 szemantikus jelölő),"Egységes, lapos-stílusú ikonkészlet 9 visszatérő szekciójelölőhöz, amelyek a teljes Branching Scenarión át strukturálják a tartalmat: Kvuca (embercsoport), Cél (céltábla), Időkeret (óra), Tér (iránytű/helyszín), Miért jó döntés (pipa), Miben rejt kockázatot (figyelmeztetés), Hogyan teheted inkluzívabbá (akadálymentes/befogadó jel), Mini-reflexió (beszédbuborék), Feladat (ceruza). Az első négy (Kvuca/Cél/Időkeret/Tér) a 3A–3D helyzetleíró oldalakon, a középső négy (Miért jó/Kockázat/Inkluzivitás/Mini-reflexió) mind a 12 visszajelzési oldalon (5A–5D, J/T/K), a ceruza a záró oldal produktum-promptján ismétlődik. Konzisztens színkód (pl. zöld=előny, sárga=kockázat, kék=inkluzivitás) és vonalvastagság; a szín ne legyen az egyetlen megkülönböztető — minden ikon eltérő alakkal/glyph-fel is azonosítható (WCAG 1.4.1). H5P oldalakon kis méretben is olvasható.","Vizuálisan tagolja a hosszú, ismétlődő szöveges visszajelzési oldalakat, gyors átláthatóságot ad a tanulónak a döntés-szempontok (előny / kockázat / inkluzivitás / reflexió) között, és vizuális következetességet teremt mind a négy szcenárió-ágon (A–D) és 12 visszajelzési oldalon át.",,,,,,"visual: informative; alt_note: a lecke előírja az alt-szöveget, de a végleges szöveget a legyártott vizuál alapján kell megírni; note: Mindegyik ikonhoz alt-szöveg szükséges (Kvuca, Cél, Időkeret, Tér, Miért jó döntés, Miben rejt kockázatot, Hogyan teheted inkluzívabbá, Mini-reflexió, Feladat), mert szemantikus jelentést hordoznak, nem dekoratívak. A szín nem lehet az egyetlen információhordozó — az ikonok formailag is megkülönböztethetők. Lásd M6.4-IKO-01::ALTTEXT.",AI-generált,AI-generált,"note: SVG vagy PNG, transzparens háttér, min. 64x64 px, 9 db egységes stílusú ikon, H5P-kompatibilis",alt-text,"M6.4-IKO-01, M6.4-IKO-01::ALTTEXT",,,,,"R1, R5",,"Jelenleg Unicode-emojiként szerepelnek a forrásban; produkciós szempontból egységes ikonkészletté kell konvertálni a vizuális konzisztencia és a kontroll miatt. A ✅ glyph a záró Single Choice kérdéseknél (ZÁRÓ OLDAL, 1–2. kérdés) helyes-válasz jelölőként is megjelenik, de a H5P beépített kvíz-UI állapota, nem része az ikonkészlet-gyártásnak. A → nyilak (a „Gomb:” és „Gombok:” sorokban és a választási opciók végén) a H5P Branching-gombok navigációs UI-elemei, szintén nem gyártandó ikonok. Ellentétben a testvér-leckékkel (M6.1/M6.3), ez a fájl NEM tartalmaz beágyazott narráció-/kép-/videó-/AI-beszélőfej-direktívát, mert H5P Branching Scenario (lásd a lecke meta „Eszköz” sorát), nem Course Presentation — ezért nincs további gyártandó médiaasset. Összekapcsolódik az M6.4-IKO-01::ALTTEXT alt-szöveg-asszettel.",1046527db7b8c5027542092ab1c889cae646c9c0a927e68bd5bfd835cc28f3e0,asset: M6.4-IKO-01 | alt-text: M6.4-ALT-01,,,
M6.A-MUNK-01,M6,M6.A,peula,02 Tervezet/Modulok/M6/Peulák/M6.A – Peula – Játék-labor 3 aktuális kvucára (45’).md,241,worksheet,,legyártandó,specifikáció kész,,"Kilépőkártya – „1 játék, amiről játéklapot készítenél”","Kisméretű, kiosztható kilépőkártya: 1 kitöltendő mező a játék nevének („1 játék, amiről játéklapot készítenél”) és 1 rövid mező az indoklásnak („1 szó, miért azt választottad”). Híd az M6.B játéklap-műhelyhez.","Zárás és átvezetés: rögzíti az egyéni választást, ami az M6.B játéklap-műhelyben készülő játéklap-vázlat kiindulópontja lesz; tanulói elköteleződést teremt.",,,,,,"note: Egyszerű, nagy kitölthető vonalak; a mezőcímkék magas kontraszttal; külön alt-szöveg nem szükséges (önmaga szöveg).",AI-generált,AI-generált,"note: A6/negyed-A4 kis papír vagy kártya, magyar nyelv; fejenként 1 db, nyomtatható sablon",print-pdf,"M6.A-MUNK-01, M6.A-MUNK-01::PRINTPDF",,,,,"R1, R5",,"A meta (1. Peula meta, „Peula utáni lépés”) explicit kapcsolja az M6.B-hez: „Az M6.B pont innen, a mai kilépőkártyádtól indul.” Opcionálisan kiosztható (4.4.3: „Ha szeretnéd…”).",21384642c61c08b41bcff721c979464ee52bfbdaaf4aa02815fc3ad2d5657aee,asset: M6.A-MUNK-01,,,
M6.A-MUNK-02,M6,M6.A,peula,02 Tervezet/Modulok/M6/Peulák/M6.A – Peula – Játék-labor 3 aktuális kvucára (45’).md,3,worksheet,,legyártandó,specifikáció kész,,Képzői ellenőrző lista – „Játék-labor 3 aktuális kvucára” (1 oldalas gyorssegédlet),"Egyoldalas, nyomtatható képzői ellenőrzőlista a peula levezetéséhez, a forrás 5. szekciójának 5 pontjával: 1) Meta tiszta (fő kérdés + M6.1/M6.4 kapcsolat), 2) Játékok kiválasztva (2 játék + cél/korosztály/rizikó fejből), 3) Eszközök & tér (3 kvuca-sarok, CÉL–KVUCA–RIZIKÓ–VARIÁCIÓ tábla, hely, kijelölt csendes sarok mint biztonságos hely: felkavart kiskorút nem küldünk ki egyedül, egy felnőtt vele van), 4) Biztonsági keret a fejben (nem kötelező vállalni; mondat nehéz élményre; a külön beszélgetés csak diszkrét, de átlátható helyzetben, kettesben csak indokolt esetben és egy másik felelős tudtával), 5) Híd az M6.B játéklaphoz. Pipálható checklist-formátum.","A képzőnek egy nyomtatható, kéznél tartható egylapos összefoglalót ad, amellyel a peula előtt minden kulcselemet (meta, játékválasztás, eszközök/tér, safety, híd) végigellenőrizhet; a forrás explicit „1 oldalra” megjelölése szerint kifejezetten egy oldalas kézikártyának szánt anyag.",,,,,,"note: Tiszta hierarchia, jó kontraszt, elegendő sorköz; pipa-mezők egyértelműen jelölve; digitális változat esetén logikus heading/lista-struktúra a felolvashatóságért.",AI-generált,AI-generált,"note: A4 1 oldal, álló; magyar nyelv; pipálható checklist-elrendezés (5 fő pont, al-pontokkal); nyomtatható PDF",print-pdf,"M6.A-MUNK-02, M6.A-MUNK-02::PRINTPDF",,,,,"R1, R5",,"A forrás cím („1 oldalra”) egyértelműen egy oldalas kézikártyára utal, ezért legyártandó print-asset, nem pusztán szövegfolyam. Tartalmilag visszahivatkozik a POSZ-01 és POSZ-02 eszközökre (5. Képzői ellenőrző lista, 3. pont).",7154ce72f56eeb58366ff161abe8e43566b41fd9f8da3646697aaf9e3e39a275,asset: M6.A-MUNK-02,,,
M6.A-POSZ-01,M6,M6.A,peula,02 Tervezet/Modulok/M6/Peulák/M6.A – Peula – Játék-labor 3 aktuális kvucára (45’).md,120,poster,,legyártandó,specifikáció kész,,3 kvuca-sarok korosztály-lapok (szett),"3 db A3-as, nagy betűs korosztály-felirat lap egy szettben: „Parparim 6–9”, „Kivsza 10–12”, „Leviatán 13–17”. A teremben 3 sarokba/falra kihelyezve, a résztvevők ide állnak korosztály-szavazáskor (4.2.3 és 4.3.4). Tiszta, nagyméretű, távolról olvasható tipográfia.",A korosztály-sarok gyakorlat (térbeli szavazás) fizikai keretét adja; a peula központi „3 aktuális kvuca-szemüveg” módszerét teszi a térben láthatóvá és használhatóvá. A 4.2.3 (sarok-szavazás) és a 4.3.4 (inkluzivitás-sarok) lépéseknél is ez a lap-szett a referencia.,,,,,,"note: Magas kontraszt és nagy betűméret kötelező (távolról olvasható); maga a felirat a teljes tartalom, külön alt-szöveg nem szükséges. Önmaga a szöveges ekvivalens.",AI-generált,AI-generált,"note: 3 lap, A3 álló, magyar nyelv; nagy kontrasztú, vastag felirat; nyomtatható PDF-szett",print-pdf,"M6.A-POSZ-01, M6.A-POSZ-01::PRINTPDF",,,,,"R1, R5",,"Helyettesíthető flipchart-lapra kézzel írva is. A 3 lap egy összetartozó szettet alkot; a 2.2 Tér, a 4.2.3 és 4.3.4 sarokgyakorlat, valamint a képzői checklist 3. pontja ugyanazt a háromlapos szettet használja.",81a3fc57cff8c811bd9492b9c846489676f4d7010fec24a9407e3f9cf51b195e,asset: M6.A-POSZ-01,,,
M6.A-POSZ-02,M6,M6.A,peula,02 Tervezet/Modulok/M6/Peulák/M6.A – Peula – Játék-labor 3 aktuális kvucára (45’).md,71,poster,,legyártandó,specifikáció kész,,CÉL–KVUCA–RIZIKÓ–VARIÁCIÓ mátrix flipchart-sablon,"4 oszlopos flipchart/tábla-sablon az alábbi oszlopcímekkel: CÉL | KVUCA | RIZIKÓ | VARIÁCIÓ. Üres kitölthető mezők a játék-labor 1 közös elemzéséhez (kulcsszavak kézzel beírhatók). Letisztult, előre felrajzolható vagy nyomtatható poszter-sablon.",A peula közös elemzési nyelvét („cél – kvuca – rizikó – variáció”) strukturálja és vizualizálja; a játék-választás 3+ szempontjának begyakorlását támogatja a 4.2.4 lépésben.,,,,,,"note: Oszlopcímek nagy, kontrasztos betűvel; ha digitális verzió készül, alt-szöveg az oszlopstruktúrához (4 oszlop, fejlécek felsorolva).",AI-generált,AI-generált,"note: A1/flipchart méret, álló vagy fekvő, 4 oszlop; magyar nyelv; nyomtatható sablon vagy előrajzolási útmutató",print-pdf,"M6.A-POSZ-02, M6.A-POSZ-02::PRINTPDF",,,,,"R1, R5",,Képző élőben tölti ki filccel; a 4.2.4 lépés táblája. Megegyezik a képzői ellenőrző lista (5. szakasz) 3. pontjában említett mátrixszal. Külön sablon a POSZ-03-tól (eltérő oszlopcímek).,90eaed20b17b4a66fc316f0da9b07a57014c5360026fef3f32b0ead8a8f00593,asset: M6.A-POSZ-02,,,
M6.A-POSZ-03,M6,M6.A,peula,02 Tervezet/Modulok/M6/Peulák/M6.A – Peula – Játék-labor 3 aktuális kvucára (45’).md,274,poster,,legyártandó,specifikáció kész,,Inkluzivitás-elemző tábla-sablon (4 oszlop),"4 oszlopos flipchart/tábla-sablon az inkluzivitás-elemzéshez, oszlopcímek: KVUCA | KINEK NEHÉZ | KIREKESZTÉS / RIZIKÓ | INKLUZÍV VARIÁCIÓ. Üres, kézzel kitölthető mezők a „Szél fújja azt, aki…” játék inkluzivitás-elemzéséhez.","A 2. játék inkluzivitás-szemüveges elemzését strukturálja (4.3.4); segít megnevezni, kinek nehéz a játék, hol a kirekesztés rizikója, és milyen inkluzív variáció lehetséges.",,,,,,"note: Nagy, kontrasztos oszlopcímek; digitális változat esetén alt-szöveg a struktúrához (4 oszlop, fejlécek felsorolva).",AI-generált,AI-generált,"note: A1/flipchart méret, 4 oszlop; magyar nyelv; nyomtatható sablon vagy előrajzolási útmutató",print-pdf,"M6.A-POSZ-03, M6.A-POSZ-03::PRINTPDF",,,,,"R1, R5",,Külön sablon a POSZ-02-től (más oszlopcímek); a 4.3.4 inkluzivitás-blokk táblája.,d683414318fa451c6c6d2d0f77e46f95678735a3c4f3248465ec534b5a36d63e,asset: M6.A-POSZ-03,,,
M6.B-MUNK-01,M6,M6.B,peula,02 Tervezet/Modulok/M6/Peulák/M6.B – Peula – Játéklap-műhely – saját eszköz tervezése (45’).md,237,worksheet,,legyártandó,specifikáció kész,,Játéklap-sablon (üres kitölthető munkalap),"Egyoldalas, kézzel kitölthető A4 munkalap a résztvevők saját eszközének megtervezéséhez. A rovatok az M6 KAPU rubrikájának R1–R5 sorait követik (ugyanez a sablon a hub M6-HUB-MUNK-01 modulproduktuma). Kötelező mezők, mindegyikhez elég írásterület: Cím; Eszköz típusa (játék / történet / kézműves, bekarikázható); Cél (mit tanít / mire használom?; ha van, a kapcsolódó someres érték) – R1; Kvuca(k): korosztály-sáv (Parparim 6–9 / Kivsza 10–12 / Leviatán 13–17), létszám, hangulat – R2; Időkeret, tér, eszközök – R3; Menet / leírás röviden, lépésről lépésre – R3; Biztonsági szempontok (fizikai és érzelmi / beleegyezés; mikor állsz le, és kit hívsz, ha valakinek sok) – R4, blokkoló; Inkluzivitás (kire kell külön figyelni; legalább 1 megnevezett akadály és hozzá 1 konkrét alternatív belépési pont) – R5, blokkoló; Variációk (könnyített / nehezített / alternatív használat). Fejenként 1–2 példányban nyomtatva, tartalékkal.","A peula fő kimenete: minden résztvevő ezen készíti el az első használható játéklap-vázlatát, amelyet később a Moodle-ben ad le (M6 Assignment: szövegként beírva vagy a szerkeszthető sablont kitöltve, fájlként).",,,,,,note: Nyomtatott kézi kitöltésre. Digitális/akadálymentes változatban a mezők kitölthető form-fieldként és képernyőolvasóval olvashatóan készüljenek el; minden mező feliratozva.,emberi,emberi-felvétel,"note: A4, álló vagy fekvő, 1 oldal, fekete-fehér nyomtatható, kézzel kitölthető űrlap; magyar nyelv","print-pdf, editable","M6.B-MUNK-01, M6.B-MUNK-01::PRINTPDF, M6.B-MUNK-01::EDITABLE",,,,,R5,,"A peula központi nyomtatott eszköze. Párban dolgozók egy közös lapot is használhatnak. Az 5.2 checklist „Játéklap-sablonok (min. mezőkkel)” tételével azonos. A 4.2 Lépés 1 ugyanezt a mezőlistát kéri flipchartra/vetítve – az ott megjelenő minimum-lista nem külön asset, hanem e sablon tartalma.",9f02ff4c9c8b45a841e32a45306fa732311636432fbed7523af226e7a78819af,asset: M6.B-MUNK-01,,,
M6.B-MUNK-02,M6,M6.B,peula,02 Tervezet/Modulok/M6/Peulák/M6.B – Peula – Játéklap-műhely – saját eszköz tervezése (45’).md,132,worksheet,,legyártandó,specifikáció kész,,Rubrika / minimum-checklista (értékelő lap),"Egyszerű, 5 soros értékelő lap kinyomtatva (vagy flipchartra felírható sablonként): az M6 KAPU játéklap-rubrikájának sorai háromfokú skálával (Még nem / Oké / Erős), soronként a kapu „Oké”-ellenőrzőlistájának pontjával: R1 Cél – legalább 1 konkrét, kimondott, az eszközhöz illő cél; R2 Kvuca – korosztály-sáv (Parparim 6–9 / Kivsza 10–12 / Leviatán 13–17; elég a név vagy az életkor) és létszám, az eszköz és a korosztály nem ütközik a tanultakkal; R3 Leírás – legalább 3 lépésből álló menet, időkeret és eszközlista; R4 Biztonság (blokkoló) – legalább 1 konkrét, erre az eszközre vonatkozó biztonsági mondat; R5 Inkluzivitás (blokkoló) – legalább 1 megnevezett akadály és 1 konkrét alternatív belépési pont. A 4.2 Lépés 2 ezt mutatja be; ugyanez a rubrika köszön vissza a 4.4 mini-bemutatók társas visszajelzésénél.","Közös minőségi nyelvet ad: tisztázza, mi a „minimum oké” egy játéklapnál, és előkészíti a 4.4 blokk élő, rubrika-alapú társas visszajelzését.",,,,,,note: Nyomtatott / flipchart. Digitális változatban táblázatos rubrika képernyőolvasóval olvasható szerkezetben (fejléc-sorok és skála-szintek logikus olvasási sorrendben).,emberi,emberi-felvétel,"note: A4, 1 oldal, fekete-fehér nyomtatható; alternatívában flipchartra másolható sablon; magyar nyelv",print-pdf,"M6.B-MUNK-02, M6.B-MUNK-02::PRINTPDF",,,,,R5,,A 2.1-ben mint nyomtatható VAGY flipchartra írható eszköz szerepel. Az 5.2 checklist „Rubrika / checklist kirakva” tételével azonos.,2499c79c76176d4a8200a56acf9c1b2f3dcc02741c9c56f564dc707747ed16a8,asset: M6.B-MUNK-02,,,
M6.B-MUNK-03,M6,M6.B,peula,02 Tervezet/Modulok/M6/Peulák/M6.B – Peula – Játéklap-műhely – saját eszköz tervezése (45’).md,164,worksheet,,legyártandó,specifikáció kész,,Kész minta-játéklap – JÁTÉK példa (képzői mintalap),"Kitöltött, max. 1 oldalas mintajátéklap egy egyszerű, jól ismert (someres) JÁTÉKra, az M6.B-MUNK-01 sablon formátumában. Mintaként mutatja a kitöltött mezőket: jól látható cél és kvuca, 3 konkrét biztonsági/inkluzivitási szempont, és 2 variáció más kvucára. A játéknál a szempontok: ki maradhat ki, hol van fizikai kockázat, B-terv annak, aki nem akar mozogni/kontaktust.","A képző 2–3 percben megmutatja, hogyan néz ki egy „elég jó” kitöltött játéklap; konkrét igazodási pont a résztvevőknek (4.2 Lépés 3).",,,,,,"note: Nyomtatott mintapéldány. Ha kivetítik, a szöveg legyen jól olvasható; digitális változatban képernyőolvasóval olvasható (kitöltött mezők felirat+érték párként).",emberi,emberi-felvétel,"note: A4, max. 1 oldal, kitöltött minta az M6.B-MUNK-01 sablon formátumában; fekete-fehér nyomtatható; magyar nyelv",print-pdf,"M6.B-MUNK-03, M6.B-MUNK-03::PRINTPDF",,,,,R5,,Az 5.3 checklist „Van saját mintajátéklapod?” tételének nyomtatott alapja. A három mintalap (MUNK-03/04/05) együtt biztosít kapaszkodót minden eszköztípushoz.,8de90e899a93c4494002c148cfe442a09c5df31a1381b5e249d2322870cf2704,asset: M6.B-MUNK-03,,,
M6.B-MUNK-04,M6,M6.B,peula,02 Tervezet/Modulok/M6/Peulák/M6.B – Peula – Játéklap-műhely – saját eszköz tervezése (45’).md,270,worksheet,,legyártandó,specifikáció kész,,Kész minta-játéklap – TÖRTÉNET példa (képzői mintalap),"Kitöltött, kb. fél oldalas mintajátéklap egy TÖRTÉNET-eszközre (pl. kirekesztésről szóló történet), a játéklap-sablon formátumában. Az inkluzivitási szempontok az M6.2 leckéből: a feldolgozó kérdések nyitottak és NEM szégyenítőek, nem mutatnak rá konkrét hanihra („te voltál ilyen…”). A többi mező (cél, kvuca, biztonság, variációk) is kitöltve.","Kapaszkodó a történetet választó résztvevőknek, akiknek az M6.A élő peulában nem volt kézbe vett tapasztalatuk történet-eszközről (a forrás explicit indoklása, 2.3 Képző felkészülése).",,,,,,note: Nyomtatott mintapéldány; digitális változatban képernyőolvasóval olvasható (kitöltött mezők felirat+érték párként).,emberi,emberi-felvétel,"note: A4, kb. fél oldal, kitöltött minta a játéklap-sablon formátumában; fekete-fehér nyomtatható; magyar nyelv; tartalmi forrás M6.2",print-pdf,"M6.B-MUNK-04, M6.B-MUNK-04::PRINTPDF",,,,,R5,,Explicit kérés a forrásban a fél-fél oldalas történet- és kézműves-minta elkészítésére. Inkluzivitási kritériumok forrása: M6.2 online lecke.,0613456d02f9bc5f523c4a2c1f462a72f1bc28c4a0e32a155f5746a9e7165663,asset: M6.B-MUNK-04,,,
M6.B-MUNK-05,M6,M6.B,peula,02 Tervezet/Modulok/M6/Peulák/M6.B – Peula – Játéklap-műhely – saját eszköz tervezése (45’).md,302,worksheet,,legyártandó,specifikáció kész,,Kész minta-játéklap – KÉZMŰVES példa (képzői mintalap),"Kitöltött, kb. fél oldalas mintajátéklap egy KÉZMŰVES-eszközre, a játéklap-sablon formátumában. Az inkluzivitási szempontok az M6.3 leckéből: finommotorika, anyag-érzékenység, költség, szimbólumok – van-e egyszerűbb / más anyagú / nem rajzos variáció. A többi mező (cél, kvuca, biztonság, variációk) is kitöltve.","Kapaszkodó a kézművest választó résztvevőknek, akiknek az M6.A élő peulában nem volt kézbe vett tapasztalatuk kézműves-eszközről (a forrás explicit indoklása, 2.3 Képző felkészülése).",,,,,,note: Nyomtatott mintapéldány; digitális változatban képernyőolvasóval olvasható (kitöltött mezők felirat+érték párként).,emberi,emberi-felvétel,"note: A4, kb. fél oldal, kitöltött minta a játéklap-sablon formátumában; fekete-fehér nyomtatható; magyar nyelv; tartalmi forrás M6.3",print-pdf,"M6.B-MUNK-05, M6.B-MUNK-05::PRINTPDF",,,,,R5,,Explicit kérés a forrásban. Inkluzivitási kritériumok forrása: M6.3 online lecke.,c9ee2704a5385aadb0536696032f4aab64a89e3bf52820565e760b45628c53e7,asset: M6.B-MUNK-05,,,
M6.B-MUNK-06,M6,M6.B,peula,02 Tervezet/Modulok/M6/Peulák/M6.B – Peula – Játéklap-műhely – saját eszköz tervezése (45’).md,526,worksheet,,legyártandó,specifikáció kész,,Képzői ellenőrző lista (1 A4 – peula előtt/közben),"Egyoldalas (1 A4) képzői ellenőrzőlista a peula levezetéséhez, 6 blokkal: 1) Tiszták a célok?; 2) Megvan minden eszköz? (sablonok, rubrika, tollak/post-it/papír, időmérő, tábla/flipchart; ha van második felnőtt: a második félcsoporthoz kijelölt, eligazított felnőtt stábtag és második flipchart vagy kinyomtatott kérdéssor; ha nincs, a 4.4.2 nagycsoportban fut); 3) Van saját mintajátéklapod? (1 rövid játék-példa, mellette 1 történet- és 1 kézműves-mintapélda; mindegyikben cél/kvuca/biztonság/inkluzivitás/variációk); 4) Biztonsági keret a fejben (kész mondatok, pl. „Nem kell tökéletesnek lennie, ez egy első verzió…”; tudod, kinek jelzel / kihez fordulsz, ha a peula alatt valaki nagyon rosszul érzi magát egy játék, emlék vagy felismerés miatt: a kijelölt Memunának (a Somer gyermekvédelmi felelősének), összeférhetetlenség esetén a név szerint kijelölt helyettesének); 5) Időkezelés (honnan veszel el időt, vállalás-körre min. 3 perc); 6) Híd Moodle felé. Pipálható tételekkel.","A képző felkészülését és a levezetés minőségbiztosítását segítő, kinyomtatható egyoldalas segédlet.",,,,,,"note: Nyomtatott segédlet; digitális változatban hierarchikus listaszerkezetben, képernyőolvasóval olvasható.",emberi,emberi-felvétel,"note: A4, 1 oldal, fekete-fehér nyomtatható checklist; magyar nyelv",print-pdf,"M6.B-MUNK-06, M6.B-MUNK-06::PRINTPDF",,,,,R5,,"A forrás explicit „1 A4-re” formátumot kér, ezért külön legyártandó print-asset. A benne szereplő safety-mondatok (2.3 Képző felkészülése; 5. lista 4. pont) nem külön asset, hanem e checklist tartalma.",7ff522f1e377c7dc0be685fe74d17539996179244a384f50002359684f7f9a38,asset: M6.B-MUNK-06,,,
M6.B-POSZ-01,M6,M6.B,peula,02 Tervezet/Modulok/M6/Peulák/M6.B – Peula – Játéklap-műhely – saját eszköz tervezése (45’).md,389,poster,,legyártandó,specifikáció kész,,Produktum-visszajelzés flipchart-sablon (Megfigyelés → Hatás → Következő lépés),"Flipchartra/táblára felírható vagy A3/A4-en kinyomtatható produktum-visszajelzési poszter három kérdéssel: (1) Megfigyelés: melyik konkrét elemet látod a lapon? (2) Hatás: milyen várható hatása lehet ennek a kvucára vagy a következő madrih munkájára? (3) Következő lépés: mit lenne jó még hozzáadni vagy pontosítani? Tartalmazza a kész mintamondatot: „Amikor elképzeltem, hogy egy 6–9 éves Parparim-kvucával ezt a játékot vinném, feltűnt, hogy a biztonság sorban külön odaírtad: ‘nem kötelező felállni, ülve maradni is rendben van’. Ettől egy szorongóbb hanihnak is lenne benne biztonságos opciója, és egy másik madrih is könnyebben tudná biztonságosan megtartani a játékot. Következő lépésként érdemes lehet még egy variációt írni egy másik korosztályra is.” A lap alján rövid horgony: „M1 emlékeztető: az SBI viselkedésre való; produktumra a Megfigyelés → Hatás → Következő lépés modellt használjuk.”","Vizuális keret a társas visszajelzés gyakorlásához; segít, hogy a résztvevők általános dicséret helyett a játéklap egy konkrét elemére, annak várható hatására és egy következő lépésre reagáljanak.",,,,,,note: Vizuális segédlet a teremben – kell szöveges ekvivalens a három kérdéshez és a teljes mintamondathoz.,emberi,emberi-felvétel,"note: Flipchart-lap vagy A3/A4 nyomtatható poszter; nagy, jól olvasható betűk; magyar nyelv",print-pdf,"M6.B-POSZ-01, M6.B-POSZ-01::PRINTPDF",,,,,R5,,A forrás „Írd fel a táblára” instrukcióját egy egyszerű produktum-visszajelzési sablonra pontosítjuk. Az SBI viselkedésre való (az emberre adott SBI-ben a „Viselkedés” (B) elem a megfigyelhető viselkedést írja le); a játéklapra mint produktumra a Megfigyelés → Hatás → Következő lépés modell szól.,5eb33adb846931db403d249bb17097785b54f6e9446b34d14cd0bbd012d1d5bb,asset: M6.B-POSZ-01,,,
M6.F-EGY-01,M6,M6.F,peula,02 Tervezet/Modulok/M6/Peulák/M6.F – Felzárkóztató peula – Eszköztár & játéklap (Study Lab).md,159,print,consumable,külső forrás,specifikáció kész,,Cetli / post-it készlet a név nélküli témakérésekhez (beszerzendő irodaszer),"Résztvevőnként 1–2 kis post-it/cetli az opcionális, név nélküli témakéréshez – a tájékozódó tábla (POSZ-01) kijelölt sávjára vagy a közös témakérő flipchartra. Egyszerű, egységes – nem igényel egyedi nyomatot, beszerezhető standard post-it. Személyes haladási státusz jelölésére nem használjuk.","Név nélküli témakérés: aki szeretne, felír egy kérdést vagy témát (nem státuszt és nem nevet), amiben aznap segítséget kér.",,,,,,note: —,stock,,"note: Kis, írható post-it/cetli, fejenként 1–2 db, tetszőleges szín; standard irodaszer, nem nyomtatott egyedi termék",,M6.F-EGY-01,,,source: beszerzendő irodaszer (post-it / matrica / filc / marker); owner: képzés-logisztika,,,,"Category 'digitális-generálandó'-ról 'print-fizikai'-ra javítva: a matrica fizikai, megvásárolható tárgy, NEM digitálisan generált kimenet (a séma 'digitális-generálandó' kategóriája narrációt/videót/diagramot/illusztrációt/ikont/fotót/hangot sorol). assetType 'egyéb' és provenance 'stock' marad: beszerzendő stock irodaszer, az előkészítés (2.1 Eszközök) miatt asset-ként szerepel. A tájékozódó táblával (POSZ-01) együtt működik, kizárólag név nélküli témakérésre. Az R8 kivezetve: a szabály szövege kifejezetten „valós fotó/screenshot” esetére szól (azonosítható személy, kézírás, felhasználónév a képen). Ez a tétel beszerzendő fizikai irodaszer, nem képi anyag — se fotó, se képernyőkép, se ábrázolt személy —, így az R8-nak nincs alkalmazható kikötése rá. A beszerzési tétel specifikációja kész.",d73aef948b6720ead301d4108a1c5ae76719b6cefaad42b4241be581f27a5ee1,asset: M6.F-EGY-01,,,
M6.F-MUNK-01,M6,M6.F,peula,02 Tervezet/Modulok/M6/Peulák/M6.F – Felzárkóztató peula – Eszköztár & játéklap (Study Lab).md,247,worksheet,,legyártandó,specifikáció kész,,Jegyzetlap – „1 gondolat / 1 kérdés leckénként + játéklap”,"Egyéni jegyzet-munkalap öt blokkra osztva, mindegyikhez 2–2 sor (1 gondolat / 1 kérdés): L1 – játék-kategóriák, korosztályok; L2 – történet, mint tükör; L3 – kézműves, ami tanít; L4 – döntési szcenáriók; Játéklap – biztonság & inkluzivitás. Hely az „ezt ma nem értem el” / „ezt szeretném pótolni” jelölésnek is.",Strukturált önreflexió: minden leckéhez 1 gondolat és 1 kérdés rögzítése; alapja a kérdésgyűjtésnek és az esetleges név nélküli begyűjtésnek.,,,,,,note: Alt-szöveg nem releváns (üres űrlap); elegendő sorköz és kontraszt a kézi kitöltéshez,AI-generált,AI-generált,"note: A4, álló, magyar nyelvű, fejenként 1 példány, kézzel kitölthető sorokkal",print-pdf,"M6.F-MUNK-01, M6.F-MUNK-01::PRINTPDF",,,,,"R1, R5",,"Név nélkül begyűjthető (4.2 Blokk 2 vége) a kérdésgyűjtéshez (4.3 Blokk 3, 2. lépés). A sorok megegyeznek a POSZ-01 leckesoraival és a POSZ-02 buborékjaival.",30d66914219c76a80245e22295dcba2d11237b4e2e90c0c8d69d38ac7ea3f74b,asset: M6.F-MUNK-01,,,
M6.F-MUNK-02,M6,M6.F,peula,02 Tervezet/Modulok/M6/Peulák/M6.F – Felzárkóztató peula – Eszköztár & játéklap (Study Lab).md,280,worksheet,,újrahasznosítás,specifikáció kész,,Üres játéklap-sablon (offline B-terv + F-peula),"Nyomtatott üres játéklap-sablon a saját eszköz (játék/történet/kézműves) leírásához, az M6.B-MUNK-01 sablon mezőivel (a rovatok az M6 KAPU R1–R5 sorait követik): cím; eszköz típusa; cél; kvuca (korosztály-sáv, létszám, hangulat); időkeret, tér, eszközök és menet lépésről lépésre; biztonsági szempontok (mikor állsz le, kit hívsz, ha valakinek sok); inkluzivitás („kinek lehet nehéz, és mit teszek ilyenkor”: legalább 1 akadály és 1 alternatív belépési pont); variációk. Online elérés kiesésekor a digitális játéklapot pótolja.","Védett idő a játéklap javítására (a visszajelzésben jelzett sorok), illetve a vázlat írására/finomítására; wifi/eszköz kiesés esetén ütésálló offline alternatíva.",,,,,,"note: Alt-szöveg nem releváns (üres űrlap); jól tagolt mezők, elegendő íráshely",AI-generált,AI-generált,"note: A4, álló, magyar nyelvű, fejenként 1–2 példány, kitölthető mezőkkel",,,M6.B-MUNK-01,,,,,,"Újrahasznosítás indoklása (v1 dedup): M6.B-MUNK-01 az elsődleges/forrás-sablon, amire M6-MUNK-01 és M6.F-MUNK-02 explicit visszahivatkozik ('a digitális/sablon nyomtatott változata'). Ugyanaz az egylapos játéklap; a felhasználási kontextus (élő műhely / modulproduktum / offline B-terv) eltér, de a média egy darab. A Moodle-ben befejezett játéklap (Assignment; 1. Peula meta, „Peula utáni online lépés”, és a 4.4 záró üzenet) papír-megfelelője. A „kinek lehet nehéz” kérdés a 4.3 Blokk 3 összekötéseiből (4. lépés) ered, és az inkluzivitás-rovatban szerepel.",285d698c53156cb50280b8a20e36e4481b8b377e6f3c0a479fb2d60cff545a88,asset: M6.F-MUNK-02,,,
M6.F-MUNK-03,M6,M6.F,peula,02 Tervezet/Modulok/M6/Peulák/M6.F – Felzárkóztató peula – Eszköztár & játéklap (Study Lab).md,62,worksheet,,legyártandó,specifikáció kész,,"Lecke-összefoglalók M6.1–M6.4 (offline B-terv, 1–1 oldal)","Négy egyoldalas nyomtatott lecke-összefoglaló (M6.1 játék-kategóriák; M6.2 történet mint tükör; M6.3 kézműves ami tanít; M6.4 döntési szcenáriók), mindegyik a fő fogalmakkal és a tipikus elakadásokkal (lásd a 2.3 Képző felkészülése elakadás-listáját). Wifi/H5P kiesés esetén pótolja a videót/H5P-t.","Offline tartalmi pótlás és páros átbeszélés alapja, hogy az F-peula ideje ne omoljon össze online elérés nélkül; közös alapnyelv biztosítása.",,,,,,"note: Alt-szöveg kell az esetleges ábrákhoz; jól strukturált, fejléccel ellátott szöveg",AI-generált,AI-generált,"note: 4 × A4, álló, magyar nyelvű, leckénként 1 oldal; fő fogalmak + tipikus elakadások",print-pdf,"M6.F-MUNK-03, M6.F-MUNK-03::PRINTPDF",,,,,"R1, R5",,"Tartalom forrása az M6.1–M6.4 online leckék + a képzői elakadás-lista (2.3 Képző felkészülése). A páros átbeszéléshez (4.2 Blokk 2, offline váltás) és a gyors előhíváshoz (4.3 Blokk 3, 1. lépés) is kapcsolódik.",bf1d2357c8a1373bc9e64382fc4d52f8026d2b961fddf0241cf0e94611fcc875,asset: M6.F-MUNK-03,,,
M6.F-MUNK-04,M6,M6.F,peula,02 Tervezet/Modulok/M6/Peulák/M6.F – Felzárkóztató peula – Eszköztár & játéklap (Study Lab).md,466,worksheet,,legyártandó,specifikáció kész,,Képzői ellenőrző lista – 1 A4 (peula előtt/közben/után),"Egyoldalas képzői ellenőrzőlista hat blokkban, gyorsan átfutható pipálható pontokkal: 1) Meta tiszta (F-peula: facilitált javítási alkalom, nem számonkérés; kötelező annak, akinek az M6 éles kapuja nem teljesült; cél: a nem teljesült rubrikasorok javítása a kapun kapott visszajelzés alapján + a hiányzó leckék pótlása + fogalom-összekötés); 2) Eszközök rendben (wifi/Moodle/H5P, eszköz+füles+tartalék, témakérő post-it/cetlik, tábla, filcek, jegyzetlapok, fogalom-térkép tábla); 3) Tér működik (csendes online munka, nagykör, nyugodt, de átlátható pont egyéni beszélgetéshez – kettesben csak indokolt esetben és egy másik felelős tudtával); 4) Biztonsági keret a fejemben (keretmondatok); 5) Időkeret reális (20’ csendes pótlás szent idő, fogalom-térkép rövidíthető, záró mondatbefejezés nem marad el); 6) Híd kimondása (a javított játéklap javító leadása a Moodle-ben).","A képzőnek nyomtatott, egyoldalas önellenőrző segédlet, ami biztosítja a felzárkóztató keret, az eszközök, a tér, a safety és az időkeret/híd konzisztens betartását.",,,,,,"note: Alt-szöveg nem releváns (szöveges űrlap); jól tagolt, fejlécekkel és pipa-mezőkkel, megfelelő kontraszt",AI-generált,AI-generált,"note: 1 × A4, álló, magyar nyelvű, képzőnként 1 példány, pipálható ellenőrzőlista-formátum",print-pdf,"M6.F-MUNK-04, M6.F-MUNK-04::PRINTPDF",,,,,"R1, R5",,A forrás explicit „1 A4-re” formátumot ír elő (5. szakasz címe). Az 1. pont meta-keretmondatai megegyeznek a 2.3 keretező mondataival és a 4.1 Blokk 1 képzői mondatával; a 2. pont eszközei a 2.1 Eszközök listával.,0daf6143997c056edbe508accb9b4e387c8bcc2c62b513e5566aa3afc0eead8a,asset: M6.F-MUNK-04,,,
M6.F-POSZ-01,M6,M6.F,peula,02 Tervezet/Modulok/M6/Peulák/M6.F – Felzárkóztató peula – Eszköztár & játéklap (Study Lab).md,188,poster,,legyártandó,specifikáció kész,,Tájékozódó tábla – M6 leckelista + játéklap + név nélküli témakérések,"Nagyméretű flipchart/poszter-sablon az M6 tartalmi listájával, 5 sorban: L1 – Játék-kategóriák 3 aktuális kvucára; L2 – Történet, mint tükör; L3 – Kézműves, ami tanít is; L4 – Döntési szcenáriók: mit választanál?; Játéklap – saját eszköz leírása; mellette elkülönített sáv „Miben kérsz ma segítséget?” felirattal a név nélküli témakérés-cetliknek. Nincs matricahely, személyenkénti jelölés vagy „Kész az M6” állapotsor – a saját haladását mindenki maga nézi meg a Moodle-ben.","Közös, nem személyre szóló segédeszköz a Blokk 1-beli privát állapotfelméréshez: áttekintő térkép a modul leckéiről és a játéklap-vázlatról (a képző hangosan is felolvassa), mellette hely a név nélküli témakérés-cetliknek. Senkinek a saját haladása nem kerül ki rá.",,,,,,"note: Alt-szöveg kell a digitális verzióhoz; a tábla felirata kontrasztos, nagy betűs legyen; a képző a sorokat hangosan is felolvassa, a témakérés-cetli opcionális",AI-generált,AI-generált,"note: A1/flipchart méret, álló, magyar nyelvű; 5 tartalmi sor + témakérés-sáv; nagy, jól olvasható tipográfia",print-pdf,"M6.F-POSZ-01, M6.F-POSZ-01::PRINTPDF",,,,,"R1, R5",,A táblán szereplő sorok megegyeznek a jegyzetlap (MUNK-01) leckéivel és a fogalom-térképpel (POSZ-02). A név nélküli témakérés-cetlikkel (EGY-01) együtt használatos; személyes haladási státuszt nem hordoz.,03826838cb9f9f3700cea3d35d5ae990abdf986c4e5764f27b20df15dd6ea3c1,asset: M6.F-POSZ-01,,,
M6.F-POSZ-02,M6,M6.F,peula,02 Tervezet/Modulok/M6/Peulák/M6.F – Felzárkóztató peula – Eszköztár & játéklap (Study Lab).md,339,poster,,legyártandó,specifikáció kész,,Fogalom-térkép sablon – 5–6 buborék (az eszköztár nagy képe),"Flipchart/poszter-sablon a fogalom-térképhez: 5–6 nagy üres kör/buborék előrajzolva, középre rendezve, hogy a peulán élőben kulcsszavakkal töltsék ki és nyilakkal kössék össze. Buborék-címkék: Játék, Történet, Kézműves, Inkluzivitás, Biztonság, Játéklap. Hagyjon helyet a buborékok közötti nyilaknak.","A fő M6 fogalmak összekötésének vizuális vázát adja; megmutatja, hogy a játéklap tartja össze az eszközöket – nem csak admin.",,,,,,"note: Alt-szöveg kell a digitális verzióhoz; buborék-címkék nagy, kontrasztos betűvel",AI-generált,AI-generált,"note: A1/flipchart méret, fekvő, magyar nyelvű, 5–6 üres kör + címke, élő kitöltésre tervezve",print-pdf,"M6.F-POSZ-02, M6.F-POSZ-02::PRINTPDF",,,,,"R1, R5",,"Filcekkel élőben töltik ki (2.1 Eszközök; 4.3 Blokk 3, 3. lépés). A buborékok megegyeznek a fő célokban (4. cél) és a percbontásban (25–40’) felsorolt fogalmakkal.",bad1a9d3e30fe5233b69b1587492bfc8df82d3ec23ae124fddc81c107564c23a,asset: M6.F-POSZ-02,,,
M7-HUB-DIA-01,M7,M7-HUB,hub,"02 Tervezet/Modulok/M7/M7 – Peula a papírtól a valóságig – Programírás, Zmán Kvucá & AI-támogatott tervezés.md",288,diagram,,legyártandó,specifikáció kész,,Modul-fogalomtérkép: SMART – Peula 11 pont – Zmán Kvucá – Peula v2,"A modul négy kulcsfogalmát összekötő fogalomtérkép: SMART nevelési cél → Peula 11 pontja → Zmán Kvucá-checklist → Peula v2 logikai egymásra épülése, irányított nyilakkal (cél táplálja a tervezést, a tervezés az operációt, ezekből áll össze a Peula v2). A legyártandó verzió egy KIINDULÓ/alap-térkép, amelyet az M7.F F-peulán élőben, közös beszélgetéssel egészítenek ki (§5, Rövid váz), ezért hagyjon helyet a kézi kiegészítésnek.","Az M7.F F-peula résztvevőinek egységes mentális térkép a modul négy fő fogalmáról; vizuálisan rögzíti a cél→tervezés→operáció→produktum ívet, amelyre a javító próbálkozás épülhet (§5, Fő cél).",,,,,,"visual: informative; alt_note: a lecke előírja az alt-szöveget, de a végleges szöveget a legyártott vizuál alapján kell megírni; note: Alt-szöveg kötelező: M7-HUB-DIA-01::ALTTEXT (négy csomópont + irányított kapcsolatok szöveges leírása).",AI-generált,AI-generált,"note: Vektoros diagram, magyar feliratokkal; nyomtatható A3/flipchart-méretben és kivetíthető 16:9 arányban; üres kiegészítő-mezőkkel a közös munkához.",alt-text,"M7-HUB-DIA-01, M7-HUB-DIA-01::ALTTEXT",,,,,"R1, R5",,"Modul- (hub-) szintű asset. A lecke-szintű H5P-vizuálok (Course Presentation slide-ok, párosító feladat) az M7.1–M7.4 fájlokban élnek, nem itt.",6cf04a4e5c48bf294e4e1060b4de7f98be8fbcdca3512a2eade6feae4aaaa8ad,asset: M7-HUB-DIA-01 | alt-text: M7-HUB-ALT-01,,,
M7-HUB-DIA-02,M7,M7-HUB,hub,"02 Tervezet/Modulok/M7/M7 – Peula a papírtól a valóságig – Programírás, Zmán Kvucá & AI-támogatott tervezés.md",3,diagram,,legyártandó,specifikáció kész,,Kétlépcsős félévzáró idővonal: v1 első vázlat → köztes fejlesztés → v2 teljesítési kapu,"Idővonal/folyamatábra a félévzáró feladat két lépcsőjéről, időben szétterítve: (1) v1 – elsővázlat-ellenőrzési pont az M7 1. hetének végén, az M7.A után (formatív, alacsony tét, NEM buktat, újrapróbálható, M7.4 Assignment; a kijelölt mentor a v2 előtt rubrikára épülő visszajelzést ad rá); (2) a kvíz (felkészültségi kapu) a v1 leadása után nyílik – ajánlott még az M7.B előtt teljesíteni –, és a megerősített eredménye a v2 leadásának feltétele; ~1 hét köztes fejlesztési idő, csiszolás az M7.B peula-műhelyben és otthon; (3) v2 – teljesítési kapu az M7 2. hetének végén, az M7.B után (éles kapu: v2-rubrika ÉS a v2 előtt teljesített kvíz). Jelölje a két határidő helyét a központi ütemezési kulcsokkal: `M7_V1_DUE` és `M7_V2_DUE`; a renderelt változatban ezek értékeit a HUM-OPS-01 szerinti központi schedule tölti ki.","Vizuálisan érthetővé teszi az időben elosztott, két menetben érő félévzáró logikát (v1 = próba, v2 = vállalható verzió), amit a szöveg kétszer is fontosnak tart kifejteni; csökkenti a „mikor mit adok le"" bizonytalanságot.",,,,,,"visual: informative; alt_note: a lecke előírja az alt-szöveget, de a végleges szöveget a legyártott vizuál alapján kell megírni; note: Alt-szöveg kötelező: M7-HUB-DIA-02::ALTTEXT (a három állomás sorrendje, tétje és időzítése szövegesen).",AI-generált,AI-generált,"note: Vektoros, vízszintes idővonal/sávos időrend, magyar feliratokkal; 16:9 kivetíthető és A4/A3 nyomtatható; két dátummezővel, amelyeket rendereléskor a HUM-OPS-01 központi ütemezésből kell kitölteni. Üres dátummezővel nem publikálható.",alt-text,"M7-HUB-DIA-02, M7-HUB-DIA-02::ALTTEXT",,,,,"R1, R5",,"Hub-szintű folyamatábra; a részletes értékelő (item-bank, rubrika) az „M7 – KAPU"" fájlban él, ide csak az idővonal logika kell.",260de56fd29520778ce582ab0acfd675fe0b1123166459946d16792e9eacadff,asset: M7-HUB-DIA-02 | alt-text: M7-HUB-ALT-02,,,
M7-HUB-DIA-03,M7,M7-HUB,hub,"02 Tervezet/Modulok/M7/M7 – Peula a papírtól a valóságig – Programírás, Zmán Kvucá & AI-támogatott tervezés.md",41,diagram,,legyártandó,specifikáció kész,,Portfólió-átkötés / félévzáró összegzés: M1 SBI … M6 játéklap → 1 Peula v2,"Konvergencia-/tölcsérdiagram, amely megmutatja, hogy a hat korábbi modul kész produktuma hogyan táplálja az egyetlen Peula v2-t: M1 megfigyelés és konkrét visszajelzés (utóreflexió, javító visszajelzés), M2 saját érték / dugma isit (SMART cél kötése), M3 gyermekvédelem + kvuca-profil (Zmán Kvucá-biztonság), M4 kérdezéstechnika (élmény-/feldolgozó-blokk, visszatükrözés), M5 módszer-logika (cél↔módszer↔kvuca), M6 játéklap (élmény-blokk, biztonság/inkluzivitás). Hat bemenet → egy vállalható Peula v2.","Vizuálisan üzeni, hogy a félévzáró feladat nem nulláról indul, hanem a portfólió korábbi produktumait köti egybe; megerősíti a §6 PORTFÓLIÓ-BEMENET végén álló „Üzenet a madrihnak” mondatot.",,,,,,"visual: informative; alt_note: a lecke előírja az alt-szöveget, de a végleges szöveget a legyártott vizuál alapján kell megírni; note: Alt-szöveg kötelező: M7-HUB-DIA-03::ALTTEXT (a hat bemenet és a Peula v2 célpont szöveges felsorolása).",AI-generált,AI-generált,"note: Vektoros tölcsér/konvergencia-ábra, magyar feliratokkal; 16:9 kivetíthető és A4/A3 nyomtatható.",alt-text,"M7-HUB-DIA-03, M7-HUB-DIA-03::ALTTEXT",,,,,"R1, R5",,"A részletes félévzáró szintézis-átkötés-tábla az „M7 – KAPU"" §PORTFÓLIÓ-ÁTKÖTÉS-ban él; ez a hub-ábra annak vizuális, ezen a fájlon belül is használt összefoglalója.",ccc350cf41960a464022bae66348f36f9a28106e13f0995d92949d3b45680d34,asset: M7-HUB-DIA-03 | alt-text: M7-HUB-ALT-03,,,
M7-HUB-MUNK-01,M7,M7-HUB,hub,"02 Tervezet/Modulok/M7/M7 – Peula a papírtól a valóságig – Programírás, Zmán Kvucá & AI-támogatott tervezés.md",79,worksheet,,legyártandó,specifikáció kész,,1 perces kilépőkártya-munkalap (M7.A/M7.B/M7.F utáni offline visszajelzés),"Egylapos, 1 perc alatt kitölthető kilépőkártya-sablon két kérdéssel: (1) 1–5 skála „Mennyire érzed, hogy most közelebb kerültél egy valódi Peula v2-höz?""; (2) nyitott kérdés „Mi az, ami még bizonytalan benned a Zmán Kvucával / AI-használattal kapcsolatban?"". Helyhagyás a peula azonosítására (M7.A / M7.B / M7.F). Készüljön egy QR-kódos digitális kitöltési variáns is (§7, Offline visszajelzések); ennek elején a Program terv §7 adatvédelmi tájékoztató sablonja áll, és a válaszokhoz csak a legszűkebb szükséges hozzáférés adható (HUM-PRIV-01).",Gyors offline visszajelzés-gyűjtés a három peula után a learning analyticshez; méri a Peula v2-hez közeledést és feltárja a maradék bizonytalanságokat (Zmán Kvucá / AI).,,,,,,"note: Olvasható, nagy kontrasztú nyomtatás; a QR-kód mellett szöveges URL feltüntetése azoknak, akik nem tudják beolvasni.",vegyes,vegyes,"note: A6/A5 nyomtatható lap, magyar nyelvű; opcionális QR-kódos online űrlap-variáns ugyanazzal a két kérdéssel.",print-pdf,"M7-HUB-MUNK-01, M7-HUB-MUNK-01::PRINTPDF",,,,,"R1, R5",,"Modul-szintű mérőeszköz; mindhárom offline alkalom (M7.A, M7.B, M7.F) után használható.",9b1b93097e5e3738bdc536d3468d20b5f50b20cbb06c0721d7bbb629d21bfa61,asset: M7-MUNK-01,,,
M7.1-IKO-01,M7,M7.1,online-lecke,"02 Tervezet/Modulok/M7/Online leckék/M7.1 – Ez még csak vágy, nem cél – SMART nevelési cél someres módra.md",124,icon-set,,legyártandó,specifikáció kész,,SMART 5 elem ikon-készlet (S-M-A-R-T),"5 különálló, koherens stílusú ikon a SMART-elemekhez: S–Specifikus („pontosan miről szól?”), M–Mérhető („miből látod, hogy megtörtént?”), A–Achievable/elérhető („reális ebben a kvucában, ebben az időben?”), R–Releváns („kapcsolódik Somer-értékhez / kvucahelyzethez?”), T–Time-bound/időhöz kötött („meddigre szeretnéd?”). Mindegyik mellé a betű + magyar címke + a forrásból vett rövid kérdés.",Vizuálisan tagolja és megjegyezhetővé teszi a SMART 5 elemét madrih-nyelven.,,,,,,"visual: informative; alt_note: a lecke előírja az alt-szöveget, de a végleges szöveget a legyártott vizuál alapján kell megírni; note: Alt-szöveg kell ikononként (vagy egy összevont alt), mivel a betű+címke szövegként is megjelenik az ikon mellett",AI-generált,AI-generált,"note: 5 db SVG/PNG ikon egységes vonalstílusban, reszponzív oszlop-elrendezéshez, magyar címkékkel",alt-text,"M7.1-IKO-01, M7.1-IKO-01::ALTTEXT",,,,,"R1, R5",,"Az R-ikon kapcsolódjon az iránytű/érték-motívumhoz, mert a slide R-blokkja (SLIDE 2, „R (Releváns) – kösd a saját értékedhez”) az M2-es someres értékhez köti. A slide alján opcionális Mini-True/False (interakció, nem médiagyártás).",5c5f31cae85ba55fe206d9f559b6a11814a22827dc696cae6aa128914f549ba7,asset: M7.1-IKO-01 | alt-text: M7.1-ALT-02,,,
M7.1-ILL-01,M7,M7.1,online-lecke,"02 Tervezet/Modulok/M7/Online leckék/M7.1 – Ez még csak vágy, nem cél – SMART nevelési cél someres módra.md",51,illustration,,legyártandó,specifikáció kész,,Hook – 3 vágy-mondat kártya,"3 nagy, jól olvasható kártya egymás mellett/alatt, mindegyikben egy-egy túl általános „vágy”-mondat: 1) „A kvucám jól érezze magát.” 2) „Tanuljanak a felelősségről.” 3) „Legyen egy jó Hanuka.”. Tiszta, someres-friss vizuál; a slide címe fent (külön szövegelem): „Melyik mondatról tudod a peula végén, hogy sikerült-e?”","Azonnali ráérzés: a túl általános célokról nem tudható, hogy teljesültek-e (hook a SMART témához).",,,,,,"visual: informative; alt_note: a lecke előírja az alt-szöveget, de a végleges szöveget a legyártott vizuál alapján kell megírni; note: Alt-szöveg kell: a 3 kártya és a bennük lévő mondatok leírása; mivel a szöveg tartalmilag a Single Choice opciókban is megjelenik, az alt elég a vizuális elrendezést rögzítse",AI-generált,AI-generált,"note: Reszponzív H5P Course Presentation slide-grafika, álló és fekvő nézetben olvasható, magyar nyelvű szöveg a kártyákon",alt-text,"M7.1-ILL-01, M7.1-ILL-01::ALTTEXT",,,,,"R1, R5",,"A slide-on alul Single Choice kérdés van (interakció, nem médiagyártás). A kártyaszöveg azonos a Single Choice opciókkal (SLIDE 1).",b6728832dfd939e07f74afa9d8ebdee27f602bc1b3f0ab5d02f6235faf618a43,asset: M7.1-ILL-01 | alt-text: M7.1-ALT-01,,,
M7.1-ILL-02,M7,M7.1,online-lecke,"02 Tervezet/Modulok/M7/Online leckék/M7.1 – Ez még csak vágy, nem cél – SMART nevelési cél someres módra.md",251,illustration,,legyártandó,specifikáció kész,,Someres SMART példa – 2 kártya (szolidaritás / biztonság),"Két kártya egymás mellett, fejléccel: „Példa 1 – Szolidaritás” és „Példa 2 – Biztonság / határok”. Mindegyik kártyában a teljes someres SMART példamondat (szolidaritás: minden hanih meg tud nevezni 1 helyzetet + közös poszter; biztonság: a kvuca 80%-a megnevez 2 dolgot + 1 változtatandó). Cím fent: „Így néz ki ez someresül”.","Konkrét, someres minta arra, hogyan néz ki a kész SMART cél a gyakorlatban.",,,,,,"visual: informative; alt_note: a lecke előírja az alt-szöveget, de a végleges szöveget a legyártott vizuál alapján kell megírni; note: Alt-szöveg kell: 2 példakártya témákkal és példamondatokkal (lásd M7.1-ILL-02::ALTTEXT)",AI-generált,AI-generált,"note: Reszponzív H5P slide-grafika, 2 kártyás layout, magyar szöveg",alt-text,"M7.1-ILL-02, M7.1-ILL-02::ALTTEXT",,,,,"R1, R5",,"A slide alatt Single Choice kérdés (interakció, nem médiagyártás).",4c13218938e1ac62242d7e2c4465d4373df818f82e7603b7f6eaf993c7196cc2,asset: M7.1-ILL-02 | alt-text: M7.1-ALT-03,,,
M7.1-ILL-03,M7,M7.1,online-lecke,"02 Tervezet/Modulok/M7/Online leckék/M7.1 – Ez még csak vágy, nem cél – SMART nevelési cél someres módra.md",364,illustration,,legyártandó,specifikáció kész,,Példa prompt-kártya (AI-blokk),"Egy „prompt-kártya” vizuál, amely egy konkrét példapromptot mutat: „Írd át ezt a mondatot SMART nevelési céllá 10–12 éves Kivsza-kvucára, someres peulához: ’Tanuljanak a felelősségről’.” Stílus: chat/prompt-buborék jellegű keret. Cím: „Ha elakadsz, kérj segítséget – de maradjon a te célod”.","Megmutatja, hogyan kérhető etikusan AI-segítség a cél megfogalmazásához.",,,,,,"visual: informative; alt_note: a lecke előírja az alt-szöveget, de a végleges szöveget a legyártott vizuál alapján kell megírni; note: Alt-szöveg kell: prompt-kártya és a benne lévő példaprompt leírása (lásd M7.1-ILL-03::ALTTEXT)",AI-generált,AI-generált,"note: Reszponzív H5P slide-grafika, prompt-kártya keret, magyar szöveg",alt-text,"M7.1-ILL-03, M7.1-ILL-03::ALTTEXT",,,,,"R1, R5",,"A slide-on figyelmeztető szöveg is van (SLIDE 5, „Fontos” figyelmeztetés: ne írj be neveket) + Single Choice kérdés (interakció, nem médiagyártás).",cbe8cb76fc54b6b0679b49775646fd40da9a4485560c6333606df9bf7af6a24b,asset: M7.1-ILL-03 | alt-text: M7.1-ALT-04,,,
M7.1-NAR-01,M7,M7.1,online-lecke,"02 Tervezet/Modulok/M7/Online leckék/M7.1 – Ez még csak vágy, nem cél – SMART nevelési cél someres módra.md",162,voiceover,narration,legyártandó,jogtisztázás alatt,,Narráció – SMART madrih-nyelven (opcionális),"30–40 mp narráció, amely végigveszi a SMART 5 elemét beszélt nyelven: Specifikus, Mérhető, Elérhető, Releváns, Időhöz kötött – mindegyikhez egy rövid kérdés (pontosan miről szól / miből látod / reális-e / van-e köze someres értékhez / meddigre). Barátságos, madrih-hang.",Auditív megerősítés a vizuális SMART-magyarázathoz; multimodalitás.,M7.1-NAR-01-VO,"„A SMART igazából csak egy emlékeztető arra, hogy a célod legyen **konkrét és ellenőrizhető**.

Specifikus: pontosan miről szól a peula?
Mérhető: miből fogod látni, hogy tényleg megtörtént valami?
Elérhető: reális ez ebben a kvucában, ebben az időkeretben?
Releváns: van köze someres értékhez vagy a kvucátok helyzetéhez?
És időhöz kötött: meddigre szeretnéd, hogy megvalósuljon – a peula végéig, hónap végéig, félév végéig?”",ef495f92066556f7210dad7f6a7ed45eef9e876d6c8dc7f2aded235afc0bcd34,,,"note: Leirat/transzkript (M7.1-NAR-01::TRANSCRIPT) kötelező: csak hang, ezért a dián vagy a médiaelem mellett látható leirat a teljes szöveges ekvivalens (WCAG 2.2 SC 1.2.1); első sora a kanonikus AI-címke; az M7.1-NAR-01::CAPTIONS archivált .vtt-derivatíva (projektgazdai döntés, 2026-10-03, VO D-19, D-21)",AI-generált,AI-generált,"note: Magyar narráció, ~30–40 mp, tiszta hang, MP3/AAC; opcionális elem","captions, transcript","M7.1-NAR-01, M7.1-NAR-01::CAPTIONS, M7.1-NAR-01::TRANSCRIPT",,,,"R2, R3","R1, R2, R3",,Verbatim szöveg: M7.1-NAR-01-VO.,cc88898f7e8f4b7c6e0529101e18dda48e66792cd2e8d0f25f6bae1f26734da4,asset: M7.1-NAR-01 | captions: M7.1-FEL-01 | transcript: M7.1-LEI-01,,,
M7.2-DIA-01,M7,M7.2,online-lecke,"02 Tervezet/Modulok/M7/Online leckék/M7.2 – Nemcsak játék, hanem peula – 11 tervezési pont & AI-támogatás.md",305,diagram,,legyártandó,specifikáció kész,,Peula 11 pontja – 3 fázisú térkép diagram,"Diagram/grafika a Peula 11 pontjáról, három egymást követő fázis-blokkban (Előkészítés 4 pont, Megírás 4 pont, Biztonság & továbbfejlesztés 3 pont), mind a 11 pont szövegesen kiírva a blokkokban. Nyilak jelzik a sorrendet: Előkészítés → Megírás → Biztonság & továbbfejlesztés. A diagram a teljes lista szöveges ekvivalensét is megjeleníti.",Egyszerre rálátást adni a teljes 11 pontos modellre 3 fázisban (mentális térkép).,,,,M7.2-DIA-01-ALT#1,"A Peula 11 pontja három egymást követő fázisra bontva. 1. fázis – Előkészítés (4 pont): téma és modul; háttér és altémák; kvuca, idő és helyszín; SMART nevelési cél. 2. fázis – Megírás (4 pont): módszerek és élmény-blokk; felépítés (bevezetés–élmény–feldolgozás–zárás); realitás-check; kelléklista. 3. fázis – Biztonság és továbbfejlesztés (3 pont): biztonság és gyermekvédelem; visszajelzés és finomhangolás; utóreflexió és továbbfejlesztés. A nyilak a fázisok sorrendjét jelzik: előbb az Előkészítés, aztán a Megírás, végül a Biztonság és továbbfejlesztés.",visual: informative; note: Kötelező alt-szöveg (M7.2-DIA-01::ALTTEXT); tartalmat hordoz.,AI-generált,AI-generált,"note: Statikus vagy animált grafika, 16:9 dia-arány, reszponzív/mobil-first, magyar feliratok",alt-text,"M7.2-DIA-01, M7.2-DIA-01::ALTTEXT",,,,,"R1, R5",,"A dián a 11 pont szövegesen is megjelenik (SLIDE 2, „Szöveg a dián”), így nem csak vizuális infó. A lecke-meta provenance-jegyzete AI-generáltként jelöli, és kiadás előtti emberi szakmai lektorálást ír elő.",ba3840bddb22daf19f0fa6fba44c8f4f98346764747481fdcd67082f50b7ba3d,asset: M7.2-DIA-01 | alt-text: M7.2-ALT-01,,,
M7.2-IKO-01,M7,M7.2,online-lecke,"02 Tervezet/Modulok/M7/Online leckék/M7.2 – Nemcsak játék, hanem peula – 11 tervezési pont & AI-támogatás.md",599,icon-set,,legyártandó,specifikáció kész,,"Ikon-készlet – Megírás 4 pontja (játék, idővonal, óra, doboz)",Négy ikon a Megírás 4 pontjához: (1) játék-ikon = Módszerek & élmény-blokk; (2) idővonal-ikon = Felépítés (4 fázis); (3) óra-ikon = Realitás-check; (4) doboz/kellék-ikon = Kelléklista. Minden ikon alá rövid mondat. Opcionálisan kattintható extra mondat (nem kötelező interakció).,"A Megírás 4 pontjának vizuális strukturálása, könnyebb megjegyezhetőség.",,,,,,"visual: informative; alt_note: a lecke előírja az alt-szöveget, de a végleges szöveget a legyártott vizuál alapján kell megírni; note: Kötelező alt-szöveg a 4 ikonhoz (M7.2-IKO-01::ALTTEXT).",AI-generált,AI-generált,"note: 4 db ikon, egységes stílus, reszponzív, mobil-first",alt-text,"M7.2-IKO-01, M7.2-IKO-01::ALTTEXT",,,,,"R1, R5",,Az ikonok jelentését az alattuk lévő mondat és a dia szövege is kiírja.,4a58ddf2ee2bc7ce00827ddb05ec008d5ecb032fe8d6c5cef54bdba5508bd33e,asset: M7.2-IKO-01 | alt-text: M7.2-ALT-03,,,
M7.2-ILL-01,M7,M7.2,online-lecke,"02 Tervezet/Modulok/M7/Online leckék/M7.2 – Nemcsak játék, hanem peula – 11 tervezési pont & AI-támogatás.md",461,illustration,,legyártandó,specifikáció kész,,Illusztráció – madrih tervez (laptopnál/jegyzetfüzettel),"Egyszerű illusztráció: madrih tervezés közben, laptopnál vagy jegyzetfüzettel (az Előkészítés fázist idéző jelenet). A lecke-meta (AI multimédia lista) szerint a „madrih tervez, kvuca körben” hangulatot adja vissza.",Vizuális ankor az Előkészítés (4 pont) fázishoz; a „madrih tervez” üzenet erősítése.,,,,,,"visual: informative; alt_note: a lecke előírja az alt-szöveget, de a végleges szöveget a legyártott vizuál alapján kell megírni; note: Rövid alt-szöveg szükséges (a fázist idézi, nem tisztán dekoratív). Lásd M7.2-ILL-01::ALTTEXT.",AI-generált,AI-generált,"note: Illusztráció, dia bal oldalára, reszponzív, mobil-first",alt-text,"M7.2-ILL-01, M7.2-ILL-01::ALTTEXT",,,,,"R1, R5",,Az AI-feltüntetés a leckében kötelező (a lecke-meta provenance-jegyzete).,00b2958757bb4d3e12973eb38bc9237ea9fccbbd53695b5515bdf4ac0f42c56a,asset: M7.2-ILL-01 | alt-text: M7.2-ALT-02,,,
M7.2-NAR-02,M7,M7.2,online-lecke,"02 Tervezet/Modulok/M7/Online leckék/M7.2 – Nemcsak játék, hanem peula – 11 tervezési pont & AI-támogatás.md",343,voiceover,narration,legyártandó,jogtisztázás alatt,,SLIDE 2 narráció – „A Peula 11 pontjának térképe”,"Kb. 60 mp magyar narráció, tegező. Végigvezet a 3 fázison: első blokk (peula előtt: téma/modul, háttér, kvuca/idő/hely, SMART cél), második blokk (megírás: módszerek/élmény, felépítés, realitás, kelléklista), harmadik blokk (biztonság/gyermekvédelem, visszajelzés, utóreflexió és továbbfejlesztés).",A diagram szóbeli kifejtése; a 3 fázis logikájának megértetése.,M7.2-NAR-02-VO,"„Ez itt a **Peula 11 pontjának térképe**.

Az első blokk az, amit **peula előtt** csinálsz:
megnézed a **témát és modult**,
picit utánanézel a **háttérnek**,
átgondolod, **melyik kvucának, mennyi időre, milyen helyszínre** írod a peulát,
és írsz egy **SMART nevelési célt**.

A második blokk az, amikor **megírod a peulát**:
kitalálod a **módszereket és az élmény-blokkot**,
összerakod a **felépítést**,
megnézed, hogy **reális-e** időben és a kvucának,
és írsz egy egyszerű **kelléklistát**.

A harmadik blokk arról szól, hogy a peula **biztonságos legyen és fejlődni tudjon**:
előre gondolsz a **biztonságra és a gyermekvédelemre**,
még a megtartás előtt kérsz **visszajelzést és finomítasz**,
utána pedig visszanézed, **mi működött, mi nem, és min változtatnál legközelebb**.”",6738f0e89b7db0d0e8f8e8bbe099b1b4d4b02f2e71f657aede1edc77588d3583,,,"note: Leirat/transzkript kötelező (a forrás HOOK-mintája a teljes átiratot követeli meg): csak hang, ezért a dián vagy a médiaelem mellett látható leirat a teljes szöveges ekvivalens (WCAG 2.2 SC 1.2.1); első sora a kanonikus AI-címke; a felirat archivált .vtt-derivatíva (projektgazdai döntés, 2026-10-03, VO D-19, D-21). A narrációnak kiadás előtt emberi szakmai lektoráláson kell átmennie.",AI-generált,AI-generált,"note: Hang, magyar, kb. 60 mp, tegező regiszter","captions, transcript","M7.2-NAR-02, M7.2-NAR-02::CAPTIONS, M7.2-NAR-02::TRANSCRIPT",,,,"R2, R3","R1, R2, R3",,SLIDE 2-höz; nincs interakció a dián. A 11 pont a dián szövegesen is megjelenik.,cfc366ebca6b28fe6a59cd48f581ead61e364ed26e8bc27e87ac8536d34b6113,asset: M7.2-NAR-02 | captions: M7.2-FEL-03 | transcript: M7.2-LEI-03,,,
M7.2-NAR-03,M7,M7.2,online-lecke,"02 Tervezet/Modulok/M7/Online leckék/M7.2 – Nemcsak játék, hanem peula – 11 tervezési pont & AI-támogatás.md",499,voiceover,narration,legyártandó,jogtisztázás alatt,,SLIDE 3 narráció – Előkészítés (4 pont),"60–90 mp magyar narráció, tegező. Az Előkészítés 4 pontja (téma & modul, háttér & altémák, kvuca/idő/hely, SMART nevelési cél) + AI-használat altémákhoz, fogalom-magyarázathoz, a neveket/sztorikat sosem írjuk be.",Az Előkészítés 4 pontjának és a biztonságos AI-használatnak a szóbeli kifejtése.,M7.2-NAR-03-VO,"„Az **előkészítés** arról szól, hogy ne vakon lőj.

Először megnézed, mi a **téma és modul**.
Utána pár percet rászánsz, hogy megértsd a téma **hátterét és altémáit**.
Átgondolod, **melyik kvucának, mennyi időre, milyen helyszínre** írod a peulát.
És írsz egy **SMART nevelési célt**, ami nemcsak annyi, hogy
‘legyen jó hangulat’, hanem valami konkrét változás.

AI-t megkérhetsz, hogy segítsen altémákat kitalálni
vagy egyszerűen elmagyarázni a fogalmat –
de neveket, konkrét sztorikat akkor sem írsz be.”",89423b67eae633e003b2661313f01e25ed002cbc794a7baf385d1a3a6d4d23a5,,,"note: Leirat/transzkript kötelező: csak hang, ezért a dián vagy a médiaelem mellett látható leirat a teljes szöveges ekvivalens (WCAG 2.2 SC 1.2.1); első sora a kanonikus AI-címke; a felirat archivált .vtt-derivatíva (projektgazdai döntés, 2026-10-03, VO D-19, D-21). A narrációnak kiadás előtt emberi szakmai lektoráláson kell átmennie.",AI-generált,AI-generált,"note: Hang, magyar, 60–90 mp, tegező regiszter","captions, transcript","M7.2-NAR-03, M7.2-NAR-03::CAPTIONS, M7.2-NAR-03::TRANSCRIPT",,,,"R2, R3","R1, R2, R3",,SLIDE 3-hoz; a 4 pont a dián szövegesen is megjelenik.,9d9d87fbf184e20434991906e61e79953a8be0a06fdd5715d0bdb08bc4f1a71b,asset: M7.2-NAR-03 | captions: M7.2-FEL-04 | transcript: M7.2-LEI-04,,,
M7.2-NAR-04,M7,M7.2,online-lecke,"02 Tervezet/Modulok/M7/Online leckék/M7.2 – Nemcsak játék, hanem peula – 11 tervezési pont & AI-támogatás.md",637,voiceover,narration,legyártandó,jogtisztázás alatt,,SLIDE 4 narráció – Megírás (4 pont) + 4 fázis,"Kb. 60 mp magyar narráció, tegező. A Megírás 4 pontja, kiemelten a 4 fázisú dramaturgia (bevezetés/ráhangolás, élmény/fő tevékenység, feldolgozás/beszélgetés, zárás) és hogy a cél a feldolgozásban válik tudatossá; realitás-check és kelléklista; AI ötletelésre, de a döntés a madrihé.",A Megírás-fázis és a 4 fázisú felépítés szóbeli megértetése.,M7.2-NAR-04-VO,"„Amikor a peulát **megírod**, négy dolgot érdemes végiggondolni.

Először: milyen **módszer és élmény-blokk** segíti a célodat?
Utána: hogyan néz ki a **felépítés** időben? Itt mindig
ugyanaz a **4 fázis** segít: **első a bevezetés vagy ráhangolás,
második az élmény vagy fő tevékenység, harmadik a feldolgozás vagy beszélgetés, negyedik a zárás.**
Ez a 4 lépcső a peula gerince – a játék az élmény-fázis,
de a **cél a feldolgozásban** válik tudatossá, ezért egyik fázist sem hagyod ki.

A **realitás-check** arról szól, hogy őszintén ránézel:
működni fog ez ennyi időben, ezzel a kvucával, ebben a térben?

Végül egy egyszerű **kelléklista** – mire lesz szükséged,
ki hozza, hol lesz.

AI-t használhatsz ötletelésre,
de az, hogy mi illik a kvucádhoz,
akkor is a te döntésed marad.”",935abce0a9d5811f2ce1942be89610f03e11061052e161d8fe0725a3219450f4,,,"note: Leirat/transzkript kötelező: csak hang, ezért a dián vagy a médiaelem mellett látható leirat a teljes szöveges ekvivalens (WCAG 2.2 SC 1.2.1); első sora a kanonikus AI-címke; a felirat archivált .vtt-derivatíva (projektgazdai döntés, 2026-10-03, VO D-19, D-21). A narrációnak kiadás előtt emberi szakmai lektoráláson kell átmennie.",AI-generált,AI-generált,"note: Hang, magyar, kb. 60 mp, tegező regiszter","captions, transcript","M7.2-NAR-04, M7.2-NAR-04::CAPTIONS, M7.2-NAR-04::TRANSCRIPT",,,,"R2, R3","R1, R2, R3",,SLIDE 4-hez; a 4 pont és a 4 fázis a dián szövegesen is megjelenik.,86a762f3da53c0de2cfe0adb3c557af933de8685bb00fcc6e2651a13881643d8,asset: M7.2-NAR-04 | captions: M7.2-FEL-05 | transcript: M7.2-LEI-05,,,
M7.2-NAR-05,M7,M7.2,online-lecke,"02 Tervezet/Modulok/M7/Online leckék/M7.2 – Nemcsak játék, hanem peula – 11 tervezési pont & AI-támogatás.md",754,voiceover,narration,legyártandó,jogtisztázás alatt,,SLIDE 5 narráció – Biztonság & továbbfejlesztés (3 pont),"60–90 mp magyar narráció, tegező. A harmadik fázis (Biztonság & továbbfejlesztés) 3 pontja: biztonság & gyermekvédelem (red flag-ek, az ötlépéses jelzési út, például a Memuna azonnali bevonása, nem maradsz egyedül), visszajelzés & finomhangolás (másik nézőpont), utóreflexió & továbbfejlesztés.",A Biztonság & továbbfejlesztés fázis súlyának és gyermekvédelmi keretének szóbeli kiemelése.,M7.2-NAR-05-VO,"„A peula nem akkor ér véget, amikor szétszeditek a kört.

A **biztonság és gyermekvédelem** arról szól, hogy előre végiggondolod,
milyen határhelyzetek, red flag-ek jöhetnek elő,
és hogy ilyenkor az M3-ban tanult ötlépéses jelzési út szerint jársz el –
például azonnal bevonod a Memunát, és nem maradsz egyedül a helyzetben.

A **visszajelzés és finomhangolás** még a megtartás előtt segít, hogy ne egyedül gondolkodj,
hanem kapj másik nézőpontot is.

Az **utóreflexió és továbbfejlesztés** már a peula után jön:
leírod, mi történt, mi működött, mi nem,
és mit változtatnál a következő alkalomra.
Így a tapasztalat tényleg visszakerül a következő tervedbe.”",85e1c4d1cf75bc5c480bac63d25f27483be829376d3d80b97525f74da5eee71e,,,"note: Leirat/transzkript kötelező: csak hang, ezért a dián vagy a médiaelem mellett látható leirat a teljes szöveges ekvivalens (WCAG 2.2 SC 1.2.1); első sora a kanonikus AI-címke; a felirat archivált .vtt-derivatíva (projektgazdai döntés, 2026-10-03, VO D-19, D-21). A narrációnak kiadás előtt emberi szakmai lektoráláson kell átmennie.",AI-generált,AI-generált,"note: Hang, magyar, 60–90 mp, tegező regiszter","captions, transcript","M7.2-NAR-05, M7.2-NAR-05::CAPTIONS, M7.2-NAR-05::TRANSCRIPT",,,,"R2, R3","R1, R2, R3",,"SLIDE 5-höz; a dián nagy piros biztonsági doboz is van (szöveges UI elem, nem külön gyártandó média).",e4660d78f94e8cf370e762e40aab8b69440d0b58eb5a9dffbb8a1df6e487f37c,asset: M7.2-NAR-05 | captions: M7.2-FEL-06 | transcript: M7.2-LEI-06,,,
M7.2-VID-01,M7,M7.2,online-lecke,"02 Tervezet/Modulok/M7/Online leckék/M7.2 – Nemcsak játék, hanem peula – 11 tervezési pont & AI-támogatás.md",198,video,ai-talking-head,legyártandó,jogtisztázás alatt,,HOOK – AI beszélő fej: „Csak játék maradt a peula?”,"AI beszélő fej videó, 16:9, 30–40 mp, tegező, rövid mondatok. Bevonó, érzelmi kapu: feltesz 2 kérdést (volt-e már „csak játék” peulád célzott eredmény nélkül; volt-e olyan játék, amelynek nem volt igazán nevelési célja, és biztonság szempontjából sem voltatok biztosak benne), majd felvezeti, hogy a lecke a 11 pontról és az AI szerepéről szól, anélkül hogy az AI átvenné a madrih helyét.","Bevonás, azonosulás, érzelmi belépő a leckébe; ráhangol a 11 pont és az AI-támogatás témára.",M7.2-VID-01-VO,"„Szia!
Volt már olyan, hogy tartottál egy **nagyon jó, élvezetes játékot Zmán Kvucán**,
de a végén nem nagyon tudtad megfogalmazni,
hogy **mit értél el vele**?

Vagy olyan, hogy valaki hozott egy szuper játékot,
de közben nem volt igazán **nevelési célja**,
és **biztonság** szempontjából sem voltatok biztosak benne?

Ez a lecke arról szól, hogy **milyen 11 ponton érdemes végigmenni**,
amikor peulát írsz –
és hogy **hol segíthet ebben az AI**,
anélkül, hogy átvenné a helyedet.”",6e25eb488337bc35d878d82eba93a6ce84bee850488f8638a5ec901e62fd787e,,,"audio: spoken; visual: decorative; alt_note: csak a képi sáv (beszélő fej) dekoratív: hangalámondás nem kell (WCAG 2.2 SC 1.2.5), mert a felirat és a leirat szó szerint lefedi a narrációt; a videóelemet a dián látható, leíró videócímke azonosítsa (SC 1.1.1); note: Kötelező felirat + teljes szöveges leirat (külön assetek). A videó alá kiírandó a kanonikus R1-szöveg: „AI-generált médiaelem · emberi lektorálással.”",AI-generált,AI-generált,"note: 16:9, 30–40 mp, magyar narráció, kapcsolható, nem égetett WebVTT-felirattal a lecke `@source` szövegéből, mobil-first","voiceover, captions, transcript","M7.2-VID-01, M7.2-VID-01::VOICEOVER, M7.2-VID-01::CAPTIONS, M7.2-VID-01::TRANSCRIPT",,,,"R2, R3","R1, R2, R3",,"Összetartozik: M7.2-VID-01::VOICEOVER (narráció), M7.2-VID-01::CAPTIONS (felirat), M7.2-VID-01::TRANSCRIPT (leirat). A videó semmilyen csak-hangban elérhető infót nem közöl.",6803a67aa3d62c06c98443f23cbb67c64fdc1e4501c534e7bf89e4650d685426,asset: M7.2-VID-01 | voiceover: M7.2-NAR-01 | captions: M7.2-FEL-01 | transcript: M7.2-LEI-01,,,
M7.3-DIA-01,M7,M7.3,online-lecke,"02 Tervezet/Modulok/M7/Online leckék/M7.3 – Zmán Kvucá-checklist – idő, tér, felelősség.md",484,diagram,,legyártandó,specifikáció kész,,Zmán Kvucá-checklist 5 fő terület – kattintható diagram/kártyaszett,"Interaktív diagram/kártyarendszer az 5 területtel, mindegyiken ikon + cím + (kattintásra) 2–3 soros magyarázat: 1) Idő & helyszín ⏰🏠, 2) Létszám & madrih–hanih arány 👥, 3) Anyagok, technika & B-terv 🎒, 4) Hozzáférhetőség & inkluzivitás ♿, 5) Gyermekvédelem & határok 🛡.","Az 5 fő terület megértése egységes elnevezésekkel, felfedezős interakcióval.",,,,,,"visual: informative; alt_note: a lecke előírja az alt-szöveget, de a végleges szöveget a legyártott vizuál alapján kell megírni; note: Alt-szöveg az ikon-szettre és a diagram szerkezetére (M7.3-IKO-01::ALTTEXT); szövegrétegek valós szövegként.",AI-generált,AI-generált / layout diagram; kiadás előtt emberi szakmai lektorálás szükséges,"note: Reszponzív H5P Course Presentation-dia: az 5 terület kártyája kattintásra nyíló szövegdobozként (a CP elemszintű „Display as button” opciójával; Accordion és Image Hotspots a CP-be nem ágyazható be), magyar szöveg, mobilon ujj-barát.",alt-text,"M7.3-DIA-01, M7.3-DIA-01::ALTTEXT",,,,,"R1, R5",,"A lecke-meta 26. sorban jelzett „diagram / ikon-set”. Az ikonokat lásd M7.3-IKO-01. Slide narráció: M7.3-NAR-04. Mini párosítás (interakció, nem asset).",5ce8350cb345f7bff51a8416d8635b19d8e0a3bd16e1fd302c90109a424c1645,asset: M7.3-DIA-01,,,
M7.3-IKO-01,M7,M7.3,online-lecke,"02 Tervezet/Modulok/M7/Online leckék/M7.3 – Zmán Kvucá-checklist – idő, tér, felelősség.md",519,icon-set,,legyártandó,specifikáció kész,,Ikon-készlet – Zmán Kvucá 5 területe,"5 darabos konzisztens ikon-készlet a checklist területeihez: idő & helyszín (óra+ház), létszám & arány (figurák), anyagok/technika & B-terv (hátizsák), hozzáférhetőség & inkluzivitás (kerekesszék/akadálymentes), gyermekvédelem & határok (pajzs).","Vizuális azonosítók, amelyek végig egységesen jelölik az 5 területet a leckében.",,,,,,"visual: informative; alt_note: a lecke előírja az alt-szöveget, de a végleges szöveget a legyártott vizuál alapján kell megírni; note: Alt-szöveg/címke minden ikonhoz (lefedi M7.3-IKO-01::ALTTEXT).",AI-generált,AI-generált ikon-set; kiadás előtt emberi szakmai lektorálás szükséges,"note: 5 db vektoros/raszteres ikon, egységes stílus, reszponzív méret, áttetsző háttér.",alt-text,"M7.3-IKO-01, M7.3-IKO-01::ALTTEXT",,,,,"R1, R5",,Az M7.3-DIA-01 diagram része; a lecke-meta 26. sorban „diagram / ikon-set”.,4420c31e10d65f93d178affa2f0cbc537e4ec1b7b274b56b4b7cf72184e95e93,asset: M7.3-IKO-01 | alt-text: M7.3-ALT-03,,,
M7.3-ILL-01,M7,M7.3,online-lecke,"02 Tervezet/Modulok/M7/Online leckék/M7.3 – Zmán Kvucá-checklist – idő, tér, felelősség.md",192,illustration,,legyártandó,specifikáció kész,,Kéthasábos kontraszt-vizuál: „Csak játékban” vs. „Zmán Kvucában gondolkozunk”,"Illusztrált/elrendezett kéthasábos slide-grafika. Bal oszlop „Amikor csak játékban gondolkozunk” 3 idézetszerű állítással (van egy jó játékom; majd lesz valahogy az idő/tér; biztos elférünk). Jobb oszlop „Amikor Zmán Kvucában gondolkozunk” 4 állítással (tudom mikor kezdünk/végzünk; tudom hol leszünk; hány hanihra hány madrih jut; van célom, és tudom, ki mire figyel a biztonság megőrzésében). Vizuális kontraszt a két szemlélet között.","A „nem csak játék” definíció vizuális, mellérendelő szemléltetése – kontraszt a két gondolkodásmód között.",,,,,,"visual: informative; alt_note: a lecke előírja az alt-szöveget, de a végleges szöveget a legyártott vizuál alapján kell megírni; note: Alt-szöveg szükséges (M7.3-ILL-01::ALTTEXT); a hasáb-szöveg valós szövegrétegként jelenjen meg.",AI-generált,AI-generált / layout illusztráció; kiadás előtt emberi szakmai lektorálás szükséges,"note: Reszponzív H5P slide-grafika, 16:9 keret, magyar szöveggel; a kéthasábos szöveg valós szövegként is jelenjen meg, ne csak képben; mobilon olvasható.",alt-text,"M7.3-ILL-01, M7.3-ILL-01::ALTTEXT",,,,,"R1, R5",,"A SLIDE 2 „Mit látunk?” blokkjának vizuálja, amely eddig hiányzott a listából. Slide narráció: M7.3-NAR-02. Mini True/False (interakció, nem asset).",97ba1011c520c26002ad2fb382a64bc14f65db802ed3d8740e65748a727af4ba,asset: M7.3-ILL-01 | alt-text: M7.3-ALT-01,,,
M7.3-ILL-02,M7,M7.3,online-lecke,"02 Tervezet/Modulok/M7/Online leckék/M7.3 – Zmán Kvucá-checklist – idő, tér, felelősség.md",339,illustration,,legyártandó,specifikáció kész,,Illusztrált mintaprogram-kártya: „Péntek esti Zmán Kvucá a kenben”,"Illusztrált, kártyaszerű mintaprogram-grafika címsorral és 6 blokkal: Idő (péntek 18:00–19:00, ősz, sötétben mennek haza), Helyszín (ken nagyterme + 2 szoba), Kvuca (Kivsza 10–12 év, 12 hanih, 2 madrih), Cél (ismerkedés + someres hangulat az év elején), Programváz (10’ névtanulós játék + 25’ kiscsoportos beszélgetés + 15’ közös kör/zárás), Körülmények (másik kvuca a folyosó másik végén, nincs B-terv).","Közös konkrét mintaprogram, amin a checklistet alkalmazzák.",,,,,,"visual: informative; alt_note: a lecke előírja az alt-szöveget, de a végleges szöveget a legyártott vizuál alapján kell megírni; note: Alt-szöveg szükséges (M7.3-ILL-02::ALTTEXT); a kártyaszöveg valós szövegként is jelenjen meg, ne csak képben.",AI-generált,AI-generált illusztráció; kiadás előtt emberi szakmai lektorálás szükséges,"note: Reszponzív H5P slide-grafika, 16:9 keret, magyar szöveggel; mobilon olvasható kártyák.",alt-text,"M7.3-ILL-02, M7.3-ILL-02::ALTTEXT",,,,,"R1, R5",,A lecke-meta 27. sorban jelzett „illusztrált mintaprogram kártya”. Slide narráció: M7.3-NAR-03. Single Choice kérdés (nem asset).,206736e1ef1ecd954184ec3ef8f7ecb1faab2e6e24490648d347b40eaa972573,asset: M7.3-ILL-02 | alt-text: M7.3-ALT-02,,,
M7.3-NAR-02,M7,M7.3,online-lecke,"02 Tervezet/Modulok/M7/Online leckék/M7.3 – Zmán Kvucá-checklist – idő, tér, felelősség.md",230,voiceover,narration,legyártandó,jogtisztázás alatt,,INPUT 1 narráció (SLIDE 2),"40–60 mp magyar narráció: a játék-fókusz vs. Zmán Kvucá keret különbsége; egy jó játék nem elég, keret is kell köré (idő, tér, létszám, cél).","Tiszta, madrih-nyelvű definíció hangosan.",M7.3-NAR-02-VO,"„Amikor csak játékban gondolkozol,
elég annyi, hogy van egy jó ötleted,
és az majd csak jó lesz valamikor egy peulára vagy időkitöltésre.

Zmán Kvucánál viszont arról van szó,
hogy egy **konkrét idősávban** egy **konkrét kvucával dolgozol**.
Tudnod kell, mikor kezdtek, mikor végeztek,
hol lesztek, hányan lesztek,
és mi a cél, amire figyelsz madrihként.

Ezért nem elég egy jó játék –
**keret is kell köré**.”",88acf1e32421ec627dc8b7247c9ba183dadfee3455e3ebe9bd3ef250cbac3145,,,"note: Leirat/transzkript (M7.3-NAR-02::TRANSCRIPT) kötelező: csak hang, ezért a dián vagy a médiaelem mellett látható leirat a teljes szöveges ekvivalens (WCAG 2.2 SC 1.2.1); első sora a kanonikus AI-címke; az M7.3-NAR-02::CAPTIONS archivált .vtt-derivatíva (projektgazdai döntés, 2026-10-03, VO D-19, D-21)",AI-generált,AI-generált narráció; kiadás előtt emberi szakmai lektorálás szükséges,"note: Hang, kb. 40–60 mp, magyar.","captions, transcript","M7.3-NAR-02, M7.3-NAR-02::CAPTIONS, M7.3-NAR-02::TRANSCRIPT",,,,"R2, R3","R1, R2, R3",,Slide 2 hangsávja.,3a4706f26578e42f4dae9fb550530c85280bd2136e6715240fad0244de71dd8f,asset: M7.3-NAR-02 | captions: M7.3-FEL-02 | transcript: M7.3-LEI-02,,,
M7.3-NAR-03,M7,M7.3,online-lecke,"02 Tervezet/Modulok/M7/Online leckék/M7.3 – Zmán Kvucá-checklist – idő, tér, felelősség.md",377,voiceover,narration,legyártandó,jogtisztázás alatt,,INPUT 2 narráció – mintaprogram (SLIDE 3),"40–60 mp magyar narráció: a péntek esti mintaprogram végigmondása (idő, kvuca, cél, programváz, másik kvuca a folyosón), zárás: nézzük checklisttel, hol vannak kérdőjelek.",A mintaprogram hangos bemutatása.,M7.3-NAR-03-VO,"„Nézzünk egy konkrét példát.

Péntek este, 18-tól 19 óráig Zmán Kvucát tartunk a kenben.
A kvuca: Kivsza, 10–12 évesek, 12 hanih, 2 madrih.
A cél: ismerkedés és someres hangulat az év elején.

A programváz: névtanulós játék, kiscsoportos beszélgetés,
majd közös kör és zárás.
Közben a folyosó másik végén egy másik kvuca is tart Zmán Kvucát.

Első ránézésre ez akár jól is hangozhat –
de nézzük meg a checklist segítségével,
hol vannak benne kérdőjelek.”",3cc1ed43d7295b604e8f389e9073aeed05c07c240a62c056c9ade5deb86f88d9,,,"note: Leirat/transzkript (M7.3-NAR-03::TRANSCRIPT) kötelező: csak hang, ezért a dián vagy a médiaelem mellett látható leirat a teljes szöveges ekvivalens (WCAG 2.2 SC 1.2.1); első sora a kanonikus AI-címke; az M7.3-NAR-03::CAPTIONS archivált .vtt-derivatíva (projektgazdai döntés, 2026-10-03, VO D-19, D-21)",AI-generált,AI-generált narráció; kiadás előtt emberi szakmai lektorálás szükséges,"note: Hang, kb. 40–60 mp, magyar.","captions, transcript","M7.3-NAR-03, M7.3-NAR-03::CAPTIONS, M7.3-NAR-03::TRANSCRIPT",,,,"R2, R3","R1, R2, R3",,Slide 3 hangsávja.,daed7e3db6a5e0b4066d85c6b8e45552528340b22d2d9b42f3d72d1e50ac3fda,asset: M7.3-NAR-03 | captions: M7.3-FEL-03 | transcript: M7.3-LEI-03,,,
M7.3-NAR-04,M7,M7.3,online-lecke,"02 Tervezet/Modulok/M7/Online leckék/M7.3 – Zmán Kvucá-checklist – idő, tér, felelősség.md",557,voiceover,narration,legyártandó,jogtisztázás alatt,,ACTIVITY narráció – 5 terület végigvétele (SLIDE 4),"40–60 mp magyar narráció, amely végigveszi az 5 területet (idő és helyszín; létszám és arány; anyagok/technika és B-terv; hozzáférhetőség és inkluzivitás; gyermekvédelem és határok).",Az 5 terület hangos magyarázata.,M7.3-NAR-04-VO,"„A Zmán Kvucá-checklist 5 fő területet néz végig.

**Idő és helyszín** – mikor vagytok, meddig maradtok,
hol vagytok, mennyire átlátható a tér.

**Létszám és madrih–hanih arány** – hány gyerekre hány madrih jut,
elfér-e mindenki és minden, amit tervezel.

**Anyagok, technika és B-terv** – megvannak-e az eszközeid,
és mi a B-terv, ha valami nem úgy alakul, ahogy tervezted.

**Hozzáférhetőség és inkluzivitás** – mindenki be tud-e jutni,
és nem marad-e ki valaki azért, mert a tér vagy a program nem neki való.

**Gyermekvédelem és határok** – ki a jelen lévő, 18 év feletti felnőtt, akié a gyermekvédelmi felelősség,
hogyan lesz biztonságos a Zmán Kvucád, és mit teszel, ha red flag-et látsz.”",b730866347ee3af342926294347b5ced4ababa43992505e70bb178b9baf21a82,,,"note: Leirat/transzkript (M7.3-NAR-04::TRANSCRIPT) kötelező: csak hang, ezért a dián vagy a médiaelem mellett látható leirat a teljes szöveges ekvivalens (WCAG 2.2 SC 1.2.1); első sora a kanonikus AI-címke; az M7.3-NAR-04::CAPTIONS archivált .vtt-derivatíva (projektgazdai döntés, 2026-10-03, VO D-19, D-21)",AI-generált,AI-generált narráció; kiadás előtt emberi szakmai lektorálás szükséges,"note: Hang, kb. 40–60 mp, magyar.","captions, transcript","M7.3-NAR-04, M7.3-NAR-04::CAPTIONS, M7.3-NAR-04::TRANSCRIPT",,,,"R2, R3","R1, R2, R3",,Slide 4 hangsávja.,48fd8a50e826a0033e3488bde4bf81c91bb31e1136d1e98786c541e3deca920a,asset: M7.3-NAR-04 | captions: M7.3-FEL-04 | transcript: M7.3-LEI-04,,,
M7.3-NAR-05,M7,M7.3,online-lecke,"02 Tervezet/Modulok/M7/Online leckék/M7.3 – Zmán Kvucá-checklist – idő, tér, felelősség.md",734,voiceover,narration,legyártandó,jogtisztázás alatt,,"OUTRO narráció – híd a Moodle Checklistre (SLIDE 6, opcionális)","20–30 mp magyar narráció (opcionális): átvezetés a Moodle Checklistre; csak azt pipáld, ami ténylegesen kiderül; a hiányok kérdésként mehetnek a vezető felé; ugyanezt a saját Zmán Kvucáknál is használod.",Átvezetés a konkrét Moodle Checklist-aktivitásra.,M7.3-NAR-05-VO,"„Most egy Moodle Checklistben fogod végignézni
a péntek esti mintaprogramot a Zmán Kvucá-checklist 5 területe mentén.

Csak azt pipáld ki, ami **ténylegesen kiderül** a leírásból.
Ami nem derül ki vagy kérdéses, azt hagyd üresen,
és nyugodtan jelöld kérdésként a vezetőd felé.

Ez még csak gyakorlás –
ugyanezt a szemléletet fogod használni
a **saját Zmán Kvucáidnál** is.”",350be51ad2e61ec4600c0387a6020e11a500973caf113f40767cd7a7260b4dd9,,,"note: Ha a narráció elkészül, a leirat/transzkript (M7.3-NAR-05::TRANSCRIPT) kötelező: csak hang, ezért a dián vagy a médiaelem mellett látható leirat a teljes szöveges ekvivalens (WCAG 2.2 SC 1.2.1); első sora a kanonikus AI-címke; az M7.3-NAR-05::CAPTIONS archivált .vtt-derivatíva (projektgazdai döntés, 2026-10-03, VO D-19, D-21)",AI-generált,AI-generált narráció; kiadás előtt emberi szakmai lektorálás szükséges,"note: Hang, kb. 20–30 mp, magyar; opcionális elem.","captions, transcript","M7.3-NAR-05, M7.3-NAR-05::CAPTIONS, M7.3-NAR-05::TRANSCRIPT",,,,"R2, R3","R1, R2, R3",,"Opcionális; ha legyártják, jár felirat/leirat is.",04893b131b49e85ea88b8035649ec6886abe48c8e489687cdfb470d9a5e96295,asset: M7.3-NAR-05 | captions: M7.3-FEL-05 | transcript: M7.3-LEI-05,,,
M7.3-VID-01,M7,M7.3,online-lecke,"02 Tervezet/Modulok/M7/Online leckék/M7.3 – Zmán Kvucá-checklist – idő, tér, felelősség.md",79,video,ai-talking-head,legyártandó,jogtisztázás alatt,,HOOK beszélő-fej: „Zmán Kvucá = csak programidő…?”,"AI beszélő-fej videó, 16:9, 30–40 mp, semleges someres hangulatú háttér. A narrátor bevezeti a Zmán Kvucá fogalmát: nem ötletszerű játék, hanem az idő, amikor madrihként egy kvucával dolgozol – de nem egyedül: a helyszínen ott van vagy azonnal elérhető egy felkészített, 18 év feletti felnőtt is, akié a gyermekvédelmi felelősség. Fontos, hol vagytok, mennyien vagytok, mi a cél, és mi van, ha gáz van.","Bevonás, azonnali keretezés: kvuca-idő ≠ ötletszerű program.",M7.3-VID-01-VO,"„Szia!
A Somerben sokszor mondjuk azt, hogy **Zmán Kvucá**.

Sokszor úgy használjuk, hogy
*„amikor program van a kvucával”* –
de valójában ez **több, mint ötletszerű játékidő**.

A Zmán Kvucá az az **idő**, amikor madrihként
**egy kvucával dolgozol** – de nem egyedül:
a helyszínen ott van vagy azonnal elérhető egy felkészített, 18 év feletti felnőtt is,
és a gyermekvédelmi felelősség az övé.
Itt fontos, hogy hol vagytok, mennyien vagytok, mi a cél,
és mi történik, ha valami gáz van.

Nézzük meg, mit jelent ez a gyakorlatban.”",47a74316715f6d39675345e68814520a49ddacedf29e403779558870df669bf9,,,"audio: spoken; visual: decorative; alt_note: csak a képi sáv (beszélő fej) dekoratív: hangalámondás nem kell (WCAG 2.2 SC 1.2.5), mert a felirat és a leirat szó szerint lefedi a narrációt; a videóelemet a dián látható, leíró videócímke azonosítsa (SC 1.1.1); note: Kapcsolható, nem égetett WebVTT-felirat a lecke `@source` szövegéből + leirat/transzkript kötelező (M7.3-VID-01::CAPTIONS, M7.3-VID-01::TRANSCRIPT); AI-provenance felirat a videó alá (lecke-meta 29. sor).",AI-generált,AI-generált (avatar + narráció); kiadás előtt emberi szakmai lektorálás szükséges,"note: Videó 16:9, 30–40 mp, magyar narráció, felirattal; alá kiírva a kanonikus R1-szöveg: „AI-generált médiaelem · emberi lektorálással.”","voiceover, captions, transcript","M7.3-VID-01, M7.3-VID-01::VOICEOVER, M7.3-VID-01::CAPTIONS, M7.3-VID-01::TRANSCRIPT",,,,"R2, R3","R1, R2, R3",,"Összetartozik: M7.3-VID-01::VOICEOVER (hang), M7.3-VID-01::CAPTIONS (felirat), M7.3-VID-01::TRANSCRIPT (leirat). A slide-on a videó alatt Single Choice kérdés (nem asset).",aace05935ea3c190aaec8533a23d6e557c3b929a0bb8cc63d2c147d2ec004323,asset: M7.3-VID-01 | voiceover: M7.3-NAR-01 | captions: M7.3-FEL-01 | transcript: M7.3-LEI-01,,,
M7.4-DIA-01,M7,M7.4,online-lecke,02 Tervezet/Modulok/M7/Online leckék/M7.4 – Peula v1 + AI – első modulproduktum-vázlat.md,225,diagram,,legyártandó,specifikáció kész,,3 építőkocka diagram – SMART cél / Peula 11 pontja / Zmán Kvucá,"Diagram/ábra három kártyával vagy oszloppal (mobilon egymás alatt): 1) SMART nevelési cél (M7.1), 2) Peula 11 pontja (M7.2) – Előkészítés/Megírás/Biztonság & továbbfejlesztés csoportosítással, 3) Zmán Kvucá-checklist (M7.3) – 5 terület. Vizualizálja, mire épül a Peula v2.","Az M7.1–M7.3 három kulcsfogalmának vizuális összekapcsolása, a Peula v2 alapszerkezetének megmutatása.",,,,,,"visual: informative; alt_note: a lecke előírja az alt-szöveget, de a végleges szöveget a legyártott vizuál alapján kell megírni; note: Kell alt-szöveg (lásd M7.4-DIA-01::ALTTEXT), amely felsorolja a 3 építőkockát és tartalmukat; a részletes szövegtartalom a dián valós HTML-szövegként is megjelenik (SLIDE 2, „Szöveg a dián”), így képernyőolvasóval elérhető",AI-generált,AI-generált (diagram); kiadás előtt emberi szakmai lektorálás szükséges,"note: reszponzív (desktop 3 oszlop / mobil 1 oszlop egymás alatt), magyar feliratozású elemek, H5P-slide-ba ágyazva",alt-text,"M7.4-DIA-01, M7.4-DIA-01::ALTTEXT",,,,,"R1, R5",,"A diagram szövegtartalma a SLIDE 2 „Szöveg a dián"" blokkból jön. A „📂 Portfólió-beemelés"" doboz és a Mini True/False tiszta H5P-szöveg/interakció, nem külön media-asset.",b4e3718ba98db2ada3407ed2ab39de79773ccd81bf297f379f65451adb151231,asset: M7.4-DIA-01 | alt-text: M7.4-ALT-01,,,
M7.4-IKO-01,M7,M7.4,online-lecke,02 Tervezet/Modulok/M7/Online leckék/M7.4 – Peula v1 + AI – első modulproduktum-vázlat.md,345,icon-set,,újrahasznosítás,specifikáció kész,,Kvuca-típus piktogramok – Parparim / Kivsza / Leviatán,"Három piktogram/ikon a kvuca-típus választóhoz: Parparim (pillangó, 6–9 év), Kivsza (bárány, 10–12 év), Leviatán (bálna, 13–17 év). Egységes ikon-/piktogram-stílusban, a Single Choice opciókhoz illesztve.","Vizuális támogatás a kvuca-típus választáshoz, korosztály-felismerés segítése a GYAKORLAT 1 döntésnél.",,,,,,"visual: informative; alt_note: a lecke előírja az alt-szöveget, de a végleges szöveget a legyártott vizuál alapján kell megírni; note: A három piktogram alt-szövegét a reuse cél, az M3.2-IKO-01::ALTTEXT biztosítja; az M7.4-IKO-01 nem gyárt külön deriváltat.",AI-generált,AI-generált (piktogramok); kiadás előtt emberi szakmai lektorálás szükséges,"note: 4 db kompatibilis ikon/piktogram, áttetsző háttér, mobil-first méretezés, H5P Single Choice opciókhoz",,,M3.2-IKO-01,,,,,,"Újrahasznosítás indoklása (v1 dedup): Azonos három ikon. Eltérés csak a felhasználásban: M3.2-ben kártyákon/oszlopfejekben/táblázatban ismétlődve, M7.4-ben Single Choice opciókhoz illesztett piktogramként (korosztály-címkével: 6–9 / 10–12 / 13–17). A vizuális asset ugyanaz. A lecke-meta (AI / multimédia lista) „illusztráció""-ként hivatkozik rájuk, de tartalmilag piktogram-/ikon-készlet (3 egységes elem) → assetType ikon-készlet, ezért az ID-rövidítés is IKO (nem ILL, hogy az ID-séma típushoz illeszkedjen). Meta §1 szerint AI-generált; provenance-jelölés a Program terv §4 (R1) szerint. Az emoji-jelölések (🦋🐑🐋) a forrásban orientálnak a vizuál tartalmára.",025aa7a60d36774e8ebbb61f4b46e948490888ae8b8b07ef8a99e9b519123895,asset: M7.4-IKO-01 | alt-text: M7.4-ALT-02,,,
M7.4-MUNK-01,M7,M7.4,online-lecke,02 Tervezet/Modulok/M7/Online leckék/M7.4 – Peula v1 + AI – első modulproduktum-vázlat.md,801,worksheet,,legyártandó,specifikáció kész,,Letölthető „Peula v1 – első vázlat” kitölthető sablon (doc),"Kitölthető sablon doc formátumban, kizárólag az Assignment „Minimum elvárás” 1–4. pontjával, szó szerint: 1. „Kvuca-meta” (a pont adatkímélő mondatával és három alpontjával); 2. „SMART nevelési cél (max. 1–2 mondatban)”; 3. „Legalább 3–4 Peula-terület rövidebb kidolgozása (összesen kb. 10–20 sor)” a két alpontjával; 4. „Zmán Kvucá-operációs mini-táblázat (min. 3–4 sor)” a forrás oszlopfejléceivel („Idő (kb.)”, „Mi történik?”, „Ki felel érte?”) és 4 üres sorral, utána szó szerint a „(A neveknél most elég annyi …)” mondat és az 1:1 helyzetekről szóló dőlt bekezdés; a sablon végén szó szerint a ⚠️ adatkímélő mondat. A forrás táblázatának példasorai nem kerülnek bele. Új mező, minta vagy útmutató szöveg nem kerül bele.","A Peula v1 (LMS-M7-05) fájlalapú leadási útja: aki nem online szövegként ad le, ennek kitöltésével és feltöltésével adja le a v1-et. A két út egyenértékű (Program terv §5; hozzáférhetőségi sztenderd §4).",,,,,,"note: Valódi szöveges dokumentum (nem kép) és valódi táblázatstruktúra megjelölt oszlopfejlécekkel és kitölthető cellákkal, hogy képernyőolvasóval is használható és kitölthető legyen; a dokumentum nyelve magyarra állítva.",emberi,,"note: Szerkeszthető dokumentum: Google Doc (csak szervezeti fiókban, korlátozott megosztással) és/vagy .docx; A4 nyomtatható elrendezés is; magyar nyelv. Moodle-ben az Assignment „Additional files” mezőjébe kerül.",print-pdf,"M7.4-MUNK-01, M7.4-MUNK-01::PRINTPDF",,,,,R5,,"A11Y-18 statikus előfeltétele (IMPL-18-1): a Program terv §5 beadási szabálya szerinti letölthető sablon a Peula v1-hez; tartalma kizárólag a „Minimum elvárás” meglévő szövegéből áll. A Peula v2 sablonja nem ez az asset: annak mezőlistája emberi döntés (IMPL-18-1, M7 v2). A sablon letölthetőségét és akadálymentességét a renderen kell igazolni (release-evidence).",c928fbc38c499dfae05fc14222273eec843c7339cbadb7cc0a244a9f91b45c69,,,,
M7.4-NAR-01,M7,M7.4,online-lecke,02 Tervezet/Modulok/M7/Online leckék/M7.4 – Peula v1 + AI – első modulproduktum-vázlat.md,376,voiceover,narration,legyártandó,jogtisztázás alatt,,Opcionális narráció – GYAKORLAT 1 (kvuca-típus + meta + SMART cél),"Opcionális hang-narráció (20–30 mp), amely végigvezeti a tanulót a GYAKORLAT 1 lépésein: kvuca-típus választás, kvuca-meta és SMART cél megírása, hangsúlyozva, hogy nem dolgozat, elég ha a tanuló érti a kvucát és a tervezett változást.",Hangos vezetés és bátorítás a GYAKORLAT 1 kitöltéséhez.,M7.4-NAR-01-VO,"„Most kiválasztasz egy kvucát,
megírod hozzá a kvuca-infókat és a SMART célt.
Nem dolgozatot kérünk – a lényeg, hogy **érthető legyen**,
milyen kvucára és milyen változást tervezel.”",bc95c2f093cdd06c39d8ab7701c5c6dba44def2f7b3a1ac0437bb023ef1cadcc,,,"note: Ha a narrációt legyártják, a leirat/transzkript (M7.4-NAR-01::TRANSCRIPT) kötelező: csak hang, ezért a dián vagy a médiaelem mellett látható leirat a teljes szöveges ekvivalens (WCAG 2.2 SC 1.2.1); első sora a kanonikus AI-címke; az M7.4-NAR-01::CAPTIONS archivált .vtt-derivatíva (projektgazdai döntés, 2026-10-03, VO D-19, D-21)",AI-generált,AI-generált (szintetikus narráció); kiadás előtt emberi szakmai lektorálás szükséges,"note: 20–30 mp audió, magyar nyelv, mobil-first H5P slide-ba","captions, transcript","M7.4-NAR-01, M7.4-NAR-01::CAPTIONS, M7.4-NAR-01::TRANSCRIPT",,,,"R2, R3","R1, R2, R3",,"Opcionális elem; ha legyártják, szöveges ekvivalens szükséges.",742b868c4616cf4ee8610413448abd60521144abfadfceb85381fff6c58abf0f,asset: M7.4-NAR-01 | captions: M7.4-FEL-02 | transcript: M7.4-LEI-02,,,
M7.4-NAR-02,M7,M7.4,online-lecke,02 Tervezet/Modulok/M7/Online leckék/M7.4 – Peula v1 + AI – első modulproduktum-vázlat.md,627,voiceover,narration,legyártandó,jogtisztázás alatt,,Opcionális narráció – zárás (gratuláció + következő lépés),"Opcionális hangnarráció (20–30 mp): megerősíti, hogy a tanuló készen áll a Peula v1 megírására, átvezet a Moodle-beadandóhoz, és jelzi, hogy az M7.B műhelyben ebből készül a végleges, terepre vihető Peula v2.","Lezárás, motiváció és híd a Moodle-beadandóhoz.",M7.4-NAR-02-VO,"„Gratulálok, készen állsz a Peula v1-edre.
Most írd meg a Moodle-beadandóban.
Az M7.B műhelyben visszajelzések alapján tovább dolgozol rajta, és ebből készül a végleges, terepre vihető Peula v2.”",50509520364058e39e604106d3801969ed525b0b03eaf8d31defc61d9c868f0f,,,"note: Ha a narrációt legyártják, a leirat/transzkript (M7.4-NAR-02::TRANSCRIPT) kötelező: csak hang, ezért a dián vagy a médiaelem mellett látható leirat a teljes szöveges ekvivalens (WCAG 2.2 SC 1.2.1); első sora a kanonikus AI-címke; az M7.4-NAR-02::CAPTIONS archivált .vtt-derivatíva (projektgazdai döntés, 2026-10-03, VO D-19, D-21)",AI-generált,AI-generált (szintetikus narráció); kiadás előtt emberi szakmai lektorálás szükséges,"note: 20–30 mp audió, magyar nyelv, mobil-first H5P slide-ba","captions, transcript","M7.4-NAR-02, M7.4-NAR-02::CAPTIONS, M7.4-NAR-02::TRANSCRIPT",,,,"R2, R3","R1, R2, R3",,"Opcionális elem; ha legyártják, szöveges ekvivalens szükséges.",c3143037c21b5a2315bb0f5ff71613a224c121a92fb3f1e28a021a70c0bd7490,asset: M7.4-NAR-02 | captions: M7.4-FEL-03 | transcript: M7.4-LEI-03,,,
M7.4-VID-01,M7,M7.4,online-lecke,02 Tervezet/Modulok/M7/Online leckék/M7.4 – Peula v1 + AI – első modulproduktum-vázlat.md,116,video,ai-talking-head,legyártandó,jogtisztázás alatt,,HOOK – AI beszélő fej: papíron szép vs. vállalható peula,"16:9 AI beszélő-fej videó, 30–40 mp. A narráció szembeállítja a „papíron gyönyörű, de 45 percbe nem férő, B-terv és biztonsági átgondolás nélküli"" peulát a „nem tökéletes, de világos célú, reális, vállalható"" peulával, és bevezeti, hogy a leckében egy vállalható peulavázat raknak össze, amit Zmán Kvucában is el lehet képzelni.","Bevonás, azonosulás; érzelmi keretezés a „vállalható peula"" üzenet köré a HOOK-ban.",M7.4-VID-01-VO,"„Szia!
Lehet, hogy már láttál olyan peulatervet,
ami **papíron gyönyörű volt** –
de 45 percbe nem fért bele,
nem volt B-terv,
és a biztonsági szempontok is bizonytalanok voltak.

És olyan peulát is,
ami papíron nem volt ‘tökéletes’,
de a cél világos volt,
a lépések reálisak,
és **madrihként vállalhatónak érezted**.

Ebben a leckében egy ilyen,
**vállalható peulavázat** rakunk össze –
olyat, amit tényleg el tudnál képzelni, hogy megtartod Zmán Kvucában.”",cb74bb01a7864ca34fa39e0222fa05a050dead22a90bcb9822e583660af72be3,,,"audio: spoken; visual: decorative; alt_note: csak a képi sáv (beszélő fej) dekoratív: hangalámondás nem kell (WCAG 2.2 SC 1.2.5), mert a felirat és a leirat szó szerint lefedi a narrációt; a videóelemet a dián látható, leíró videócímke azonosítsa (SC 1.1.1); note: Kell felirat (HU, M7.4-VID-01::CAPTIONS) ÉS leirat/transzkript (M7.4-VID-01::TRANSCRIPT) a narráció szövegéről",AI-generált,AI-generált (avatar + narráció); kiadás előtt emberi szakmai lektorálás szükséges – a videó alatt a kanonikus R1-szöveg: „AI-generált médiaelem · emberi lektorálással.”,"note: 16:9, 30–40 mp, magyar nyelvű narráció, kapcsolható, nem égetett WebVTT-felirat a lecke `@source` szövegéből, mobil-first H5P Course Presentation slide-ba ágyazva","voiceover, captions, transcript","M7.4-VID-01, M7.4-VID-01::VOICEOVER, M7.4-VID-01::CAPTIONS, M7.4-VID-01::TRANSCRIPT",,,,"R2, R3","R1, R2, R3",,"Összekapcsolódik: M7.4-VID-01::CAPTIONS (felirat) + M7.4-VID-01::TRANSCRIPT (leirat) + SLIDE 1 Single Choice kérdés (nem media-asset, tiszta H5P-szöveg). Provenance-jelölés a Program terv §4 AI-eredetjelölése (R1) szerint kötelező (lecke-meta, provenance-jegyzet).",cfbc6fd6e09da3efccefb525d2e02bc19cc15fee1d7644a2b0a00550455968bd,asset: M7.4-VID-01 | captions: M7.4-FEL-01 | transcript: M7.4-LEI-01,,,
M7.A-KART-01,M7,M7.A,peula,02 Tervezet/Modulok/M7/Peulák/M7.A – Célból peula – SMART & 11 pont élőben.md,133,card-set,,legyártandó,specifikáció kész,,„Szétfolyó cél” kártyaszett a sarok-játékhoz,"10–12 db nyomtatott kártya, mindegyiken egy célnak látszó mondat someres szituációkra: egy részük SZÉTFOLYÓ vágy, egy részük SMART-KÖZELI. A forrás 5 konkrét mintamondatot ad (ezeket be kell emelni): „Jó hangulat legyen a purimi programon.”; „A kvuca értse meg a Szolidaritás fogalmát.”; „Beszéljünk a háborúról.” (mindhárom szétfolyó); valamint „A Kivsza kvuca (kb. 10–12 év) a következő hónap végére legalább 2 új játékot tudjon, amit ők maguk magyaráznak el egymásnak.” és „A Parparim kvuca (kb. 6–9 év) tagjai a 45 perces peula alatt legalább 1-szer, kb. 1 perces körben végighallgatják egymást.” (mindkettő SMART-közeli). FIGYELEM – tartalmi hiány: a forrás csak 5 mondatot ad, de 10–12 kártyás szettet kér; a fennmaradó 5–7 kártyához ÚJ, a mintázathoz illeszkedő someres mondatokat kell írni (jellemzően több szétfolyó + 1–2 további SMART-közeli). A kártyán CSAK a mondat látszik – a besorolás-kulcs NEM kerül a kártyára (az az M7.A-MUNK-02 képzői kulcsban van). A játék során a 10–12-ből csak 4–6 kerül felolvasásra (4.2. blokk, 3. lépés).",A blokk 2 mozgásos sarok-játékának fizikai eszköze: a madrihok élményben (A/B sarokba állással) különböztetik meg a szétfolyó vágyat a SMART-közeli céltól.,,,,,,"note: Nagy, jól olvasható tipográfia (a képző hangosan olvassa fel). A kártyaszöveg önmagában szöveges, alt-szöveg nem releváns. Digitális kísérő esetén a teljes mondatlista szöveges formában mellékelendő.",emberi,emberi-felvétel,"note: 10–12 db kártya, A6 vagy névjegy-méret, vastag karton / lamináció ajánlott, magyar nyelv, nagy, felolvasásra alkalmas tipográfia. Print-ready PDF.",print-pdf,"M7.A-KART-01, M7.A-KART-01::PRINTPDF",,,,,R5,,"Ugyanaz a szett a 2.1, a 4.2 blokk és az 5. Képzői ellenőrző lista szerint (10–12 db). A besorolás-kulcs külön képzői segédletbe (M7.A-MUNK-02) megy, NE a kártyára. A mintamondatok szövegére a 4.2. blokk 3. lépése irányadó.",39cd8c26570fa2764b2e24272337e3258a8d87f6486d0564574c21a3c55f275b,asset: M7.A-KART-01,,,
M7.A-KART-02,M7,M7.A,peula,02 Tervezet/Modulok/M7/Peulák/M7.A – Célból peula – SMART & 11 pont élőben.md,233,card-set,,legyártandó,specifikáció kész,,"Minta-peula-ötlet kártyák (tartalék, ha valaki elakad)","3–4 db nyomtatott minta-peula-ötlet kártya, mindegyiken egy ötlet + a hozzá tartozó kvuca-név és korosztály, hogy az elakadó azonnal tudjon „kire” gondolni. A forrás 4 mintát ad: (1) Hanuka-peula a Parparim kvucának (6–9 év) – fény/sötétség témán át „mitől félek / mi ad biztonságot”; (2) Első kvuca-alkalom a Kivsza kvucának (kb. 10–12 év) – ismerkedés + közös kvuca-szabályok; (3) Konfliktuskezelő peula a Leviatán kvucának (kb. 13–17 év) – tipikus kvucán belüli súrlódás megbeszélése; (4) Élménybeszámoló-peula egy szeminárium/tábor után – „mit viszek haza”, kapcsolódás és lezárás.","Hogy senki ne maradjon ötlet nélkül a mini-műhelyben – aki elakad, azonnal választhat egy konkrét kvuca-névvel ellátott ötletet.",,,,,,"note: Olvasható tipográfia; szöveges tartalom, alt-szöveg nem releváns. A mintaszövegek listája digitálisan mellékelendő.",emberi,emberi-felvétel,"note: 3–4 db kártya, A6 vagy A5 méret, karton / lamináció, magyar nyelv. Print-ready PDF.",print-pdf,"M7.A-KART-02, M7.A-KART-02::PRINTPDF",,,,,R5,,Tartalék-eszköz a blokk 3-hoz; külön a 4.2 szétfolyó-cél kártyáktól (M7.A-KART-01).,a6a20a5a49441d2d79e29c043ad7be1ae7e17e4a605d54cbbd72d1d5b671b763,asset: M7.A-KART-02,,,
M7.A-MUNK-01,M7,M7.A,peula,02 Tervezet/Modulok/M7/Peulák/M7.A – Célból peula – SMART & 11 pont élőben.md,472,worksheet,,legyártandó,specifikáció kész,,Képzői ellenőrző lista (1 A4) – peula előtti átfutó,"Egyoldalas képzői ellenőrzőlista a peula előtti átfutáshoz, 5 fő blokkal a forrás szerint: 1) Meta tiszta (két fő fókusz: SMART someres nyelven + 11 pontból 3–4 kulcspont; M7.1–M7.2 kapcsolat); 2) Eszközök előkészítve (szétfolyó-cél kártyák 10–12 db; papír / post-it + toll mindenkinek; 11 pont jól láthatóan kint; hely a sarok-játékhoz és kiscsoport-munkához); 3) Biztonsági keret (nem kell érzékeny példa, lehet kitalált/hétköznapi; kit szólít meg – mentor/képzésfelelős); 4) Időkeret (hol rövidít, ha csúszik: kevesebb mondat / 2 önkéntes / 3 pont a 4 helyett); 5) Híd (M7.3 Zmán Kvucá-checklist / M7.4 Peula v1 felé).","A képző gyors, nyomtatható felkészülési segédlete a peula előtt.",,,,,,note: —,emberi,emberi-felvétel,"note: 1 A4 oldal, magyar nyelv, checkbox-os listaformátum. Print-ready PDF.",print-pdf,"M7.A-MUNK-01, M7.A-MUNK-01::PRINTPDF",,,,,R5,,Önállóan nyomtatandó képzői anyag; tartalmilag a 2.1/2.3 eszközöket és a 3. percbontás rövidítési logikáját tükrözi.,c80d44aec6528bf79ecba3b3190e1cdddf2e8ab1661270ead8b09262aa853227,asset: M7.A-MUNK-01,,,
M7.A-MUNK-02,M7,M7.A,peula,02 Tervezet/Modulok/M7/Peulák/M7.A – Célból peula – SMART & 11 pont élőben.md,165,worksheet,,legyártandó,specifikáció kész,,Képzői felolvasó-kulcs a sarok-játékhoz (besorolás + indok),"Képzőnek szóló, NEM résztvevői, nyomtatott segédlap, amely minden kártyamondathoz megadja a besorolást (szétfolyó vs. SMART-közeli) ÉS a forrásbeli rövid indoklást: „nincs konkrét kvuca, nincs megfigyelhető viselkedés, nem tudod, mikor teljesült”; „a megérti nem látszik kívülről; mit csinálnának másképp?”; „téma, nem cél; nincs benne kvuca, idő, eredmény”; „konkrét kvuca + időtáv + megfigyelhető viselkedés”. Tartalmazza azt is, hogy a Parparim-mondat mértéke a korosztály felső sávjára (8–9 év) van szabva, valamint a Parparim alsó korhatárra (6–7 év) vonatkozó Achievable-figyelmeztetést (a hosszabb csendes figyelem ott még nem reális, a mértéket korosztályhoz kell igazítani). Az M7.A-KART-01 mondataival 1:1 párban.","Hogy a képző a sarok-játék közben magabiztosan tudja a helyes besorolást és indoklást, anélkül hogy a zárójeles kulcsot felolvasná.",,,,,,note: —,emberi,emberi-felvétel,"note: 1 A4 oldal, magyar nyelv, szöveges segédlet (kizárólag képzőnek). Print-ready PDF.",print-pdf,"M7.A-MUNK-02, M7.A-MUNK-02::PRINTPDF",,,,,R5,,"Az M7.A-KART-01 kártyaszetthez tartozik; a kettő együtt használandó. KATEGÓRIA-JAVÍTVA: eredetileg „szöveges-ekvivalens / egyéb” volt – valójában nyomtatott képzői segédanyag (print-fizikai / print-munkalap). ID-JAVÍTVA: korábban M7.A-EGY-01, ami ellentmondott a print-munkalap típusnak (EGY = egyéb); az ID-séma szerint print-munkalap → MUNK, és mivel az M7.A-MUNK-01 (checklist) már foglalt, ez M7.A-MUNK-02 lett.",ad6c061e50b9b1e87cc8f0589642095357c616a73db73f3f7eba8c7d167c5796,asset: M7.A-MUNK-02,,,
M7.A-POSZ-01,M7,M7.A,peula,02 Tervezet/Modulok/M7/Peulák/M7.A – Célból peula – SMART & 11 pont élőben.md,265,poster,,legyártandó,specifikáció kész,,„Peula 11 pontja” flipchart / poszter – kanonikus pont-lista,"Nagy, falra rakható csomagolópapír / flipchart-lap vagy poszter a Peula 11 pont rövid, KANONIKUS, sorszámozott listájával (1. Téma & modul … 11. Utóreflexió & továbbfejlesztés). A forrás kiemeli: a kanonikus, sorszámozott nevekre kell hivatkozni, NE rövidített álneveket adni, hogy az online M7.2 leckével és a KAPU-kvíz pont-fázis kérdéseivel egységes maradjon. A teljes kvuca számára jól olvasható. A pont-tartalmat az M7.2 online lecke 11 pontos kánonjából kell átvenni, nem újraírni.",Referencia-felület a blokk 3-hoz és a galériasétához: a párok/hármasok erről jelölik ki a 4 (vagy 3) kulcspontot; közös nyelvet ad a teljes peulához.,,,,,,"note: Magas kontraszt, nagy betű, terem-távolságra olvasható. Alternatíva projektorral kivetítve. A 11 pont teljes szöveges listája digitálisan is mellékelendő alt/leirat gyanánt.",emberi,emberi-felvétel,"note: Min. A1/A0 poszter vagy csomagolópapír-méret, magyar nyelv, sorszámozott 11 pont, terem-távolságból olvasható nagy tipográfia. Print-ready PDF + opcionálisan kivetíthető (projektoros) verzió.",print-pdf,"M7.A-POSZ-01, M7.A-POSZ-01::PRINTPDF",,,,,R5,,"Forrás szerint a tartalom az online M7.2 lecke 11 pontos kánonjával azonos – onnan átveendő, nem újraírandó (cross-unit függőség).",9ba5a9c03d34bb1eecb1e4a96442aed2055eaeb5b9a83437b4895cf70b14f728,asset: M7.A-POSZ-01,,,
M7.A-POSZ-02,M7,M7.A,peula,02 Tervezet/Modulok/M7/Peulák/M7.A – Célból peula – SMART & 11 pont élőben.md,297,poster,,legyártandó,specifikáció kész,,Tábla / flipchart-sablon – kulcsszavak és SMART irányító-kérdések,"Flipchart- vagy tábla-sablon a kulcsszavakkal („vágy-mondat”, „SMART”, „11 pont”) és a SMART cél megfogalmazását segítő 4 irányító kérdéssel a forrásból: „Kinek? (Melyik kvuca? Melyik korosztály?)”, „Mikorra / milyen időtávban?”, „Mit tudjon vagy csináljon a kvuca a peula után, amit előtte nem?”, „Honnan fogod tudni, hogy ez megtörtént? (Mi a jele?)”. A forrás megengedi a kézi felírást is – a nyomtatott segéd-sablon opcionális, de gyártható asset.",Vizuális vezérfonal a SMART-cél megfogalmazásához a párok/hármasok számára a mini műhely alatt.,,,,,,"note: Nagy, olvasható tipográfia; magas kontraszt. A kérdéslista + kulcsszavak szöveges formában is rögzítendő.",emberi,emberi-felvétel,"note: Flipchart-lap vagy üres tábla; opcionálisan előre nyomtatott A2/A1 segédposzter a 4 kérdéssel és a 3 kulcsszóval. Magyar nyelv, nagy betű. Print-ready PDF a nyomtatott változathoz.",print-pdf,"M7.A-POSZ-02, M7.A-POSZ-02::PRINTPDF",,,,,R5,,"A 2.1 eszközlista a kulcsszavak tábláját, a 4.3. blokk 3. lépése a 4 irányított kérdést adja – a sablon e kettőt egyesíti. Nyomtatott verzió opcionális.",60c1bf49f0d396d4c033839af0090ac254a2d1c7eaeec925a66252a0e024c011,asset: M7.A-POSZ-02,,,
M7.A-POSZ-03,M7,M7.A,peula,02 Tervezet/Modulok/M7/Peulák/M7.A – Célból peula – SMART & 11 pont élőben.md,72,poster,,legyártandó,specifikáció kész,,Társas visszajelzés – két mondatkezdő tábla / flipchart-sablon,"Táblára / flipchartra kiírt két ítélkezésmentes mondatkezdő, amelyre minden visszajelzés épül: „Hol érzem SMART-nak?” és „Mit kérdeznék még, ami kimaradt?”. Ugyanezt a két mondatkezdőt használják a mini-prezentációk társas visszajelzésénél (4.4. blokk, 3. lépés) és a galériaséta post-it-reagálásánál (4.4. blokk, galériaséta-variáns, 2. lépés).","Strukturált, támogató társas visszajelzés kerete – hogy a visszajelzés ne csússzon át peula-szétszedésbe.",,,,,,"note: Magas kontraszt, terem-távolságra olvasható; a két mondatkezdő szöveges tartalma mellékelendő.",emberi,emberi-felvétel,"note: Flipchart-lap vagy A2/A1 poszter, magyar nyelv, 2 kiemelt mondatkezdő, nagy tipográfia. Print-ready PDF vagy kézi felírásra szánt sablon.",print-pdf,"M7.A-POSZ-03, M7.A-POSZ-03::PRINTPDF",,,,,R5,,"Mindkét blokk-4 formátum (mini-prezentáció és galériaséta) ugyanezt a két mondatkezdőt használja – egyetlen sablon szolgálja ki mindkettőt. A galériaséta a Greenaway-féle 4F (Facts–Feelings–Findings–Future) reflexiós ívére épül (4.4. blokk, „Miért működik”); a 4F nem külön nyomtatott asset, hanem ennek a visszajelzési keretnek a háttér-rationáléja.",f08b72db616451d702239c85c11eedcaccbc32eac8788c8a560b83408b280e36,asset: M7.A-POSZ-03,,,
M7.B-EGY-01,M7,M7.B,peula,02 Tervezet/Modulok/M7/Peulák/M7.B – Peula v2 & Zmán Kvucá – amikor a papír találkozik a valósággal.md,174,card-set,,legyártandó,specifikáció kész,,A/B sarok-kvíz 5 állítása (felolvasandó kártyaszett / képzői segédlap),"Az 5 előre megfogalmazott A/B-állítás felolvasáshoz (inkább igaz / inkább nem igaz mozgós kvíz, középen bizonytalan zóna – 4.1. blokk, instrukció), a 4.1. blokk 2. lépése szerint szó szerint: (1) ""Zmán Kvucá = bármilyen program, ami eszünkbe jut aznap."", (2) ""Peula-tervben nem kell biztonságról gondolkozni, az a felnőttek dolga."", (3) ""AI-val írni peulát úgy, hogy bemásolok konkrét hanih-sztorikat, oké."", (4) ""Zmán Kvucánál az is fontos, hogy hány hanihra hány madrih jut."", (5) ""Ha AI ad egy jó játékszabályt, azt gondolkodás nélkül használhatom."". Felolvasó kártyaként vagy képzői segédlapon.",A Blokk 1 mozgós nyitókvíz tartalma; felidézi a Zmán Kvucá lényegét és tudatosítja az AI-határokat.,,,,,,note: —,emberi,emberi-felvétel,"note: Képzői segédlap vagy 5 felolvasó-kártya, A6/A5, magyar nyelv. A teljes verbatim a 4.1. blokk 2. lépésében.",print-pdf,"M7.B-EGY-01, M7.B-EGY-01::PRINTPDF",,,,,R5,,"Felolvasásra szánt szöveg; opcionálisan kártyaszettként nyomtatva a képzőnek. Csúszás esetén kevesebb állítás is használható (5. Képzői ellenőrző lista, 4. Időkeret).",37a2d20584440c2a36ac127fd0aeb5480c088f2f1e24a0367e723c91670613a2,asset: M7.B-EGY-01,,,
M7.B-MUNK-01,M7,M7.B,peula,02 Tervezet/Modulok/M7/Peulák/M7.B – Peula v2 & Zmán Kvucá – amikor a papír találkozik a valósággal.md,284,worksheet,,legyártandó,specifikáció kész,,Zmán Kvucá-mini-checklist (kiscsoportos munkalap),"5 soros nyomtatható kiscsoportos checklist-munkalap, soronként két oszloppal: ""Mi az, ami már megvan a tervben?"" / ""Mi az, ami hiányzik, vagy nem elég konkrét?"". Az 5 sor a 4.2. blokk 2. lépése szerint: (1) Idő & helyszín (hossz, pontos hely, átjárás), (2) Létszám & madrih–hanih arány (kevesebb/több jön-e), (3) Anyagok, technika & B-terv (eső/eszközhiány/zaj), (4) Hozzáférhetőség & inkluzivitás (kerekesszékes/zajérzékeny/nyelvi akadály – eleve neki is az övé; a munkalapra és a tervbe csak csoportszintű, nem azonosító információ kerül), (5) Gyermekvédelem & határok (piros zászló, mit nem csinálsz, kihez fordulsz) – a forrásban szereplő segítő kérdésekkel.","A kiscsoport ezzel futtatja végig a kiválasztott Peula v1-et az 5 Zmán Kvucá-területen; ez a Blokk 2 fő munkaeszköze, ami strukturálja a finomhangolást.",,,,,,note: —,emberi,emberi-felvétel,"note: A4, fekete-fehér, kiscsoportonként 1 példány (3–4 fős csoportok), kézzel kitölthető, magyar nyelv",print-pdf,"M7.B-MUNK-01, M7.B-MUNK-01::PRINTPDF",,,,,R5,,"Tartalmilag az M7.3 lecke 5 területéből vezetve. Kiscsoportonként 1 példány. Csúszás esetén csak 3 terület végignézése is opció (4.2 facilitátori tipp / 5. Képzői ellenőrző lista, 4. Időkeret).",2cbb5115073469addd4ce65886084553b9903213e9b7c6f5229eaa224f856660,asset: M7.B-MUNK-01,,,
M7.B-MUNK-02,M7,M7.B,peula,02 Tervezet/Modulok/M7/Peulák/M7.B – Peula v2 & Zmán Kvucá – amikor a papír találkozik a valósággal.md,316,worksheet,,legyártandó,specifikáció kész,,"""Előtte–utána""-lap (galériaséta artefaktum-sablon)","Egyszerű A5/A4 kétsoros sablon kiscsoportonként: ""ELŐTTE (1 sor): mi volt a peulában a checklist előtt?"" (pl. ""45' kültéri fogós, B-terv nélkül."") és ""UTÁNA (1 sor): mi lett belőle a Zmán Kvucá-checklist hatására?"" (pl. ""30' + B-terv: ha esik, ülős papíros verzió a nagyteremben."") – nagy üres írófelülettel, hogy a galériasétán (4.3) távolról is olvasható legyen (4.3. blokk, 1. lépés: ""bárki el tudja olvasni anélkül, hogy magyaráznátok"").","Ez a galériaséta fő látható artefaktuma; minden csoport kiteszi az átírt vázlat mellé, hogy a checklist hatása több valós lapon váljon láthatóvá (nem csak 2 csoport szóbeli története).",,,,,,"note: A lapot a teljes kvuca távolról olvassa a galériasétán, ezért nagy, kontrasztos kézírásra méretezett kitöltőfelület kell (filctoll). A forrás (4.3. blokk, „Nem-írásos alternatíva”) nem-írásos alternatívát is ad nyelvi akadály / írásfáradtság esetére: élőszavas ""2 mondat az állomásnál"", vagy ""tárgyas előtte–utána"" (két tárgy/rajz egymás mellett) – a sablon csak az írott úthoz kell, az inkluzív alternatíva szöveg nélkül is működik.",emberi,emberi-felvétel,"note: A5 vagy A4, üres kétsoros sablon, kiscsoportonként 1 példány, magyar nyelv. Nagy, vastag vonalvezetésre méretezett írófelület (filctollal, távolról olvashatóan kitölthető).",print-pdf,"M7.B-MUNK-02, M7.B-MUNK-02::PRINTPDF",,,,,R5,,"Nem-írásos alternatíva is létezik (élőszó / tárgyas változat, 4.3. blokk) – a sablon csak az írott úthoz kell.",2c46ac4f9f7eaa6538b1be4f7c3c83fb8c137659fabe3f5db68824947fddd183,asset: M7.B-MUNK-02,,,
M7.B-MUNK-03,M7,M7.B,peula,02 Tervezet/Modulok/M7/Peulák/M7.B – Peula v2 & Zmán Kvucá – amikor a papír találkozik a valósággal.md,348,worksheet,,legyártandó,specifikáció kész,,Minta-Peula v1 (B-terv tartalék vázlat),"Egy előre megírt, nyomtatható minta-Peula v1 vázlat (SMART cél + a peula váza), amely szándékosan tartalmaz Zmán Kvucá-hiányosságokat (pl. túl hosszú/kültéri, B-terv nélkül), hogy a résztvevő végig tudja rajta vinni az 5 területes checklistet, ha nincs saját leadott vázlata.","Inkluzív B-terv: senki ne maradjon ki a peula-műhelyből, ha nem hozott/nem adott le saját Peula v1-et (előfordul, hogy az M7.4 Assignment még nincs kész).",,,,,,note: —,emberi,emberi-felvétel,"note: A4, 1–2 oldal, nyomtatva, néhány tartalékpéldány, magyar nyelv",print-pdf,"M7.B-MUNK-03, M7.B-MUNK-03::PRINTPDF",,,,,R5,,"A műhely az M7.4 Assignmentre épül; ez a tartalék annak szól, akinek még nincs leadott Peula v1-e (4.2. blokk, B-terv).",bb8f6f4c10826d476d598d28575ff5be6af448ca1b98fc9526ad180bc5ca55f6,asset: M7.B-MUNK-03,,,
M7.B-MUNK-04,M7,M7.B,peula,02 Tervezet/Modulok/M7/Peulák/M7.B – Peula v2 & Zmán Kvucá – amikor a papír találkozik a valósággal.md,108,worksheet,,legyártandó,specifikáció kész,,Kilépőkártya – mini visszajelző cetli,"Kis papírcetli/sablon a névtelen kilépőkártyához egy kérdéssel (forrás: 4.4. blokk, 3. lépés): ""Mi az az egy dolog a Zmán Kvucáról, ami ma a leginkább átment / kattant nálad – és mi az, ami még kérdéses maradt?"". Két rövid íróhely (átment / kérdéses), név nélkül.",Rövid névtelen visszajelzés a képzőnek a peula zárásában; lezárja a tanulási ívet.,,,,,,note: —,emberi,emberi-felvétel,"note: Kis papírcetli (A6 vagy lap-sarok), fejenként 1, magyar nyelv. Lehet egyszerű cetli is, sablon opcionális.",print-pdf,"M7.B-MUNK-04, M7.B-MUNK-04::PRINTPDF",,,,,R5,,Post-it is használható helyette (lásd 2.1).,cd1f074e57dd7b99d1728684e8495f722a9724cb07f64f94da6254218ba868be,asset: M7.B-MUNK-04,,,
M7.B-MUNK-05,M7,M7.B,peula,02 Tervezet/Modulok/M7/Peulák/M7.B – Peula v2 & Zmán Kvucá – amikor a papír találkozik a valósággal.md,140,worksheet,,legyártandó,specifikáció kész,,Kipróbálási kötelezettségvállalás – ha–akkor mini sablon (3 sor),"Személyes, be nem szedett 3 soros ha–akkor sablon: (1) MIKOR / MELYIK Zmán Kvucán vinnéd be? (kb. dátum/alkalom), (2) 1 várható akadály (pl. 'kevés lesz az idő', 'nem lesz B-termem'), (3) HA ez az akadály jön, AKKOR mit teszel (1 konkrét megkerülés). A résztvevő magának tölti ki.","A peula földet érésének rögzítése: konkrét kipróbálási szándék; ugyanez a mező kerül a véglegesített Peula v2 mellé a teljesítési leadáskor (""M7 – KAPU"").",,,,,,note: —,emberi,emberi-felvétel,"note: Kis lap vagy a peula-vázlat margója, 3 soros sablon, fejenként 1, magyar nyelv",print-pdf,"M7.B-MUNK-05, M7.B-MUNK-05::PRINTPDF",,,,,R5,,"NEM értékelt, nem rubrika-pont; a résztvevőé marad (4.4. blokk, 2. lépés). Tükrözi az ""M7 – KAPU"" leadási mezőt (4.4. blokk, 2. lépés).",5c85b36db700053502373a4330335d9358bb3437718c763c6b54f40f791ef3e9,asset: M7.B-MUNK-05,,,
M7.B-MUNK-06,M7,M7.B,peula,02 Tervezet/Modulok/M7/Peulák/M7.B – Peula v2 & Zmán Kvucá – amikor a papír találkozik a valósággal.md,580,worksheet,,legyártandó,specifikáció kész,,Képzői ellenőrző lista (1 A4 – gyors átfutásra),"Egyoldalas (A4) nyomtatható képzői felkészülési checklist 5 blokkal (forrás: 5. Képzői ellenőrző lista): 1) Meta tiszta? (3 fő cél + kapcsolódás M7.3/M7.4-hez + a 2. hét helye az ívben), 2) Eszközök előkészítve? (v1 vázlat, mini-checklist, tábla, papír/toll; az opcionális AI-ághoz a kurzus AI-segédje – a Somer szervere közvetíti, szervezeti hozzáféréssel; saját AI-fiók nem kell –, az AI nélküli úthoz nyomtatott promptkártya / saját ötletelési alternatíva), 3) Biztonsági keret a fejemben? (hanih-sztori-mondat, gyermekvédelem→Memuna, kit szólítok), 4) Időkeret (csúszás esetén rövidítések), 5) Híd (záró üzenet a v2-höz). Pipálható lista formátum.",A képző gyors önellenőrzése a peula előtt/alatt; minden kritikus elem egy lapon.,,,,,,note: —,emberi,emberi-felvétel,"note: A4, 1 oldal, pipálható checklist, magyar nyelv, csak a képzőnek",print-pdf,"M7.B-MUNK-06, M7.B-MUNK-06::PRINTPDF",,,,,R5,,A forrásban (5. Képzői ellenőrző lista) már lényegében kész szövegként szerepel; tördelt/nyomtatható lapként kell legyártani.,5bc35d01a803284092df2acd2f791ee50bd80eb32cbfc8786328045c066614b7,asset: M7.B-MUNK-06,,,
M7.B-POSZ-01,M7,M7.B,peula,02 Tervezet/Modulok/M7/Peulák/M7.B – Peula v2 & Zmán Kvucá – amikor a papír találkozik a valósággal.md,37,poster,,legyártandó,specifikáció kész,,"Flipchart-poszter: ""Zmán Kvucá = …"" definíció + ""AI-határok""","Kétoldalas (vagy kétmezős) nagy flipchart/poszter-sablon: egyik oldalon ""Zmán Kvucá = …"" rövid definíció (a 4.1. blokk képzői összegzése szerint: konkrét idősáv + kvuca + tér + felelősség, nem aznap kitalált spontán, cél nélküli program), másik oldalon ""AI-határok"" 2–3 bulletben (a 4.1. blokk szerint: nincs konkrét hanih-név/sztori; gyermekvédelmi ügyben a Memunához (a Somer gyermekvédelmi felelőséhez), nem AI-hoz; az AI csak ötletel, a felelősség a madrihé – 4.2. blokk).","Egész peula alatt látható referencia-felület, amire a Blokk 1 kvíz (4.1) és a Blokk 2 AI-tipp (4.2) visszautal; tudatosítja a Zmán Kvucá definíciót és az AI-határokat.",,,,,,"note: Olvasható nagy betűméret a teremfalon; alt-szöveg / leírás szükséges, ha digitális verzió is készül.",emberi,emberi-felvétel,"note: Flipchart / nagy csomagolópapír, kézzel írt vagy nyomtatott-felnagyított, magyar nyelv. Kifüggeszthető a teremben.",print-pdf,"M7.B-POSZ-01, M7.B-POSZ-01::PRINTPDF",,,,,R5,,"Részben átfed az M7.B-POSZ-02 5-területes fallal; itt a definíció+AI-határok a tartalom. A képzői ellenőrző lista (5. szakasz, 2. blokk) szerint a tábla/flipchart az 5 területtel ÉS az AI-határokkal együtt is felépíthető.",4aae211e03de0af751a55d1aface375ddf071de7e07e691388e25712fb43b688,asset: M7.B-POSZ-01,,,
M7.B-POSZ-02,M7,M7.B,peula,02 Tervezet/Modulok/M7/Peulák/M7.B – Peula v2 & Zmán Kvucá – amikor a papír találkozik a valósággal.md,206,poster,,legyártandó,specifikáció kész,,Falra kifüggesztett poszter: a Zmán Kvucá-checklist 5 területe nagyban,"Nagyméretű, falra kifüggeszthető poszter, amely az 5 Zmán Kvucá-területet jeleníti meg jól láthatóan: 1) Idő & helyszín, 2) Létszám & madrih–hanih arány, 3) Anyagok, technika & B-terv, 4) Hozzáférhetőség & inkluzivitás, 5) Gyermekvédelem & határok. Cím + 5 jól elkülönülő blokk, opcionálisan ikonokkal.","Vizuális horgony az egész peulához; a galériaséta tanulság-körében (4.3) is erre utalnak vissza (""idő és helyszín; létszám és madrih–hanih arány; anyagok, technika és B-terv; hozzáférhetőség és inkluzivitás; gyermekvédelem és határok – melyik Zmán Kvucá-szempont hozta a változást?"").",,,,,,"note: Olvasható nagy betűméret; alt-szöveg szükséges, ha digitális/letölthető verzió is készül.",emberi,emberi-felvétel,"note: A1/A2 poszter vagy flipchart-felület, magyar nyelv, nagy betűméret",print-pdf,"M7.B-POSZ-02, M7.B-POSZ-02::PRINTPDF",,,,,R5,,"A galériaséta (Blokk 3) tanulság-kérdése (4.3. blokk) erre az 5 területre hivatkozik (idő & helyszín; létszám & madrih–hanih arány; anyagok, technika & B-terv; hozzáférhetőség & inkluzivitás; gyermekvédelem & határok).",27b85f6c264f5cbd2f417175591892000b60e59de4672fd31912b0ea208dd74a,asset: M7.B-POSZ-02,,,
M7.F-MUNK-01,M7,M7.F,peula,02 Tervezet/Modulok/M7/Peulák/M7.F – Felzárkóztató peula – Peula & Zmán Kvucá (Study Lab).md,162,worksheet,,legyártandó,specifikáció kész,,Jegyzetlap – '1 gondolat / 1 kérdés leckénként' (L1–L4) + opcionális javítási terv,"Nyomtatható egyéni munkalap/jegyzetlap, leckénként 2–2 sorra felosztva: L1, L2, L3, L4 – mindegyikhez '1 gondolat / 1 kérdés'. Minden leckéhez hely 1 mondatnyi 'legfontosabb gondolat' és 1 'benne maradt kérdés' beírásához; üres válasz helyett megadható: 'még nem kezdtem el' / 'ezt pótolnom kell' (4.2. blokk, 3. lépés). Az alján (opcionális) 1 soros hely a privát javítási tervnek a javító próbálkozásig (4.4. blokk, 3. lépés: pl. 'A visszajelzés 1. lépése szerint átírom a SMART célomat, és újranézem a Zmán Kvucá-checklistet (M7.3).').","Strukturált önreflexió a kapun kapott visszajelzés mellé: leckénként kirajzolódjon, mit ért és hol bizonytalan a résztvevő, különösen a nem teljesült kapurészhez tartozó leckéknél; egyúttal (opcionálisan begyűjthető) név nélküli kérdésgyűjtés alapja a fogalomtérképhez (4.2. blokk, 3. lépés; 4.3. blokk, 2. lépés).",,,,,,"note: Nyomtatott betűméret legyen elég nagy a kézi kitöltéshez; digitális/kitölthető verzió biztosítása ajánlott azoknak, akik eszközön jegyzetelnek (a peula amúgy is saját eszközön zajlik).",emberi,emberi-felvétel,"note: A4 vagy fél A4, fekvő/álló; 4 blokk (L1–L4) × 2 sor + a lap alján opcionális sor a javítási tervnek; magyar nyelvű; minden résztvevőnek 1 példány.","print-pdf, editable","M7.F-MUNK-01, M7.F-MUNK-01::PRINTPDF, M7.F-MUNK-01::EDITABLE",,,,,R5,,A Blokk 2 lépés 3 (1 gondolat/1 kérdés) és a Blokk 4 opcionális javítási terve (exit) is ugyanezt a lapot használja.,e128606cebd0fb2915e40deed4b57f0d4b1b25dd2fbf3cbe3d6215224bfb8330,asset: M7.F-MUNK-01,,,
M7.F-MUNK-02,M7,M7.F,peula,02 Tervezet/Modulok/M7/Peulák/M7.F – Felzárkóztató peula – Peula & Zmán Kvucá (Study Lab).md,341,worksheet,,legyártandó,specifikáció kész,,Képzői ellenőrző lista (1 A4) – peula előtt/közben/után,"Egyoldalas, A4-es nyomtatható képzői ellenőrző lista a felzárkóztató peula levezényléséhez, hat számozott blokkban átfutható ellenőrzőpont-listával: (1) Meta tiszta? (F-peula: kötelező javítási alkalom annak, akinek az M7 éles kapuja nem teljesült, nem büntetés; cél: a kapun kapott visszajelzés alapján haladás a nem teljesült rész javításában + a hozzá tartozó M7.1–M7.4 leckerészek újranézése / pótlása + 4 fogalom összekapcsolása, a javító próbálkozás előkészítéseként); (2) Eszközök rendben? (wifi/Moodle/H5P, eszköz+füles, 1–2 tartalék, témakérő post-it/cetlik, tábla, filcek, jegyzetlapok, fogalomtérkép-flipchart); (3) Tér működik? (csendes online munka; nagykör; nyugodt, de átlátható pont egyéni beszélgetéshez; kettesben zajló (1:1) beszélgetés csak indokolt esetben, átlátható módon és egy másik felelős tudtával); (4) Biztonsági keret a fejemben? (nem szégyenlista; frusztráció-reagálás; a Memunát kell bevonni, ha valakit mélyen érint egy gyermekvédelmi téma; külső AI-ba nem kerülhet hanih beazonosítható vagy érzékeny adata); (5) Időkeret reális? (a 20 perces csendes pótlás szent idő; csúszáskor a fogalomtérképes rész rövidíthető, de a záró üzenet marad); (6) Híd kimondása? (a modulkapu javító próbálkozása: előbb a kvíz, utána a Peula v2 + checklist).","Gyors, nyomtatható segédlet a képzőnek a peula konzisztens, biztonságtudatos levezetéséhez.",,,,,,"note: Belső képzői segédanyag; tiszta tipográfia, elegendő betűméret; alt-szöveg nem releváns (nem közönség felé megy).",emberi,emberi-felvétel,"note: 1 db A4 oldal, álló; 6 számozott szakasz pipálható alpontokkal; magyar nyelvű; egyoldalas.",print-pdf,"M7.F-MUNK-02, M7.F-MUNK-02::PRINTPDF",,,,,R5,,,d30585639fb83ef35411bf0bd528e2930cc9b4324cc89a56c791d21c08b02da1,asset: M7.F-MUNK-02,,,
M7.F-POSZ-01,M7,M7.F,peula,02 Tervezet/Modulok/M7/Peulák/M7.F – Felzárkóztató peula – Peula & Zmán Kvucá (Study Lab).md,104,poster,,legyártandó,specifikáció kész,,Tájékozódó tábla – M7 leckelista + név nélküli témakérések,"Flipchart/tábla-sablon (előre felírt vagy nyomtatott poszter) az M7 leckelistával, 4 sorban: L1 – SMART cél someres módra (vágy vs. cél); L2 – Peula 11 pontja & AI mint eszköz; L3 – Zmán Kvucá-checklist (idő, tér, felelősség, biztonság); L4 – Peula v1 + AI – első modulproduktum-vázlat (SMART + 11 pont + Zmán Kvucá); mellette elkülönített sáv „Miben kérsz ma segítséget?” felirattal a név nélküli témakérés-cetliknek. Nincs matricahely, személyenkénti jelölés vagy „Kész az M7” állapotsor – a saját haladását mindenki maga nézi meg a Moodle-ben.","Közös, nem személyre szóló segédeszköz a Blokk 1-beli privát állapotfelméréshez: áttekintő térkép a modul leckéiről (a képző hangosan is felolvassa), mellette hely a név nélküli témakérés-cetliknek. Senkinek a saját haladása nem kerül ki rá.",,,,,,"note: A sorok szövegét a képző hangosan is felolvassa, így vakok/gyengénlátók is követhetik; az állapotát mindenki magának gondolja végig (privát), a témakérés-cetli opcionális.",emberi,emberi-felvétel,"note: Flipchart-lap vagy A1/A0 poszter, álló vagy fekvő; nagy, jól olvasható kézírás/nyomtatott betű; 4 leckesor + témakérés-sáv; magyar nyelvű.",print-pdf,"M7.F-POSZ-01, M7.F-POSZ-01::PRINTPDF",,,,,R5,,"Tartalmilag ugyanaz a leckelista, mint a Blokk 1 privát állapotfelmérés-instrukciójában. A filcek a felszerelés-listán szerepelnek; a név nélküli témakérés-cetli sima fogyóeszköz, nem külön legyártandó asset. A tábla nem hordoz személyes haladási státuszt.",07a4236c0f61983dc8be8b7915bfed8ef37c88f369e30f8c3c223bddc322dafe,asset: M7.F-POSZ-01,,,
M7.F-POSZ-02,M7,M7.F,peula,02 Tervezet/Modulok/M7/Peulák/M7.F – Felzárkóztató peula – Peula & Zmán Kvucá (Study Lab).md,223,poster,,legyártandó,specifikáció kész,,"Fogalomtérkép-sablon – 4 buborék (SMART, 11 pont, Zmán Kvucá, Peula v1/v2 & AI)","Flipchart/tábla-sablon a közös fogalomtérképhez: középen 4 nagy, előrenyomtatott/előrerajzolt kör/buborék felirattal – SMART cél; Peula 11 pontja; Zmán Kvucá-checklist; Peula v1/v2 & AI. A buborékokon belül üres hely a résztvevők kulcsszavainak (pl. SMART: 'konkrét kvuca, viselkedés, idő'; 11 pont: 'bevezetés–élmény–feldolgozás–zárás, kvuca-profil, biztonság'; Zmán Kvucá: 'időkeret, tér, arány, B-terv, gyermekvédelem'; Peula v1/v2 & AI: 'első verzió → javított verzió', 'AI segíthet ötletelni, de nem dönt helyettem' – ld. a Blokk 3 instrukciót). A buborékok közé a képző élőben húz be összekötő nyilakat. Minimum-verzió: 4 buborék + 2 nyíl (SMART→11 pont, 11 pont→Zmán Kvucá).","A négy nagy M7-fogalom összefüggéseinek közös, vizuális tisztázása; lássák, hogy ezek nem külön szigetek (4.3. blokk).",,,,,,"note: A térképre felírt kulcsszavakat és összefüggéseket a képző hangosan is összegzi (4.3. blokk, 4. lépés: mini-keret), így nem csak vizuálisan érhető el.",emberi,emberi-felvétel,"note: Flipchart-lap vagy A1 poszter; 4 előre elhelyezett, feliratozott buborék + üres rajzolható tér a kulcsszavaknak és nyilaknak; filccel (2.1) kiegészíthető; magyar nyelvű.",print-pdf,"M7.F-POSZ-02, M7.F-POSZ-02::PRINTPDF",,,,,R5,,A 2.1 eszközlistában külön tételként szerepel a tájékozódó táblától; filcekkel (2.1) együtt használandó. A buborékok közötti nyilak élő rajzolása nem külön asset.,70badf0ba74409eb7203b7b801bf993a91072ae808ba31424e0e763a1ef82b46,asset: M7.F-POSZ-02,,,
Z-HUB-POSZ-02,Z,Z-HUB,hub,02 Tervezet/Modulok/Z/Z – Zárás & híd a terepre.md,3,poster,,újrahasznosítás,specifikáció kész,,Lezáró rituálé – közös „felhő” plakát-sablon (opcionális),"Nagyméretű plakát/flipchart-sablon központi „felhő” (vagy kör-közép) motívummal, ahová a résztvevők egyenként felírják / cetlin felragasztják az 1 szót, amit magukkal visznek. Cím + a felhő körül üres felület a feliratoknak/post-itoknak. A forrás alternatívaként a „kör közepe” megoldást is megengedi (nem feltétlenül kell nyomtatott grafika), ezért a sablon opcionális.","Vizuális keret a záró rituáléhoz, amely a közös élmény közösségi lezárását teszi láthatóvá (lezárás, elismerés, szimbolikus búcsú).",,,,,,"note: Print anyag; nagy, jól látható központi motívum és cím",AI-generált,AI-generált,"note: A1/A2 flipchart-méret, központi felhő-grafika + üres írófelület, fekete-fehér nyomtatható, magyar cím",,,Z.A-POSZ-01,,,,,,"Újrahasznosítás indoklása (v1 dedup): a Z hub „Lezáró rituálé” blokkja és a Z.A peula ugyanazt az egy közös „felhő” felületet írja le (hub: „egy közös »felhőbe« rakja”; Z.A eszközlista: „1 nagyobb papír / flipchart lap vagy falfelület a »Mit viszek magammal?« felhőnek”) — egy fizikai média. Élő peula záró elem; a forrás szerint plakát VAGY a kör közepe is megvalósítható (hub, 4. szakasz, „Lezáró rituálé” blokk; peula-fájl 4.4.2: „plakát, fal, kör közepe”), így a nyomtatott felhő-sablon opcionális.",0f03777d3ab97fc2ef0613db10c66d4d733c3fcd6e590d59956a3b969d5d526a,asset: Z.A-POSZ-02,,,
Z.1-DIA-01,Z,Z.1,online-lecke,02 Tervezet/Modulok/Z/Online leckék/Z.1 – Visszanéző tükör – M0–M7 idővonal.md,149,diagram,,legyártandó,specifikáció kész,,Vízszintes féléves idővonal M0→M7,"Vízszintes idővonal-ábra nyolc állomással balról jobbra (M0→M7), minden állomásnál a modul kódja és egy max. 1 soros (mobilon is olvasható) kulcsmondat. Az ív az önismeret/visszajelzéstől a kvucán, gyermekvédelmen, módszereken át a saját peuláig vezet. A modulkódok és kulcsmondatok NEM égethetők a képbe – ugyanezt a tartalmat a dián a „Szöveg a dián (tömören)” felsorolás szövegként hordozza.","Időbeli és logikai keret: láttassa, hogy a modulok ívet alkotnak, nem random egységek.",,,,Z.1-DIA-01-ALT#1,"Vízszintes idővonal M0-tól M7-ig: nyolc állomás balról jobbra, mindegyiknél a modul kódja és egy rövid kulcsmondat – az önismerettől és visszajelzéstől a kvucán, gyermekvédelmen és módszereken át a saját peuláig.",visual: informative; note: Alt-szöveg kötelező (lásd Z.1-DIA-01::ALTTEXT); szöveg ne legyen képbe égetve.,AI-generált,AI-generált,"note: Reszponzív, mobil-first H5P diára illeszkedő idővonal-grafika; vízszintes elrendezés, 8 csomópont; magyar feliratozású tartalom szövegrétegként, nem rasterben.",alt-text,"Z.1-DIA-01, Z.1-DIA-01::ALTTEXT",,,,,"R1, R5",,"Ezen a dián nincs kérdés (tiszta Input, lásd a dia záró sorát). Kapcsolódik: Z.1-DIA-01::ALTTEXT, valamint az opcionális narráció Z.1-NAR-01 és annak szöveges ekvivalense, a Z.1-NAR-01::TRANSCRIPT leirat (a Z.1-NAR-01::CAPTIONS archivált .vtt-derivatíva, VO D-19).",ef44c5acd604eb213cc47ee9b0266d256de70bb3978396b68b2f75394cbdcfe3,asset: Z.1-DIA-01 | alt-text: Z.1-ALT-02,,,
Z.1-IKO-01,Z,Z.1,online-lecke,02 Tervezet/Modulok/Z/Online leckék/Z.1 – Visszanéző tükör – M0–M7 idővonal.md,388,icon-set,,legyártandó,specifikáció kész,,Napló-ikon a highlight-esszéhez,"Egyszerű napló/jegyzetfüzet ikon, amely a személyes reflektív esszé (saját félév-highlightok) blokkját vezeti be. Egyetlen ikon, nem teljes készlet (a forrás csak egy napló-ikont kér).","Vizuálisan jelzi a személyes, reflektív/naplóírásos jellegű feladatot.",,,,,,"visual: informative; alt_note: a lecke ehhez az ikonhoz nem ír elő alt-szöveget; a rövid alt-szöveget (validátori a11y-kiegészítés) a legyártott vizuál alapján kell megírni; note: Az ikon a reflektív, naplóírásos feladatot jelzi (nem pusztán dekoratív), ezért rövid alt-szöveg ajánlott (lásd Z.1-IKO-01::ALTTEXT). Megjegyzés: a forrás explicit alt-szöveget ehhez az ikonhoz NEM ír elő – ez validátori a11y-kiegészítés.",AI-generált,AI-generált,"note: Kis méretű, mobil-first ikon, H5P diára; egységes vizuális stílus a tananyaggal.",alt-text,"Z.1-IKO-01, Z.1-IKO-01::ALTTEXT",,,,,"R1, R5",,"A 2 kérdés szöveges UI (beviteli elem nélkül; a tanuló magának írja le), nem média-asset. Enum-kényszerből „ikon-készlet” (egyetlen ikonra is ez a legközelebbi típus). Párba állítva: Z.1-IKO-01::ALTTEXT.",c3907011f8dbead870a5dff16087d70eae90523720d04fee0a30b4150f6e46fc,asset: Z.1-IKO-01 | alt-text: Z.1-ALT-03,,,
Z.1-ILL-01,Z,Z.1,online-lecke,02 Tervezet/Modulok/Z/Online leckék/Z.1 – Visszanéző tükör – M0–M7 idővonal.md,68,illustration,,legyártandó,specifikáció kész,,Sorozatplakát-ikon M0–M7 epizódokkal,"Egyszerű, „Netflix-szerű” sorozatplakát stílusú grafika/ikon, amelyen az M0–M7 modulok nyolc kis téglalapként jelennek meg, mint egy nyolcrészes sorozat epizódjai. A modulkódok és címek NEM lehetnek képbe égetve – azok külön szövegként jelennek meg a dián.","Játékos érzelmi belépő/hook: a félévet egy 8 részes sorozatként kereteli, ráhangolja a tanulót a visszatekintésre.",,,,Z.1-ILL-01-ALT#1,"Sorozatplakát stílusú ikon, rajta az M0–M7 modulok nyolc kis téglalapként, mint egy nyolcrészes sorozat epizódjai.",visual: informative; note: Alt-szöveg kötelező (lásd Z.1-ILL-01::ALTTEXT); kulcsszöveget nem szabad a képbe égetni.,AI-generált,AI-generált,"note: Statikus kép, mobil-first reszponzív H5P Course Presentation diára, álló vagy közel négyzetes arány; magyar nyelvű kontextus, de szöveg nélkül a képben.",alt-text,"Z.1-ILL-01, Z.1-ILL-01::ALTTEXT",,,,,"R1, R5",,"Ezen a dián narráció nincs; a Single Choice kérdés (opciók + barátságos visszajelzés) szöveges interakció, nem média-asset. Párba állítva: Z.1-ILL-01::ALTTEXT.",e9921a6b298d7d457c9a213f4a53b2e02d372132fb75216ec47ecb519b0106a9,asset: Z.1-ILL-01 | alt-text: Z.1-ALT-01,,,
Z.1-NAR-01,Z,Z.1,online-lecke,02 Tervezet/Modulok/Z/Online leckék/Z.1 – Visszanéző tükör – M0–M7 idővonal.md,187,voiceover,narration,legyártandó,jogtisztázás alatt,,Opcionális narráció – idővonal (kb. 15–20 mp),"Kb. 15–20 mp-es narráció az idővonalról, szó szerint a Z.1-NAR-01-VO szövege: honnan indultunk M0-ban, hova jutottunk M7-re; az önismerettől és a visszajelzéstől a kvucán, a gyermekvédelmen és a módszereken át a saját peula megírásáig. Új tartalom NEM hangozhat el, ami a leírt szövegben nincs benne (lásd a dia akadálymentességi kikötését).",Az idővonal-input megerősítése hangsávval a feldolgozás segítésére.,Z.1-NAR-01-VO,"„Ez itt a féléved idővonala.
Látod, honnan indultunk M0-ban, és hova jutottunk el M7-re.

Közben az önismerettől és a visszajelzéstől a kvucán, a gyermekvédelmen és a módszereken át eljutottunk a **saját peulád** megírásáig.”",9bcc9f6d7b62601a9315b820db254c08a9d568ca5ae9b1cebfb87f27838add7b,,,"note: Leirat/transzkript (Z.1-NAR-01::TRANSCRIPT) kötelező: csak hang, ezért a dián vagy a médiaelem mellett látható leirat a teljes szöveges ekvivalens (WCAG 2.2 SC 1.2.1); első sora a kanonikus AI-címke; a Z.1-NAR-01::CAPTIONS archivált .vtt-derivatíva (projektgazdai döntés, 2026-10-03, VO D-19, D-21); a narráció szövegét szó szerint meg kell jeleníteni a dián vagy alatta.",AI-generált,AI-generált,"note: Magyar szintetikus narráció (ElevenLabs, a kanonikus narrátorhang), kb. 15–20 mp, semleges felolvasó hang; opcionális elem.","captions, transcript","Z.1-NAR-01, Z.1-NAR-01::CAPTIONS, Z.1-NAR-01::TRANSCRIPT",,,,"R2, R3","R1, R2, R3",,"Opcionális. Kapcsolódik: Z.1-DIA-01 (ugyanazon dia), Z.1-NAR-01::TRANSCRIPT (szöveges ekvivalens) és Z.1-NAR-01::CAPTIONS (archivált .vtt-derivatíva, VO D-19).",654b7cdbce7f2d1ca8b07a7dd64bed87ba67bf00bcb31bbadc5fd1ee4cf47753,asset: Z.1-NAR-01 | captions: Z.1-FEL-01,,,
Z.1-NAR-02,Z,Z.1,online-lecke,02 Tervezet/Modulok/Z/Online leckék/Z.1 – Visszanéző tükör – M0–M7 idővonal.md,461,voiceover,narration,legyártandó,jogtisztázás alatt,,Opcionális záró narráció – outro (20–30 mp),"20–30 mp-es záró narráció: köszönet a visszanéző tükör végigjárásáért, átvezetés a Z.2 leckére (saját tanulási pillanatok), és hogy a most leírt 1 mondat jó kapaszkodó lesz. Új tartalom NEM hangozhat el, ami a leírt szövegben nincs benne (lásd a dia akadálymentességi kikötését).","Lezárás és híd a Z.2 leckéhez, a kulcsmondat megerősítése.",Z.1-NAR-02-VO,"„Köszi, hogy végigmentél a visszanéző tükör leckén.
A következő leckében (Z.2) már kifejezetten a saját **tanulási pillanataidról** fogunk beszélni –
de ez az 1 mondat, amit most leírsz, jó kapaszkodó lesz ahhoz is.”",8de6ff17f593cb94e2debc439d7069d807eae1e25fa7770e61f66c834de1c6fd,,,"note: Leirat/transzkript (Z.1-NAR-02::TRANSCRIPT) kötelező: csak hang, ezért a dián vagy a médiaelem mellett látható leirat a teljes szöveges ekvivalens (WCAG 2.2 SC 1.2.1); első sora a kanonikus AI-címke; a Z.1-NAR-02::CAPTIONS archivált .vtt-derivatíva (projektgazdai döntés, 2026-10-03, VO D-19, D-21); a narráció szövegét szó szerint meg kell jeleníteni a dián vagy alatta.",AI-generált,AI-generált,"note: Magyar szintetikus narráció (ElevenLabs, a kanonikus narrátorhang), kb. 20–30 mp, semleges felolvasó hang; opcionális elem.","captions, transcript","Z.1-NAR-02, Z.1-NAR-02::CAPTIONS, Z.1-NAR-02::TRANSCRIPT",,,,"R2, R3","R1, R2, R3",,"Opcionális. Kapcsolódik: Z.1-NAR-02::TRANSCRIPT (szöveges ekvivalens) és Z.1-NAR-02::CAPTIONS (archivált .vtt-derivatíva, VO D-19).",ad17b913b5b1635456d4661367a331f5c077f3ec855ef825c4d120129b9c92d9,asset: Z.1-NAR-02 | captions: Z.1-FEL-02,,,
Z.2-ILL-01,Z,Z.2,online-lecke,02 Tervezet/Modulok/Z/Online leckék/Z.2 – Tanultam valamit! – saját tanulási pillanataim.md,69,illustration,,legyártandó,specifikáció kész,,Hook-illusztráció: gondolkodó figura villanykörtével,"Kis, barátságos illusztráció/ikon-szerű rajz egy gondolkodó figuráról, fölötte/mellette felvillanó villanykörte és egy „aha” felirat. Az érzés-szintű ráhangolást, az „átkattan bennem valami” (aha-pillanat) hangulatot vizualizálja. Mobil-first, egyszerű, derűs stílus.","Érzelmi belépő a leckébe; a „tanulási pillanat”/aha-élmény fogalmát képileg előkészíti, csökkenti a szöveg-dominanciát az első dián.",,,,,,"visual: informative; alt_note: a lecke előírja az alt-szöveget, de a végleges szöveget a legyártott vizuál alapján kell megírni; note: Alt-szöveg kell (lásd Z.2-ILL-01::ALTTEXT).",AI-generált,AI-generált,"note: Álló/négyzetes arány, mobil-first H5P Course Presentation diára illesztve; PNG vagy SVG, kis méret; a képen magyar nyelvű „aha” felirat.",alt-text,"Z.2-ILL-01, Z.2-ILL-01::ALTTEXT",,,,,"R1, R5",,"Ez az egyetlen legyártandó vizuális elem a leckében – a többi dia tiszta szöveg + beágyazott kérdés. A dia címe („Tanultam valamit?!”) tipográfiailag jelenik meg, nem külön asset. A szövegben szereplő emojik (🔎, 1️⃣–4️⃣, ✅, 💙) inline szöveg-dekorációk, nem önálló assetek. A lecke explicit módon „csendes, reflektív” (39. sor), ezért nincs narráció, háttérzene vagy videó; a Z.2 online lecke, nem peula, ezért print/fizikai asset sem indokolt.",d000334a06466f161da96581657dff461b49afe938cf426ad0bdb61c259b0b32,asset: Z.2-ILL-01 | alt-text: Z.2-ALT-01,,,
Z.3-IKO-01,Z,Z.3,online-lecke,02 Tervezet/Modulok/Z/Online leckék/Z.3 – Híd a terepre – következő lépések.md,65,icon-set,,legyártandó,specifikáció kész,,Óriáslépés vs. apró lépések ikonpár,"Két kontrasztos, egyszerű piktogram-ikon egy készletben: (1) egy figura, aki egyetlen óriási, kockázatos lépést/ugrást próbál megtenni; (2) ugyanaz/hasonló figura, aki több apró, stabil lépést tesz. A két ikon vizuálisan szembeállítható (egymás mellett vagy „vs.”). Semleges, illusztratív piktogram-stílus a Hasomer-anyag vizuális hangulatához illően. A HOOK középút-metaforáját erősíti.","A HOOK üzenetének („nem kell óriási vállalás, elég egy-két kicsi, de konkrét lépés” – a dia „Cél” sora) vizuális megerősítése; a tanuló azonnal megérti a középút-metaforát, mielőtt a Single Choice kérdéshez ér.",,,,,,"visual: informative; alt_note: a lecke előírja az alt-szöveget, de a végleges szöveget a legyártott vizuál alapján kell megírni; note: Mindkét ikonhoz alt-szöveg szükséges (lásd Z.3-IKO-01::ALTTEXT); dekoratívnak NEM jelölendő, mert a kontraszt-metaforát hordozza.",AI-generált,AI-generált,"note: 2 db ikon egy készletben, SVG (vektor) + PNG fallback, átlátszó háttér, magas kontraszt, mobil-first méretezés (kis kijelzőn is olvasható). A dián a cím: „Híd a terepre – de mekkora lépést lépek?” (a dia „Vizualitás” blokkja) – ez szöveg, nem része az ikon-assetnek.",alt-text,"Z.3-IKO-01, Z.3-IKO-01::ALTTEXT",,,,,"R1, R5",,"Az egyetlen explicit legyártandó vizuális asset a leckében. A SLIDE 1 cím- és szövegblokkjához és a dia Single Choice kérdéséhez tartozik. A diákon szereplő emoji (1️⃣2️⃣3️⃣🎯🔁🛟✅; valós előfordulás: a 3., a 4. és a 7. dia szövegében és a biztonsági lépésben) inline szöveg-dekoráció a H5P szövegmezőkben, NEM legyártandó ikon-asset. A biztonsági lépésben hivatkozott M0.A „Kihez fordulhatok?” térkép és M3.3 jelzési lánc MÁS leckék assetjei (kereszthivatkozás), nem Z.3-ban gyártandók. A lecke meta „Felépítés: Hook → Input → …” sora meta-dokumentáció, nem dián megjelenő ábra.",580bd822e933c200dd43938df3572c68812485f61739bd274f4cb952af6dca15,asset: Z.3-IKO-01 | alt-text: Z.3-ALT-01,,,
Z.A-KART-01,Z,Z.A,peula,02 Tervezet/Modulok/Z/Peulák/Z.A – Mit viszek magammal – Záró kvuca-peula.md,120,card-set,,legyártandó,specifikáció kész,,Előhívó kérdések kártya – „üres kézzel” érkezőknek,"Kis kártya vagy táblára kitehető lap a 3 előhívó kérdéssel azoknak, akik nem készültek az online leckékkel vagy elsőre elakadnak: 1) „Volt egy pillanat a félévben, amikor azt érezted: ‘ezt eddig nem így gondoltam’?”; 2) „Melyik peula vagy gyakorlat ragadt meg benned a legjobban – jó vagy rossz értelemben?”; 3) „Mi az az egy dolog, amit most másképp csinálnál, mint az első héten?”","Beindítja az egyéni felidézést azoknál, akik nem végezték el az online leckéket vagy elsőre elakadnak; megakadás-megelőzés.",,,,,,"note: Fizikai kártya; nagy betűs, kontrasztos szedés; alt-szöveg nem releváns.",vegyes,vegyes,"note: A5/A6 kártya vagy A4 táblalap, magyar nyelv, fekete-fehér nyomtatható, 1 db a teremben.",print-pdf,"Z.A-KART-01, Z.A-KART-01::PRINTPDF",,,,,"R1, R5",,A forrás kifejezetten engedi táblára felírni; nyomtatott kártyaként újrahasznosítható.,a33064da49883fab89ff8ee7ffcf3581d9161375cc65827f7567de1f77948103,asset: Z.A-KART-01,,,
Z.A-KART-02,Z,Z.A,peula,02 Tervezet/Modulok/Z/Peulák/Z.A – Mit viszek magammal – Záró kvuca-peula.md,234,card-set,,legyártandó,specifikáció kész,,Poszter seed-példák kártya – ha egy csoport megakad,"Facilitátori seed-példa kártya kész beírásokkal. Bal (Mit tanultunk?): „SBI-visszajelzés – nem smiley, hanem konkrét helyzet + viselkedés + hatás”, „Johari-ablak: van vakfoltom”, „Zmán Kvucá tudatos tervezése”, „gyermekvédelmi red flag-ek”. Jobb (Mit csinálunk másképp?): „A peuláinkon több nyitott kérdést teszünk fel, nem mi mondjuk meg a tanulságot.”, „Figyeljük a red flag-eket, és tudjuk, kihez fordulunk.” Záró felszólítás: „Nektek melyik mondat igaz ezek közül? Mit írnátok mellé?”","Mintát ad a képzőnek, hogy egy megakadt kiscsoportot beindítson egy konkrét „így néz ki egy beírás” példával.",,,,,,note: Fizikai facilitátor-segédlet; alt-szöveg nem releváns.,vegyes,vegyes,"note: A5 kártya, magyar nyelv, kétoldalas (bal/jobb), fekete-fehér nyomtatható, képzői használatra.",print-pdf,"Z.A-KART-02, Z.A-KART-02::PRINTPDF",,,,,"R1, R5",,"Csak a képzőnek szól, nem a kvucának; összekapcsolódik Z.A-MUNK-01 poszter-sablonnal.",992881c074f4cbfe48ece23cdb5f5807db074aeaf54cf612f63699757b9b282d,asset: Z.A-KART-02,,,
Z.A-KART-03,Z,Z.A,peula,02 Tervezet/Modulok/Z/Peulák/Z.A – Mit viszek magammal – Záró kvuca-peula.md,348,card-set,,legyártandó,specifikáció kész,,SBI-elismerés mintamondat kártya – párcseréhez,"Kis segéd-kártya az SBI-elismerés mintamondataival (helyzet, konkrét viselkedés és hatás): „Amikor [helyzet], te [konkrét dolgot csináltál] – és ez nekem / a csoportnak [hatás] volt.” és „Emlékszem, amikor a [modul / peula / nehéz pillanat]-nál [konkrétan ezt tetted], és attól én [így éreztem magam / ezt tanultam tőled].” Megjegyzés a kártyán: csak pozitívat, erősség-/sikerközpontú, aki kapja, csak annyit mond: „köszönöm”.","Sablont ad a résztvevőknek a konkrét, pozitív (appreciative) elismerés megfogalmazásához, hogy ne általános dicséret szülessen.",,,,,,"note: Fizikai kártya; kontrasztos, nagy betűs szedés; alt-szöveg nem releváns.",vegyes,vegyes,"note: A6/A5 kártya, magyar nyelv, kiosztható párcsoportonként vagy 1 közös; fekete-fehér nyomtatható.",print-pdf,"Z.A-KART-03, Z.A-KART-03::PRINTPDF",,,,,"R1, R5",,Az SBI-modell az M1-ből épül; a párcsere a 75’ és 45’ verzió közös core eleme (3. Percbontás: „Hol fér bele a párcsere?” megjegyzés és a „Mag” lista).,1cf54e9c97973a427efe3c04b9cd8c6ffaec84a083e58043424231f8a592ebb3,asset: Z.A-KART-03,,,
Z.A-KART-04,Z,Z.A,peula,02 Tervezet/Modulok/Z/Peulák/Z.A – Mit viszek magammal – Záró kvuca-peula.md,153,card-set,,legyártandó,specifikáció kész,,M0-tükör név nélküli idézet-kártyák (M0.A kickoff visszakötés),"2–3 név nélküli idézet-kártya/lap, amelyet a táblára/falra ki lehet tenni, az M0.A kickoff-plakátról (mit várok / mitől félek / mit hozok) vagy – ha az eredeti nem archivált – a képző saját jegyzeteiből készített név nélküli idézetek. Cél a Z-modul visszakötése az első peulához. Kihelyezés előtt a képző a 2.3 szerint átnézi: nem kerülhet rá név, elérhetőség vagy más beazonosítható, érzékeny személyes tartalom.","Lehetővé teszi a visszakötést az M0.A kickoff-élményhez akkor is, ha az eredeti plakát nincs meg; nem csak emlékezetből történik a reflexió.",,,,,,"note: Fizikai idézet-lap; nagy, olvasható betű; név nélküli tartalom; alt-szöveg nem releváns.",vegyes,vegyes,"note: A4 lapok vagy kártyák, magyar nyelv, nyomtatható; az eredeti M0.A artefaktum hiányában a képző állítja össze; 2–3 db.; production_phase: trainer-at-runtime",print-pdf,"Z.A-KART-04, Z.A-KART-04::PRINTPDF",,,,,"R1, R5",,"Forrás-függő: az M0.A kickoff-plakát beszerzésén alapul; ha nincs, a képző generálja a saját jegyzeteiből (2.3. Képző felkészülése). A `technical.production_phase: trainer-at-runtime` azt rögzíti, hogy a kártyák tartalma az élő M0.A peulából származik (a kickoff-plakátról, vagy a képző saját jegyzeteiből), ezért központilag, előre nem gyártható.",8816cb93bc5e77b5fbb20344c39cd71171dcd06bcf69774958569a2b974cc721,asset: Z.A-KART-04,,,
Z.A-MUNK-01,Z,Z.A,peula,02 Tervezet/Modulok/Z/Peulák/Z.A – Mit viszek magammal – Záró kvuca-peula.md,267,worksheet,,legyártandó,specifikáció kész,,Híd a terepre – kétoszlopos poszter-sablon,"A3/flipchart méretű, kétoszlopos kiscsoportos poszter-sablon nyomtatható kerete középen elválasztóval. Bal oszlop fejléce: „Mit tanultunk?” (M0–M7 kulcsszavak, mondatok, élmények); jobb oszlop fejléce: „Mit csinálunk másképp a terepen?” (3–5 konkrét jövőbeli lépés, pl. „A következő időszakban úgy akarunk működni, hogy…”). Üres rajz-/írásfelület mindkét oldalon. Felirat a sablonon: „Nem művészeti verseny – rajzolhattok, írhattok, használhattok jeleket, ikonokat, ami jólesik.”","Strukturálja a kiscsoportos közös munkát: a múltbeli tanulás és a jövőbeli terepi lépések vizuális szétválasztása, közös kvuca-nyelv kialakítása.",,,,,,"note: Nem digitális vizuális; a fejlécek nagy, jól olvasható betűmérettel; alt-szöveg nem releváns (fizikai sablon), de a nyomtatott szöveg legyen kontrasztos.",vegyes,vegyes,"note: A3 vagy flipchart méret, álló vagy fekvő, fekete-fehér nyomtatható, kézi kitöltésre tervezve; magyar nyelvű fejlécek; 3–5 fős kiscsoportonként 1 db (forrás: min. 1 nagy lap / A3 kiscsoportonként).",print-pdf,"Z.A-MUNK-01, Z.A-MUNK-01::PRINTPDF",,,,,"R1, R5",,"Eszközlistában szerepel: A4-es lapok (min. 3–4 db kiscsoportonként), flipchart/A3 (2.1. Eszközök; 4.3 / 1. lépés). A 45’-es verzióban poszter-bemutató nélkül, de a sablon ugyanaz (3. Percbontás, 45 perces verzió).",173fcac0cd4a6bec0747915c6c6e00d2055f6ab1351ec979c4204108459576fd,asset: Z.A-MUNK-01,,,
Z.A-MUNK-02,Z,Z.A,peula,02 Tervezet/Modulok/Z/Peulák/Z.A – Mit viszek magammal – Záró kvuca-peula.md,473,worksheet,,legyártandó,specifikáció kész,,"Képzői ellenőrző lista – 1 oldalas, a peula előtti előkészülethez","Egyoldalas, nyomtatható képzői ellenőrző lista a peula előtti előkészülethez 6 ponttal: 1) Meta tiszta? / 2) Eszközök előkészítve? / 3) Tér rendben? / 4) Biztonság a fejedben? / 5) Időkeret & prioritás (mit rövidítesz – először poszter-bemutató, nagykörös megosztások, névhúzásos rákötés; tartsd meg a párcsere-magot és a záró szót) / 6) Híd az online Z.4-hez / terepre. Kipipálható tételekkel.","A képző gyors, egy oldalon átlátható felkészülését támogatja a peula lebonyolítása előtt.",,,,,,"note: Fizikai munkalap; világos tagolás, checkbox-ok; alt-szöveg nem releváns.",vegyes,vegyes,"note: A4 egy oldal, magyar nyelv, checkbox-os lista, fekete-fehér nyomtatható.",print-pdf,"Z.A-MUNK-02, Z.A-MUNK-02::PRINTPDF",,,,,"R1, R5",,Csak a képzőnek; a tartalom a forrás 5. szakaszából 1:1 átemelhető nyomtatható formátumba.,5cc72b22fa70cae8f8668c0bd032526f5c05791a03e425151da76736d4c38e55,asset: Z.A-MUNK-02,,,
Z.A-POSZ-01,Z,Z.A,peula,02 Tervezet/Modulok/Z/Peulák/Z.A – Mit viszek magammal – Záró kvuca-peula.md,416,poster,,legyártandó,specifikáció kész,,„Mit viszek magammal?” – szófelhő fejléc-poszter,"Nagy flipchart/fal-poszter fejléc a közös szófelhőhöz, középcím: „Mit viszek magammal?”. Nagy üres felület, ahova a résztvevők a saját 1-szavas cetlijeiket felragasztják, így vizuális szófelhő áll össze a félévről. Diszkrét visszakötés az M0.A induló-szavakhoz.","A peula és a félév szimbolikus, vizuális lezárása; közös kvuca-emlék, amelyhez mindenki hozzátesz egy szót.",,,,,,"note: Fizikai poszter; nagy, kontrasztos címsor; alt-szöveg nem releváns.",vegyes,vegyes,"note: Flipchart/nagy papír vagy falfelület-fejléc, A1/A2 nyomtatott címsor vagy kézzel írt; magyar nyelv; cetlik ragasztásához hely.",print-pdf,"Z.A-POSZ-01, Z.A-POSZ-01::PRINTPDF",,,,,"R1, R5",,Kiegészítő anyag: post-itok/cetlik és ragasztó/blu-tack (2.1. Eszközök); kötődik az M0.A induló-szavakhoz (4.4.2 / 1. lépés).,19c55837e80933e762e4003e7e4e28067ab067561262dc3e7133714e9745d801,asset: Z.A-POSZ-01,,,
