old_id,old_type,old_file,old_category,old_generate_state,v2_asset_id,v2_deliverable_id,status,reason
M0.1-ALT-01,alt-szöveg,Modulok/M0/Online leckék/M0.1 – Üdv a képzésben! – Éves útiterv & mi köze hozzám.md,szöveges-ekvivalens,produce,M0.1-IKO-01,M0.1-IKO-01::ALTTEXT,DERIVED_NOW,"a v2-ben a(z) M0.1-IKO-01 `alt-text` derivatívája, a szövegét a forrásblokk adja"
M0.1-ALT-03,alt-szöveg,Modulok/M0/Online leckék/M0.1 – Üdv a képzésben! – Éves útiterv & mi köze hozzám.md,szöveges-ekvivalens,produce,M0.1-IKO-02,M0.1-IKO-02::ALTTEXT,DERIVED_NOW,"a v2-ben a(z) M0.1-IKO-02 `alt-text` derivatívája, a szövegét a forrásblokk adja"
M0.1-DIA-01,animált-diagram,Modulok/M0/Online leckék/M0.1 – Üdv a képzésben! – Éves útiterv & mi köze hozzám.md,digitális-generálandó,produce,M0.1-DIA-01,M0.1-DIA-01,PRESERVED,azonos azonosítójú szemantikus asset a jelenlegi forrásban
M0.1-IKO-01,ikon-készlet,Modulok/M0/Online leckék/M0.1 – Üdv a képzésben! – Éves útiterv & mi köze hozzám.md,digitális-generálandó,produce,M0.1-IKO-01,M0.1-IKO-01,PRESERVED,azonos azonosítójú szemantikus asset a jelenlegi forrásban
M0.1-IKO-02,ikon-készlet,Modulok/M0/Online leckék/M0.1 – Üdv a képzésben! – Éves útiterv & mi köze hozzám.md,digitális-generálandó,produce,M0.1-IKO-02,M0.1-IKO-02,PRESERVED,azonos azonosítójú szemantikus asset a jelenlegi forrásban
M0.1-LEI-01,leirat-transzkript,Modulok/M0/Online leckék/M0.1 – Üdv a képzésben! – Éves útiterv & mi köze hozzám.md,szöveges-ekvivalens,produce,M0.1-DIA-01,M0.1-DIA-01,MERGED_INTO_PARENT,a v2-ben a(z) M0.1-DIA-01 deklarációjának része (nincs külön legyártandó `transcript` deliverable)
M0.2-ALT-01,alt-szöveg,"Modulok/M0/Online leckék/M0.2 – Madrich, nem terapeuta – szerepek és elvárások.md",szöveges-ekvivalens,produce,M0.2-IKO-01,M0.2-IKO-01::ALTTEXT,DERIVED_NOW,"a v2-ben a(z) M0.2-IKO-01 `alt-text` derivatívája, a szövegét a forrásblokk adja"
M0.2-ALT-02,alt-szöveg,"Modulok/M0/Online leckék/M0.2 – Madrich, nem terapeuta – szerepek és elvárások.md",szöveges-ekvivalens,produce,M0.2-IKO-02,M0.2-IKO-02::ALTTEXT,DERIVED_NOW,"a v2-ben a(z) M0.2-IKO-02 `alt-text` derivatívája, a szövegét a forrásblokk adja"
M0.2-ALT-03,alt-szöveg,"Modulok/M0/Online leckék/M0.2 – Madrich, nem terapeuta – szerepek és elvárások.md",szöveges-ekvivalens,produce,M0.2-DIA-01,M0.2-DIA-01::ALTTEXT,DERIVED_NOW,"a v2-ben a(z) M0.2-DIA-01 `alt-text` derivatívája, a szövegét a forrásblokk adja"
M0.2-ALT-04,alt-szöveg,"Modulok/M0/Online leckék/M0.2 – Madrich, nem terapeuta – szerepek és elvárások.md",szöveges-ekvivalens,produce,M0.2-DIA-02,M0.2-DIA-02::ALTTEXT,DERIVED_NOW,"a v2-ben a(z) M0.2-DIA-02 `alt-text` derivatívája, a szövegét a forrásblokk adja"
M0.2-DIA-01,animált-diagram,"Modulok/M0/Online leckék/M0.2 – Madrich, nem terapeuta – szerepek és elvárások.md",digitális-generálandó,produce,M0.2-DIA-01,M0.2-DIA-01,PRESERVED,azonos azonosítójú szemantikus asset a jelenlegi forrásban
M0.2-DIA-02,animált-diagram,"Modulok/M0/Online leckék/M0.2 – Madrich, nem terapeuta – szerepek és elvárások.md",digitális-generálandó,produce,M0.2-DIA-02,M0.2-DIA-02,PRESERVED,azonos azonosítójú szemantikus asset a jelenlegi forrásban
M0.2-EGY-01,egyéb,"Modulok/M0/Online leckék/M0.2 – Madrich, nem terapeuta – szerepek és elvárások.md",szöveges-ekvivalens,produce,M0.2-EGY-01,M0.2-EGY-01,PRESERVED,azonos azonosítójú szemantikus asset a jelenlegi forrásban
M0.2-IKO-01,ikon-készlet,"Modulok/M0/Online leckék/M0.2 – Madrich, nem terapeuta – szerepek és elvárások.md",digitális-generálandó,produce,M0.2-IKO-01,M0.2-IKO-01,PRESERVED,azonos azonosítójú szemantikus asset a jelenlegi forrásban
M0.2-IKO-02,ikon-készlet,"Modulok/M0/Online leckék/M0.2 – Madrich, nem terapeuta – szerepek és elvárások.md",digitális-generálandó,produce,M0.2-IKO-02,M0.2-IKO-02,PRESERVED,azonos azonosítójú szemantikus asset a jelenlegi forrásban
M0.3-ALT-01,alt-szöveg,"Modulok/M0/Online leckék/M0.3 – Hogyan működik a Moodle, H5P és a gate.md",szöveges-ekvivalens,produce,M0.3-FOTO-01,M0.3-FOTO-01::ALTTEXT,DERIVED_NOW,"a v2-ben a(z) M0.3-FOTO-01 `alt-text` derivatívája, a szövegét a forrásblokk adja"
M0.3-FOTO-01,fotó-kép,"Modulok/M0/Online leckék/M0.3 – Hogyan működik a Moodle, H5P és a gate.md",digitális-generálandó,produce,M0.3-FOTO-01,M0.3-FOTO-01,PRESERVED,azonos azonosítójú szemantikus asset a jelenlegi forrásban
M0.4-ALT-01,alt-szöveg,Modulok/M0/Online leckék/M0.4 – Dugma ishit az online térben + bemutatkozó fórum.md,szöveges-ekvivalens,produce,M0.4-ILL-01,M0.4-ILL-01::ALTTEXT,DERIVED_NOW,"a v2-ben a(z) M0.4-ILL-01 `alt-text` derivatívája, a szövegét a forrásblokk adja"
M0.4-ALT-02,alt-szöveg,Modulok/M0/Online leckék/M0.4 – Dugma ishit az online térben + bemutatkozó fórum.md,szöveges-ekvivalens,produce,M0.4-ILL-02,M0.4-ILL-02::ALTTEXT,DERIVED_NOW,"a v2-ben a(z) M0.4-ILL-02 `alt-text` derivatívája, a szövegét a forrásblokk adja"
M0.4-ALT-03,alt-szöveg,Modulok/M0/Online leckék/M0.4 – Dugma ishit az online térben + bemutatkozó fórum.md,szöveges-ekvivalens,produce,M0.4-ILL-03,M0.4-ILL-03::ALTTEXT,DERIVED_NOW,"a v2-ben a(z) M0.4-ILL-03 `alt-text` derivatívája, a szövegét a forrásblokk adja"
M0.4-ALT-04,alt-szöveg,Modulok/M0/Online leckék/M0.4 – Dugma ishit az online térben + bemutatkozó fórum.md,szöveges-ekvivalens,produce,M0.4-DIA-01,M0.4-DIA-01::ALTTEXT,DERIVED_NOW,"a v2-ben a(z) M0.4-DIA-01 `alt-text` derivatívája, a szövegét a forrásblokk adja"
M0.4-DIA-01,animált-diagram,Modulok/M0/Online leckék/M0.4 – Dugma ishit az online térben + bemutatkozó fórum.md,digitális-generálandó,produce,M0.4-DIA-01,M0.4-DIA-01,PRESERVED,azonos azonosítójú szemantikus asset a jelenlegi forrásban
M0.4-IKO-01,ikon-készlet,Modulok/M0/Online leckék/M0.4 – Dugma ishit az online térben + bemutatkozó fórum.md,digitális-generálandó,produce,M0.4-IKO-01,M0.4-IKO-01,PRESERVED,azonos azonosítójú szemantikus asset a jelenlegi forrásban
M0.4-ILL-01,illusztráció,Modulok/M0/Online leckék/M0.4 – Dugma ishit az online térben + bemutatkozó fórum.md,digitális-generálandó,produce,M0.4-ILL-01,M0.4-ILL-01,PRESERVED,azonos azonosítójú szemantikus asset a jelenlegi forrásban
M0.4-ILL-02,illusztráció,Modulok/M0/Online leckék/M0.4 – Dugma ishit az online térben + bemutatkozó fórum.md,digitális-generálandó,produce,M0.4-ILL-02,M0.4-ILL-02,PRESERVED,azonos azonosítójú szemantikus asset a jelenlegi forrásban
M0.4-ILL-03,illusztráció,Modulok/M0/Online leckék/M0.4 – Dugma ishit az online térben + bemutatkozó fórum.md,digitális-generálandó,produce,M0.4-ILL-03,M0.4-ILL-03,PRESERVED,azonos azonosítójú szemantikus asset a jelenlegi forrásban
M0.4-POSZ-01,print-poszter,Modulok/M0/Online leckék/M0.4 – Dugma ishit az online térben + bemutatkozó fórum.md,print-fizikai,produce,M0.4-POSZ-01,M0.4-POSZ-01,PRESERVED,azonos azonosítójú szemantikus asset a jelenlegi forrásban
M0.A-EGY-01,egyéb,Modulok/M0/Peulák/M0.A – Kickoff & ismerkedés + közös keret.md,szöveges-ekvivalens,produce,M0.A-EGY-01,M0.A-EGY-01,PRESERVED,azonos azonosítójú szemantikus asset a jelenlegi forrásban
M0.A-FOTO-01,fotó-kép,Modulok/M0/Peulák/M0.A – Kickoff & ismerkedés + közös keret.md,digitális-generálandó,produce,M0.A-FOTO-01,M0.A-FOTO-01,PRESERVED,azonos azonosítójú szemantikus asset a jelenlegi forrásban
M0.A-KART-01,print-kártya,Modulok/M0/Peulák/M0.A – Kickoff & ismerkedés + közös keret.md,print-fizikai,produce,M0.A-KART-01,M0.A-KART-01,PRESERVED,azonos azonosítójú szemantikus asset a jelenlegi forrásban
M0.A-KART-02,print-kártya,Modulok/M0/Peulák/M0.A – Kickoff & ismerkedés + közös keret.md,print-fizikai,produce,M0.A-KART-02,M0.A-KART-02,PRESERVED,azonos azonosítójú szemantikus asset a jelenlegi forrásban
M0.A-MUNK-01,print-munkalap,Modulok/M0/Peulák/M0.A – Kickoff & ismerkedés + közös keret.md,print-fizikai,produce,M0.A-MUNK-01,M0.A-MUNK-01,PRESERVED,azonos azonosítójú szemantikus asset a jelenlegi forrásban
M0.A-MUNK-02,print-munkalap,Modulok/M0/Peulák/M0.A – Kickoff & ismerkedés + közös keret.md,print-fizikai,produce,M0.A-MUNK-02,M0.A-MUNK-02,PRESERVED,azonos azonosítójú szemantikus asset a jelenlegi forrásban
M0.A-MUNK-03,print-munkalap,Modulok/M0/Peulák/M0.A – Kickoff & ismerkedés + közös keret.md,print-fizikai,produce,M0.A-MUNK-03,M0.A-MUNK-03,PRESERVED,azonos azonosítójú szemantikus asset a jelenlegi forrásban
M0.A-POSZ-01,print-poszter,Modulok/M0/Peulák/M0.A – Kickoff & ismerkedés + közös keret.md,print-fizikai,produce,M0.A-POSZ-01,M0.A-POSZ-01,PRESERVED,azonos azonosítójú szemantikus asset a jelenlegi forrásban
M0.A-POSZ-02,print-poszter,Modulok/M0/Peulák/M0.A – Kickoff & ismerkedés + közös keret.md,print-fizikai,produce,M0.A-POSZ-02,M0.A-POSZ-02,PRESERVED,azonos azonosítójú szemantikus asset a jelenlegi forrásban
M1.1-ALT-01,alt-szöveg,Modulok/M1/Online leckék/M1.1 – Johari-ablak – vakfoltjaim felismerése.md,szöveges-ekvivalens,produce,M1.1-ILL-01,M1.1-ILL-01::ALTTEXT,DERIVED_NOW,"a v2-ben a(z) M1.1-ILL-01 `alt-text` derivatívája, a szövegét a forrásblokk adja"
M1.1-ALT-02,alt-szöveg,Modulok/M1/Online leckék/M1.1 – Johari-ablak – vakfoltjaim felismerése.md,szöveges-ekvivalens,produce,M1.1-DIA-01,M1.1-DIA-01::ALTTEXT,DERIVED_NOW,"a v2-ben a(z) M1.1-DIA-01 `alt-text` derivatívája, a szövegét a forrásblokk adja"
M1.1-DIA-01,animált-diagram,Modulok/M1/Online leckék/M1.1 – Johari-ablak – vakfoltjaim felismerése.md,digitális-generálandó,produce,M1.1-DIA-01,M1.1-DIA-01,PRESERVED,azonos azonosítójú szemantikus asset a jelenlegi forrásban
M1.1-FEL-01,felirat,Modulok/M1/Online leckék/M1.1 – Johari-ablak – vakfoltjaim felismerése.md,szöveges-ekvivalens,produce,M1.1-VID-01,M1.1-VID-01::CAPTIONS,DERIVED_NOW,"a v2-ben a(z) M1.1-VID-01 `captions` derivatívája, a szövegét a forrásblokk adja"
M1.1-FEL-02,felirat,Modulok/M1/Online leckék/M1.1 – Johari-ablak – vakfoltjaim felismerése.md,szöveges-ekvivalens,produce,M1.1-NAR-02,M1.1-NAR-02::CAPTIONS,DERIVED_NOW,"a v2-ben a(z) M1.1-NAR-02 `captions` derivatívája, a szövegét a forrásblokk adja"
M1.1-FEL-03,felirat,Modulok/M1/Online leckék/M1.1 – Johari-ablak – vakfoltjaim felismerése.md,szöveges-ekvivalens,produce,M1.1-NAR-03,M1.1-NAR-03::CAPTIONS,DERIVED_NOW,"a v2-ben a(z) M1.1-NAR-03 `captions` derivatívája, a szövegét a forrásblokk adja"
M1.1-FEL-04,felirat,Modulok/M1/Online leckék/M1.1 – Johari-ablak – vakfoltjaim felismerése.md,szöveges-ekvivalens,produce,M1.1-NAR-04,M1.1-NAR-04::CAPTIONS,DERIVED_NOW,"a v2-ben a(z) M1.1-NAR-04 `captions` derivatívája, a szövegét a forrásblokk adja"
M1.1-FEL-05,felirat,Modulok/M1/Online leckék/M1.1 – Johari-ablak – vakfoltjaim felismerése.md,szöveges-ekvivalens,produce,M1.1-NAR-05,M1.1-NAR-05::CAPTIONS,DERIVED_NOW,"a v2-ben a(z) M1.1-NAR-05 `captions` derivatívája, a szövegét a forrásblokk adja"
M1.1-FEL-06,felirat,Modulok/M1/Online leckék/M1.1 – Johari-ablak – vakfoltjaim felismerése.md,szöveges-ekvivalens,produce,M1.1-NAR-06,M1.1-NAR-06::CAPTIONS,DERIVED_NOW,"a v2-ben a(z) M1.1-NAR-06 `captions` derivatívája, a szövegét a forrásblokk adja"
M1.1-IKO-01,ikon-készlet,Modulok/M1/Online leckék/M1.1 – Johari-ablak – vakfoltjaim felismerése.md,digitális-generálandó,produce,M1.1-IKO-01,M1.1-IKO-01,PRESERVED,azonos azonosítójú szemantikus asset a jelenlegi forrásban
M1.1-IKO-02,ikon-készlet,Modulok/M1/Online leckék/M1.1 – Johari-ablak – vakfoltjaim felismerése.md,digitális-generálandó,produce,M1.1-IKO-02,M1.1-IKO-02,PRESERVED,azonos azonosítójú szemantikus asset a jelenlegi forrásban
M1.1-ILL-01,illusztráció,Modulok/M1/Online leckék/M1.1 – Johari-ablak – vakfoltjaim felismerése.md,digitális-generálandó,produce,M1.1-ILL-01,M1.1-ILL-01,PRESERVED,azonos azonosítójú szemantikus asset a jelenlegi forrásban
M1.1-ILL-02,illusztráció,Modulok/M1/Online leckék/M1.1 – Johari-ablak – vakfoltjaim felismerése.md,digitális-generálandó,produce,M1.1-ILL-02,M1.1-ILL-02,PRESERVED,azonos azonosítójú szemantikus asset a jelenlegi forrásban
M1.1-LEI-01,leirat-transzkript,Modulok/M1/Online leckék/M1.1 – Johari-ablak – vakfoltjaim felismerése.md,szöveges-ekvivalens,produce,M1.1-VID-01,M1.1-VID-01::TRANSCRIPT,DERIVED_NOW,"a v2-ben a(z) M1.1-VID-01 `transcript` derivatívája, a szövegét a forrásblokk adja"
M1.1-LEI-02,leirat-transzkript,Modulok/M1/Online leckék/M1.1 – Johari-ablak – vakfoltjaim felismerése.md,szöveges-ekvivalens,produce,M1.1-NAR-02,M1.1-NAR-02::TRANSCRIPT,DERIVED_NOW,"a v2-ben a(z) M1.1-NAR-02 `transcript` derivatívája, a szövegét a forrásblokk adja"
M1.1-LEI-03,leirat-transzkript,Modulok/M1/Online leckék/M1.1 – Johari-ablak – vakfoltjaim felismerése.md,szöveges-ekvivalens,produce,M1.1-NAR-03,M1.1-NAR-03::TRANSCRIPT,DERIVED_NOW,"a v2-ben a(z) M1.1-NAR-03 `transcript` derivatívája, a szövegét a forrásblokk adja"
M1.1-LEI-04,leirat-transzkript,Modulok/M1/Online leckék/M1.1 – Johari-ablak – vakfoltjaim felismerése.md,szöveges-ekvivalens,produce,M1.1-NAR-04,M1.1-NAR-04::TRANSCRIPT,DERIVED_NOW,"a v2-ben a(z) M1.1-NAR-04 `transcript` derivatívája, a szövegét a forrásblokk adja"
M1.1-LEI-05,leirat-transzkript,Modulok/M1/Online leckék/M1.1 – Johari-ablak – vakfoltjaim felismerése.md,szöveges-ekvivalens,produce,M1.1-NAR-05,M1.1-NAR-05::TRANSCRIPT,DERIVED_NOW,"a v2-ben a(z) M1.1-NAR-05 `transcript` derivatívája, a szövegét a forrásblokk adja"
M1.1-LEI-06,leirat-transzkript,Modulok/M1/Online leckék/M1.1 – Johari-ablak – vakfoltjaim felismerése.md,szöveges-ekvivalens,produce,M1.1-NAR-06,M1.1-NAR-06::TRANSCRIPT,DERIVED_NOW,"a v2-ben a(z) M1.1-NAR-06 `transcript` derivatívája, a szövegét a forrásblokk adja"
M1.1-NAR-01,narráció,Modulok/M1/Online leckék/M1.1 – Johari-ablak – vakfoltjaim felismerése.md,digitális-generálandó,produce,M1.1-VID-01,M1.1-VID-01::VOICEOVER,DERIVED_NOW,"a v2-ben a(z) M1.1-VID-01 `voiceover` derivatívája, a szövegét a forrásblokk adja"
M1.1-NAR-02,narráció,Modulok/M1/Online leckék/M1.1 – Johari-ablak – vakfoltjaim felismerése.md,digitális-generálandó,produce,M1.1-NAR-02,M1.1-NAR-02,PRESERVED,azonos azonosítójú szemantikus asset a jelenlegi forrásban
M1.1-NAR-03,narráció,Modulok/M1/Online leckék/M1.1 – Johari-ablak – vakfoltjaim felismerése.md,digitális-generálandó,produce,M1.1-NAR-03,M1.1-NAR-03,PRESERVED,azonos azonosítójú szemantikus asset a jelenlegi forrásban
M1.1-NAR-04,narráció,Modulok/M1/Online leckék/M1.1 – Johari-ablak – vakfoltjaim felismerése.md,digitális-generálandó,produce,M1.1-NAR-04,M1.1-NAR-04,PRESERVED,azonos azonosítójú szemantikus asset a jelenlegi forrásban
M1.1-NAR-05,narráció,Modulok/M1/Online leckék/M1.1 – Johari-ablak – vakfoltjaim felismerése.md,digitális-generálandó,produce,M1.1-NAR-05,M1.1-NAR-05,PRESERVED,azonos azonosítójú szemantikus asset a jelenlegi forrásban
M1.1-NAR-06,narráció,Modulok/M1/Online leckék/M1.1 – Johari-ablak – vakfoltjaim felismerése.md,digitális-generálandó,produce,M1.1-NAR-06,M1.1-NAR-06,PRESERVED,azonos azonosítójú szemantikus asset a jelenlegi forrásban
M1.1-VID-01,beszélőfej-videó,Modulok/M1/Online leckék/M1.1 – Johari-ablak – vakfoltjaim felismerése.md,digitális-generálandó,produce,M1.1-VID-01,M1.1-VID-01,PRESERVED,azonos azonosítójú szemantikus asset a jelenlegi forrásban
M1.1-VID-02,egyéb,Modulok/M1/Online leckék/M1.1 – Johari-ablak – vakfoltjaim felismerése.md,digitális-generálandó,produce,M1.1-VID-02,M1.1-VID-02,PRESERVED,azonos azonosítójú szemantikus asset a jelenlegi forrásban
M1.2-ALT-01,alt-szöveg,Modulok/M1/Online leckék/M1.2 – Megfigyelés ≠ értelmezés.md,szöveges-ekvivalens,produce,M1.2-ILL-01,M1.2-ILL-01::ALTTEXT,DERIVED_NOW,"a v2-ben a(z) M1.2-ILL-01 `alt-text` derivatívája, a szövegét a forrásblokk adja"
M1.2-ALT-02,alt-szöveg,Modulok/M1/Online leckék/M1.2 – Megfigyelés ≠ értelmezés.md,szöveges-ekvivalens,produce,M1.2-DIA-01,M1.2-DIA-01::ALTTEXT,DERIVED_NOW,"a v2-ben a(z) M1.2-DIA-01 `alt-text` derivatívája, a szövegét a forrásblokk adja"
M1.2-ALT-03,alt-szöveg,Modulok/M1/Online leckék/M1.2 – Megfigyelés ≠ értelmezés.md,szöveges-ekvivalens,produce,M1.2-ILL-02,M1.2-ILL-02::ALTTEXT,DERIVED_NOW,"a v2-ben a(z) M1.2-ILL-02 `alt-text` derivatívája, a szövegét a forrásblokk adja"
M1.2-DIA-01,animált-diagram,Modulok/M1/Online leckék/M1.2 – Megfigyelés ≠ értelmezés.md,digitális-generálandó,produce,M1.2-DIA-01,M1.2-DIA-01,PRESERVED,azonos azonosítójú szemantikus asset a jelenlegi forrásban
M1.2-FEL-01,felirat,Modulok/M1/Online leckék/M1.2 – Megfigyelés ≠ értelmezés.md,szöveges-ekvivalens,produce,M1.2-VID-01,M1.2-VID-01::CAPTIONS,DERIVED_NOW,"a v2-ben a(z) M1.2-VID-01 `captions` derivatívája, a szövegét a forrásblokk adja"
M1.2-FEL-02,felirat,Modulok/M1/Online leckék/M1.2 – Megfigyelés ≠ értelmezés.md,szöveges-ekvivalens,produce,M1.2-NAR-02,M1.2-NAR-02::CAPTIONS,DERIVED_NOW,"a v2-ben a(z) M1.2-NAR-02 `captions` derivatívája, a szövegét a forrásblokk adja"
M1.2-FEL-03,felirat,Modulok/M1/Online leckék/M1.2 – Megfigyelés ≠ értelmezés.md,szöveges-ekvivalens,produce,M1.2-NAR-03,M1.2-NAR-03::CAPTIONS,DERIVED_NOW,"a v2-ben a(z) M1.2-NAR-03 `captions` derivatívája, a szövegét a forrásblokk adja"
M1.2-FEL-04,felirat,Modulok/M1/Online leckék/M1.2 – Megfigyelés ≠ értelmezés.md,szöveges-ekvivalens,produce,M1.2-NAR-04,M1.2-NAR-04::CAPTIONS,DERIVED_NOW,"a v2-ben a(z) M1.2-NAR-04 `captions` derivatívája, a szövegét a forrásblokk adja"
M1.2-FEL-05,felirat,Modulok/M1/Online leckék/M1.2 – Megfigyelés ≠ értelmezés.md,szöveges-ekvivalens,produce,M1.2-NAR-05,M1.2-NAR-05::CAPTIONS,DERIVED_NOW,"a v2-ben a(z) M1.2-NAR-05 `captions` derivatívája, a szövegét a forrásblokk adja"
M1.2-FEL-06,felirat,Modulok/M1/Online leckék/M1.2 – Megfigyelés ≠ értelmezés.md,szöveges-ekvivalens,produce,M1.2-NAR-06,M1.2-NAR-06::CAPTIONS,DERIVED_NOW,"a v2-ben a(z) M1.2-NAR-06 `captions` derivatívája, a szövegét a forrásblokk adja"
M1.2-IKO-01,ikon-készlet,Modulok/M1/Online leckék/M1.2 – Megfigyelés ≠ értelmezés.md,digitális-generálandó,produce,M1.2-IKO-01,M1.2-IKO-01,PRESERVED,azonos azonosítójú szemantikus asset a jelenlegi forrásban
M1.2-IKO-02,ikon-készlet,Modulok/M1/Online leckék/M1.2 – Megfigyelés ≠ értelmezés.md,digitális-generálandó,produce,M1.2-IKO-02,M1.2-IKO-02,PRESERVED,azonos azonosítójú szemantikus asset a jelenlegi forrásban
M1.2-IKO-03,ikon-készlet,Modulok/M1/Online leckék/M1.2 – Megfigyelés ≠ értelmezés.md,digitális-generálandó,produce,M1.2-IKO-03,M1.2-IKO-03,PRESERVED,azonos azonosítójú szemantikus asset a jelenlegi forrásban
M1.2-ILL-01,illusztráció,Modulok/M1/Online leckék/M1.2 – Megfigyelés ≠ értelmezés.md,digitális-generálandó,produce,M1.2-ILL-01,M1.2-ILL-01,PRESERVED,azonos azonosítójú szemantikus asset a jelenlegi forrásban
M1.2-ILL-02,illusztráció,Modulok/M1/Online leckék/M1.2 – Megfigyelés ≠ értelmezés.md,digitális-generálandó,produce,M1.2-ILL-02,M1.2-ILL-02,PRESERVED,azonos azonosítójú szemantikus asset a jelenlegi forrásban
M1.2-LEI-01,leirat-transzkript,Modulok/M1/Online leckék/M1.2 – Megfigyelés ≠ értelmezés.md,szöveges-ekvivalens,produce,M1.2-VID-01,M1.2-VID-01::TRANSCRIPT,DERIVED_NOW,"a v2-ben a(z) M1.2-VID-01 `transcript` derivatívája, a szövegét a forrásblokk adja"
M1.2-LEI-02,leirat-transzkript,Modulok/M1/Online leckék/M1.2 – Megfigyelés ≠ értelmezés.md,szöveges-ekvivalens,produce,M1.2-NAR-02,M1.2-NAR-02::TRANSCRIPT,DERIVED_NOW,"a v2-ben a(z) M1.2-NAR-02 `transcript` derivatívája, a szövegét a forrásblokk adja"
M1.2-LEI-03,leirat-transzkript,Modulok/M1/Online leckék/M1.2 – Megfigyelés ≠ értelmezés.md,szöveges-ekvivalens,produce,M1.2-NAR-03,M1.2-NAR-03::TRANSCRIPT,DERIVED_NOW,"a v2-ben a(z) M1.2-NAR-03 `transcript` derivatívája, a szövegét a forrásblokk adja"
M1.2-LEI-04,leirat-transzkript,Modulok/M1/Online leckék/M1.2 – Megfigyelés ≠ értelmezés.md,szöveges-ekvivalens,produce,M1.2-NAR-04,M1.2-NAR-04::TRANSCRIPT,DERIVED_NOW,"a v2-ben a(z) M1.2-NAR-04 `transcript` derivatívája, a szövegét a forrásblokk adja"
M1.2-LEI-05,leirat-transzkript,Modulok/M1/Online leckék/M1.2 – Megfigyelés ≠ értelmezés.md,szöveges-ekvivalens,produce,M1.2-NAR-05,M1.2-NAR-05::TRANSCRIPT,DERIVED_NOW,"a v2-ben a(z) M1.2-NAR-05 `transcript` derivatívája, a szövegét a forrásblokk adja"
M1.2-LEI-06,leirat-transzkript,Modulok/M1/Online leckék/M1.2 – Megfigyelés ≠ értelmezés.md,szöveges-ekvivalens,produce,M1.2-NAR-06,M1.2-NAR-06::TRANSCRIPT,DERIVED_NOW,"a v2-ben a(z) M1.2-NAR-06 `transcript` derivatívája, a szövegét a forrásblokk adja"
M1.2-NAR-01,narráció,Modulok/M1/Online leckék/M1.2 – Megfigyelés ≠ értelmezés.md,digitális-generálandó,produce,M1.2-VID-01,M1.2-VID-01::VOICEOVER,DERIVED_NOW,"a v2-ben a(z) M1.2-VID-01 `voiceover` derivatívája, a szövegét a forrásblokk adja"
M1.2-NAR-02,narráció,Modulok/M1/Online leckék/M1.2 – Megfigyelés ≠ értelmezés.md,digitális-generálandó,produce,M1.2-NAR-02,M1.2-NAR-02,PRESERVED,azonos azonosítójú szemantikus asset a jelenlegi forrásban
M1.2-NAR-03,narráció,Modulok/M1/Online leckék/M1.2 – Megfigyelés ≠ értelmezés.md,digitális-generálandó,produce,M1.2-NAR-03,M1.2-NAR-03,PRESERVED,azonos azonosítójú szemantikus asset a jelenlegi forrásban
M1.2-NAR-04,narráció,Modulok/M1/Online leckék/M1.2 – Megfigyelés ≠ értelmezés.md,digitális-generálandó,produce,M1.2-NAR-04,M1.2-NAR-04,PRESERVED,azonos azonosítójú szemantikus asset a jelenlegi forrásban
M1.2-NAR-05,narráció,Modulok/M1/Online leckék/M1.2 – Megfigyelés ≠ értelmezés.md,digitális-generálandó,produce,M1.2-NAR-05,M1.2-NAR-05,PRESERVED,azonos azonosítójú szemantikus asset a jelenlegi forrásban
M1.2-NAR-06,narráció,Modulok/M1/Online leckék/M1.2 – Megfigyelés ≠ értelmezés.md,digitális-generálandó,produce,M1.2-NAR-06,M1.2-NAR-06,PRESERVED,azonos azonosítójú szemantikus asset a jelenlegi forrásban
M1.2-VID-01,beszélőfej-videó,Modulok/M1/Online leckék/M1.2 – Megfigyelés ≠ értelmezés.md,digitális-generálandó,produce,M1.2-VID-01,M1.2-VID-01,PRESERVED,azonos azonosítójú szemantikus asset a jelenlegi forrásban
M1.3-DIA-01,animált-diagram,Modulok/M1/Online leckék/M1.3 – SBI-modell – hogyan adjak korrekt visszajelzést.md,digitális-generálandó,produce,M1.3-DIA-01,M1.3-DIA-01,PRESERVED,azonos azonosítójú szemantikus asset a jelenlegi forrásban
M1.3-DIA-02,animált-diagram,Modulok/M1/Online leckék/M1.3 – SBI-modell – hogyan adjak korrekt visszajelzést.md,digitális-generálandó,produce,M1.3-DIA-02,M1.3-DIA-02,PRESERVED,azonos azonosítójú szemantikus asset a jelenlegi forrásban
M1.3-DIA-03,animált-diagram,Modulok/M1/Online leckék/M1.3 – SBI-modell – hogyan adjak korrekt visszajelzést.md,digitális-generálandó,produce,M1.3-DIA-03,M1.3-DIA-03,PRESERVED,azonos azonosítójú szemantikus asset a jelenlegi forrásban
M1.3-EGY-01,egyéb,Modulok/M1/Online leckék/M1.3 – SBI-modell – hogyan adjak korrekt visszajelzést.md,digitális-generálandó,produce,M1.3-EGY-01,M1.3-EGY-01,PRESERVED,azonos azonosítójú szemantikus asset a jelenlegi forrásban
M1.3-FEL-01,felirat,Modulok/M1/Online leckék/M1.3 – SBI-modell – hogyan adjak korrekt visszajelzést.md,szöveges-ekvivalens,produce,M1.3-VID-01,M1.3-VID-01::CAPTIONS,DERIVED_NOW,"a v2-ben a(z) M1.3-VID-01 `captions` derivatívája, a szövegét a forrásblokk adja"
M1.3-IKO-01,ikon-készlet,Modulok/M1/Online leckék/M1.3 – SBI-modell – hogyan adjak korrekt visszajelzést.md,digitális-generálandó,produce,M1.3-IKO-01,M1.3-IKO-01,PRESERVED,azonos azonosítójú szemantikus asset a jelenlegi forrásban
M1.3-LEI-01,leirat-transzkript,Modulok/M1/Online leckék/M1.3 – SBI-modell – hogyan adjak korrekt visszajelzést.md,szöveges-ekvivalens,produce,M1.3-VID-01,M1.3-VID-01::TRANSCRIPT,DERIVED_NOW,"a v2-ben a(z) M1.3-VID-01 `transcript` derivatívája, a szövegét a forrásblokk adja"
M1.3-LEI-02,leirat-transzkript,Modulok/M1/Online leckék/M1.3 – SBI-modell – hogyan adjak korrekt visszajelzést.md,szöveges-ekvivalens,produce,M1.3-NAR-01,M1.3-NAR-01::TRANSCRIPT,DERIVED_NOW,"a v2-ben a(z) M1.3-NAR-01 `transcript` derivatívája, a szövegét a forrásblokk adja"
M1.3-LEI-03,leirat-transzkript,Modulok/M1/Online leckék/M1.3 – SBI-modell – hogyan adjak korrekt visszajelzést.md,szöveges-ekvivalens,produce,M1.3-NAR-02,M1.3-NAR-02::TRANSCRIPT,DERIVED_NOW,"a v2-ben a(z) M1.3-NAR-02 `transcript` derivatívája, a szövegét a forrásblokk adja"
M1.3-LEI-04,leirat-transzkript,Modulok/M1/Online leckék/M1.3 – SBI-modell – hogyan adjak korrekt visszajelzést.md,szöveges-ekvivalens,produce,M1.3-NAR-03,M1.3-NAR-03::TRANSCRIPT,DERIVED_NOW,"a v2-ben a(z) M1.3-NAR-03 `transcript` derivatívája, a szövegét a forrásblokk adja"
M1.3-LEI-05,leirat-transzkript,Modulok/M1/Online leckék/M1.3 – SBI-modell – hogyan adjak korrekt visszajelzést.md,szöveges-ekvivalens,produce,M1.3-NAR-04,M1.3-NAR-04::TRANSCRIPT,DERIVED_NOW,"a v2-ben a(z) M1.3-NAR-04 `transcript` derivatívája, a szövegét a forrásblokk adja"
M1.3-LEI-06,leirat-transzkript,Modulok/M1/Online leckék/M1.3 – SBI-modell – hogyan adjak korrekt visszajelzést.md,szöveges-ekvivalens,produce,M1.3-NAR-05,M1.3-NAR-05::TRANSCRIPT,DERIVED_NOW,"a v2-ben a(z) M1.3-NAR-05 `transcript` derivatívája, a szövegét a forrásblokk adja"
M1.3-LEI-07,leirat-transzkript,Modulok/M1/Online leckék/M1.3 – SBI-modell – hogyan adjak korrekt visszajelzést.md,szöveges-ekvivalens,produce,M1.3-NAR-06,M1.3-NAR-06::TRANSCRIPT,DERIVED_NOW,"a v2-ben a(z) M1.3-NAR-06 `transcript` derivatívája, a szövegét a forrásblokk adja"
M1.3-NAR-01,narráció,Modulok/M1/Online leckék/M1.3 – SBI-modell – hogyan adjak korrekt visszajelzést.md,digitális-generálandó,produce,M1.3-NAR-01,M1.3-NAR-01,PRESERVED,azonos azonosítójú szemantikus asset a jelenlegi forrásban
M1.3-NAR-02,narráció,Modulok/M1/Online leckék/M1.3 – SBI-modell – hogyan adjak korrekt visszajelzést.md,digitális-generálandó,produce,M1.3-NAR-02,M1.3-NAR-02,PRESERVED,azonos azonosítójú szemantikus asset a jelenlegi forrásban
M1.3-NAR-03,narráció,Modulok/M1/Online leckék/M1.3 – SBI-modell – hogyan adjak korrekt visszajelzést.md,digitális-generálandó,produce,M1.3-NAR-03,M1.3-NAR-03,PRESERVED,azonos azonosítójú szemantikus asset a jelenlegi forrásban
M1.3-NAR-04,narráció,Modulok/M1/Online leckék/M1.3 – SBI-modell – hogyan adjak korrekt visszajelzést.md,digitális-generálandó,produce,M1.3-NAR-04,M1.3-NAR-04,PRESERVED,azonos azonosítójú szemantikus asset a jelenlegi forrásban
M1.3-NAR-05,narráció,Modulok/M1/Online leckék/M1.3 – SBI-modell – hogyan adjak korrekt visszajelzést.md,digitális-generálandó,produce,M1.3-NAR-05,M1.3-NAR-05,PRESERVED,azonos azonosítójú szemantikus asset a jelenlegi forrásban
M1.3-NAR-06,narráció,Modulok/M1/Online leckék/M1.3 – SBI-modell – hogyan adjak korrekt visszajelzést.md,digitális-generálandó,produce,M1.3-NAR-06,M1.3-NAR-06,PRESERVED,azonos azonosítójú szemantikus asset a jelenlegi forrásban
M1.3-NAR-07,narráció,Modulok/M1/Online leckék/M1.3 – SBI-modell – hogyan adjak korrekt visszajelzést.md,digitális-generálandó,produce,M1.3-NAR-07,M1.3-NAR-07,PRESERVED,azonos azonosítójú szemantikus asset a jelenlegi forrásban
M1.3-VID-01,interaktív-videó,Modulok/M1/Online leckék/M1.3 – SBI-modell – hogyan adjak korrekt visszajelzést.md,digitális-generálandó,produce,M1.3-VID-01,M1.3-VID-01,PRESERVED,azonos azonosítójú szemantikus asset a jelenlegi forrásban
M1.4-ALT-01,alt-szöveg,Modulok/M1/Online leckék/M1.4 – Miniszituációk – Mondd el SBI-ben.md,szöveges-ekvivalens,produce,M1.4-ILL-01,M1.4-ILL-01::ALTTEXT,DERIVED_NOW,"a v2-ben a(z) M1.4-ILL-01 `alt-text` derivatívája, a szövegét a forrásblokk adja"
M1.4-ALT-02,alt-szöveg,Modulok/M1/Online leckék/M1.4 – Miniszituációk – Mondd el SBI-ben.md,szöveges-ekvivalens,produce,M1.4-IKO-01,,REUSE,a szülő asset újrahasznosítás: M1.4-IKO-01 → M1.3-IKO-01
M1.4-DIA-01,animált-diagram,Modulok/M1/Online leckék/M1.4 – Miniszituációk – Mondd el SBI-ben.md,digitális-generálandó,produce,M1.4-DIA-01,M1.4-DIA-01,PRESERVED,azonos azonosítójú szemantikus asset a jelenlegi forrásban
M1.4-FEL-01,felirat,Modulok/M1/Online leckék/M1.4 – Miniszituációk – Mondd el SBI-ben.md,szöveges-ekvivalens,produce,M1.4-NAR-01,M1.4-NAR-01::CAPTIONS,DERIVED_NOW,"a v2-ben a(z) M1.4-NAR-01 `captions` derivatívája, a szövegét a forrásblokk adja"
M1.4-FEL-02,felirat,Modulok/M1/Online leckék/M1.4 – Miniszituációk – Mondd el SBI-ben.md,szöveges-ekvivalens,produce,M1.4-NAR-02,M1.4-NAR-02::CAPTIONS,DERIVED_NOW,"a v2-ben a(z) M1.4-NAR-02 `captions` derivatívája, a szövegét a forrásblokk adja"
M1.4-FEL-03,felirat,Modulok/M1/Online leckék/M1.4 – Miniszituációk – Mondd el SBI-ben.md,szöveges-ekvivalens,produce,M1.4-NAR-03,M1.4-NAR-03::CAPTIONS,DERIVED_NOW,"a v2-ben a(z) M1.4-NAR-03 `captions` derivatívája, a szövegét a forrásblokk adja"
M1.4-IKO-01,ikon-készlet,Modulok/M1/Online leckék/M1.4 – Miniszituációk – Mondd el SBI-ben.md,digitális-generálandó,dedup-tag,M1.4-IKO-01,,REUSE,explicit újrahasznosítás: M1.4-IKO-01 → M1.3-IKO-01
M1.4-ILL-01,illusztráció,Modulok/M1/Online leckék/M1.4 – Miniszituációk – Mondd el SBI-ben.md,digitális-generálandó,produce,M1.4-ILL-01,M1.4-ILL-01,PRESERVED,azonos azonosítójú szemantikus asset a jelenlegi forrásban
M1.4-LEI-01,leirat-transzkript,Modulok/M1/Online leckék/M1.4 – Miniszituációk – Mondd el SBI-ben.md,szöveges-ekvivalens,produce,M1.4-NAR-01,M1.4-NAR-01::TRANSCRIPT,DERIVED_NOW,"a v2-ben a(z) M1.4-NAR-01 `transcript` derivatívája, a szövegét a forrásblokk adja"
M1.4-LEI-02,leirat-transzkript,Modulok/M1/Online leckék/M1.4 – Miniszituációk – Mondd el SBI-ben.md,szöveges-ekvivalens,produce,M1.4-NAR-02,M1.4-NAR-02::TRANSCRIPT,DERIVED_NOW,"a v2-ben a(z) M1.4-NAR-02 `transcript` derivatívája, a szövegét a forrásblokk adja"
M1.4-LEI-03,leirat-transzkript,Modulok/M1/Online leckék/M1.4 – Miniszituációk – Mondd el SBI-ben.md,szöveges-ekvivalens,produce,M1.4-NAR-03,M1.4-NAR-03::TRANSCRIPT,DERIVED_NOW,"a v2-ben a(z) M1.4-NAR-03 `transcript` derivatívája, a szövegét a forrásblokk adja"
M1.4-NAR-01,narráció,Modulok/M1/Online leckék/M1.4 – Miniszituációk – Mondd el SBI-ben.md,digitális-generálandó,produce,M1.4-NAR-01,M1.4-NAR-01,PRESERVED,azonos azonosítójú szemantikus asset a jelenlegi forrásban
M1.4-NAR-02,narráció,Modulok/M1/Online leckék/M1.4 – Miniszituációk – Mondd el SBI-ben.md,digitális-generálandó,produce,M1.4-NAR-02,M1.4-NAR-02,PRESERVED,azonos azonosítójú szemantikus asset a jelenlegi forrásban
M1.4-NAR-03,narráció,Modulok/M1/Online leckék/M1.4 – Miniszituációk – Mondd el SBI-ben.md,digitális-generálandó,produce,M1.4-NAR-03,M1.4-NAR-03,PRESERVED,azonos azonosítójú szemantikus asset a jelenlegi forrásban
M1.A-KART-01,print-kártya,"Modulok/M1/M1 – Vakfolt, tükör, feedback – Önismeret & visszajelzés – Johari + SBI.md",print-fizikai,dedup-tag,M1-HUB-KART-01,,REUSE,explicit újrahasznosítás: M1-HUB-KART-01 → M1.A-MUNK-01
M1.A-MUNK-01,print-munkalap,Modulok/M1/Peulák/M1.A – Önismeret & Johari + megfigyelés vs. címkézés (45’).md,print-fizikai,produce,M1.A-MUNK-01,M1.A-MUNK-01,PRESERVED,azonos azonosítójú szemantikus asset a jelenlegi forrásban
M1.A-MUNK-02,print-munkalap,Modulok/M1/Peulák/M1.A – Önismeret & Johari + megfigyelés vs. címkézés (45’).md,print-fizikai,produce,M1.A-MUNK-02,M1.A-MUNK-02,PRESERVED,azonos azonosítójú szemantikus asset a jelenlegi forrásban
M1.A-POSZ-01,print-poszter,Modulok/M1/Peulák/M1.A – Önismeret & Johari + megfigyelés vs. címkézés (45’).md,print-fizikai,produce,M1.A-POSZ-01,M1.A-POSZ-01,PRESERVED,azonos azonosítójú szemantikus asset a jelenlegi forrásban
M1.A-POSZ-02,print-poszter,Modulok/M1/Peulák/M1.A – Önismeret & Johari + megfigyelés vs. címkézés (45’).md,print-fizikai,produce,M1.A-POSZ-02,M1.A-POSZ-02,PRESERVED,azonos azonosítójú szemantikus asset a jelenlegi forrásban
M1.A-POSZ-03,print-poszter,Modulok/M1/Peulák/M1.A – Önismeret & Johari + megfigyelés vs. címkézés (45’).md,print-fizikai,produce,M1.A-POSZ-03,M1.A-POSZ-03,PRESERVED,azonos azonosítójú szemantikus asset a jelenlegi forrásban
M1.B-DIA-01,animált-diagram,Modulok/M1/Peulák/M1.B – SBI-lab – Smiley-tól a használható visszajelzésig (45’).md,digitális-generálandó,produce,M1.B-DIA-01,M1.B-DIA-01,PRESERVED,azonos azonosítójú szemantikus asset a jelenlegi forrásban
M1.B-KART-01,print-kártya,Modulok/M1/Peulák/M1.B – SBI-lab – Smiley-tól a használható visszajelzésig (45’).md,print-fizikai,produce,M1.B-KART-01,M1.B-KART-01,PRESERVED,azonos azonosítójú szemantikus asset a jelenlegi forrásban
M1.B-KART-02,print-kártya,Modulok/M1/Peulák/M1.B – SBI-lab – Smiley-tól a használható visszajelzésig (45’).md,print-fizikai,produce,M1.B-KART-02,M1.B-KART-02,PRESERVED,azonos azonosítójú szemantikus asset a jelenlegi forrásban
M1.B-MUNK-01,print-munkalap,Modulok/M1/Peulák/M1.B – SBI-lab – Smiley-tól a használható visszajelzésig (45’).md,print-fizikai,produce,M1.B-MUNK-01,M1.B-MUNK-01,PRESERVED,azonos azonosítójú szemantikus asset a jelenlegi forrásban
M1.F-MUNK-01,print-munkalap,"Modulok/M1/Peulák/M1.F – Felzárkóztató peula – Johari, megfigyelés és SBI egyben (45’).md",print-fizikai,dedup-tag,M1.F-MUNK-01,M1.F-MUNK-01,PRESERVED,azonos azonosítójú szemantikus asset a jelenlegi forrásban
M1.F-MUNK-02,print-munkalap,"Modulok/M1/Peulák/M1.F – Felzárkóztató peula – Johari, megfigyelés és SBI egyben (45’).md",print-fizikai,produce,M1.F-MUNK-02,M1.F-MUNK-02,PRESERVED,azonos azonosítójú szemantikus asset a jelenlegi forrásban
M1.F-MUNK-03,print-munkalap,"Modulok/M1/Peulák/M1.F – Felzárkóztató peula – Johari, megfigyelés és SBI egyben (45’).md",print-fizikai,produce,M1.F-MUNK-03,M1.F-MUNK-03,PRESERVED,azonos azonosítójú szemantikus asset a jelenlegi forrásban
M1.F-POSZ-01,print-poszter,"Modulok/M1/Peulák/M1.F – Felzárkóztató peula – Johari, megfigyelés és SBI egyben (45’).md",print-fizikai,produce,M1.F-POSZ-01,M1.F-POSZ-01,PRESERVED,azonos azonosítójú szemantikus asset a jelenlegi forrásban
M1.F-POSZ-02,print-poszter,"Modulok/M1/M1 – Vakfolt, tükör, feedback – Önismeret & visszajelzés – Johari + SBI.md",print-fizikai,produce,M1-HUB-POSZ-02,M1-HUB-POSZ-02,CHANGED,azonosító a v2 egység-névtérre változott (M1.F-POSZ-02 → M1-HUB-POSZ-02)
M2-HUB-DIA-01,animált-diagram,"Modulok/M2/M2 – Ki vagyok madrichként – Identitás, Somer-értékek és dugma ishit.md",digitális-generálandó,produce,M2-HUB-DIA-01,M2-HUB-DIA-01,PRESERVED,azonos azonosítójú szemantikus asset a jelenlegi forrásban
M2.1-ALT-01,alt-szöveg,Modulok/M2/Online leckék/M2.1 – Ki vagyok én madrichként – identitás-körök.md,szöveges-ekvivalens,produce,M2.1-DIA-01,M2.1-DIA-01::ALTTEXT,DERIVED_NOW,"a v2-ben a(z) M2.1-DIA-01 `alt-text` derivatívája, a szövegét a forrásblokk adja"
M2.1-ALT-02,alt-szöveg,Modulok/M2/Online leckék/M2.1 – Ki vagyok én madrichként – identitás-körök.md,szöveges-ekvivalens,produce,M2.1-ILL-01,M2.1-ILL-01::ALTTEXT,DERIVED_NOW,"a v2-ben a(z) M2.1-ILL-01 `alt-text` derivatívája, a szövegét a forrásblokk adja"
M2.1-DIA-01,animált-diagram,Modulok/M2/Online leckék/M2.1 – Ki vagyok én madrichként – identitás-körök.md,digitális-generálandó,produce,M2.1-DIA-01,M2.1-DIA-01,PRESERVED,azonos azonosítójú szemantikus asset a jelenlegi forrásban
M2.1-FEL-01,felirat,Modulok/M2/Online leckék/M2.1 – Ki vagyok én madrichként – identitás-körök.md,szöveges-ekvivalens,produce,M2.1-VID-01,M2.1-VID-01::CAPTIONS,DERIVED_NOW,"a v2-ben a(z) M2.1-VID-01 `captions` derivatívája, a szövegét a forrásblokk adja"
M2.1-FEL-02,felirat,Modulok/M2/Online leckék/M2.1 – Ki vagyok én madrichként – identitás-körök.md,szöveges-ekvivalens,produce,M2.1-NAR-02,M2.1-NAR-02::CAPTIONS,DERIVED_NOW,"a v2-ben a(z) M2.1-NAR-02 `captions` derivatívája, a szövegét a forrásblokk adja"
M2.1-FEL-03,felirat,Modulok/M2/Online leckék/M2.1 – Ki vagyok én madrichként – identitás-körök.md,szöveges-ekvivalens,produce,M2.1-NAR-03,M2.1-NAR-03::CAPTIONS,DERIVED_NOW,"a v2-ben a(z) M2.1-NAR-03 `captions` derivatívája, a szövegét a forrásblokk adja"
M2.1-FEL-04,felirat,Modulok/M2/Online leckék/M2.1 – Ki vagyok én madrichként – identitás-körök.md,szöveges-ekvivalens,produce,M2.1-NAR-04,M2.1-NAR-04::CAPTIONS,DERIVED_NOW,"a v2-ben a(z) M2.1-NAR-04 `captions` derivatívája, a szövegét a forrásblokk adja"
M2.1-IKO-01,ikon-készlet,Modulok/M2/Online leckék/M2.1 – Ki vagyok én madrichként – identitás-körök.md,digitális-generálandó,produce,M2.1-IKO-01,M2.1-IKO-01,PRESERVED,azonos azonosítójú szemantikus asset a jelenlegi forrásban
M2.1-ILL-01,illusztráció,Modulok/M2/Online leckék/M2.1 – Ki vagyok én madrichként – identitás-körök.md,digitális-generálandó,produce,M2.1-ILL-01,M2.1-ILL-01,PRESERVED,azonos azonosítójú szemantikus asset a jelenlegi forrásban
M2.1-LEI-01,leirat-transzkript,Modulok/M2/Online leckék/M2.1 – Ki vagyok én madrichként – identitás-körök.md,szöveges-ekvivalens,produce,M2.1-VID-01,M2.1-VID-01::TRANSCRIPT,DERIVED_NOW,"a v2-ben a(z) M2.1-VID-01 `transcript` derivatívája, a szövegét a forrásblokk adja"
M2.1-LEI-02,leirat-transzkript,Modulok/M2/Online leckék/M2.1 – Ki vagyok én madrichként – identitás-körök.md,szöveges-ekvivalens,produce,M2.1-NAR-02,M2.1-NAR-02::TRANSCRIPT,DERIVED_NOW,"a v2-ben a(z) M2.1-NAR-02 `transcript` derivatívája, a szövegét a forrásblokk adja"
M2.1-LEI-03,leirat-transzkript,Modulok/M2/Online leckék/M2.1 – Ki vagyok én madrichként – identitás-körök.md,szöveges-ekvivalens,produce,M2.1-NAR-03,M2.1-NAR-03::TRANSCRIPT,DERIVED_NOW,"a v2-ben a(z) M2.1-NAR-03 `transcript` derivatívája, a szövegét a forrásblokk adja"
M2.1-LEI-04,leirat-transzkript,Modulok/M2/Online leckék/M2.1 – Ki vagyok én madrichként – identitás-körök.md,szöveges-ekvivalens,produce,M2.1-NAR-04,M2.1-NAR-04::TRANSCRIPT,DERIVED_NOW,"a v2-ben a(z) M2.1-NAR-04 `transcript` derivatívája, a szövegét a forrásblokk adja"
M2.1-NAR-01,narráció,Modulok/M2/Online leckék/M2.1 – Ki vagyok én madrichként – identitás-körök.md,digitális-generálandó,produce,M2.1-VID-01,M2.1-VID-01::VOICEOVER,DERIVED_NOW,"a v2-ben a(z) M2.1-VID-01 `voiceover` derivatívája, a szövegét a forrásblokk adja"
M2.1-NAR-02,narráció,Modulok/M2/Online leckék/M2.1 – Ki vagyok én madrichként – identitás-körök.md,digitális-generálandó,produce,M2.1-NAR-02,M2.1-NAR-02,PRESERVED,azonos azonosítójú szemantikus asset a jelenlegi forrásban
M2.1-NAR-03,narráció,Modulok/M2/Online leckék/M2.1 – Ki vagyok én madrichként – identitás-körök.md,digitális-generálandó,produce,M2.1-NAR-03,M2.1-NAR-03,PRESERVED,azonos azonosítójú szemantikus asset a jelenlegi forrásban
M2.1-NAR-04,narráció,Modulok/M2/Online leckék/M2.1 – Ki vagyok én madrichként – identitás-körök.md,digitális-generálandó,produce,M2.1-NAR-04,M2.1-NAR-04,PRESERVED,azonos azonosítójú szemantikus asset a jelenlegi forrásban
M2.1-VID-01,beszélőfej-videó,Modulok/M2/Online leckék/M2.1 – Ki vagyok én madrichként – identitás-körök.md,digitális-generálandó,produce,M2.1-VID-01,M2.1-VID-01,PRESERVED,azonos azonosítójú szemantikus asset a jelenlegi forrásban
M2.2-ALT-01,alt-szöveg,Modulok/M2/Online leckék/M2.2 – Értékeim mint iránytű.md,szöveges-ekvivalens,produce,M2.2-ILL-01,M2.2-ILL-01::ALTTEXT,DERIVED_NOW,"a v2-ben a(z) M2.2-ILL-01 `alt-text` derivatívája, a szövegét a forrásblokk adja"
M2.2-ALT-02,alt-szöveg,Modulok/M2/Online leckék/M2.2 – Értékeim mint iránytű.md,szöveges-ekvivalens,produce,M2.2-ILL-02,M2.2-ILL-02::ALTTEXT,DERIVED_NOW,"a v2-ben a(z) M2.2-ILL-02 `alt-text` derivatívája, a szövegét a forrásblokk adja"
M2.2-ALT-03,alt-szöveg,Modulok/M2/Online leckék/M2.2 – Értékeim mint iránytű.md,szöveges-ekvivalens,produce,M2.2-ILL-03,M2.2-ILL-03::ALTTEXT,DERIVED_NOW,"a v2-ben a(z) M2.2-ILL-03 `alt-text` derivatívája, a szövegét a forrásblokk adja"
M2.2-FEL-01,felirat,Modulok/M2/Online leckék/M2.2 – Értékeim mint iránytű.md,szöveges-ekvivalens,produce,M2.2-VID-01,M2.2-VID-01::CAPTIONS,DERIVED_NOW,"a v2-ben a(z) M2.2-VID-01 `captions` derivatívája, a szövegét a forrásblokk adja"
M2.2-FEL-02,felirat,Modulok/M2/Online leckék/M2.2 – Értékeim mint iránytű.md,szöveges-ekvivalens,produce,M2.2-NAR-02,M2.2-NAR-02::CAPTIONS,DERIVED_NOW,"a v2-ben a(z) M2.2-NAR-02 `captions` derivatívája, a szövegét a forrásblokk adja"
M2.2-FEL-03,felirat,Modulok/M2/Online leckék/M2.2 – Értékeim mint iránytű.md,szöveges-ekvivalens,produce,M2.2-NAR-03,M2.2-NAR-03::CAPTIONS,DERIVED_NOW,"a v2-ben a(z) M2.2-NAR-03 `captions` derivatívája, a szövegét a forrásblokk adja"
M2.2-FEL-04,felirat,Modulok/M2/Online leckék/M2.2 – Értékeim mint iránytű.md,szöveges-ekvivalens,produce,M2.2-VID-02,M2.2-VID-02::CAPTIONS,DERIVED_NOW,"a v2-ben a(z) M2.2-VID-02 `captions` derivatívája, a szövegét a forrásblokk adja"
M2.2-IKO-01,ikon-készlet,Modulok/M2/Online leckék/M2.2 – Értékeim mint iránytű.md,digitális-generálandó,produce,M2.2-IKO-01,M2.2-IKO-01,PRESERVED,azonos azonosítójú szemantikus asset a jelenlegi forrásban
M2.2-ILL-01,illusztráció,Modulok/M2/Online leckék/M2.2 – Értékeim mint iránytű.md,digitális-generálandó,produce,M2.2-ILL-01,M2.2-ILL-01,PRESERVED,azonos azonosítójú szemantikus asset a jelenlegi forrásban
M2.2-ILL-02,illusztráció,Modulok/M2/Online leckék/M2.2 – Értékeim mint iránytű.md,digitális-generálandó,produce,M2.2-ILL-02,M2.2-ILL-02,PRESERVED,azonos azonosítójú szemantikus asset a jelenlegi forrásban
M2.2-ILL-03,illusztráció,Modulok/M2/Online leckék/M2.2 – Értékeim mint iránytű.md,digitális-generálandó,produce,M2.2-ILL-03,M2.2-ILL-03,PRESERVED,azonos azonosítójú szemantikus asset a jelenlegi forrásban
M2.2-LEI-01,leirat-transzkript,Modulok/M2/Online leckék/M2.2 – Értékeim mint iránytű.md,szöveges-ekvivalens,produce,M2.2-VID-01,M2.2-VID-01::TRANSCRIPT,DERIVED_NOW,"a v2-ben a(z) M2.2-VID-01 `transcript` derivatívája, a szövegét a forrásblokk adja"
M2.2-LEI-02,leirat-transzkript,Modulok/M2/Online leckék/M2.2 – Értékeim mint iránytű.md,szöveges-ekvivalens,produce,M2.2-NAR-02,M2.2-NAR-02::TRANSCRIPT,DERIVED_NOW,"a v2-ben a(z) M2.2-NAR-02 `transcript` derivatívája, a szövegét a forrásblokk adja"
M2.2-LEI-03,leirat-transzkript,Modulok/M2/Online leckék/M2.2 – Értékeim mint iránytű.md,szöveges-ekvivalens,produce,M2.2-NAR-03,M2.2-NAR-03::TRANSCRIPT,DERIVED_NOW,"a v2-ben a(z) M2.2-NAR-03 `transcript` derivatívája, a szövegét a forrásblokk adja"
M2.2-LEI-04,leirat-transzkript,Modulok/M2/Online leckék/M2.2 – Értékeim mint iránytű.md,szöveges-ekvivalens,produce,M2.2-VID-02,M2.2-VID-02::TRANSCRIPT,DERIVED_NOW,"a v2-ben a(z) M2.2-VID-02 `transcript` derivatívája, a szövegét a forrásblokk adja"
M2.2-NAR-01,narráció,Modulok/M2/Online leckék/M2.2 – Értékeim mint iránytű.md,digitális-generálandó,produce,M2.2-VID-01,M2.2-VID-01::VOICEOVER,DERIVED_NOW,"a v2-ben a(z) M2.2-VID-01 `voiceover` derivatívája, a szövegét a forrásblokk adja"
M2.2-NAR-02,narráció,Modulok/M2/Online leckék/M2.2 – Értékeim mint iránytű.md,digitális-generálandó,produce,M2.2-NAR-02,M2.2-NAR-02,PRESERVED,azonos azonosítójú szemantikus asset a jelenlegi forrásban
M2.2-NAR-03,narráció,Modulok/M2/Online leckék/M2.2 – Értékeim mint iránytű.md,digitális-generálandó,produce,M2.2-NAR-03,M2.2-NAR-03,PRESERVED,azonos azonosítójú szemantikus asset a jelenlegi forrásban
M2.2-NAR-04,narráció,Modulok/M2/Online leckék/M2.2 – Értékeim mint iránytű.md,digitális-generálandó,produce,M2.2-VID-02,M2.2-VID-02::VOICEOVER,DERIVED_NOW,"a v2-ben a(z) M2.2-VID-02 `voiceover` derivatívája, a szövegét a forrásblokk adja"
M2.2-VID-01,beszélőfej-videó,Modulok/M2/Online leckék/M2.2 – Értékeim mint iránytű.md,digitális-generálandó,produce,M2.2-VID-01,M2.2-VID-01,PRESERVED,azonos azonosítójú szemantikus asset a jelenlegi forrásban
M2.2-VID-02,beszélőfej-videó,Modulok/M2/Online leckék/M2.2 – Értékeim mint iránytű.md,digitális-generálandó,produce,M2.2-VID-02,M2.2-VID-02,PRESERVED,azonos azonosítójú szemantikus asset a jelenlegi forrásban
M2.3-ALT-01,alt-szöveg,Modulok/M2/Online leckék/M2.3 – Somer 3 pillére – mini-kapszula.md,szöveges-ekvivalens,produce,M2.3-IKO-01,M2.3-IKO-01::ALTTEXT,DERIVED_NOW,"a v2-ben a(z) M2.3-IKO-01 `alt-text` derivatívája, a szövegét a forrásblokk adja"
M2.3-EGY-01,egyéb,Modulok/M2/Online leckék/M2.3 – Somer 3 pillére – mini-kapszula.md,digitális-generálandó,produce,M2.3-EGY-01,M2.3-EGY-01,PRESERVED,azonos azonosítójú szemantikus asset a jelenlegi forrásban
M2.3-EGY-02,egyéb,Modulok/M2/Online leckék/M2.3 – Somer 3 pillére – mini-kapszula.md,digitális-generálandó,produce,M2.3-EGY-02,M2.3-EGY-02,PRESERVED,azonos azonosítójú szemantikus asset a jelenlegi forrásban
M2.3-EGY-03,egyéb,Modulok/M2/Online leckék/M2.3 – Somer 3 pillére – mini-kapszula.md,digitális-generálandó,produce,M2.3-EGY-03,M2.3-EGY-03,PRESERVED,azonos azonosítójú szemantikus asset a jelenlegi forrásban
M2.3-FEL-01,felirat,Modulok/M2/Online leckék/M2.3 – Somer 3 pillére – mini-kapszula.md,szöveges-ekvivalens,produce,M2.3-VID-01,M2.3-VID-01::CAPTIONS,DERIVED_NOW,"a v2-ben a(z) M2.3-VID-01 `captions` derivatívája, a szövegét a forrásblokk adja"
M2.3-FEL-02,felirat,Modulok/M2/Online leckék/M2.3 – Somer 3 pillére – mini-kapszula.md,szöveges-ekvivalens,produce,M2.3-NAR-02,M2.3-NAR-02::CAPTIONS,DERIVED_NOW,"a v2-ben a(z) M2.3-NAR-02 `captions` derivatívája, a szövegét a forrásblokk adja"
M2.3-FEL-03,felirat,Modulok/M2/Online leckék/M2.3 – Somer 3 pillére – mini-kapszula.md,szöveges-ekvivalens,produce,M2.3-VID-02,M2.3-VID-02::CAPTIONS,DERIVED_NOW,"a v2-ben a(z) M2.3-VID-02 `captions` derivatívája, a szövegét a forrásblokk adja"
M2.3-FOTO-01,fotó-kép,Modulok/M2/Online leckék/M2.3 – Somer 3 pillére – mini-kapszula.md,digitális-generálandó,produce,M2.3-FOTO-01,M2.3-FOTO-01,PRESERVED,azonos azonosítójú szemantikus asset a jelenlegi forrásban
M2.3-IKO-01,ikon-készlet,Modulok/M2/Online leckék/M2.3 – Somer 3 pillére – mini-kapszula.md,digitális-generálandó,produce,M2.3-IKO-01,M2.3-IKO-01,PRESERVED,azonos azonosítójú szemantikus asset a jelenlegi forrásban
M2.3-LEI-01,leirat-transzkript,Modulok/M2/Online leckék/M2.3 – Somer 3 pillére – mini-kapszula.md,szöveges-ekvivalens,produce,M2.3-VID-01,M2.3-VID-01::TRANSCRIPT,DERIVED_NOW,"a v2-ben a(z) M2.3-VID-01 `transcript` derivatívája, a szövegét a forrásblokk adja"
M2.3-LEI-02,leirat-transzkript,Modulok/M2/Online leckék/M2.3 – Somer 3 pillére – mini-kapszula.md,szöveges-ekvivalens,produce,M2.3-NAR-02,M2.3-NAR-02::TRANSCRIPT,DERIVED_NOW,"a v2-ben a(z) M2.3-NAR-02 `transcript` derivatívája, a szövegét a forrásblokk adja"
M2.3-LEI-03,leirat-transzkript,Modulok/M2/Online leckék/M2.3 – Somer 3 pillére – mini-kapszula.md,szöveges-ekvivalens,produce,M2.3-VID-02,M2.3-VID-02::TRANSCRIPT,DERIVED_NOW,"a v2-ben a(z) M2.3-VID-02 `transcript` derivatívája, a szövegét a forrásblokk adja"
M2.3-NAR-01,narráció,Modulok/M2/Online leckék/M2.3 – Somer 3 pillére – mini-kapszula.md,digitális-generálandó,produce,M2.3-VID-01,M2.3-VID-01::VOICEOVER,DERIVED_NOW,"a v2-ben a(z) M2.3-VID-01 `voiceover` derivatívája, a szövegét a forrásblokk adja"
M2.3-NAR-02,narráció,Modulok/M2/Online leckék/M2.3 – Somer 3 pillére – mini-kapszula.md,digitális-generálandó,produce,M2.3-NAR-02,M2.3-NAR-02,PRESERVED,azonos azonosítójú szemantikus asset a jelenlegi forrásban
M2.3-NAR-03,narráció,Modulok/M2/Online leckék/M2.3 – Somer 3 pillére – mini-kapszula.md,digitális-generálandó,produce,M2.3-VID-02,M2.3-VID-02::VOICEOVER,DERIVED_NOW,"a v2-ben a(z) M2.3-VID-02 `voiceover` derivatívája, a szövegét a forrásblokk adja"
M2.3-VID-01,beszélőfej-videó,Modulok/M2/Online leckék/M2.3 – Somer 3 pillére – mini-kapszula.md,digitális-generálandó,produce,M2.3-VID-01,M2.3-VID-01,PRESERVED,azonos azonosítójú szemantikus asset a jelenlegi forrásban
M2.3-VID-02,beszélőfej-videó,Modulok/M2/Online leckék/M2.3 – Somer 3 pillére – mini-kapszula.md,digitális-generálandó,produce,M2.3-VID-02,M2.3-VID-02,PRESERVED,azonos azonosítójú szemantikus asset a jelenlegi forrásban
M2.4-ALT-01,alt-szöveg,Modulok/M2/Online leckék/M2.4 – Reflektív napló & határok – A dugma ishit nem terapeuta.md,szöveges-ekvivalens,produce,M2.4-ILL-01,M2.4-ILL-01::ALTTEXT,DERIVED_NOW,"a v2-ben a(z) M2.4-ILL-01 `alt-text` derivatívája, a szövegét a forrásblokk adja"
M2.4-ALT-02,alt-szöveg,Modulok/M2/Online leckék/M2.4 – Reflektív napló & határok – A dugma ishit nem terapeuta.md,szöveges-ekvivalens,produce,M2.4-IKO-01,M2.4-IKO-01::ALTTEXT,DERIVED_NOW,"a v2-ben a(z) M2.4-IKO-01 `alt-text` derivatívája, a szövegét a forrásblokk adja"
M2.4-ALT-03,alt-szöveg,Modulok/M2/Online leckék/M2.4 – Reflektív napló & határok – A dugma ishit nem terapeuta.md,szöveges-ekvivalens,produce,M2.4-DIA-01,M2.4-DIA-01::ALTTEXT,DERIVED_NOW,"a v2-ben a(z) M2.4-DIA-01 `alt-text` derivatívája, a szövegét a forrásblokk adja"
M2.4-ALT-04,alt-szöveg,Modulok/M2/Online leckék/M2.4 – Reflektív napló & határok – A dugma ishit nem terapeuta.md,szöveges-ekvivalens,produce,M2.4-IKO-02,M2.4-IKO-02::ALTTEXT,DERIVED_NOW,"a v2-ben a(z) M2.4-IKO-02 `alt-text` derivatívája, a szövegét a forrásblokk adja"
M2.4-ALT-05,alt-szöveg,Modulok/M2/Online leckék/M2.4 – Reflektív napló & határok – A dugma ishit nem terapeuta.md,szöveges-ekvivalens,produce,M2.4-DIA-02,M2.4-DIA-02::ALTTEXT,DERIVED_NOW,"a v2-ben a(z) M2.4-DIA-02 `alt-text` derivatívája, a szövegét a forrásblokk adja"
M2.4-ALT-06,alt-szöveg,Modulok/M2/Online leckék/M2.4 – Reflektív napló & határok – A dugma ishit nem terapeuta.md,szöveges-ekvivalens,produce,M2.4-ILL-02,M2.4-ILL-02::ALTTEXT,DERIVED_NOW,"a v2-ben a(z) M2.4-ILL-02 `alt-text` derivatívája, a szövegét a forrásblokk adja"
M2.4-DIA-01,animált-diagram,Modulok/M2/Online leckék/M2.4 – Reflektív napló & határok – A dugma ishit nem terapeuta.md,digitális-generálandó,produce,M2.4-DIA-01,M2.4-DIA-01,PRESERVED,azonos azonosítójú szemantikus asset a jelenlegi forrásban
M2.4-DIA-02,animált-diagram,Modulok/M2/Online leckék/M2.4 – Reflektív napló & határok – A dugma ishit nem terapeuta.md,digitális-generálandó,produce,M2.4-DIA-02,M2.4-DIA-02,PRESERVED,azonos azonosítójú szemantikus asset a jelenlegi forrásban
M2.4-FEL-01,felirat,Modulok/M2/Online leckék/M2.4 – Reflektív napló & határok – A dugma ishit nem terapeuta.md,szöveges-ekvivalens,produce,M2.4-VID-01,M2.4-VID-01::CAPTIONS,DERIVED_NOW,"a v2-ben a(z) M2.4-VID-01 `captions` derivatívája, a szövegét a forrásblokk adja"
M2.4-FEL-02,felirat,Modulok/M2/Online leckék/M2.4 – Reflektív napló & határok – A dugma ishit nem terapeuta.md,szöveges-ekvivalens,produce,M2.4-NAR-02,M2.4-NAR-02::CAPTIONS,DERIVED_NOW,"a v2-ben a(z) M2.4-NAR-02 `captions` derivatívája, a szövegét a forrásblokk adja"
M2.4-FEL-03,felirat,Modulok/M2/Online leckék/M2.4 – Reflektív napló & határok – A dugma ishit nem terapeuta.md,szöveges-ekvivalens,produce,M2.4-NAR-03,M2.4-NAR-03::CAPTIONS,DERIVED_NOW,"a v2-ben a(z) M2.4-NAR-03 `captions` derivatívája, a szövegét a forrásblokk adja"
M2.4-FEL-04,felirat,Modulok/M2/Online leckék/M2.4 – Reflektív napló & határok – A dugma ishit nem terapeuta.md,szöveges-ekvivalens,produce,M2.4-NAR-04,M2.4-NAR-04::CAPTIONS,DERIVED_NOW,"a v2-ben a(z) M2.4-NAR-04 `captions` derivatívája, a szövegét a forrásblokk adja"
M2.4-IKO-01,ikon-készlet,Modulok/M2/Online leckék/M2.4 – Reflektív napló & határok – A dugma ishit nem terapeuta.md,digitális-generálandó,produce,M2.4-IKO-01,M2.4-IKO-01,PRESERVED,azonos azonosítójú szemantikus asset a jelenlegi forrásban
M2.4-IKO-02,ikon-készlet,Modulok/M2/Online leckék/M2.4 – Reflektív napló & határok – A dugma ishit nem terapeuta.md,digitális-generálandó,produce,M2.4-IKO-02,M2.4-IKO-02,PRESERVED,azonos azonosítójú szemantikus asset a jelenlegi forrásban
M2.4-ILL-01,illusztráció,Modulok/M2/Online leckék/M2.4 – Reflektív napló & határok – A dugma ishit nem terapeuta.md,digitális-generálandó,produce,M2.4-ILL-01,M2.4-ILL-01,PRESERVED,azonos azonosítójú szemantikus asset a jelenlegi forrásban
M2.4-ILL-02,illusztráció,Modulok/M2/Online leckék/M2.4 – Reflektív napló & határok – A dugma ishit nem terapeuta.md,digitális-generálandó,produce,M2.4-ILL-02,M2.4-ILL-02,PRESERVED,azonos azonosítójú szemantikus asset a jelenlegi forrásban
M2.4-LEI-01,leirat-transzkript,Modulok/M2/Online leckék/M2.4 – Reflektív napló & határok – A dugma ishit nem terapeuta.md,szöveges-ekvivalens,produce,M2.4-VID-01,M2.4-VID-01::TRANSCRIPT,DERIVED_NOW,"a v2-ben a(z) M2.4-VID-01 `transcript` derivatívája, a szövegét a forrásblokk adja"
M2.4-LEI-02,leirat-transzkript,Modulok/M2/Online leckék/M2.4 – Reflektív napló & határok – A dugma ishit nem terapeuta.md,szöveges-ekvivalens,produce,M2.4-NAR-02,M2.4-NAR-02::TRANSCRIPT,DERIVED_NOW,"a v2-ben a(z) M2.4-NAR-02 `transcript` derivatívája, a szövegét a forrásblokk adja"
M2.4-LEI-03,leirat-transzkript,Modulok/M2/Online leckék/M2.4 – Reflektív napló & határok – A dugma ishit nem terapeuta.md,szöveges-ekvivalens,produce,M2.4-NAR-03,M2.4-NAR-03::TRANSCRIPT,DERIVED_NOW,"a v2-ben a(z) M2.4-NAR-03 `transcript` derivatívája, a szövegét a forrásblokk adja"
M2.4-LEI-04,leirat-transzkript,Modulok/M2/Online leckék/M2.4 – Reflektív napló & határok – A dugma ishit nem terapeuta.md,szöveges-ekvivalens,produce,M2.4-NAR-04,M2.4-NAR-04::TRANSCRIPT,DERIVED_NOW,"a v2-ben a(z) M2.4-NAR-04 `transcript` derivatívája, a szövegét a forrásblokk adja"
M2.4-NAR-01,narráció,Modulok/M2/Online leckék/M2.4 – Reflektív napló & határok – A dugma ishit nem terapeuta.md,digitális-generálandó,produce,M2.4-VID-01,M2.4-VID-01::VOICEOVER,DERIVED_NOW,"a v2-ben a(z) M2.4-VID-01 `voiceover` derivatívája, a szövegét a forrásblokk adja"
M2.4-NAR-02,narráció,Modulok/M2/Online leckék/M2.4 – Reflektív napló & határok – A dugma ishit nem terapeuta.md,digitális-generálandó,produce,M2.4-NAR-02,M2.4-NAR-02,PRESERVED,azonos azonosítójú szemantikus asset a jelenlegi forrásban
M2.4-NAR-03,narráció,Modulok/M2/Online leckék/M2.4 – Reflektív napló & határok – A dugma ishit nem terapeuta.md,digitális-generálandó,produce,M2.4-NAR-03,M2.4-NAR-03,PRESERVED,azonos azonosítójú szemantikus asset a jelenlegi forrásban
M2.4-NAR-04,narráció,Modulok/M2/Online leckék/M2.4 – Reflektív napló & határok – A dugma ishit nem terapeuta.md,digitális-generálandó,produce,M2.4-NAR-04,M2.4-NAR-04,PRESERVED,azonos azonosítójú szemantikus asset a jelenlegi forrásban
M2.4-VID-01,beszélőfej-videó,Modulok/M2/Online leckék/M2.4 – Reflektív napló & határok – A dugma ishit nem terapeuta.md,digitális-generálandó,produce,M2.4-VID-01,M2.4-VID-01,PRESERVED,azonos azonosítójú szemantikus asset a jelenlegi forrásban
M2.A-KART-01,print-kártya,Modulok/M2/Peulák/M2.A – Identitás-körök élőben – mit mutatok magamból (45’).md,print-fizikai,produce,M2.A-KART-01,M2.A-KART-01,PRESERVED,azonos azonosítójú szemantikus asset a jelenlegi forrásban
M2.A-KART-03,print-kártya,Modulok/M2/Peulák/M2.A – Identitás-körök élőben – mit mutatok magamból (45’).md,print-fizikai,produce,M2.A-KART-03,M2.A-KART-03,PRESERVED,azonos azonosítójú szemantikus asset a jelenlegi forrásban
M2.A-MUNK-01,print-munkalap,Modulok/M2/Peulák/M2.A – Identitás-körök élőben – mit mutatok magamból (45’).md,print-fizikai,produce,M2.A-MUNK-01,M2.A-MUNK-01,PRESERVED,azonos azonosítójú szemantikus asset a jelenlegi forrásban
M2.A-POSZ-01,print-poszter,Modulok/M2/Peulák/M2.A – Identitás-körök élőben – mit mutatok magamból (45’).md,print-fizikai,produce,M2.A-POSZ-01,M2.A-POSZ-01,PRESERVED,azonos azonosítójú szemantikus asset a jelenlegi forrásban
M2.B-KART-01,print-kártya,"Modulok/M2/Peulák/M2.B – Somer-értékek a gyakorlatban – döntések, amelyek tanítanak.md",print-fizikai,produce,M2.B-KART-01,M2.B-KART-01,PRESERVED,azonos azonosítójú szemantikus asset a jelenlegi forrásban
M2.B-KART-02,print-kártya,"Modulok/M2/Peulák/M2.B – Somer-értékek a gyakorlatban – döntések, amelyek tanítanak.md",print-fizikai,produce,M2.B-KART-02,M2.B-KART-02,PRESERVED,azonos azonosítójú szemantikus asset a jelenlegi forrásban
M2.B-MUNK-01,print-munkalap,"Modulok/M2/Peulák/M2.B – Somer-értékek a gyakorlatban – döntések, amelyek tanítanak.md",print-fizikai,produce,M2.B-MUNK-01,M2.B-MUNK-01,PRESERVED,azonos azonosítójú szemantikus asset a jelenlegi forrásban
M2.B-MUNK-02,print-munkalap,"Modulok/M2/Peulák/M2.B – Somer-értékek a gyakorlatban – döntések, amelyek tanítanak.md",print-fizikai,produce,M2.B-MUNK-02,M2.B-MUNK-02,PRESERVED,azonos azonosítójú szemantikus asset a jelenlegi forrásban
M2.B-MUNK-03,print-munkalap,"Modulok/M2/Peulák/M2.B – Somer-értékek a gyakorlatban – döntések, amelyek tanítanak.md",print-fizikai,produce,M2.B-MUNK-03,M2.B-MUNK-03,PRESERVED,azonos azonosítójú szemantikus asset a jelenlegi forrásban
M2.B-POSZ-01,print-poszter,"Modulok/M2/Peulák/M2.B – Somer-értékek a gyakorlatban – döntések, amelyek tanítanak.md",print-fizikai,produce,M2.B-POSZ-01,M2.B-POSZ-01,PRESERVED,azonos azonosítójú szemantikus asset a jelenlegi forrásban
M2.F-MUNK-01,print-munkalap,"Modulok/M2/Peulák/M2.F – Felzárkóztató peula – Identitás, értékek, pillérek, személyes példamutatás (Study Lab).md",print-fizikai,produce,M2.F-MUNK-01,M2.F-MUNK-01,PRESERVED,azonos azonosítójú szemantikus asset a jelenlegi forrásban
M2.F-MUNK-02,print-munkalap,"Modulok/M2/Peulák/M2.F – Felzárkóztató peula – Identitás, értékek, pillérek, személyes példamutatás (Study Lab).md",print-fizikai,produce,M2.F-MUNK-02,M2.F-MUNK-02,PRESERVED,azonos azonosítójú szemantikus asset a jelenlegi forrásban
M2.F-POSZ-01,print-poszter,"Modulok/M2/Peulák/M2.F – Felzárkóztató peula – Identitás, értékek, pillérek, személyes példamutatás (Study Lab).md",print-fizikai,produce,M2.F-POSZ-01,M2.F-POSZ-01,PRESERVED,azonos azonosítójú szemantikus asset a jelenlegi forrásban
M2.F-POSZ-02,print-poszter,"Modulok/M2/Peulák/M2.F – Felzárkóztató peula – Identitás, értékek, pillérek, személyes példamutatás (Study Lab).md",print-fizikai,produce,M2.F-POSZ-02,M2.F-POSZ-02,PRESERVED,azonos azonosítójú szemantikus asset a jelenlegi forrásban
M3.1-ALT-01,alt-szöveg,Modulok/M3/Online leckék/M3.1 – Történetek egy kvucáról – Tuckman-szakaszok felismerése.md,szöveges-ekvivalens,produce,M3.1-DIA-01,M3.1-DIA-01::ALTTEXT,DERIVED_NOW,"a v2-ben a(z) M3.1-DIA-01 `alt-text` derivatívája, a szövegét a forrásblokk adja"
M3.1-ALT-02,alt-szöveg,Modulok/M3/Online leckék/M3.1 – Történetek egy kvucáról – Tuckman-szakaszok felismerése.md,szöveges-ekvivalens,produce,M3.1-ILL-01,M3.1-ILL-01::ALTTEXT,DERIVED_NOW,"a v2-ben a(z) M3.1-ILL-01 `alt-text` derivatívája, a szövegét a forrásblokk adja"
M3.1-ALT-03,alt-szöveg,Modulok/M3/Online leckék/M3.1 – Történetek egy kvucáról – Tuckman-szakaszok felismerése.md,szöveges-ekvivalens,produce,M3.1-ILL-02,M3.1-ILL-02::ALTTEXT,DERIVED_NOW,"a v2-ben a(z) M3.1-ILL-02 `alt-text` derivatívája, a szövegét a forrásblokk adja"
M3.1-ALT-04,alt-szöveg,Modulok/M3/Online leckék/M3.1 – Történetek egy kvucáról – Tuckman-szakaszok felismerése.md,szöveges-ekvivalens,produce,M3.1-ILL-03,M3.1-ILL-03::ALTTEXT,DERIVED_NOW,"a v2-ben a(z) M3.1-ILL-03 `alt-text` derivatívája, a szövegét a forrásblokk adja"
M3.1-ALT-05,alt-szöveg,Modulok/M3/Online leckék/M3.1 – Történetek egy kvucáról – Tuckman-szakaszok felismerése.md,szöveges-ekvivalens,produce,M3.1-ILL-04,M3.1-ILL-04::ALTTEXT,DERIVED_NOW,"a v2-ben a(z) M3.1-ILL-04 `alt-text` derivatívája, a szövegét a forrásblokk adja"
M3.1-DIA-01,animált-diagram,Modulok/M3/Online leckék/M3.1 – Történetek egy kvucáról – Tuckman-szakaszok felismerése.md,digitális-generálandó,produce,M3.1-DIA-01,M3.1-DIA-01,PRESERVED,azonos azonosítójú szemantikus asset a jelenlegi forrásban
M3.1-FEL-01,felirat,Modulok/M3/Online leckék/M3.1 – Történetek egy kvucáról – Tuckman-szakaszok felismerése.md,szöveges-ekvivalens,produce,M3.1-VID-01,M3.1-VID-01::CAPTIONS,DERIVED_NOW,"a v2-ben a(z) M3.1-VID-01 `captions` derivatívája, a szövegét a forrásblokk adja"
M3.1-FEL-02,felirat,Modulok/M3/Online leckék/M3.1 – Történetek egy kvucáról – Tuckman-szakaszok felismerése.md,szöveges-ekvivalens,produce,M3.1-NAR-02,M3.1-NAR-02::CAPTIONS,DERIVED_NOW,"a v2-ben a(z) M3.1-NAR-02 `captions` derivatívája, a szövegét a forrásblokk adja"
M3.1-FEL-03,felirat,Modulok/M3/Online leckék/M3.1 – Történetek egy kvucáról – Tuckman-szakaszok felismerése.md,szöveges-ekvivalens,produce,M3.1-NAR-03,M3.1-NAR-03::CAPTIONS,DERIVED_NOW,"a v2-ben a(z) M3.1-NAR-03 `captions` derivatívája, a szövegét a forrásblokk adja"
M3.1-FEL-04,felirat,Modulok/M3/Online leckék/M3.1 – Történetek egy kvucáról – Tuckman-szakaszok felismerése.md,szöveges-ekvivalens,produce,M3.1-NAR-04,M3.1-NAR-04::CAPTIONS,DERIVED_NOW,"a v2-ben a(z) M3.1-NAR-04 `captions` derivatívája, a szövegét a forrásblokk adja"
M3.1-FEL-05,felirat,Modulok/M3/Online leckék/M3.1 – Történetek egy kvucáról – Tuckman-szakaszok felismerése.md,szöveges-ekvivalens,produce,M3.1-NAR-05,M3.1-NAR-05::CAPTIONS,DERIVED_NOW,"a v2-ben a(z) M3.1-NAR-05 `captions` derivatívája, a szövegét a forrásblokk adja"
M3.1-IKO-01,ikon-készlet,Modulok/M3/Online leckék/M3.1 – Történetek egy kvucáról – Tuckman-szakaszok felismerése.md,digitális-generálandó,produce,M3.1-IKO-01,M3.1-IKO-01,PRESERVED,azonos azonosítójú szemantikus asset a jelenlegi forrásban
M3.1-ILL-01,illusztráció,Modulok/M3/Online leckék/M3.1 – Történetek egy kvucáról – Tuckman-szakaszok felismerése.md,digitális-generálandó,produce,M3.1-ILL-01,M3.1-ILL-01,PRESERVED,azonos azonosítójú szemantikus asset a jelenlegi forrásban
M3.1-ILL-02,illusztráció,Modulok/M3/Online leckék/M3.1 – Történetek egy kvucáról – Tuckman-szakaszok felismerése.md,digitális-generálandó,produce,M3.1-ILL-02,M3.1-ILL-02,PRESERVED,azonos azonosítójú szemantikus asset a jelenlegi forrásban
M3.1-ILL-03,illusztráció,Modulok/M3/Online leckék/M3.1 – Történetek egy kvucáról – Tuckman-szakaszok felismerése.md,digitális-generálandó,produce,M3.1-ILL-03,M3.1-ILL-03,PRESERVED,azonos azonosítójú szemantikus asset a jelenlegi forrásban
M3.1-ILL-04,illusztráció,Modulok/M3/Online leckék/M3.1 – Történetek egy kvucáról – Tuckman-szakaszok felismerése.md,digitális-generálandó,produce,M3.1-ILL-04,M3.1-ILL-04,PRESERVED,azonos azonosítójú szemantikus asset a jelenlegi forrásban
M3.1-LEI-01,leirat-transzkript,Modulok/M3/Online leckék/M3.1 – Történetek egy kvucáról – Tuckman-szakaszok felismerése.md,szöveges-ekvivalens,produce,M3.1-VID-01,M3.1-VID-01::TRANSCRIPT,DERIVED_NOW,"a v2-ben a(z) M3.1-VID-01 `transcript` derivatívája, a szövegét a forrásblokk adja"
M3.1-LEI-02,leirat-transzkript,Modulok/M3/Online leckék/M3.1 – Történetek egy kvucáról – Tuckman-szakaszok felismerése.md,szöveges-ekvivalens,produce,M3.1-NAR-02,M3.1-NAR-02::TRANSCRIPT,DERIVED_NOW,"a v2-ben a(z) M3.1-NAR-02 `transcript` derivatívája, a szövegét a forrásblokk adja"
M3.1-LEI-03,leirat-transzkript,Modulok/M3/Online leckék/M3.1 – Történetek egy kvucáról – Tuckman-szakaszok felismerése.md,szöveges-ekvivalens,produce,M3.1-NAR-03,M3.1-NAR-03::TRANSCRIPT,DERIVED_NOW,"a v2-ben a(z) M3.1-NAR-03 `transcript` derivatívája, a szövegét a forrásblokk adja"
M3.1-LEI-04,leirat-transzkript,Modulok/M3/Online leckék/M3.1 – Történetek egy kvucáról – Tuckman-szakaszok felismerése.md,szöveges-ekvivalens,produce,M3.1-NAR-04,M3.1-NAR-04::TRANSCRIPT,DERIVED_NOW,"a v2-ben a(z) M3.1-NAR-04 `transcript` derivatívája, a szövegét a forrásblokk adja"
M3.1-LEI-05,leirat-transzkript,Modulok/M3/Online leckék/M3.1 – Történetek egy kvucáról – Tuckman-szakaszok felismerése.md,szöveges-ekvivalens,produce,M3.1-NAR-05,M3.1-NAR-05::TRANSCRIPT,DERIVED_NOW,"a v2-ben a(z) M3.1-NAR-05 `transcript` derivatívája, a szövegét a forrásblokk adja"
M3.1-NAR-01,narráció,Modulok/M3/Online leckék/M3.1 – Történetek egy kvucáról – Tuckman-szakaszok felismerése.md,digitális-generálandó,produce,M3.1-VID-01,M3.1-VID-01::VOICEOVER,DERIVED_NOW,"a v2-ben a(z) M3.1-VID-01 `voiceover` derivatívája, a szövegét a forrásblokk adja"
M3.1-NAR-02,narráció,Modulok/M3/Online leckék/M3.1 – Történetek egy kvucáról – Tuckman-szakaszok felismerése.md,digitális-generálandó,produce,M3.1-NAR-02,M3.1-NAR-02,PRESERVED,azonos azonosítójú szemantikus asset a jelenlegi forrásban
M3.1-NAR-03,narráció,Modulok/M3/Online leckék/M3.1 – Történetek egy kvucáról – Tuckman-szakaszok felismerése.md,digitális-generálandó,produce,M3.1-NAR-03,M3.1-NAR-03,PRESERVED,azonos azonosítójú szemantikus asset a jelenlegi forrásban
M3.1-NAR-04,narráció,Modulok/M3/Online leckék/M3.1 – Történetek egy kvucáról – Tuckman-szakaszok felismerése.md,digitális-generálandó,produce,M3.1-NAR-04,M3.1-NAR-04,PRESERVED,azonos azonosítójú szemantikus asset a jelenlegi forrásban
M3.1-NAR-05,narráció,Modulok/M3/Online leckék/M3.1 – Történetek egy kvucáról – Tuckman-szakaszok felismerése.md,digitális-generálandó,produce,M3.1-NAR-05,M3.1-NAR-05,PRESERVED,azonos azonosítójú szemantikus asset a jelenlegi forrásban
M3.1-VID-01,beszélőfej-videó,Modulok/M3/Online leckék/M3.1 – Történetek egy kvucáról – Tuckman-szakaszok felismerése.md,digitális-generálandó,produce,M3.1-VID-01,M3.1-VID-01,PRESERVED,azonos azonosítójú szemantikus asset a jelenlegi forrásban
M3.2-ALT-01,alt-szöveg,"Modulok/M3/Online leckék/M3.2 – Parparim, Kivsza, Leviatan, Zorea – 4 kvuca, 4 világ.md",szöveges-ekvivalens,produce,M3.2-IKO-01,M3.2-IKO-01::ALTTEXT,DERIVED_NOW,"a v2-ben a(z) M3.2-IKO-01 `alt-text` derivatívája, a szövegét a forrásblokk adja"
M3.2-ALT-02,alt-szöveg,"Modulok/M3/Online leckék/M3.2 – Parparim, Kivsza, Leviatan, Zorea – 4 kvuca, 4 világ.md",szöveges-ekvivalens,produce,M3.2-DIA-01,M3.2-DIA-01::ALTTEXT,DERIVED_NOW,"a v2-ben a(z) M3.2-DIA-01 `alt-text` derivatívája, a szövegét a forrásblokk adja"
M3.2-ALT-03,alt-szöveg,"Modulok/M3/Online leckék/M3.2 – Parparim, Kivsza, Leviatan, Zorea – 4 kvuca, 4 világ.md",szöveges-ekvivalens,produce,M3.2-DIA-02,M3.2-DIA-02::ALTTEXT,DERIVED_NOW,"a v2-ben a(z) M3.2-DIA-02 `alt-text` derivatívája, a szövegét a forrásblokk adja"
M3.2-ALT-04,alt-szöveg,"Modulok/M3/Online leckék/M3.2 – Parparim, Kivsza, Leviatan, Zorea – 4 kvuca, 4 világ.md",szöveges-ekvivalens,produce,M3.2-DIA-03,M3.2-DIA-03::ALTTEXT,DERIVED_NOW,"a v2-ben a(z) M3.2-DIA-03 `alt-text` derivatívája, a szövegét a forrásblokk adja"
M3.2-ALT-05,alt-szöveg,"Modulok/M3/Online leckék/M3.2 – Parparim, Kivsza, Leviatan, Zorea – 4 kvuca, 4 világ.md",szöveges-ekvivalens,produce,M3.2-DIA-04,M3.2-DIA-04::ALTTEXT,DERIVED_NOW,"a v2-ben a(z) M3.2-DIA-04 `alt-text` derivatívája, a szövegét a forrásblokk adja"
M3.2-DIA-01,animált-diagram,"Modulok/M3/Online leckék/M3.2 – Parparim, Kivsza, Leviatan, Zorea – 4 kvuca, 4 világ.md",digitális-generálandó,produce,M3.2-DIA-01,M3.2-DIA-01,PRESERVED,azonos azonosítójú szemantikus asset a jelenlegi forrásban
M3.2-DIA-02,animált-diagram,"Modulok/M3/Online leckék/M3.2 – Parparim, Kivsza, Leviatan, Zorea – 4 kvuca, 4 világ.md",digitális-generálandó,produce,M3.2-DIA-02,M3.2-DIA-02,PRESERVED,azonos azonosítójú szemantikus asset a jelenlegi forrásban
M3.2-DIA-03,animált-diagram,"Modulok/M3/Online leckék/M3.2 – Parparim, Kivsza, Leviatan, Zorea – 4 kvuca, 4 világ.md",digitális-generálandó,produce,M3.2-DIA-03,M3.2-DIA-03,PRESERVED,azonos azonosítójú szemantikus asset a jelenlegi forrásban
M3.2-DIA-04,animált-diagram,"Modulok/M3/Online leckék/M3.2 – Parparim, Kivsza, Leviatan, Zorea – 4 kvuca, 4 világ.md",digitális-generálandó,produce,M3.2-DIA-04,M3.2-DIA-04,PRESERVED,azonos azonosítójú szemantikus asset a jelenlegi forrásban
M3.2-EGY-01,egyéb,"Modulok/M3/Online leckék/M3.2 – Parparim, Kivsza, Leviatan, Zorea – 4 kvuca, 4 világ.md",digitális-generálandó,produce,M3.2-EGY-01,M3.2-EGY-01,PRESERVED,azonos azonosítójú szemantikus asset a jelenlegi forrásban
M3.2-EGY-02,egyéb,"Modulok/M3/Online leckék/M3.2 – Parparim, Kivsza, Leviatan, Zorea – 4 kvuca, 4 világ.md",digitális-generálandó,produce,M3.2-EGY-02,M3.2-EGY-02,PRESERVED,azonos azonosítójú szemantikus asset a jelenlegi forrásban
M3.2-FEL-01,felirat,"Modulok/M3/Online leckék/M3.2 – Parparim, Kivsza, Leviatan, Zorea – 4 kvuca, 4 világ.md",szöveges-ekvivalens,produce,M3.2-VID-01,M3.2-VID-01::CAPTIONS,DERIVED_NOW,"a v2-ben a(z) M3.2-VID-01 `captions` derivatívája, a szövegét a forrásblokk adja"
M3.2-FEL-02,felirat,"Modulok/M3/Online leckék/M3.2 – Parparim, Kivsza, Leviatan, Zorea – 4 kvuca, 4 világ.md",szöveges-ekvivalens,produce,M3.2-NAR-02,M3.2-NAR-02::CAPTIONS,DERIVED_NOW,"a v2-ben a(z) M3.2-NAR-02 `captions` derivatívája, a szövegét a forrásblokk adja"
M3.2-FEL-03,felirat,"Modulok/M3/Online leckék/M3.2 – Parparim, Kivsza, Leviatan, Zorea – 4 kvuca, 4 világ.md",szöveges-ekvivalens,produce,M3.2-NAR-03,M3.2-NAR-03::CAPTIONS,DERIVED_NOW,"a v2-ben a(z) M3.2-NAR-03 `captions` derivatívája, a szövegét a forrásblokk adja"
M3.2-FEL-04,felirat,"Modulok/M3/Online leckék/M3.2 – Parparim, Kivsza, Leviatan, Zorea – 4 kvuca, 4 világ.md",szöveges-ekvivalens,produce,M3.2-NAR-04,M3.2-NAR-04::CAPTIONS,DERIVED_NOW,"a v2-ben a(z) M3.2-NAR-04 `captions` derivatívája, a szövegét a forrásblokk adja"
M3.2-FEL-05,felirat,"Modulok/M3/Online leckék/M3.2 – Parparim, Kivsza, Leviatan, Zorea – 4 kvuca, 4 világ.md",szöveges-ekvivalens,produce,M3.2-NAR-05,M3.2-NAR-05::CAPTIONS,DERIVED_NOW,"a v2-ben a(z) M3.2-NAR-05 `captions` derivatívája, a szövegét a forrásblokk adja"
M3.2-IKO-01,ikon-készlet,"Modulok/M3/Online leckék/M3.2 – Parparim, Kivsza, Leviatan, Zorea – 4 kvuca, 4 világ.md",digitális-generálandó,produce,M3.2-IKO-01,M3.2-IKO-01,PRESERVED,azonos azonosítójú szemantikus asset a jelenlegi forrásban
M3.2-LEI-01,leirat-transzkript,"Modulok/M3/Online leckék/M3.2 – Parparim, Kivsza, Leviatan, Zorea – 4 kvuca, 4 világ.md",szöveges-ekvivalens,produce,M3.2-VID-01,M3.2-VID-01::TRANSCRIPT,DERIVED_NOW,"a v2-ben a(z) M3.2-VID-01 `transcript` derivatívája, a szövegét a forrásblokk adja"
M3.2-LEI-02,leirat-transzkript,"Modulok/M3/Online leckék/M3.2 – Parparim, Kivsza, Leviatan, Zorea – 4 kvuca, 4 világ.md",szöveges-ekvivalens,produce,M3.2-NAR-02,M3.2-NAR-02::TRANSCRIPT,DERIVED_NOW,"a v2-ben a(z) M3.2-NAR-02 `transcript` derivatívája, a szövegét a forrásblokk adja"
M3.2-LEI-03,leirat-transzkript,"Modulok/M3/Online leckék/M3.2 – Parparim, Kivsza, Leviatan, Zorea – 4 kvuca, 4 világ.md",szöveges-ekvivalens,produce,M3.2-NAR-03,M3.2-NAR-03::TRANSCRIPT,DERIVED_NOW,"a v2-ben a(z) M3.2-NAR-03 `transcript` derivatívája, a szövegét a forrásblokk adja"
M3.2-LEI-04,leirat-transzkript,"Modulok/M3/Online leckék/M3.2 – Parparim, Kivsza, Leviatan, Zorea – 4 kvuca, 4 világ.md",szöveges-ekvivalens,produce,M3.2-NAR-04,M3.2-NAR-04::TRANSCRIPT,DERIVED_NOW,"a v2-ben a(z) M3.2-NAR-04 `transcript` derivatívája, a szövegét a forrásblokk adja"
M3.2-LEI-05,leirat-transzkript,"Modulok/M3/Online leckék/M3.2 – Parparim, Kivsza, Leviatan, Zorea – 4 kvuca, 4 világ.md",szöveges-ekvivalens,produce,M3.2-NAR-05,M3.2-NAR-05::TRANSCRIPT,DERIVED_NOW,"a v2-ben a(z) M3.2-NAR-05 `transcript` derivatívája, a szövegét a forrásblokk adja"
M3.2-NAR-01,narráció,"Modulok/M3/Online leckék/M3.2 – Parparim, Kivsza, Leviatan, Zorea – 4 kvuca, 4 világ.md",digitális-generálandó,produce,M3.2-VID-01,M3.2-VID-01::VOICEOVER,DERIVED_NOW,"a v2-ben a(z) M3.2-VID-01 `voiceover` derivatívája, a szövegét a forrásblokk adja"
M3.2-NAR-02,narráció,"Modulok/M3/Online leckék/M3.2 – Parparim, Kivsza, Leviatan, Zorea – 4 kvuca, 4 világ.md",digitális-generálandó,produce,M3.2-NAR-02,M3.2-NAR-02,PRESERVED,azonos azonosítójú szemantikus asset a jelenlegi forrásban
M3.2-NAR-03,narráció,"Modulok/M3/Online leckék/M3.2 – Parparim, Kivsza, Leviatan, Zorea – 4 kvuca, 4 világ.md",digitális-generálandó,produce,M3.2-NAR-03,M3.2-NAR-03,PRESERVED,azonos azonosítójú szemantikus asset a jelenlegi forrásban
M3.2-NAR-04,narráció,"Modulok/M3/Online leckék/M3.2 – Parparim, Kivsza, Leviatan, Zorea – 4 kvuca, 4 világ.md",digitális-generálandó,produce,M3.2-NAR-04,M3.2-NAR-04,PRESERVED,azonos azonosítójú szemantikus asset a jelenlegi forrásban
M3.2-NAR-05,narráció,"Modulok/M3/Online leckék/M3.2 – Parparim, Kivsza, Leviatan, Zorea – 4 kvuca, 4 világ.md",digitális-generálandó,produce,M3.2-NAR-05,M3.2-NAR-05,PRESERVED,azonos azonosítójú szemantikus asset a jelenlegi forrásban
M3.2-VID-01,beszélőfej-videó,"Modulok/M3/Online leckék/M3.2 – Parparim, Kivsza, Leviatan, Zorea – 4 kvuca, 4 világ.md",digitális-generálandó,produce,M3.2-VID-01,M3.2-VID-01,PRESERVED,azonos azonosítójú szemantikus asset a jelenlegi forrásban
M3.3-ALT-01,alt-szöveg,Modulok/M3/Online leckék/M3.3 – Gyermekvédelem 101 – red flag felismerése & első lépések.md,szöveges-ekvivalens,produce,M3.3-IKO-01,M3.3-IKO-01::ALTTEXT,DERIVED_NOW,"a v2-ben a(z) M3.3-IKO-01 `alt-text` derivatívája, a szövegét a forrásblokk adja"
M3.3-ALT-02,alt-szöveg,Modulok/M3/Online leckék/M3.3 – Gyermekvédelem 101 – red flag felismerése & első lépések.md,szöveges-ekvivalens,produce,M3.3-IKO-02,M3.3-IKO-02::ALTTEXT,DERIVED_NOW,"a v2-ben a(z) M3.3-IKO-02 `alt-text` derivatívája, a szövegét a forrásblokk adja"
M3.3-ALT-03,alt-szöveg,Modulok/M3/Online leckék/M3.3 – Gyermekvédelem 101 – red flag felismerése & első lépések.md,szöveges-ekvivalens,produce,M3.3-IKO-03,M3.3-IKO-03::ALTTEXT,DERIVED_NOW,"a v2-ben a(z) M3.3-IKO-03 `alt-text` derivatívája, a szövegét a forrásblokk adja"
M3.3-ALT-04,alt-szöveg,Modulok/M3/Online leckék/M3.3 – Gyermekvédelem 101 – red flag felismerése & első lépések.md,szöveges-ekvivalens,produce,M3.3-ILL-01,M3.3-ILL-01::ALTTEXT,DERIVED_NOW,"a v2-ben a(z) M3.3-ILL-01 `alt-text` derivatívája, a szövegét a forrásblokk adja"
M3.3-ALT-05,alt-szöveg,Modulok/M3/Online leckék/M3.3 – Gyermekvédelem 101 – red flag felismerése & első lépések.md,szöveges-ekvivalens,produce,M3.3-ILL-02,M3.3-ILL-02::ALTTEXT,DERIVED_NOW,"a v2-ben a(z) M3.3-ILL-02 `alt-text` derivatívája, a szövegét a forrásblokk adja"
M3.3-ALT-06,alt-szöveg,Modulok/M3/Online leckék/M3.3 – Gyermekvédelem 101 – red flag felismerése & első lépések.md,szöveges-ekvivalens,produce,M3.3-ILL-03,M3.3-ILL-03::ALTTEXT,DERIVED_NOW,"a v2-ben a(z) M3.3-ILL-03 `alt-text` derivatívája, a szövegét a forrásblokk adja"
M3.3-ALT-07,alt-szöveg,Modulok/M3/Online leckék/M3.3 – Gyermekvédelem 101 – red flag felismerése & első lépések.md,szöveges-ekvivalens,produce,M3.3-ILL-04,M3.3-ILL-04::ALTTEXT,DERIVED_NOW,"a v2-ben a(z) M3.3-ILL-04 `alt-text` derivatívája, a szövegét a forrásblokk adja"
M3.3-FEL-01,felirat,Modulok/M3/Online leckék/M3.3 – Gyermekvédelem 101 – red flag felismerése & első lépések.md,szöveges-ekvivalens,produce,M3.3-VID-01,M3.3-VID-01::CAPTIONS,DERIVED_NOW,"a v2-ben a(z) M3.3-VID-01 `captions` derivatívája, a szövegét a forrásblokk adja"
M3.3-IKO-01,ikon-készlet,Modulok/M3/Online leckék/M3.3 – Gyermekvédelem 101 – red flag felismerése & első lépések.md,digitális-generálandó,produce,M3.3-IKO-01,M3.3-IKO-01,PRESERVED,azonos azonosítójú szemantikus asset a jelenlegi forrásban
M3.3-IKO-02,ikon-készlet,Modulok/M3/Online leckék/M3.3 – Gyermekvédelem 101 – red flag felismerése & első lépések.md,digitális-generálandó,produce,M3.3-IKO-02,M3.3-IKO-02,PRESERVED,azonos azonosítójú szemantikus asset a jelenlegi forrásban
M3.3-IKO-03,ikon-készlet,Modulok/M3/Online leckék/M3.3 – Gyermekvédelem 101 – red flag felismerése & első lépések.md,digitális-generálandó,produce,M3.3-IKO-03,M3.3-IKO-03,PRESERVED,azonos azonosítójú szemantikus asset a jelenlegi forrásban
M3.3-ILL-01,illusztráció,Modulok/M3/Online leckék/M3.3 – Gyermekvédelem 101 – red flag felismerése & első lépések.md,digitális-generálandó,produce,M3.3-ILL-01,M3.3-ILL-01,PRESERVED,azonos azonosítójú szemantikus asset a jelenlegi forrásban
M3.3-ILL-02,illusztráció,Modulok/M3/Online leckék/M3.3 – Gyermekvédelem 101 – red flag felismerése & első lépések.md,digitális-generálandó,produce,M3.3-ILL-02,M3.3-ILL-02,PRESERVED,azonos azonosítójú szemantikus asset a jelenlegi forrásban
M3.3-ILL-03,illusztráció,Modulok/M3/Online leckék/M3.3 – Gyermekvédelem 101 – red flag felismerése & első lépések.md,digitális-generálandó,produce,M3.3-ILL-03,M3.3-ILL-03,PRESERVED,azonos azonosítójú szemantikus asset a jelenlegi forrásban
M3.3-ILL-04,illusztráció,Modulok/M3/Online leckék/M3.3 – Gyermekvédelem 101 – red flag felismerése & első lépések.md,digitális-generálandó,produce,M3.3-ILL-04,M3.3-ILL-04,PRESERVED,azonos azonosítójú szemantikus asset a jelenlegi forrásban
M3.3-LEI-01,leirat-transzkript,Modulok/M3/Online leckék/M3.3 – Gyermekvédelem 101 – red flag felismerése & első lépések.md,szöveges-ekvivalens,produce,M3.3-VID-01,M3.3-VID-01::TRANSCRIPT,DERIVED_NOW,"a v2-ben a(z) M3.3-VID-01 `transcript` derivatívája, a szövegét a forrásblokk adja"
M3.3-LEI-02,leirat-transzkript,Modulok/M3/Online leckék/M3.3 – Gyermekvédelem 101 – red flag felismerése & első lépések.md,szöveges-ekvivalens,produce,M3.3-NAR-01,M3.3-NAR-01::TRANSCRIPT,DERIVED_NOW,"a v2-ben a(z) M3.3-NAR-01 `transcript` derivatívája, a szövegét a forrásblokk adja"
M3.3-LEI-03,leirat-transzkript,Modulok/M3/Online leckék/M3.3 – Gyermekvédelem 101 – red flag felismerése & első lépések.md,szöveges-ekvivalens,produce,M3.3-NAR-02,M3.3-NAR-02::TRANSCRIPT,DERIVED_NOW,"a v2-ben a(z) M3.3-NAR-02 `transcript` derivatívája, a szövegét a forrásblokk adja"
M3.3-LEI-04,leirat-transzkript,Modulok/M3/Online leckék/M3.3 – Gyermekvédelem 101 – red flag felismerése & első lépések.md,szöveges-ekvivalens,produce,M3.3-NAR-03,M3.3-NAR-03::TRANSCRIPT,DERIVED_NOW,"a v2-ben a(z) M3.3-NAR-03 `transcript` derivatívája, a szövegét a forrásblokk adja"
M3.3-NAR-01,narráció,Modulok/M3/Online leckék/M3.3 – Gyermekvédelem 101 – red flag felismerése & első lépések.md,digitális-generálandó,produce,M3.3-NAR-01,M3.3-NAR-01,PRESERVED,azonos azonosítójú szemantikus asset a jelenlegi forrásban
M3.3-NAR-02,narráció,Modulok/M3/Online leckék/M3.3 – Gyermekvédelem 101 – red flag felismerése & első lépések.md,digitális-generálandó,produce,M3.3-NAR-02,M3.3-NAR-02,PRESERVED,azonos azonosítójú szemantikus asset a jelenlegi forrásban
M3.3-NAR-03,narráció,Modulok/M3/Online leckék/M3.3 – Gyermekvédelem 101 – red flag felismerése & első lépések.md,digitális-generálandó,produce,M3.3-NAR-03,M3.3-NAR-03,PRESERVED,azonos azonosítójú szemantikus asset a jelenlegi forrásban
M3.3-VID-01,beszélőfej-videó,Modulok/M3/Online leckék/M3.3 – Gyermekvédelem 101 – red flag felismerése & első lépések.md,digitális-generálandó,produce,M3.3-VID-01,M3.3-VID-01,PRESERVED,azonos azonosítójú szemantikus asset a jelenlegi forrásban
M3.4-ALT-01,alt-szöveg,"Modulok/M3/Online leckék/M3.4 – Do és Don’t madrichként – határok, red flag-ek és modulproduktum.md",szöveges-ekvivalens,produce,M3.4-IKO-01,M3.4-IKO-01::ALTTEXT,DERIVED_NOW,"a v2-ben a(z) M3.4-IKO-01 `alt-text` derivatívája, a szövegét a forrásblokk adja"
M3.4-ALT-02,alt-szöveg,"Modulok/M3/Online leckék/M3.4 – Do és Don’t madrichként – határok, red flag-ek és modulproduktum.md",szöveges-ekvivalens,produce,M3.4-DIA-01,M3.4-DIA-01::ALTTEXT,DERIVED_NOW,"a v2-ben a(z) M3.4-DIA-01 `alt-text` derivatívája, a szövegét a forrásblokk adja"
M3.4-DIA-01,animált-diagram,"Modulok/M3/Online leckék/M3.4 – Do és Don’t madrichként – határok, red flag-ek és modulproduktum.md",digitális-generálandó,produce,M3.4-DIA-01,M3.4-DIA-01,PRESERVED,azonos azonosítójú szemantikus asset a jelenlegi forrásban
M3.4-EGY-01,egyéb,"Modulok/M3/Online leckék/M3.4 – Do és Don’t madrichként – határok, red flag-ek és modulproduktum.md",digitális-generálandó,produce,M3.4-EGY-01,M3.4-EGY-01,PRESERVED,azonos azonosítójú szemantikus asset a jelenlegi forrásban
M3.4-EGY-02,egyéb,"Modulok/M3/Online leckék/M3.4 – Do és Don’t madrichként – határok, red flag-ek és modulproduktum.md",digitális-generálandó,produce,M3.4-EGY-02,M3.4-EGY-02,PRESERVED,azonos azonosítójú szemantikus asset a jelenlegi forrásban
M3.4-EGY-03,egyéb,"Modulok/M3/Online leckék/M3.4 – Do és Don’t madrichként – határok, red flag-ek és modulproduktum.md",digitális-generálandó,produce,M3.4-EGY-03,M3.4-EGY-03,PRESERVED,azonos azonosítójú szemantikus asset a jelenlegi forrásban
M3.4-EGY-04,egyéb,"Modulok/M3/Online leckék/M3.4 – Do és Don’t madrichként – határok, red flag-ek és modulproduktum.md",digitális-generálandó,produce,M3.4-EGY-04,M3.4-EGY-04,PRESERVED,azonos azonosítójú szemantikus asset a jelenlegi forrásban
M3.4-EGY-05,egyéb,"Modulok/M3/Online leckék/M3.4 – Do és Don’t madrichként – határok, red flag-ek és modulproduktum.md",digitális-generálandó,produce,M3.4-EGY-05,M3.4-EGY-05,PRESERVED,azonos azonosítójú szemantikus asset a jelenlegi forrásban
M3.4-EGY-06,egyéb,"Modulok/M3/Online leckék/M3.4 – Do és Don’t madrichként – határok, red flag-ek és modulproduktum.md",digitális-generálandó,produce,M3.4-EGY-06,M3.4-EGY-06,PRESERVED,azonos azonosítójú szemantikus asset a jelenlegi forrásban
M3.4-EGY-07,egyéb,"Modulok/M3/Online leckék/M3.4 – Do és Don’t madrichként – határok, red flag-ek és modulproduktum.md",digitális-generálandó,produce,M3.4-EGY-07,M3.4-EGY-07,PRESERVED,azonos azonosítójú szemantikus asset a jelenlegi forrásban
M3.4-EGY-08,egyéb,"Modulok/M3/Online leckék/M3.4 – Do és Don’t madrichként – határok, red flag-ek és modulproduktum.md",digitális-generálandó,produce,M3.4-EGY-08,M3.4-EGY-08,PRESERVED,azonos azonosítójú szemantikus asset a jelenlegi forrásban
M3.4-FEL-01,felirat,"Modulok/M3/Online leckék/M3.4 – Do és Don’t madrichként – határok, red flag-ek és modulproduktum.md",szöveges-ekvivalens,produce,M3.4-VID-01,M3.4-VID-01::CAPTIONS,DERIVED_NOW,"a v2-ben a(z) M3.4-VID-01 `captions` derivatívája, a szövegét a forrásblokk adja"
M3.4-FEL-02,felirat,"Modulok/M3/Online leckék/M3.4 – Do és Don’t madrichként – határok, red flag-ek és modulproduktum.md",szöveges-ekvivalens,produce,M3.4-NAR-02,M3.4-NAR-02::CAPTIONS,DERIVED_NOW,"a v2-ben a(z) M3.4-NAR-02 `captions` derivatívája, a szövegét a forrásblokk adja"
M3.4-IKO-01,ikon-készlet,"Modulok/M3/Online leckék/M3.4 – Do és Don’t madrichként – határok, red flag-ek és modulproduktum.md",digitális-generálandó,produce,M3.4-IKO-01,M3.4-IKO-01,PRESERVED,azonos azonosítójú szemantikus asset a jelenlegi forrásban
M3.4-IKO-02,ikon-készlet,"Modulok/M3/Online leckék/M3.4 – Do és Don’t madrichként – határok, red flag-ek és modulproduktum.md",digitális-generálandó,produce,M3.4-IKO-02,M3.4-IKO-02,PRESERVED,azonos azonosítójú szemantikus asset a jelenlegi forrásban
M3.4-LEI-01,leirat-transzkript,"Modulok/M3/Online leckék/M3.4 – Do és Don’t madrichként – határok, red flag-ek és modulproduktum.md",szöveges-ekvivalens,produce,M3.4-VID-01,M3.4-VID-01::TRANSCRIPT,DERIVED_NOW,"a v2-ben a(z) M3.4-VID-01 `transcript` derivatívája, a szövegét a forrásblokk adja"
M3.4-LEI-02,leirat-transzkript,"Modulok/M3/Online leckék/M3.4 – Do és Don’t madrichként – határok, red flag-ek és modulproduktum.md",szöveges-ekvivalens,produce,M3.4-NAR-02,M3.4-NAR-02::TRANSCRIPT,DERIVED_NOW,"a v2-ben a(z) M3.4-NAR-02 `transcript` derivatívája, a szövegét a forrásblokk adja"
M3.4-NAR-01,narráció,"Modulok/M3/Online leckék/M3.4 – Do és Don’t madrichként – határok, red flag-ek és modulproduktum.md",digitális-generálandó,produce,M3.4-VID-01,M3.4-VID-01::VOICEOVER,DERIVED_NOW,"a v2-ben a(z) M3.4-VID-01 `voiceover` derivatívája, a szövegét a forrásblokk adja"
M3.4-NAR-02,narráció,"Modulok/M3/Online leckék/M3.4 – Do és Don’t madrichként – határok, red flag-ek és modulproduktum.md",digitális-generálandó,produce,M3.4-NAR-02,M3.4-NAR-02,PRESERVED,azonos azonosítójú szemantikus asset a jelenlegi forrásban
M3.4-VID-01,beszélőfej-videó,"Modulok/M3/Online leckék/M3.4 – Do és Don’t madrichként – határok, red flag-ek és modulproduktum.md",digitális-generálandó,produce,M3.4-VID-01,M3.4-VID-01,PRESERVED,azonos azonosítójú szemantikus asset a jelenlegi forrásban
M3.A-ALT-01,alt-szöveg,"Modulok/M3/Peulák/M3.A – Találd ki, hol tart a kvuca! – Történetek Tuckman szemüvegén át.md",szöveges-ekvivalens,produce,M3.A-IKO-01,M3.A-IKO-01::ALTTEXT,DERIVED_NOW,"a v2-ben a(z) M3.A-IKO-01 `alt-text` derivatívája, a szövegét a forrásblokk adja"
M3.A-IKO-01,ikon-készlet,"Modulok/M3/Peulák/M3.A – Találd ki, hol tart a kvuca! – Történetek Tuckman szemüvegén át.md",digitális-generálandó,produce,M3.A-IKO-01,M3.A-IKO-01,PRESERVED,azonos azonosítójú szemantikus asset a jelenlegi forrásban
M3.A-KART-01,print-kártya,"Modulok/M3/Peulák/M3.A – Találd ki, hol tart a kvuca! – Történetek Tuckman szemüvegén át.md",print-fizikai,dedup-tag,M3.A-KART-01,M3.A-KART-01,PRESERVED,azonos azonosítójú szemantikus asset a jelenlegi forrásban
M3.A-KART-02,print-kártya,"Modulok/M3/Peulák/M3.A – Találd ki, hol tart a kvuca! – Történetek Tuckman szemüvegén át.md",print-fizikai,produce,M3.A-KART-02,M3.A-KART-02,PRESERVED,azonos azonosítójú szemantikus asset a jelenlegi forrásban
M3.A-MUNK-01,print-munkalap,"Modulok/M3/Peulák/M3.A – Találd ki, hol tart a kvuca! – Történetek Tuckman szemüvegén át.md",print-fizikai,produce,M3.A-MUNK-01,M3.A-MUNK-01,PRESERVED,azonos azonosítójú szemantikus asset a jelenlegi forrásban
M3.A-POSZ-01,print-poszter,"Modulok/M3/Peulák/M3.A – Találd ki, hol tart a kvuca! – Történetek Tuckman szemüvegén át.md",print-fizikai,produce,M3.A-POSZ-01,M3.A-POSZ-01,PRESERVED,azonos azonosítójú szemantikus asset a jelenlegi forrásban
M3.B-ALT-01,alt-szöveg,Modulok/M3/Peulák/M3.B – Red flag vagy nem – Esetelemzés & lépés-térkép.md,szöveges-ekvivalens,produce,M3.B-KART-01,M3.B-KART-01,MERGED_INTO_PARENT,a v2-ben a(z) M3.B-KART-01 deklarációjának része (nincs külön legyártandó `alt-text` deliverable)
M3.B-ALT-02,alt-szöveg,Modulok/M3/Peulák/M3.B – Red flag vagy nem – Esetelemzés & lépés-térkép.md,szöveges-ekvivalens,produce,M3.B-MUNK-01,M3.B-MUNK-01,MERGED_INTO_PARENT,a v2-ben a(z) M3.B-MUNK-01 deklarációjának része (nincs külön legyártandó `alt-text` deliverable)
M3.B-KART-01,print-kártya,Modulok/M3/Peulák/M3.B – Red flag vagy nem – Esetelemzés & lépés-térkép.md,print-fizikai,produce,M3.B-KART-01,M3.B-KART-01,PRESERVED,azonos azonosítójú szemantikus asset a jelenlegi forrásban
M3.B-KART-02,print-kártya,Modulok/M3/Peulák/M3.B – Red flag vagy nem – Esetelemzés & lépés-térkép.md,print-fizikai,produce,M3.B-KART-02,M3.B-KART-02,PRESERVED,azonos azonosítójú szemantikus asset a jelenlegi forrásban
M3.B-KART-03,print-kártya,Modulok/M3/Peulák/M3.B – Red flag vagy nem – Esetelemzés & lépés-térkép.md,print-fizikai,produce,M3.B-KART-03,M3.B-KART-03,AMBIGUOUS,"emberi döntésre vár: A v1 leltárban szereplő spec olyan foglalkozásformára épült, amit a jelenlegi tananyag már nem tartalmaz, és a jelenlegi peula-szöveg nem hivatkozik erre a segé"
M3.B-MUNK-01,print-munkalap,Modulok/M3/Peulák/M3.B – Red flag vagy nem – Esetelemzés & lépés-térkép.md,print-fizikai,produce,M3.B-MUNK-01,M3.B-MUNK-01,PRESERVED,azonos azonosítójú szemantikus asset a jelenlegi forrásban
M3.B-MUNK-02,print-munkalap,Modulok/M3/Peulák/M3.B – Red flag vagy nem – Esetelemzés & lépés-térkép.md,print-fizikai,produce,M3.B-MUNK-02,M3.B-MUNK-02,PRESERVED,azonos azonosítójú szemantikus asset a jelenlegi forrásban
M3.B-MUNK-03,print-munkalap,Modulok/M3/Peulák/M3.B – Red flag vagy nem – Esetelemzés & lépés-térkép.md,print-fizikai,produce,M3.B-MUNK-03,M3.B-MUNK-03,PRESERVED,azonos azonosítójú szemantikus asset a jelenlegi forrásban
M3.B-POSZ-01,print-poszter,"Modulok/M3/M3 – Kvuca, red flag, felelősség – Csoportdinamika, korosztályok és gyermekvédelem.md",print-fizikai,dedup-tag,M3-HUB-POSZ-01,,REUSE,explicit újrahasznosítás: M3-HUB-POSZ-01 → M3.B-MUNK-01
M3.B-POSZ-02,print-poszter,"Modulok/M3/M3 – Kvuca, red flag, felelősség – Csoportdinamika, korosztályok és gyermekvédelem.md",print-fizikai,produce,M3-HUB-POSZ-02,M3-HUB-POSZ-02,CHANGED,azonosító a v2 egység-névtérre változott (M3.B-POSZ-02 → M3-HUB-POSZ-02)
M3.F-EGY-01,egyéb,Modulok/M3/Peulák/M3.F – Felzárkóztató peula – Kvucadinamika & gyermekvédelem (Study Lab).md,print-fizikai,produce,M3.F-EGY-01,M3.F-EGY-01,PRESERVED,azonos azonosítójú szemantikus asset a jelenlegi forrásban
M3.F-EGY-02,egyéb,Modulok/M3/Peulák/M3.F – Felzárkóztató peula – Kvucadinamika & gyermekvédelem (Study Lab).md,print-fizikai,produce,M3.F-EGY-02,M3.F-EGY-02,PRESERVED,azonos azonosítójú szemantikus asset a jelenlegi forrásban
M3.F-MUNK-01,print-munkalap,Modulok/M3/Peulák/M3.F – Felzárkóztató peula – Kvucadinamika & gyermekvédelem (Study Lab).md,print-fizikai,dedup-tag,M3.F-MUNK-01,M3.F-MUNK-01,PRESERVED,azonos azonosítójú szemantikus asset a jelenlegi forrásban
M3.F-MUNK-02,print-munkalap,Modulok/M3/Peulák/M3.F – Felzárkóztató peula – Kvucadinamika & gyermekvédelem (Study Lab).md,print-fizikai,dedup-tag,M3.F-MUNK-02,M3.F-MUNK-02,PRESERVED,azonos azonosítójú szemantikus asset a jelenlegi forrásban
M3.F-POSZ-01,print-poszter,Modulok/M3/Peulák/M3.F – Felzárkóztató peula – Kvucadinamika & gyermekvédelem (Study Lab).md,print-fizikai,produce,M3.F-POSZ-01,M3.F-POSZ-01,PRESERVED,azonos azonosítójú szemantikus asset a jelenlegi forrásban
M3.F-POSZ-02,print-poszter,Modulok/M3/Peulák/M3.F – Felzárkóztató peula – Kvucadinamika & gyermekvédelem (Study Lab).md,print-fizikai,produce,M3.F-POSZ-02,M3.F-POSZ-02,PRESERVED,azonos azonosítójú szemantikus asset a jelenlegi forrásban
M4.1-ALT-01,alt-szöveg,Modulok/M4/Online leckék/M4.1 – Mit üzen a testem – Nonverbális kiállás.md,szöveges-ekvivalens,produce,M4.1-IKO-02,M4.1-IKO-02::ALTTEXT,DERIVED_NOW,"a v2-ben a(z) M4.1-IKO-02 `alt-text` derivatívája, a szövegét a forrásblokk adja"
M4.1-ALT-02,alt-szöveg,Modulok/M4/Online leckék/M4.1 – Mit üzen a testem – Nonverbális kiállás.md,szöveges-ekvivalens,produce,M4.1-FOTO-01,M4.1-FOTO-01::ALTTEXT,DERIVED_NOW,"a v2-ben a(z) M4.1-FOTO-01 `alt-text` derivatívája, a szövegét a forrásblokk adja"
M4.1-DIA-01,animált-diagram,Modulok/M4/Online leckék/M4.1 – Mit üzen a testem – Nonverbális kiállás.md,digitális-generálandó,produce,M4.1-DIA-01,M4.1-DIA-01,PRESERVED,azonos azonosítójú szemantikus asset a jelenlegi forrásban
M4.1-FEL-01,felirat,Modulok/M4/Online leckék/M4.1 – Mit üzen a testem – Nonverbális kiállás.md,szöveges-ekvivalens,produce,M4.1-VID-01,M4.1-VID-01::CAPTIONS,DERIVED_NOW,"a v2-ben a(z) M4.1-VID-01 `captions` derivatívája, a szövegét a forrásblokk adja"
M4.1-FEL-02,felirat,Modulok/M4/Online leckék/M4.1 – Mit üzen a testem – Nonverbális kiállás.md,szöveges-ekvivalens,produce,M4.1-NAR-02,M4.1-NAR-02::CAPTIONS,DERIVED_NOW,"a v2-ben a(z) M4.1-NAR-02 `captions` derivatívája, a szövegét a forrásblokk adja"
M4.1-FEL-03,felirat,Modulok/M4/Online leckék/M4.1 – Mit üzen a testem – Nonverbális kiállás.md,szöveges-ekvivalens,produce,M4.1-VID-02,M4.1-VID-02::CAPTIONS,DERIVED_NOW,"a v2-ben a(z) M4.1-VID-02 `captions` derivatívája, a szövegét a forrásblokk adja"
M4.1-FEL-04,felirat,Modulok/M4/Online leckék/M4.1 – Mit üzen a testem – Nonverbális kiállás.md,szöveges-ekvivalens,produce,M4.1-NAR-07,M4.1-NAR-07::CAPTIONS,DERIVED_NOW,"a v2-ben a(z) M4.1-NAR-07 `captions` derivatívája, a szövegét a forrásblokk adja"
M4.1-FEL-05,felirat,Modulok/M4/Online leckék/M4.1 – Mit üzen a testem – Nonverbális kiállás.md,szöveges-ekvivalens,produce,M4.1-NAR-06,M4.1-NAR-06::CAPTIONS,DERIVED_NOW,"a v2-ben a(z) M4.1-NAR-06 `captions` derivatívája, a szövegét a forrásblokk adja"
M4.1-FOTO-01,fotó-kép,Modulok/M4/Online leckék/M4.1 – Mit üzen a testem – Nonverbális kiállás.md,digitális-generálandó,produce,M4.1-FOTO-01,M4.1-FOTO-01,PRESERVED,azonos azonosítójú szemantikus asset a jelenlegi forrásban
M4.1-FOTO-02,fotó-kép,Modulok/M4/Online leckék/M4.1 – Mit üzen a testem – Nonverbális kiállás.md,digitális-generálandó,produce,M4.1-FOTO-02,M4.1-FOTO-02,PRESERVED,azonos azonosítójú szemantikus asset a jelenlegi forrásban
M4.1-IKO-01,ikon-készlet,Modulok/M4/Online leckék/M4.1 – Mit üzen a testem – Nonverbális kiállás.md,digitális-generálandó,produce,M4.1-IKO-01,M4.1-IKO-01,PRESERVED,azonos azonosítójú szemantikus asset a jelenlegi forrásban
M4.1-IKO-02,ikon-készlet,Modulok/M4/Online leckék/M4.1 – Mit üzen a testem – Nonverbális kiállás.md,digitális-generálandó,produce,M4.1-IKO-02,M4.1-IKO-02,PRESERVED,azonos azonosítójú szemantikus asset a jelenlegi forrásban
M4.1-LEI-01,leirat-transzkript,Modulok/M4/Online leckék/M4.1 – Mit üzen a testem – Nonverbális kiállás.md,szöveges-ekvivalens,produce,M4.1-VID-01,M4.1-VID-01::TRANSCRIPT,DERIVED_NOW,"a v2-ben a(z) M4.1-VID-01 `transcript` derivatívája, a szövegét a forrásblokk adja"
M4.1-LEI-02,leirat-transzkript,Modulok/M4/Online leckék/M4.1 – Mit üzen a testem – Nonverbális kiállás.md,szöveges-ekvivalens,produce,M4.1-VID-02,M4.1-VID-02::TRANSCRIPT,DERIVED_NOW,"a v2-ben a(z) M4.1-VID-02 `transcript` derivatívája, a szövegét a forrásblokk adja"
M4.1-LEI-03,leirat-transzkript,Modulok/M4/Online leckék/M4.1 – Mit üzen a testem – Nonverbális kiállás.md,szöveges-ekvivalens,produce,M4.1-NAR-07,M4.1-NAR-07::TRANSCRIPT,DERIVED_NOW,"a v2-ben a(z) M4.1-NAR-07 `transcript` derivatívája, a szövegét a forrásblokk adja"
M4.1-LEI-04,leirat-transzkript,Modulok/M4/Online leckék/M4.1 – Mit üzen a testem – Nonverbális kiállás.md,szöveges-ekvivalens,produce,M4.1-NAR-06,M4.1-NAR-06::TRANSCRIPT,DERIVED_NOW,"a v2-ben a(z) M4.1-NAR-06 `transcript` derivatívája, a szövegét a forrásblokk adja"
M4.1-LEI-05,leirat-transzkript,Modulok/M4/Online leckék/M4.1 – Mit üzen a testem – Nonverbális kiállás.md,szöveges-ekvivalens,produce,M4.1-NAR-02,M4.1-NAR-02::TRANSCRIPT,DERIVED_NOW,"a v2-ben a(z) M4.1-NAR-02 `transcript` derivatívája, a szövegét a forrásblokk adja"
M4.1-NAR-01,narráció,Modulok/M4/Online leckék/M4.1 – Mit üzen a testem – Nonverbális kiállás.md,digitális-generálandó,produce,M4.1-VID-01,M4.1-VID-01::VOICEOVER,DERIVED_NOW,"a v2-ben a(z) M4.1-VID-01 `voiceover` derivatívája, a szövegét a forrásblokk adja"
M4.1-NAR-02,narráció,Modulok/M4/Online leckék/M4.1 – Mit üzen a testem – Nonverbális kiállás.md,digitális-generálandó,produce,M4.1-NAR-02,M4.1-NAR-02,PRESERVED,azonos azonosítójú szemantikus asset a jelenlegi forrásban
M4.1-NAR-03,narráció,Modulok/M4/Online leckék/M4.1 – Mit üzen a testem – Nonverbális kiállás.md,digitális-generálandó,produce,M4.1-NAR-03,M4.1-NAR-03,PRESERVED,azonos azonosítójú szemantikus asset a jelenlegi forrásban
M4.1-NAR-04,narráció,Modulok/M4/Online leckék/M4.1 – Mit üzen a testem – Nonverbális kiállás.md,digitális-generálandó,produce,M4.1-NAR-04,M4.1-NAR-04,PRESERVED,azonos azonosítójú szemantikus asset a jelenlegi forrásban
M4.1-NAR-05,narráció,Modulok/M4/Online leckék/M4.1 – Mit üzen a testem – Nonverbális kiállás.md,digitális-generálandó,produce,M4.1-NAR-05,M4.1-NAR-05,PRESERVED,azonos azonosítójú szemantikus asset a jelenlegi forrásban
M4.1-NAR-06,narráció,Modulok/M4/Online leckék/M4.1 – Mit üzen a testem – Nonverbális kiállás.md,digitális-generálandó,produce,M4.1-NAR-06,M4.1-NAR-06,PRESERVED,azonos azonosítójú szemantikus asset a jelenlegi forrásban
M4.1-NAR-07,narráció,Modulok/M4/Online leckék/M4.1 – Mit üzen a testem – Nonverbális kiállás.md,digitális-generálandó,produce,M4.1-NAR-07,M4.1-NAR-07,PRESERVED,azonos azonosítójú szemantikus asset a jelenlegi forrásban
M4.1-VID-01,beszélőfej-videó,Modulok/M4/Online leckék/M4.1 – Mit üzen a testem – Nonverbális kiállás.md,digitális-generálandó,produce,M4.1-VID-01,M4.1-VID-01,PRESERVED,azonos azonosítójú szemantikus asset a jelenlegi forrásban
M4.1-VID-02,interaktív-videó,Modulok/M4/Online leckék/M4.1 – Mit üzen a testem – Nonverbális kiállás.md,digitális-generálandó,produce,M4.1-VID-02,M4.1-VID-02,PRESERVED,azonos azonosítójú szemantikus asset a jelenlegi forrásban
M4.1-VID-03,egyéb,Modulok/M4/Online leckék/M4.1 – Mit üzen a testem – Nonverbális kiállás.md,digitális-generálandó,produce,M4.1-VID-03,M4.1-VID-03,PRESERVED,azonos azonosítójú szemantikus asset a jelenlegi forrásban
M4.1-VID-04,egyéb,Modulok/M4/Online leckék/M4.1 – Mit üzen a testem – Nonverbális kiállás.md,digitális-generálandó,produce,M4.1-VID-04,M4.1-VID-04,PRESERVED,azonos azonosítójú szemantikus asset a jelenlegi forrásban
M4.1-VID-05,egyéb,Modulok/M4/Online leckék/M4.1 – Mit üzen a testem – Nonverbális kiállás.md,digitális-generálandó,produce,M4.1-VID-05,M4.1-VID-05,PRESERVED,azonos azonosítójú szemantikus asset a jelenlegi forrásban
M4.2-EGY-01,egyéb,Modulok/M4/Online leckék/M4.2 – Aktív hallgatás & visszatükrözés.md,digitális-generálandó,produce,M4.2-EGY-01,M4.2-EGY-01,PRESERVED,azonos azonosítójú szemantikus asset a jelenlegi forrásban
M4.2-EGY-02,egyéb,Modulok/M4/Online leckék/M4.2 – Aktív hallgatás & visszatükrözés.md,digitális-generálandó,produce,M4.2-EGY-02,M4.2-EGY-02,PRESERVED,azonos azonosítójú szemantikus asset a jelenlegi forrásban
M4.2-EGY-03,egyéb,Modulok/M4/Online leckék/M4.2 – Aktív hallgatás & visszatükrözés.md,digitális-generálandó,produce,M4.2-EGY-03,M4.2-EGY-03,PRESERVED,azonos azonosítójú szemantikus asset a jelenlegi forrásban
M4.2-EGY-04,egyéb,Modulok/M4/Online leckék/M4.2 – Aktív hallgatás & visszatükrözés.md,digitális-generálandó,produce,M4.2-EGY-04,M4.2-EGY-04,PRESERVED,azonos azonosítójú szemantikus asset a jelenlegi forrásban
M4.2-EGY-05,egyéb,Modulok/M4/Online leckék/M4.2 – Aktív hallgatás & visszatükrözés.md,digitális-generálandó,produce,M4.2-EGY-05,M4.2-EGY-05,PRESERVED,azonos azonosítójú szemantikus asset a jelenlegi forrásban
M4.2-FEL-01,felirat,Modulok/M4/Online leckék/M4.2 – Aktív hallgatás & visszatükrözés.md,szöveges-ekvivalens,produce,M4.2-NAR-01,M4.2-NAR-01::CAPTIONS,DERIVED_NOW,"a v2-ben a(z) M4.2-NAR-01 `captions` derivatívája, a szövegét a forrásblokk adja"
M4.2-FEL-02,felirat,Modulok/M4/Online leckék/M4.2 – Aktív hallgatás & visszatükrözés.md,szöveges-ekvivalens,produce,M4.2-NAR-02,M4.2-NAR-02::CAPTIONS,DERIVED_NOW,"a v2-ben a(z) M4.2-NAR-02 `captions` derivatívája, a szövegét a forrásblokk adja"
M4.2-FEL-03,felirat,Modulok/M4/Online leckék/M4.2 – Aktív hallgatás & visszatükrözés.md,szöveges-ekvivalens,produce,M4.2-NAR-03,M4.2-NAR-03::CAPTIONS,DERIVED_NOW,"a v2-ben a(z) M4.2-NAR-03 `captions` derivatívája, a szövegét a forrásblokk adja"
M4.2-FEL-04,felirat,Modulok/M4/Online leckék/M4.2 – Aktív hallgatás & visszatükrözés.md,szöveges-ekvivalens,produce,M4.2-NAR-04,M4.2-NAR-04::CAPTIONS,DERIVED_NOW,"a v2-ben a(z) M4.2-NAR-04 `captions` derivatívája, a szövegét a forrásblokk adja"
M4.2-IKO-01,ikon-készlet,Modulok/M4/Online leckék/M4.2 – Aktív hallgatás & visszatükrözés.md,digitális-generálandó,produce,M4.2-IKO-01,M4.2-IKO-01,PRESERVED,azonos azonosítójú szemantikus asset a jelenlegi forrásban
M4.2-ILL-01,illusztráció,Modulok/M4/Online leckék/M4.2 – Aktív hallgatás & visszatükrözés.md,digitális-generálandó,produce,M4.2-ILL-01,M4.2-ILL-01,PRESERVED,azonos azonosítójú szemantikus asset a jelenlegi forrásban
M4.2-ILL-02,illusztráció,Modulok/M4/Online leckék/M4.2 – Aktív hallgatás & visszatükrözés.md,digitális-generálandó,produce,M4.2-ILL-02,M4.2-ILL-02,PRESERVED,azonos azonosítójú szemantikus asset a jelenlegi forrásban
M4.2-ILL-03,illusztráció,Modulok/M4/Online leckék/M4.2 – Aktív hallgatás & visszatükrözés.md,digitális-generálandó,produce,M4.2-ILL-03,M4.2-ILL-03,PRESERVED,azonos azonosítójú szemantikus asset a jelenlegi forrásban
M4.2-LEI-01,leirat-transzkript,Modulok/M4/Online leckék/M4.2 – Aktív hallgatás & visszatükrözés.md,szöveges-ekvivalens,produce,M4.2-NAR-01,M4.2-NAR-01::TRANSCRIPT,DERIVED_NOW,"a v2-ben a(z) M4.2-NAR-01 `transcript` derivatívája, a szövegét a forrásblokk adja"
M4.2-LEI-02,leirat-transzkript,Modulok/M4/Online leckék/M4.2 – Aktív hallgatás & visszatükrözés.md,szöveges-ekvivalens,produce,M4.2-NAR-02,M4.2-NAR-02::TRANSCRIPT,DERIVED_NOW,"a v2-ben a(z) M4.2-NAR-02 `transcript` derivatívája, a szövegét a forrásblokk adja"
M4.2-LEI-03,leirat-transzkript,Modulok/M4/Online leckék/M4.2 – Aktív hallgatás & visszatükrözés.md,szöveges-ekvivalens,produce,M4.2-NAR-03,M4.2-NAR-03::TRANSCRIPT,DERIVED_NOW,"a v2-ben a(z) M4.2-NAR-03 `transcript` derivatívája, a szövegét a forrásblokk adja"
M4.2-LEI-04,leirat-transzkript,Modulok/M4/Online leckék/M4.2 – Aktív hallgatás & visszatükrözés.md,szöveges-ekvivalens,produce,M4.2-NAR-04,M4.2-NAR-04::TRANSCRIPT,DERIVED_NOW,"a v2-ben a(z) M4.2-NAR-04 `transcript` derivatívája, a szövegét a forrásblokk adja"
M4.2-NAR-01,narráció,Modulok/M4/Online leckék/M4.2 – Aktív hallgatás & visszatükrözés.md,digitális-generálandó,produce,M4.2-NAR-01,M4.2-NAR-01,PRESERVED,azonos azonosítójú szemantikus asset a jelenlegi forrásban
M4.2-NAR-02,narráció,Modulok/M4/Online leckék/M4.2 – Aktív hallgatás & visszatükrözés.md,digitális-generálandó,produce,M4.2-NAR-02,M4.2-NAR-02,PRESERVED,azonos azonosítójú szemantikus asset a jelenlegi forrásban
M4.2-NAR-03,narráció,Modulok/M4/Online leckék/M4.2 – Aktív hallgatás & visszatükrözés.md,digitális-generálandó,produce,M4.2-NAR-03,M4.2-NAR-03,PRESERVED,azonos azonosítójú szemantikus asset a jelenlegi forrásban
M4.2-NAR-04,narráció,Modulok/M4/Online leckék/M4.2 – Aktív hallgatás & visszatükrözés.md,digitális-generálandó,produce,M4.2-NAR-04,M4.2-NAR-04,PRESERVED,azonos azonosítójú szemantikus asset a jelenlegi forrásban
M4.3-ALT-01,alt-szöveg,"Modulok/M4/Online leckék/M4.3 – Kérdezési minták – nyitott, zárt, tisztázó, irányító kérdések.md",szöveges-ekvivalens,produce,M4.3-ILL-01,M4.3-ILL-01::ALTTEXT,DERIVED_NOW,"a v2-ben a(z) M4.3-ILL-01 `alt-text` derivatívája, a szövegét a forrásblokk adja"
M4.3-ALT-02,alt-szöveg,"Modulok/M4/Online leckék/M4.3 – Kérdezési minták – nyitott, zárt, tisztázó, irányító kérdések.md",szöveges-ekvivalens,produce,M4.3-DIA-01,M4.3-DIA-01::ALTTEXT,DERIVED_NOW,"a v2-ben a(z) M4.3-DIA-01 `alt-text` derivatívája, a szövegét a forrásblokk adja"
M4.3-DIA-01,animált-diagram,"Modulok/M4/Online leckék/M4.3 – Kérdezési minták – nyitott, zárt, tisztázó, irányító kérdések.md",digitális-generálandó,produce,M4.3-DIA-01,M4.3-DIA-01,PRESERVED,azonos azonosítójú szemantikus asset a jelenlegi forrásban
M4.3-FEL-01,felirat,"Modulok/M4/Online leckék/M4.3 – Kérdezési minták – nyitott, zárt, tisztázó, irányító kérdések.md",szöveges-ekvivalens,produce,M4.3-NAR-01,M4.3-NAR-01::CAPTIONS,DERIVED_NOW,"a v2-ben a(z) M4.3-NAR-01 `captions` derivatívája, a szövegét a forrásblokk adja"
M4.3-FEL-02,felirat,"Modulok/M4/Online leckék/M4.3 – Kérdezési minták – nyitott, zárt, tisztázó, irányító kérdések.md",szöveges-ekvivalens,produce,M4.3-NAR-02,M4.3-NAR-02::CAPTIONS,DERIVED_NOW,"a v2-ben a(z) M4.3-NAR-02 `captions` derivatívája, a szövegét a forrásblokk adja"
M4.3-FEL-03,felirat,"Modulok/M4/Online leckék/M4.3 – Kérdezési minták – nyitott, zárt, tisztázó, irányító kérdések.md",szöveges-ekvivalens,produce,M4.3-NAR-03,M4.3-NAR-03::CAPTIONS,DERIVED_NOW,"a v2-ben a(z) M4.3-NAR-03 `captions` derivatívája, a szövegét a forrásblokk adja"
M4.3-IKO-01,ikon-készlet,"Modulok/M4/Online leckék/M4.3 – Kérdezési minták – nyitott, zárt, tisztázó, irányító kérdések.md",digitális-generálandó,produce,M4.3-IKO-01,M4.3-IKO-01,PRESERVED,azonos azonosítójú szemantikus asset a jelenlegi forrásban
M4.3-ILL-01,illusztráció,"Modulok/M4/Online leckék/M4.3 – Kérdezési minták – nyitott, zárt, tisztázó, irányító kérdések.md",digitális-generálandó,produce,M4.3-ILL-01,M4.3-ILL-01,PRESERVED,azonos azonosítójú szemantikus asset a jelenlegi forrásban
M4.3-LEI-01,leirat-transzkript,"Modulok/M4/Online leckék/M4.3 – Kérdezési minták – nyitott, zárt, tisztázó, irányító kérdések.md",szöveges-ekvivalens,produce,M4.3-NAR-01,M4.3-NAR-01::TRANSCRIPT,DERIVED_NOW,"a v2-ben a(z) M4.3-NAR-01 `transcript` derivatívája, a szövegét a forrásblokk adja"
M4.3-LEI-02,leirat-transzkript,"Modulok/M4/Online leckék/M4.3 – Kérdezési minták – nyitott, zárt, tisztázó, irányító kérdések.md",szöveges-ekvivalens,produce,M4.3-NAR-02,M4.3-NAR-02::TRANSCRIPT,DERIVED_NOW,"a v2-ben a(z) M4.3-NAR-02 `transcript` derivatívája, a szövegét a forrásblokk adja"
M4.3-LEI-03,leirat-transzkript,"Modulok/M4/Online leckék/M4.3 – Kérdezési minták – nyitott, zárt, tisztázó, irányító kérdések.md",szöveges-ekvivalens,produce,M4.3-NAR-03,M4.3-NAR-03::TRANSCRIPT,DERIVED_NOW,"a v2-ben a(z) M4.3-NAR-03 `transcript` derivatívája, a szövegét a forrásblokk adja"
M4.3-NAR-01,narráció,"Modulok/M4/Online leckék/M4.3 – Kérdezési minták – nyitott, zárt, tisztázó, irányító kérdések.md",digitális-generálandó,produce,M4.3-NAR-01,M4.3-NAR-01,PRESERVED,azonos azonosítójú szemantikus asset a jelenlegi forrásban
M4.3-NAR-02,narráció,"Modulok/M4/Online leckék/M4.3 – Kérdezési minták – nyitott, zárt, tisztázó, irányító kérdések.md",digitális-generálandó,produce,M4.3-NAR-02,M4.3-NAR-02,PRESERVED,azonos azonosítójú szemantikus asset a jelenlegi forrásban
M4.3-NAR-03,narráció,"Modulok/M4/Online leckék/M4.3 – Kérdezési minták – nyitott, zárt, tisztázó, irányító kérdések.md",digitális-generálandó,produce,M4.3-NAR-03,M4.3-NAR-03,PRESERVED,azonos azonosítójú szemantikus asset a jelenlegi forrásban
M4.4-ALT-01,alt-szöveg,Modulok/M4/Online leckék/M4.4 – 45 mp-es peula-pitch – vázlat egy konkrét kvucára.md,szöveges-ekvivalens,produce,M4.4-ILL-01,M4.4-ILL-01::ALTTEXT,DERIVED_NOW,"a v2-ben a(z) M4.4-ILL-01 `alt-text` derivatívája, a szövegét a forrásblokk adja"
M4.4-ALT-02,alt-szöveg,Modulok/M4/Online leckék/M4.4 – 45 mp-es peula-pitch – vázlat egy konkrét kvucára.md,szöveges-ekvivalens,produce,M4.4-DIA-02,M4.4-DIA-02::ALTTEXT,DERIVED_NOW,"a v2-ben a(z) M4.4-DIA-02 `alt-text` derivatívája, a szövegét a forrásblokk adja"
M4.4-ALT-03,alt-szöveg,Modulok/M4/Online leckék/M4.4 – 45 mp-es peula-pitch – vázlat egy konkrét kvucára.md,szöveges-ekvivalens,produce,M4.4-DIA-03,M4.4-DIA-03::ALTTEXT,DERIVED_NOW,"a v2-ben a(z) M4.4-DIA-03 `alt-text` derivatívája, a szövegét a forrásblokk adja"
M4.4-ALT-05,alt-szöveg,Modulok/M4/Online leckék/M4.4 – 45 mp-es peula-pitch – vázlat egy konkrét kvucára.md,szöveges-ekvivalens,produce,M4.4-DIA-05,M4.4-DIA-05::ALTTEXT,DERIVED_NOW,"a v2-ben a(z) M4.4-DIA-05 `alt-text` derivatívája, a szövegét a forrásblokk adja"
M4.4-DIA-02,animált-diagram,Modulok/M4/Online leckék/M4.4 – 45 mp-es peula-pitch – vázlat egy konkrét kvucára.md,digitális-generálandó,produce,M4.4-DIA-02,M4.4-DIA-02,PRESERVED,azonos azonosítójú szemantikus asset a jelenlegi forrásban
M4.4-DIA-03,animált-diagram,Modulok/M4/Online leckék/M4.4 – 45 mp-es peula-pitch – vázlat egy konkrét kvucára.md,digitális-generálandó,produce,M4.4-DIA-03,M4.4-DIA-03,PRESERVED,azonos azonosítójú szemantikus asset a jelenlegi forrásban
M4.4-DIA-05,animált-diagram,Modulok/M4/Online leckék/M4.4 – 45 mp-es peula-pitch – vázlat egy konkrét kvucára.md,digitális-generálandó,produce,M4.4-DIA-05,M4.4-DIA-05,PRESERVED,azonos azonosítójú szemantikus asset a jelenlegi forrásban
M4.4-FEL-01,felirat,Modulok/M4/Online leckék/M4.4 – 45 mp-es peula-pitch – vázlat egy konkrét kvucára.md,szöveges-ekvivalens,produce,M4.4-NAR-01,M4.4-NAR-01::CAPTIONS,DERIVED_NOW,"a v2-ben a(z) M4.4-NAR-01 `captions` derivatívája, a szövegét a forrásblokk adja"
M4.4-FEL-02,felirat,Modulok/M4/Online leckék/M4.4 – 45 mp-es peula-pitch – vázlat egy konkrét kvucára.md,szöveges-ekvivalens,produce,M4.4-NAR-02,M4.4-NAR-02::CAPTIONS,DERIVED_NOW,"a v2-ben a(z) M4.4-NAR-02 `captions` derivatívája, a szövegét a forrásblokk adja"
M4.4-FEL-03,felirat,Modulok/M4/Online leckék/M4.4 – 45 mp-es peula-pitch – vázlat egy konkrét kvucára.md,szöveges-ekvivalens,produce,M4.4-NAR-03,M4.4-NAR-03::CAPTIONS,DERIVED_NOW,"a v2-ben a(z) M4.4-NAR-03 `captions` derivatívája, a szövegét a forrásblokk adja"
M4.4-FEL-05,felirat,Modulok/M4/Online leckék/M4.4 – 45 mp-es peula-pitch – vázlat egy konkrét kvucára.md,szöveges-ekvivalens,produce,M4.4-NAR-05,M4.4-NAR-05::CAPTIONS,DERIVED_NOW,"a v2-ben a(z) M4.4-NAR-05 `captions` derivatívája, a szövegét a forrásblokk adja"
M4.4-ILL-01,illusztráció,Modulok/M4/Online leckék/M4.4 – 45 mp-es peula-pitch – vázlat egy konkrét kvucára.md,digitális-generálandó,produce,M4.4-ILL-01,M4.4-ILL-01,PRESERVED,azonos azonosítójú szemantikus asset a jelenlegi forrásban
M4.4-LEI-01,leirat-transzkript,Modulok/M4/Online leckék/M4.4 – 45 mp-es peula-pitch – vázlat egy konkrét kvucára.md,szöveges-ekvivalens,produce,M4.4-NAR-01,M4.4-NAR-01::TRANSCRIPT,DERIVED_NOW,"a v2-ben a(z) M4.4-NAR-01 `transcript` derivatívája, a szövegét a forrásblokk adja"
M4.4-LEI-02,leirat-transzkript,Modulok/M4/Online leckék/M4.4 – 45 mp-es peula-pitch – vázlat egy konkrét kvucára.md,szöveges-ekvivalens,produce,M4.4-NAR-02,M4.4-NAR-02::TRANSCRIPT,DERIVED_NOW,"a v2-ben a(z) M4.4-NAR-02 `transcript` derivatívája, a szövegét a forrásblokk adja"
M4.4-LEI-03,leirat-transzkript,Modulok/M4/Online leckék/M4.4 – 45 mp-es peula-pitch – vázlat egy konkrét kvucára.md,szöveges-ekvivalens,produce,M4.4-NAR-03,M4.4-NAR-03::TRANSCRIPT,DERIVED_NOW,"a v2-ben a(z) M4.4-NAR-03 `transcript` derivatívája, a szövegét a forrásblokk adja"
M4.4-LEI-05,leirat-transzkript,Modulok/M4/Online leckék/M4.4 – 45 mp-es peula-pitch – vázlat egy konkrét kvucára.md,szöveges-ekvivalens,produce,M4.4-NAR-05,M4.4-NAR-05::TRANSCRIPT,DERIVED_NOW,"a v2-ben a(z) M4.4-NAR-05 `transcript` derivatívája, a szövegét a forrásblokk adja"
M4.4-NAR-01,narráció,Modulok/M4/Online leckék/M4.4 – 45 mp-es peula-pitch – vázlat egy konkrét kvucára.md,digitális-generálandó,produce,M4.4-NAR-01,M4.4-NAR-01,PRESERVED,azonos azonosítójú szemantikus asset a jelenlegi forrásban
M4.4-NAR-02,narráció,Modulok/M4/Online leckék/M4.4 – 45 mp-es peula-pitch – vázlat egy konkrét kvucára.md,digitális-generálandó,produce,M4.4-NAR-02,M4.4-NAR-02,PRESERVED,azonos azonosítójú szemantikus asset a jelenlegi forrásban
M4.4-NAR-03,narráció,Modulok/M4/Online leckék/M4.4 – 45 mp-es peula-pitch – vázlat egy konkrét kvucára.md,digitális-generálandó,produce,M4.4-NAR-03,M4.4-NAR-03,PRESERVED,azonos azonosítójú szemantikus asset a jelenlegi forrásban
M4.4-NAR-05,narráció,Modulok/M4/Online leckék/M4.4 – 45 mp-es peula-pitch – vázlat egy konkrét kvucára.md,digitális-generálandó,produce,M4.4-NAR-05,M4.4-NAR-05,PRESERVED,azonos azonosítójú szemantikus asset a jelenlegi forrásban
M4.A-KART-01,print-kártya,Modulok/M4/Peulák/M4.A – Állj oda! – Kiállás & jelenlét a térben.md,print-fizikai,produce,M4.A-KART-01,M4.A-KART-01,PRESERVED,azonos azonosítójú szemantikus asset a jelenlegi forrásban
M4.A-MUNK-01,print-munkalap,Modulok/M4/Peulák/M4.A – Állj oda! – Kiállás & jelenlét a térben.md,print-fizikai,produce,M4.A-MUNK-01,M4.A-MUNK-01,PRESERVED,azonos azonosítójú szemantikus asset a jelenlegi forrásban
M4.A-MUNK-02,print-munkalap,Modulok/M4/Peulák/M4.A – Állj oda! – Kiállás & jelenlét a térben.md,print-fizikai,produce,M4.A-MUNK-02,M4.A-MUNK-02,PRESERVED,azonos azonosítójú szemantikus asset a jelenlegi forrásban
M4.A-MUNK-03,print-munkalap,Modulok/M4/Peulák/M4.A – Állj oda! – Kiállás & jelenlét a térben.md,print-fizikai,produce,M4.A-MUNK-03,M4.A-MUNK-03,PRESERVED,azonos azonosítójú szemantikus asset a jelenlegi forrásban
M4.A-POSZ-01,print-poszter,Modulok/M4/Peulák/M4.A – Állj oda! – Kiállás & jelenlét a térben.md,print-fizikai,produce,M4.A-POSZ-01,M4.A-POSZ-01,PRESERVED,azonos azonosítójú szemantikus asset a jelenlegi forrásban
M4.B-ALT-01,alt-szöveg,Modulok/M4/Peulák/M4.B – Mit és hogyan kérdezek – Kérdezés & pitch gyakorlása.md,szöveges-ekvivalens,produce,M4.B-POSZ-01,M4.B-POSZ-01,MERGED_INTO_PARENT,a v2-ben a(z) M4.B-POSZ-01 deklarációjának része (nincs külön legyártandó `alt-text` deliverable)
M4.B-MUNK-01,print-munkalap,Modulok/M4/Peulák/M4.B – Mit és hogyan kérdezek – Kérdezés & pitch gyakorlása.md,print-fizikai,produce,M4.B-MUNK-01,M4.B-MUNK-01,PRESERVED,azonos azonosítójú szemantikus asset a jelenlegi forrásban
M4.B-MUNK-02,print-munkalap,Modulok/M4/Peulák/M4.B – Mit és hogyan kérdezek – Kérdezés & pitch gyakorlása.md,print-fizikai,produce,M4.B-MUNK-02,M4.B-MUNK-02,PRESERVED,azonos azonosítójú szemantikus asset a jelenlegi forrásban
M4.B-MUNK-03,print-munkalap,Modulok/M4/Peulák/M4.B – Mit és hogyan kérdezek – Kérdezés & pitch gyakorlása.md,print-fizikai,produce,M4.B-MUNK-03,M4.B-MUNK-03,PRESERVED,azonos azonosítójú szemantikus asset a jelenlegi forrásban
M4.B-POSZ-01,print-poszter,Modulok/M4/Peulák/M4.B – Mit és hogyan kérdezek – Kérdezés & pitch gyakorlása.md,print-fizikai,produce,M4.B-POSZ-01,M4.B-POSZ-01,PRESERVED,azonos azonosítójú szemantikus asset a jelenlegi forrásban
M4.F-EGY-01,egyéb,"Modulok/M4/Peulák/M4.F – Felzárkóztató peula – Test, hang, kérdések & pitch (Study Lab).md",print-fizikai,produce,M4.F-EGY-01,M4.F-EGY-01,PRESERVED,azonos azonosítójú szemantikus asset a jelenlegi forrásban
M4.F-EGY-02,egyéb,"Modulok/M4/Peulák/M4.F – Felzárkóztató peula – Test, hang, kérdések & pitch (Study Lab).md",print-fizikai,produce,M4.F-EGY-02,M4.F-EGY-02,PRESERVED,azonos azonosítójú szemantikus asset a jelenlegi forrásban
M4.F-MUNK-01,print-munkalap,"Modulok/M4/Peulák/M4.F – Felzárkóztató peula – Test, hang, kérdések & pitch (Study Lab).md",print-fizikai,produce,M4.F-MUNK-01,M4.F-MUNK-01,PRESERVED,azonos azonosítójú szemantikus asset a jelenlegi forrásban
M4.F-MUNK-02,print-munkalap,"Modulok/M4/Peulák/M4.F – Felzárkóztató peula – Test, hang, kérdések & pitch (Study Lab).md",print-fizikai,produce,M4.F-MUNK-02,M4.F-MUNK-02,PRESERVED,azonos azonosítójú szemantikus asset a jelenlegi forrásban
M4.F-POSZ-01,print-poszter,"Modulok/M4/Peulák/M4.F – Felzárkóztató peula – Test, hang, kérdések & pitch (Study Lab).md",print-fizikai,produce,M4.F-POSZ-01,M4.F-POSZ-01,PRESERVED,azonos azonosítójú szemantikus asset a jelenlegi forrásban
M4.F-POSZ-02,print-poszter,"Modulok/M4/Peulák/M4.F – Felzárkóztató peula – Test, hang, kérdések & pitch (Study Lab).md",print-fizikai,produce,M4.F-POSZ-02,M4.F-POSZ-02,PRESERVED,azonos azonosítójú szemantikus asset a jelenlegi forrásban
M5.1-ALT-01,alt-szöveg,"Modulok/M5/Online leckék/M5.1 – Mi a nonformális nevelés – Suli, Somer, random.md",szöveges-ekvivalens,produce,M5.1-VID-01,M5.1-VID-01,MERGED_INTO_PARENT,a v2-ben a(z) M5.1-VID-01 deklarációjának része (nincs külön legyártandó `alt-text` deliverable)
M5.1-ALT-02,alt-szöveg,"Modulok/M5/Online leckék/M5.1 – Mi a nonformális nevelés – Suli, Somer, random.md",szöveges-ekvivalens,produce,M5.1-DIA-01,M5.1-DIA-01::ALTTEXT,DERIVED_NOW,"a v2-ben a(z) M5.1-DIA-01 `alt-text` derivatívája, a szövegét a forrásblokk adja"
M5.1-ALT-03,alt-szöveg,"Modulok/M5/Online leckék/M5.1 – Mi a nonformális nevelés – Suli, Somer, random.md",szöveges-ekvivalens,produce,M5.1-DIA-01,M5.1-DIA-01::ALTTEXT,DERIVED_NOW,"a v2-ben a(z) M5.1-DIA-01 `alt-text` derivatívája, a szövegét a forrásblokk adja"
M5.1-ALT-04,alt-szöveg,"Modulok/M5/Online leckék/M5.1 – Mi a nonformális nevelés – Suli, Somer, random.md",szöveges-ekvivalens,produce,M5.1-VID-02,M5.1-VID-02,MERGED_INTO_PARENT,a v2-ben a(z) M5.1-VID-02 deklarációjának része (nincs külön legyártandó `alt-text` deliverable)
M5.1-DIA-01,animált-diagram,"Modulok/M5/Online leckék/M5.1 – Mi a nonformális nevelés – Suli, Somer, random.md",digitális-generálandó,produce,M5.1-DIA-01,M5.1-DIA-01,PRESERVED,azonos azonosítójú szemantikus asset a jelenlegi forrásban
M5.1-EGY-01,egyéb,"Modulok/M5/Online leckék/M5.1 – Mi a nonformális nevelés – Suli, Somer, random.md",szöveges-ekvivalens,produce,M5.1-EGY-01,M5.1-EGY-01,PRESERVED,azonos azonosítójú szemantikus asset a jelenlegi forrásban
M5.1-FEL-01,felirat,"Modulok/M5/Online leckék/M5.1 – Mi a nonformális nevelés – Suli, Somer, random.md",szöveges-ekvivalens,produce,M5.1-VID-01,M5.1-VID-01::CAPTIONS,DERIVED_NOW,"a v2-ben a(z) M5.1-VID-01 `captions` derivatívája, a szövegét a forrásblokk adja"
M5.1-FEL-02,felirat,"Modulok/M5/Online leckék/M5.1 – Mi a nonformális nevelés – Suli, Somer, random.md",szöveges-ekvivalens,produce,M5.1-NAR-02,M5.1-NAR-02::CAPTIONS,DERIVED_NOW,"a v2-ben a(z) M5.1-NAR-02 `captions` derivatívája, a szövegét a forrásblokk adja"
M5.1-FEL-03,felirat,"Modulok/M5/Online leckék/M5.1 – Mi a nonformális nevelés – Suli, Somer, random.md",szöveges-ekvivalens,produce,M5.1-VID-02,M5.1-VID-02::CAPTIONS,DERIVED_NOW,"a v2-ben a(z) M5.1-VID-02 `captions` derivatívája, a szövegét a forrásblokk adja"
M5.1-IKO-01,ikon-készlet,"Modulok/M5/Online leckék/M5.1 – Mi a nonformális nevelés – Suli, Somer, random.md",digitális-generálandó,produce,M5.1-IKO-01,M5.1-IKO-01,PRESERVED,azonos azonosítójú szemantikus asset a jelenlegi forrásban
M5.1-LEI-01,leirat-transzkript,"Modulok/M5/Online leckék/M5.1 – Mi a nonformális nevelés – Suli, Somer, random.md",szöveges-ekvivalens,produce,M5.1-VID-01,M5.1-VID-01::TRANSCRIPT,DERIVED_NOW,"a v2-ben a(z) M5.1-VID-01 `transcript` derivatívája, a szövegét a forrásblokk adja"
M5.1-LEI-02,leirat-transzkript,"Modulok/M5/Online leckék/M5.1 – Mi a nonformális nevelés – Suli, Somer, random.md",szöveges-ekvivalens,produce,M5.1-NAR-02,M5.1-NAR-02::TRANSCRIPT,DERIVED_NOW,"a v2-ben a(z) M5.1-NAR-02 `transcript` derivatívája, a szövegét a forrásblokk adja"
M5.1-LEI-03,leirat-transzkript,"Modulok/M5/Online leckék/M5.1 – Mi a nonformális nevelés – Suli, Somer, random.md",szöveges-ekvivalens,produce,M5.1-VID-02,M5.1-VID-02::TRANSCRIPT,DERIVED_NOW,"a v2-ben a(z) M5.1-VID-02 `transcript` derivatívája, a szövegét a forrásblokk adja"
M5.1-NAR-01,narráció,"Modulok/M5/Online leckék/M5.1 – Mi a nonformális nevelés – Suli, Somer, random.md",digitális-generálandó,produce,M5.1-VID-01,M5.1-VID-01::VOICEOVER,DERIVED_NOW,"a v2-ben a(z) M5.1-VID-01 `voiceover` derivatívája, a szövegét a forrásblokk adja"
M5.1-NAR-02,narráció,"Modulok/M5/Online leckék/M5.1 – Mi a nonformális nevelés – Suli, Somer, random.md",digitális-generálandó,produce,M5.1-NAR-02,M5.1-NAR-02,PRESERVED,azonos azonosítójú szemantikus asset a jelenlegi forrásban
M5.1-NAR-03,narráció,"Modulok/M5/Online leckék/M5.1 – Mi a nonformális nevelés – Suli, Somer, random.md",digitális-generálandó,produce,M5.1-VID-02,M5.1-VID-02::VOICEOVER,DERIVED_NOW,"a v2-ben a(z) M5.1-VID-02 `voiceover` derivatívája, a szövegét a forrásblokk adja"
M5.1-VID-01,beszélőfej-videó,"Modulok/M5/Online leckék/M5.1 – Mi a nonformális nevelés – Suli, Somer, random.md",digitális-generálandó,produce,M5.1-VID-01,M5.1-VID-01,PRESERVED,azonos azonosítójú szemantikus asset a jelenlegi forrásban
M5.1-VID-02,beszélőfej-videó,"Modulok/M5/Online leckék/M5.1 – Mi a nonformális nevelés – Suli, Somer, random.md",digitális-generálandó,produce,M5.1-VID-02,M5.1-VID-02,PRESERVED,azonos azonosítójú szemantikus asset a jelenlegi forrásban
M5.2-ALT-01,alt-szöveg,Modulok/M5/Online leckék/M5.2 – Feladat → módszer döntési fa – Mit választok először.md,szöveges-ekvivalens,produce,M5.2-DIA-01,M5.2-DIA-01::ALTTEXT,DERIVED_NOW,"a v2-ben a(z) M5.2-DIA-01 `alt-text` derivatívája, a szövegét a forrásblokk adja"
M5.2-ALT-02,alt-szöveg,Modulok/M5/Online leckék/M5.2 – Feladat → módszer döntési fa – Mit választok először.md,szöveges-ekvivalens,produce,M5.2-DIA-02,M5.2-DIA-02::ALTTEXT,DERIVED_NOW,"a v2-ben a(z) M5.2-DIA-02 `alt-text` derivatívája, a szövegét a forrásblokk adja"
M5.2-ALT-03,alt-szöveg,Modulok/M5/Online leckék/M5.2 – Feladat → módszer döntési fa – Mit választok először.md,szöveges-ekvivalens,produce,M5.2-ILL-01,M5.2-ILL-01::ALTTEXT,DERIVED_NOW,"a v2-ben a(z) M5.2-ILL-01 `alt-text` derivatívája, a szövegét a forrásblokk adja"
M5.2-DIA-01,animált-diagram,Modulok/M5/Online leckék/M5.2 – Feladat → módszer döntési fa – Mit választok először.md,digitális-generálandó,produce,M5.2-DIA-01,M5.2-DIA-01,PRESERVED,azonos azonosítójú szemantikus asset a jelenlegi forrásban
M5.2-DIA-02,animált-diagram,Modulok/M5/Online leckék/M5.2 – Feladat → módszer döntési fa – Mit választok először.md,digitális-generálandó,produce,M5.2-DIA-02,M5.2-DIA-02,PRESERVED,azonos azonosítójú szemantikus asset a jelenlegi forrásban
M5.2-IKO-01,ikon-készlet,Modulok/M5/Online leckék/M5.2 – Feladat → módszer döntési fa – Mit választok először.md,digitális-generálandó,produce,M5.2-IKO-01,M5.2-IKO-01,PRESERVED,azonos azonosítójú szemantikus asset a jelenlegi forrásban
M5.2-ILL-01,illusztráció,Modulok/M5/Online leckék/M5.2 – Feladat → módszer döntési fa – Mit választok először.md,digitális-generálandó,produce,M5.2-ILL-01,M5.2-ILL-01,PRESERVED,azonos azonosítójú szemantikus asset a jelenlegi forrásban
M5.2-MUNK-01,print-munkalap,Modulok/M5/Online leckék/M5.2 – Feladat → módszer döntési fa – Mit választok először.md,print-fizikai,produce,M5.2-MUNK-01,M5.2-MUNK-01,PRESERVED,azonos azonosítójú szemantikus asset a jelenlegi forrásban
M5.3-ALT-01,alt-szöveg,"Modulok/M5/Online leckék/M5.3 – Hogyan tanulunk tényleg – Gyakorlás, visszahívás, spacing.md",szöveges-ekvivalens,produce,M5.3-ILL-01,M5.3-ILL-01::ALTTEXT,DERIVED_NOW,"a v2-ben a(z) M5.3-ILL-01 `alt-text` derivatívája, a szövegét a forrásblokk adja"
M5.3-ALT-02,alt-szöveg,"Modulok/M5/Online leckék/M5.3 – Hogyan tanulunk tényleg – Gyakorlás, visszahívás, spacing.md",szöveges-ekvivalens,produce,M5.3-IKO-01,M5.3-IKO-01::ALTTEXT,DERIVED_NOW,"a v2-ben a(z) M5.3-IKO-01 `alt-text` derivatívája, a szövegét a forrásblokk adja"
M5.3-ALT-03,alt-szöveg,"Modulok/M5/Online leckék/M5.3 – Hogyan tanulunk tényleg – Gyakorlás, visszahívás, spacing.md",szöveges-ekvivalens,produce,M5.3-ILL-02,M5.3-ILL-02::ALTTEXT,DERIVED_NOW,"a v2-ben a(z) M5.3-ILL-02 `alt-text` derivatívája, a szövegét a forrásblokk adja"
M5.3-EGY-01,egyéb,"Modulok/M5/Online leckék/M5.3 – Hogyan tanulunk tényleg – Gyakorlás, visszahívás, spacing.md",digitális-generálandó,produce,M5.3-EGY-01,M5.3-EGY-01,PRESERVED,azonos azonosítójú szemantikus asset a jelenlegi forrásban
M5.3-FEL-01,felirat,"Modulok/M5/Online leckék/M5.3 – Hogyan tanulunk tényleg – Gyakorlás, visszahívás, spacing.md",szöveges-ekvivalens,produce,M5.3-NAR-01,M5.3-NAR-01::CAPTIONS,DERIVED_NOW,"a v2-ben a(z) M5.3-NAR-01 `captions` derivatívája, a szövegét a forrásblokk adja"
M5.3-IKO-01,ikon-készlet,"Modulok/M5/Online leckék/M5.3 – Hogyan tanulunk tényleg – Gyakorlás, visszahívás, spacing.md",digitális-generálandó,produce,M5.3-IKO-01,M5.3-IKO-01,PRESERVED,azonos azonosítójú szemantikus asset a jelenlegi forrásban
M5.3-ILL-01,illusztráció,"Modulok/M5/Online leckék/M5.3 – Hogyan tanulunk tényleg – Gyakorlás, visszahívás, spacing.md",digitális-generálandó,produce,M5.3-ILL-01,M5.3-ILL-01,PRESERVED,azonos azonosítójú szemantikus asset a jelenlegi forrásban
M5.3-ILL-02,illusztráció,"Modulok/M5/Online leckék/M5.3 – Hogyan tanulunk tényleg – Gyakorlás, visszahívás, spacing.md",digitális-generálandó,produce,M5.3-ILL-02,M5.3-ILL-02,PRESERVED,azonos azonosítójú szemantikus asset a jelenlegi forrásban
M5.3-LEI-01,leirat-transzkript,"Modulok/M5/Online leckék/M5.3 – Hogyan tanulunk tényleg – Gyakorlás, visszahívás, spacing.md",szöveges-ekvivalens,produce,M5.3-NAR-01,M5.3-NAR-01::TRANSCRIPT,DERIVED_NOW,"a v2-ben a(z) M5.3-NAR-01 `transcript` derivatívája, a szövegét a forrásblokk adja"
M5.3-NAR-01,narráció,"Modulok/M5/Online leckék/M5.3 – Hogyan tanulunk tényleg – Gyakorlás, visszahívás, spacing.md",digitális-generálandó,produce,M5.3-NAR-01,M5.3-NAR-01,PRESERVED,azonos azonosítójú szemantikus asset a jelenlegi forrásban
M5.4-ILL-01,illusztráció,Modulok/M5/Online leckék/M5.4 – Cél–kvuca–módszer mini-táblázat – saját adatbázisod madrichként.md,digitális-generálandó,produce,M5.4-ILL-01,M5.4-ILL-01,PRESERVED,azonos azonosítójú szemantikus asset a jelenlegi forrásban
M5.4-MUNK-01,print-munkalap,Modulok/M5/Online leckék/M5.4 – Cél–kvuca–módszer mini-táblázat – saját adatbázisod madrichként.md,print-fizikai,produce,M5.4-MUNK-01,M5.4-MUNK-01,PRESERVED,azonos azonosítójú szemantikus asset a jelenlegi forrásban
M5.A-EGY-01,egyéb,"Modulok/M5/M5 – Ez most játék vagy tanulás – Nonformális nevelés, módszerválasztás & tanulástan.md",print-fizikai,produce,M5-HUB-EGY-01,M5-HUB-EGY-01,CHANGED,azonosító a v2 egység-névtérre változott (M5.A-EGY-01 → M5-HUB-EGY-01)
M5.A-KART-01,print-kártya,"Modulok/M5/Peulák/M5.A – Suli, Somer vagy random – Hol tanulunk és hogyan.md",print-fizikai,produce,M5.A-KART-01,M5.A-KART-01,PRESERVED,azonos azonosítójú szemantikus asset a jelenlegi forrásban
M5.A-MUNK-01,print-munkalap,"Modulok/M5/Peulák/M5.A – Suli, Somer vagy random – Hol tanulunk és hogyan.md",print-fizikai,produce,M5.A-MUNK-01,M5.A-MUNK-01,PRESERVED,azonos azonosítójú szemantikus asset a jelenlegi forrásban
M5.A-MUNK-02,print-munkalap,"Modulok/M5/Peulák/M5.A – Suli, Somer vagy random – Hol tanulunk és hogyan.md",print-fizikai,produce,M5.A-MUNK-02,M5.A-MUNK-02,PRESERVED,azonos azonosítójú szemantikus asset a jelenlegi forrásban
M5.A-POSZ-01,print-poszter,"Modulok/M5/Peulák/M5.A – Suli, Somer vagy random – Hol tanulunk és hogyan.md",print-fizikai,dedup-tag,M5.A-POSZ-01,M5.A-POSZ-01,PRESERVED,azonos azonosítójú szemantikus asset a jelenlegi forrásban
M5.B-KART-01,print-kártya,Modulok/M5/Peulák/M5.B – Tervezek egy nonformális peula-részletet – hogy tényleg tanuljunk is.md,print-fizikai,produce,M5.B-KART-01,M5.B-KART-01,PRESERVED,azonos azonosítójú szemantikus asset a jelenlegi forrásban
M5.B-KART-02,print-kártya,Modulok/M5/Peulák/M5.B – Tervezek egy nonformális peula-részletet – hogy tényleg tanuljunk is.md,print-fizikai,produce,M5.B-KART-02,M5.B-KART-02,PRESERVED,azonos azonosítójú szemantikus asset a jelenlegi forrásban
M5.B-MUNK-01,print-munkalap,Modulok/M5/Peulák/M5.B – Tervezek egy nonformális peula-részletet – hogy tényleg tanuljunk is.md,print-fizikai,produce,M5.B-MUNK-01,M5.B-MUNK-01,PRESERVED,azonos azonosítójú szemantikus asset a jelenlegi forrásban
M5.B-MUNK-02,print-munkalap,Modulok/M5/Peulák/M5.B – Tervezek egy nonformális peula-részletet – hogy tényleg tanuljunk is.md,print-fizikai,produce,M5.B-MUNK-02,M5.B-MUNK-02,PRESERVED,azonos azonosítójú szemantikus asset a jelenlegi forrásban
M5.B-MUNK-03,print-munkalap,Modulok/M5/Peulák/M5.B – Tervezek egy nonformális peula-részletet – hogy tényleg tanuljunk is.md,print-fizikai,produce,M5.B-MUNK-03,M5.B-MUNK-03,PRESERVED,azonos azonosítójú szemantikus asset a jelenlegi forrásban
M5.F-MUNK-01,print-munkalap,"Modulok/M5/Peulák/M5.F – Felzárkóztató peula – Suli, Somer & tanulástan (Study Lab).md",print-fizikai,produce,M5.F-MUNK-01,M5.F-MUNK-01,PRESERVED,azonos azonosítójú szemantikus asset a jelenlegi forrásban
M5.F-POSZ-01,print-poszter,"Modulok/M5/Peulák/M5.F – Felzárkóztató peula – Suli, Somer & tanulástan (Study Lab).md",print-fizikai,produce,M5.F-POSZ-01,M5.F-POSZ-01,PRESERVED,azonos azonosítójú szemantikus asset a jelenlegi forrásban
M5.F-POSZ-02,print-poszter,"Modulok/M5/Peulák/M5.F – Felzárkóztató peula – Suli, Somer & tanulástan (Study Lab).md",print-fizikai,produce,M5.F-POSZ-02,M5.F-POSZ-02,PRESERVED,azonos azonosítójú szemantikus asset a jelenlegi forrásban
M6-MUNK-01,print-munkalap,"Modulok/M6/M6 – Toolbox – játék, történet, kézműves & inkluzivitás.md",print-fizikai,dedup-tag,M6-HUB-MUNK-01,,REUSE,explicit újrahasznosítás: M6-HUB-MUNK-01 → M6.B-MUNK-01
M6.1-ALT-01,alt-szöveg,Modulok/M6/Online leckék/M6.1 – Játék-kategóriák 4 kvucára.md,szöveges-ekvivalens,produce,M6.1-DIA-01,M6.1-DIA-01::ALTTEXT,DERIVED_NOW,"a v2-ben a(z) M6.1-DIA-01 `alt-text` derivatívája, a szövegét a forrásblokk adja"
M6.1-ALT-02,alt-szöveg,Modulok/M6/Online leckék/M6.1 – Játék-kategóriák 4 kvucára.md,szöveges-ekvivalens,produce,M6.1-IKO-01,M6.1-IKO-01::ALTTEXT,DERIVED_NOW,"a v2-ben a(z) M6.1-IKO-01 `alt-text` derivatívája, a szövegét a forrásblokk adja"
M6.1-ALT-03,alt-szöveg,Modulok/M6/Online leckék/M6.1 – Játék-kategóriák 4 kvucára.md,szöveges-ekvivalens,produce,M6.1-ILL-01,M6.1-ILL-01::ALTTEXT,DERIVED_NOW,"a v2-ben a(z) M6.1-ILL-01 `alt-text` derivatívája, a szövegét a forrásblokk adja"
M6.1-ALT-04,alt-szöveg,Modulok/M6/Online leckék/M6.1 – Játék-kategóriák 4 kvucára.md,szöveges-ekvivalens,produce,M6.1-ILL-02,M6.1-ILL-02::ALTTEXT,DERIVED_NOW,"a v2-ben a(z) M6.1-ILL-02 `alt-text` derivatívája, a szövegét a forrásblokk adja"
M6.1-ALT-05,alt-szöveg,Modulok/M6/Online leckék/M6.1 – Játék-kategóriák 4 kvucára.md,szöveges-ekvivalens,produce,M6.1-ILL-03,M6.1-ILL-03::ALTTEXT,DERIVED_NOW,"a v2-ben a(z) M6.1-ILL-03 `alt-text` derivatívája, a szövegét a forrásblokk adja"
M6.1-DIA-01,animált-diagram,Modulok/M6/Online leckék/M6.1 – Játék-kategóriák 4 kvucára.md,digitális-generálandó,produce,M6.1-DIA-01,M6.1-DIA-01,PRESERVED,azonos azonosítójú szemantikus asset a jelenlegi forrásban
M6.1-EGY-01,egyéb,Modulok/M6/Online leckék/M6.1 – Játék-kategóriák 4 kvucára.md,szöveges-ekvivalens,produce,M6.1-EGY-01,M6.1-EGY-01,PRESERVED,azonos azonosítójú szemantikus asset a jelenlegi forrásban
M6.1-EGY-02,egyéb,Modulok/M6/Online leckék/M6.1 – Játék-kategóriák 4 kvucára.md,digitális-generálandó,produce,M6.1-EGY-02,M6.1-EGY-02,PRESERVED,azonos azonosítójú szemantikus asset a jelenlegi forrásban
M6.1-EGY-03,egyéb,Modulok/M6/Online leckék/M6.1 – Játék-kategóriák 4 kvucára.md,digitális-generálandó,produce,M6.1-EGY-03,M6.1-EGY-03,PRESERVED,azonos azonosítójú szemantikus asset a jelenlegi forrásban
M6.1-EGY-04,egyéb,Modulok/M6/Online leckék/M6.1 – Játék-kategóriák 4 kvucára.md,digitális-generálandó,produce,M6.1-EGY-04,M6.1-EGY-04,PRESERVED,azonos azonosítójú szemantikus asset a jelenlegi forrásban
M6.1-EGY-05,egyéb,Modulok/M6/Online leckék/M6.1 – Játék-kategóriák 4 kvucára.md,digitális-generálandó,produce,M6.1-EGY-05,M6.1-EGY-05,PRESERVED,azonos azonosítójú szemantikus asset a jelenlegi forrásban
M6.1-EGY-06,egyéb,Modulok/M6/Online leckék/M6.1 – Játék-kategóriák 4 kvucára.md,digitális-generálandó,produce,M6.1-EGY-06,M6.1-EGY-06,PRESERVED,azonos azonosítójú szemantikus asset a jelenlegi forrásban
M6.1-EGY-07,egyéb,Modulok/M6/Online leckék/M6.1 – Játék-kategóriák 4 kvucára.md,digitális-generálandó,produce,M6.1-EGY-07,M6.1-EGY-07,PRESERVED,azonos azonosítójú szemantikus asset a jelenlegi forrásban
M6.1-EGY-08,egyéb,Modulok/M6/Online leckék/M6.1 – Játék-kategóriák 4 kvucára.md,digitális-generálandó,produce,M6.1-EGY-08,M6.1-EGY-08,PRESERVED,azonos azonosítójú szemantikus asset a jelenlegi forrásban
M6.1-EGY-09,egyéb,Modulok/M6/Online leckék/M6.1 – Játék-kategóriák 4 kvucára.md,digitális-generálandó,produce,M6.1-EGY-09,M6.1-EGY-09,PRESERVED,azonos azonosítójú szemantikus asset a jelenlegi forrásban
M6.1-EGY-10,egyéb,Modulok/M6/Online leckék/M6.1 – Játék-kategóriák 4 kvucára.md,digitális-generálandó,produce,M6.1-EGY-10,M6.1-EGY-10,PRESERVED,azonos azonosítójú szemantikus asset a jelenlegi forrásban
M6.1-EGY-11,egyéb,Modulok/M6/Online leckék/M6.1 – Játék-kategóriák 4 kvucára.md,digitális-generálandó,produce,M6.1-EGY-11,M6.1-EGY-11,PRESERVED,azonos azonosítójú szemantikus asset a jelenlegi forrásban
M6.1-FEL-01,felirat,Modulok/M6/Online leckék/M6.1 – Játék-kategóriák 4 kvucára.md,szöveges-ekvivalens,produce,M6.1-VID-01,M6.1-VID-01::CAPTIONS,DERIVED_NOW,"a v2-ben a(z) M6.1-VID-01 `captions` derivatívája, a szövegét a forrásblokk adja"
M6.1-FEL-02,felirat,Modulok/M6/Online leckék/M6.1 – Játék-kategóriák 4 kvucára.md,szöveges-ekvivalens,produce,M6.1-NAR-07,M6.1-NAR-07::CAPTIONS,DERIVED_NOW,"a v2-ben a(z) M6.1-NAR-07 `captions` derivatívája, a szövegét a forrásblokk adja"
M6.1-IKO-01,ikon-készlet,Modulok/M6/Online leckék/M6.1 – Játék-kategóriák 4 kvucára.md,digitális-generálandó,produce,M6.1-IKO-01,M6.1-IKO-01,PRESERVED,azonos azonosítójú szemantikus asset a jelenlegi forrásban
M6.1-ILL-01,illusztráció,Modulok/M6/Online leckék/M6.1 – Játék-kategóriák 4 kvucára.md,digitális-generálandó,produce,M6.1-ILL-01,M6.1-ILL-01,PRESERVED,azonos azonosítójú szemantikus asset a jelenlegi forrásban
M6.1-ILL-02,illusztráció,Modulok/M6/Online leckék/M6.1 – Játék-kategóriák 4 kvucára.md,digitális-generálandó,produce,M6.1-ILL-02,M6.1-ILL-02,PRESERVED,azonos azonosítójú szemantikus asset a jelenlegi forrásban
M6.1-ILL-03,illusztráció,Modulok/M6/Online leckék/M6.1 – Játék-kategóriák 4 kvucára.md,digitális-generálandó,produce,M6.1-ILL-03,M6.1-ILL-03,PRESERVED,azonos azonosítójú szemantikus asset a jelenlegi forrásban
M6.1-LEI-01,leirat-transzkript,Modulok/M6/Online leckék/M6.1 – Játék-kategóriák 4 kvucára.md,szöveges-ekvivalens,produce,M6.1-VID-01,M6.1-VID-01::TRANSCRIPT,DERIVED_NOW,"a v2-ben a(z) M6.1-VID-01 `transcript` derivatívája, a szövegét a forrásblokk adja"
M6.1-LEI-02,leirat-transzkript,Modulok/M6/Online leckék/M6.1 – Játék-kategóriák 4 kvucára.md,szöveges-ekvivalens,produce,M6.1-NAR-07,M6.1-NAR-07::TRANSCRIPT,DERIVED_NOW,"a v2-ben a(z) M6.1-NAR-07 `transcript` derivatívája, a szövegét a forrásblokk adja"
M6.1-LEI-03,leirat-transzkript,Modulok/M6/Online leckék/M6.1 – Játék-kategóriák 4 kvucára.md,szöveges-ekvivalens,produce,M6.1-NAR-02,M6.1-NAR-02::TRANSCRIPT,DERIVED_NOW,"a v2-ben a(z) M6.1-NAR-02 `transcript` derivatívája, a szövegét a forrásblokk adja"
M6.1-LEI-04,leirat-transzkript,Modulok/M6/Online leckék/M6.1 – Játék-kategóriák 4 kvucára.md,szöveges-ekvivalens,produce,M6.1-NAR-03,M6.1-NAR-03::TRANSCRIPT,DERIVED_NOW,"a v2-ben a(z) M6.1-NAR-03 `transcript` derivatívája, a szövegét a forrásblokk adja"
M6.1-LEI-05,leirat-transzkript,Modulok/M6/Online leckék/M6.1 – Játék-kategóriák 4 kvucára.md,szöveges-ekvivalens,produce,M6.1-NAR-04,M6.1-NAR-04::TRANSCRIPT,DERIVED_NOW,"a v2-ben a(z) M6.1-NAR-04 `transcript` derivatívája, a szövegét a forrásblokk adja"
M6.1-LEI-06,leirat-transzkript,Modulok/M6/Online leckék/M6.1 – Játék-kategóriák 4 kvucára.md,szöveges-ekvivalens,produce,M6.1-NAR-05,M6.1-NAR-05::TRANSCRIPT,DERIVED_NOW,"a v2-ben a(z) M6.1-NAR-05 `transcript` derivatívája, a szövegét a forrásblokk adja"
M6.1-LEI-07,leirat-transzkript,Modulok/M6/Online leckék/M6.1 – Játék-kategóriák 4 kvucára.md,szöveges-ekvivalens,produce,M6.1-NAR-06,M6.1-NAR-06::TRANSCRIPT,DERIVED_NOW,"a v2-ben a(z) M6.1-NAR-06 `transcript` derivatívája, a szövegét a forrásblokk adja"
M6.1-NAR-01,narráció,Modulok/M6/Online leckék/M6.1 – Játék-kategóriák 4 kvucára.md,digitális-generálandó,produce,M6.1-VID-01,M6.1-VID-01::VOICEOVER,DERIVED_NOW,"a v2-ben a(z) M6.1-VID-01 `voiceover` derivatívája, a szövegét a forrásblokk adja"
M6.1-NAR-02,narráció,Modulok/M6/Online leckék/M6.1 – Játék-kategóriák 4 kvucára.md,digitális-generálandó,produce,M6.1-NAR-02,M6.1-NAR-02,PRESERVED,azonos azonosítójú szemantikus asset a jelenlegi forrásban
M6.1-NAR-03,narráció,Modulok/M6/Online leckék/M6.1 – Játék-kategóriák 4 kvucára.md,digitális-generálandó,produce,M6.1-NAR-03,M6.1-NAR-03,PRESERVED,azonos azonosítójú szemantikus asset a jelenlegi forrásban
M6.1-NAR-04,narráció,Modulok/M6/Online leckék/M6.1 – Játék-kategóriák 4 kvucára.md,digitális-generálandó,produce,M6.1-NAR-04,M6.1-NAR-04,PRESERVED,azonos azonosítójú szemantikus asset a jelenlegi forrásban
M6.1-NAR-05,narráció,Modulok/M6/Online leckék/M6.1 – Játék-kategóriák 4 kvucára.md,digitális-generálandó,produce,M6.1-NAR-05,M6.1-NAR-05,PRESERVED,azonos azonosítójú szemantikus asset a jelenlegi forrásban
M6.1-NAR-06,narráció,Modulok/M6/Online leckék/M6.1 – Játék-kategóriák 4 kvucára.md,digitális-generálandó,produce,M6.1-NAR-06,M6.1-NAR-06,PRESERVED,azonos azonosítójú szemantikus asset a jelenlegi forrásban
M6.1-NAR-07,narráció,Modulok/M6/Online leckék/M6.1 – Játék-kategóriák 4 kvucára.md,digitális-generálandó,produce,M6.1-NAR-07,M6.1-NAR-07,PRESERVED,azonos azonosítójú szemantikus asset a jelenlegi forrásban
M6.1-VID-01,beszélőfej-videó,Modulok/M6/Online leckék/M6.1 – Játék-kategóriák 4 kvucára.md,digitális-generálandó,produce,M6.1-VID-01,M6.1-VID-01,PRESERVED,azonos azonosítójú szemantikus asset a jelenlegi forrásban
M6.2-ALT-01,alt-szöveg,"Modulok/M6/Online leckék/M6.2 – Történet, mint tükör.md",szöveges-ekvivalens,produce,M6.2-IKO-01,M6.2-IKO-01::ALTTEXT,DERIVED_NOW,"a v2-ben a(z) M6.2-IKO-01 `alt-text` derivatívája, a szövegét a forrásblokk adja"
M6.2-ALT-02,alt-szöveg,"Modulok/M6/Online leckék/M6.2 – Történet, mint tükör.md",szöveges-ekvivalens,produce,M6.2-DIA-01,M6.2-DIA-01::ALTTEXT,DERIVED_NOW,"a v2-ben a(z) M6.2-DIA-01 `alt-text` derivatívája, a szövegét a forrásblokk adja"
M6.2-DIA-01,animált-diagram,"Modulok/M6/Online leckék/M6.2 – Történet, mint tükör.md",digitális-generálandó,produce,M6.2-DIA-01,M6.2-DIA-01,PRESERVED,azonos azonosítójú szemantikus asset a jelenlegi forrásban
M6.2-FEL-01,felirat,"Modulok/M6/Online leckék/M6.2 – Történet, mint tükör.md",szöveges-ekvivalens,produce,M6.2-VID-01,M6.2-VID-01::CAPTIONS,DERIVED_NOW,"a v2-ben a(z) M6.2-VID-01 `captions` derivatívája, a szövegét a forrásblokk adja"
M6.2-FEL-02,felirat,"Modulok/M6/Online leckék/M6.2 – Történet, mint tükör.md",szöveges-ekvivalens,produce,M6.2-NAR-02,M6.2-NAR-02::CAPTIONS,DERIVED_NOW,"a v2-ben a(z) M6.2-NAR-02 `captions` derivatívája, a szövegét a forrásblokk adja"
M6.2-FEL-03,felirat,"Modulok/M6/Online leckék/M6.2 – Történet, mint tükör.md",szöveges-ekvivalens,produce,M6.2-VID-02,M6.2-VID-02::CAPTIONS,DERIVED_NOW,"a v2-ben a(z) M6.2-VID-02 `captions` derivatívája, a szövegét a forrásblokk adja"
M6.2-FEL-04,felirat,"Modulok/M6/Online leckék/M6.2 – Történet, mint tükör.md",szöveges-ekvivalens,produce,M6.2-NAR-04,M6.2-NAR-04::CAPTIONS,DERIVED_NOW,"a v2-ben a(z) M6.2-NAR-04 `captions` derivatívája, a szövegét a forrásblokk adja"
M6.2-FEL-05,felirat,"Modulok/M6/Online leckék/M6.2 – Történet, mint tükör.md",szöveges-ekvivalens,produce,M6.2-NAR-05,M6.2-NAR-05::CAPTIONS,DERIVED_NOW,"a v2-ben a(z) M6.2-NAR-05 `captions` derivatívája, a szövegét a forrásblokk adja"
M6.2-FEL-06,felirat,"Modulok/M6/Online leckék/M6.2 – Történet, mint tükör.md",szöveges-ekvivalens,produce,M6.2-NAR-06,M6.2-NAR-06::CAPTIONS,DERIVED_NOW,"a v2-ben a(z) M6.2-NAR-06 `captions` derivatívája, a szövegét a forrásblokk adja"
M6.2-FEL-07,felirat,"Modulok/M6/Online leckék/M6.2 – Történet, mint tükör.md",szöveges-ekvivalens,produce,M6.2-NAR-07,M6.2-NAR-07::CAPTIONS,DERIVED_NOW,"a v2-ben a(z) M6.2-NAR-07 `captions` derivatívája, a szövegét a forrásblokk adja"
M6.2-IKO-01,ikon-készlet,"Modulok/M6/Online leckék/M6.2 – Történet, mint tükör.md",digitális-generálandó,produce,M6.2-IKO-01,M6.2-IKO-01,PRESERVED,azonos azonosítójú szemantikus asset a jelenlegi forrásban
M6.2-LEI-01,leirat-transzkript,"Modulok/M6/Online leckék/M6.2 – Történet, mint tükör.md",szöveges-ekvivalens,produce,M6.2-VID-01,M6.2-VID-01::TRANSCRIPT,DERIVED_NOW,"a v2-ben a(z) M6.2-VID-01 `transcript` derivatívája, a szövegét a forrásblokk adja"
M6.2-LEI-02,leirat-transzkript,"Modulok/M6/Online leckék/M6.2 – Történet, mint tükör.md",szöveges-ekvivalens,produce,M6.2-NAR-02,M6.2-NAR-02::TRANSCRIPT,DERIVED_NOW,"a v2-ben a(z) M6.2-NAR-02 `transcript` derivatívája, a szövegét a forrásblokk adja"
M6.2-LEI-03,leirat-transzkript,"Modulok/M6/Online leckék/M6.2 – Történet, mint tükör.md",szöveges-ekvivalens,produce,M6.2-VID-02,M6.2-VID-02::TRANSCRIPT,DERIVED_NOW,"a v2-ben a(z) M6.2-VID-02 `transcript` derivatívája, a szövegét a forrásblokk adja"
M6.2-LEI-04,leirat-transzkript,"Modulok/M6/Online leckék/M6.2 – Történet, mint tükör.md",szöveges-ekvivalens,produce,M6.2-NAR-04,M6.2-NAR-04::TRANSCRIPT,DERIVED_NOW,"a v2-ben a(z) M6.2-NAR-04 `transcript` derivatívája, a szövegét a forrásblokk adja"
M6.2-LEI-05,leirat-transzkript,"Modulok/M6/Online leckék/M6.2 – Történet, mint tükör.md",szöveges-ekvivalens,produce,M6.2-NAR-05,M6.2-NAR-05::TRANSCRIPT,DERIVED_NOW,"a v2-ben a(z) M6.2-NAR-05 `transcript` derivatívája, a szövegét a forrásblokk adja"
M6.2-LEI-06,leirat-transzkript,"Modulok/M6/Online leckék/M6.2 – Történet, mint tükör.md",szöveges-ekvivalens,produce,M6.2-NAR-06,M6.2-NAR-06::TRANSCRIPT,DERIVED_NOW,"a v2-ben a(z) M6.2-NAR-06 `transcript` derivatívája, a szövegét a forrásblokk adja"
M6.2-LEI-07,leirat-transzkript,"Modulok/M6/Online leckék/M6.2 – Történet, mint tükör.md",szöveges-ekvivalens,produce,M6.2-NAR-07,M6.2-NAR-07::TRANSCRIPT,DERIVED_NOW,"a v2-ben a(z) M6.2-NAR-07 `transcript` derivatívája, a szövegét a forrásblokk adja"
M6.2-NAR-01,narráció,"Modulok/M6/Online leckék/M6.2 – Történet, mint tükör.md",digitális-generálandó,produce,M6.2-VID-01,M6.2-VID-01::VOICEOVER,DERIVED_NOW,"a v2-ben a(z) M6.2-VID-01 `voiceover` derivatívája, a szövegét a forrásblokk adja"
M6.2-NAR-02,narráció,"Modulok/M6/Online leckék/M6.2 – Történet, mint tükör.md",digitális-generálandó,produce,M6.2-NAR-02,M6.2-NAR-02,PRESERVED,azonos azonosítójú szemantikus asset a jelenlegi forrásban
M6.2-NAR-03,narráció,"Modulok/M6/Online leckék/M6.2 – Történet, mint tükör.md",digitális-generálandó,produce,M6.2-VID-02,M6.2-VID-02::VOICEOVER,DERIVED_NOW,"a v2-ben a(z) M6.2-VID-02 `voiceover` derivatívája, a szövegét a forrásblokk adja"
M6.2-NAR-04,narráció,"Modulok/M6/Online leckék/M6.2 – Történet, mint tükör.md",digitális-generálandó,produce,M6.2-NAR-04,M6.2-NAR-04,PRESERVED,azonos azonosítójú szemantikus asset a jelenlegi forrásban
M6.2-NAR-05,narráció,"Modulok/M6/Online leckék/M6.2 – Történet, mint tükör.md",digitális-generálandó,produce,M6.2-NAR-05,M6.2-NAR-05,PRESERVED,azonos azonosítójú szemantikus asset a jelenlegi forrásban
M6.2-NAR-06,narráció,"Modulok/M6/Online leckék/M6.2 – Történet, mint tükör.md",digitális-generálandó,produce,M6.2-NAR-06,M6.2-NAR-06,PRESERVED,azonos azonosítójú szemantikus asset a jelenlegi forrásban
M6.2-NAR-07,narráció,"Modulok/M6/Online leckék/M6.2 – Történet, mint tükör.md",digitális-generálandó,produce,M6.2-NAR-07,M6.2-NAR-07,PRESERVED,azonos azonosítójú szemantikus asset a jelenlegi forrásban
M6.2-VID-01,beszélőfej-videó,"Modulok/M6/Online leckék/M6.2 – Történet, mint tükör.md",digitális-generálandó,produce,M6.2-VID-01,M6.2-VID-01,PRESERVED,azonos azonosítójú szemantikus asset a jelenlegi forrásban
M6.2-VID-02,beszélőfej-videó,"Modulok/M6/Online leckék/M6.2 – Történet, mint tükör.md",digitális-generálandó,produce,M6.2-VID-02,M6.2-VID-02,PRESERVED,azonos azonosítójú szemantikus asset a jelenlegi forrásban
M6.3-ALT-01,alt-szöveg,"Modulok/M6/Online leckék/M6.3 – Kézműves, ami tanít is.md",szöveges-ekvivalens,produce,M6.3-FOTO-01,M6.3-FOTO-01::ALTTEXT,DERIVED_NOW,"a v2-ben a(z) M6.3-FOTO-01 `alt-text` derivatívája, a szövegét a forrásblokk adja"
M6.3-ALT-02,alt-szöveg,"Modulok/M6/Online leckék/M6.3 – Kézműves, ami tanít is.md",szöveges-ekvivalens,produce,M6.3-FOTO-02,,REUSE,a szülő asset újrahasznosítás: M6.3-FOTO-02 → M6.3-FOTO-03
M6.3-ALT-03,alt-szöveg,"Modulok/M6/Online leckék/M6.3 – Kézműves, ami tanít is.md",szöveges-ekvivalens,produce,M6.3-DIA-01,M6.3-DIA-01::ALTTEXT,DERIVED_NOW,"a v2-ben a(z) M6.3-DIA-01 `alt-text` derivatívája, a szövegét a forrásblokk adja"
M6.3-ALT-04,alt-szöveg,"Modulok/M6/Online leckék/M6.3 – Kézműves, ami tanít is.md",szöveges-ekvivalens,produce,M6.3-FOTO-03,M6.3-FOTO-03::ALTTEXT,DERIVED_NOW,"a v2-ben a(z) M6.3-FOTO-03 `alt-text` derivatívája, a szövegét a forrásblokk adja"
M6.3-ALT-05,alt-szöveg,"Modulok/M6/Online leckék/M6.3 – Kézműves, ami tanít is.md",szöveges-ekvivalens,produce,M6.3-FOTO-04,M6.3-FOTO-04::ALTTEXT,DERIVED_NOW,"a v2-ben a(z) M6.3-FOTO-04 `alt-text` derivatívája, a szövegét a forrásblokk adja"
M6.3-ALT-06,alt-szöveg,"Modulok/M6/Online leckék/M6.3 – Kézműves, ami tanít is.md",szöveges-ekvivalens,produce,M6.3-FOTO-05,M6.3-FOTO-05::ALTTEXT,DERIVED_NOW,"a v2-ben a(z) M6.3-FOTO-05 `alt-text` derivatívája, a szövegét a forrásblokk adja"
M6.3-DIA-01,animált-diagram,"Modulok/M6/Online leckék/M6.3 – Kézműves, ami tanít is.md",digitális-generálandó,produce,M6.3-DIA-01,M6.3-DIA-01,PRESERVED,azonos azonosítójú szemantikus asset a jelenlegi forrásban
M6.3-FEL-01,felirat,"Modulok/M6/Online leckék/M6.3 – Kézműves, ami tanít is.md",szöveges-ekvivalens,produce,M6.3-NAR-01,M6.3-NAR-01::CAPTIONS,DERIVED_NOW,"a v2-ben a(z) M6.3-NAR-01 `captions` derivatívája, a szövegét a forrásblokk adja"
M6.3-FEL-02,felirat,"Modulok/M6/Online leckék/M6.3 – Kézműves, ami tanít is.md",szöveges-ekvivalens,produce,M6.3-NAR-02,M6.3-NAR-02::CAPTIONS,DERIVED_NOW,"a v2-ben a(z) M6.3-NAR-02 `captions` derivatívája, a szövegét a forrásblokk adja"
M6.3-FEL-03,felirat,"Modulok/M6/Online leckék/M6.3 – Kézműves, ami tanít is.md",szöveges-ekvivalens,produce,M6.3-NAR-03,M6.3-NAR-03::CAPTIONS,DERIVED_NOW,"a v2-ben a(z) M6.3-NAR-03 `captions` derivatívája, a szövegét a forrásblokk adja"
M6.3-FEL-04,felirat,"Modulok/M6/Online leckék/M6.3 – Kézműves, ami tanít is.md",szöveges-ekvivalens,produce,M6.3-NAR-04,M6.3-NAR-04::CAPTIONS,DERIVED_NOW,"a v2-ben a(z) M6.3-NAR-04 `captions` derivatívája, a szövegét a forrásblokk adja"
M6.3-FEL-05,felirat,"Modulok/M6/Online leckék/M6.3 – Kézműves, ami tanít is.md",szöveges-ekvivalens,produce,M6.3-NAR-05,M6.3-NAR-05::CAPTIONS,DERIVED_NOW,"a v2-ben a(z) M6.3-NAR-05 `captions` derivatívája, a szövegét a forrásblokk adja"
M6.3-FEL-06,felirat,"Modulok/M6/Online leckék/M6.3 – Kézműves, ami tanít is.md",szöveges-ekvivalens,produce,M6.3-NAR-06,M6.3-NAR-06::CAPTIONS,DERIVED_NOW,"a v2-ben a(z) M6.3-NAR-06 `captions` derivatívája, a szövegét a forrásblokk adja"
M6.3-FOTO-01,illusztráció,"Modulok/M6/Online leckék/M6.3 – Kézműves, ami tanít is.md",digitális-generálandó,produce,M6.3-FOTO-01,M6.3-FOTO-01,PRESERVED,azonos azonosítójú szemantikus asset a jelenlegi forrásban
M6.3-FOTO-02,illusztráció,"Modulok/M6/Online leckék/M6.3 – Kézműves, ami tanít is.md",digitális-generálandó,dedup-tag,M6.3-FOTO-02,,REUSE,explicit újrahasznosítás: M6.3-FOTO-02 → M6.3-FOTO-03
M6.3-FOTO-03,illusztráció,"Modulok/M6/Online leckék/M6.3 – Kézműves, ami tanít is.md",digitális-generálandó,produce,M6.3-FOTO-03,M6.3-FOTO-03,PRESERVED,azonos azonosítójú szemantikus asset a jelenlegi forrásban
M6.3-FOTO-04,illusztráció,"Modulok/M6/Online leckék/M6.3 – Kézműves, ami tanít is.md",digitális-generálandó,produce,M6.3-FOTO-04,M6.3-FOTO-04,PRESERVED,azonos azonosítójú szemantikus asset a jelenlegi forrásban
M6.3-FOTO-05,illusztráció,"Modulok/M6/Online leckék/M6.3 – Kézműves, ami tanít is.md",digitális-generálandó,produce,M6.3-FOTO-05,M6.3-FOTO-05,PRESERVED,azonos azonosítójú szemantikus asset a jelenlegi forrásban
M6.3-IKO-01,ikon-készlet,"Modulok/M6/Online leckék/M6.3 – Kézműves, ami tanít is.md",digitális-generálandó,produce,M6.3-IKO-01,M6.3-IKO-01,PRESERVED,azonos azonosítójú szemantikus asset a jelenlegi forrásban
M6.3-LEI-01,leirat-transzkript,"Modulok/M6/Online leckék/M6.3 – Kézműves, ami tanít is.md",szöveges-ekvivalens,produce,M6.3-NAR-01,M6.3-NAR-01::TRANSCRIPT,DERIVED_NOW,"a v2-ben a(z) M6.3-NAR-01 `transcript` derivatívája, a szövegét a forrásblokk adja"
M6.3-LEI-02,leirat-transzkript,"Modulok/M6/Online leckék/M6.3 – Kézműves, ami tanít is.md",szöveges-ekvivalens,produce,M6.3-NAR-02,M6.3-NAR-02::TRANSCRIPT,DERIVED_NOW,"a v2-ben a(z) M6.3-NAR-02 `transcript` derivatívája, a szövegét a forrásblokk adja"
M6.3-LEI-03,leirat-transzkript,"Modulok/M6/Online leckék/M6.3 – Kézműves, ami tanít is.md",szöveges-ekvivalens,produce,M6.3-NAR-03,M6.3-NAR-03::TRANSCRIPT,DERIVED_NOW,"a v2-ben a(z) M6.3-NAR-03 `transcript` derivatívája, a szövegét a forrásblokk adja"
M6.3-LEI-04,leirat-transzkript,"Modulok/M6/Online leckék/M6.3 – Kézműves, ami tanít is.md",szöveges-ekvivalens,produce,M6.3-NAR-04,M6.3-NAR-04::TRANSCRIPT,DERIVED_NOW,"a v2-ben a(z) M6.3-NAR-04 `transcript` derivatívája, a szövegét a forrásblokk adja"
M6.3-LEI-05,leirat-transzkript,"Modulok/M6/Online leckék/M6.3 – Kézműves, ami tanít is.md",szöveges-ekvivalens,produce,M6.3-NAR-05,M6.3-NAR-05::TRANSCRIPT,DERIVED_NOW,"a v2-ben a(z) M6.3-NAR-05 `transcript` derivatívája, a szövegét a forrásblokk adja"
M6.3-LEI-06,leirat-transzkript,"Modulok/M6/Online leckék/M6.3 – Kézműves, ami tanít is.md",szöveges-ekvivalens,produce,M6.3-NAR-06,M6.3-NAR-06::TRANSCRIPT,DERIVED_NOW,"a v2-ben a(z) M6.3-NAR-06 `transcript` derivatívája, a szövegét a forrásblokk adja"
M6.3-NAR-01,narráció,"Modulok/M6/Online leckék/M6.3 – Kézműves, ami tanít is.md",digitális-generálandó,produce,M6.3-NAR-01,M6.3-NAR-01,PRESERVED,azonos azonosítójú szemantikus asset a jelenlegi forrásban
M6.3-NAR-02,narráció,"Modulok/M6/Online leckék/M6.3 – Kézműves, ami tanít is.md",digitális-generálandó,produce,M6.3-NAR-02,M6.3-NAR-02,PRESERVED,azonos azonosítójú szemantikus asset a jelenlegi forrásban
M6.3-NAR-03,narráció,"Modulok/M6/Online leckék/M6.3 – Kézműves, ami tanít is.md",digitális-generálandó,produce,M6.3-NAR-03,M6.3-NAR-03,PRESERVED,azonos azonosítójú szemantikus asset a jelenlegi forrásban
M6.3-NAR-04,narráció,"Modulok/M6/Online leckék/M6.3 – Kézműves, ami tanít is.md",digitális-generálandó,produce,M6.3-NAR-04,M6.3-NAR-04,PRESERVED,azonos azonosítójú szemantikus asset a jelenlegi forrásban
M6.3-NAR-05,narráció,"Modulok/M6/Online leckék/M6.3 – Kézműves, ami tanít is.md",digitális-generálandó,produce,M6.3-NAR-05,M6.3-NAR-05,PRESERVED,azonos azonosítójú szemantikus asset a jelenlegi forrásban
M6.3-NAR-06,narráció,"Modulok/M6/Online leckék/M6.3 – Kézműves, ami tanít is.md",digitális-generálandó,produce,M6.3-NAR-06,M6.3-NAR-06,PRESERVED,azonos azonosítójú szemantikus asset a jelenlegi forrásban
M6.4-ALT-01,alt-szöveg,Modulok/M6/Online leckék/M6.4 – Döntési szcenáriók – mit választanál.md,szöveges-ekvivalens,produce,M6.4-IKO-01,M6.4-IKO-01::ALTTEXT,DERIVED_NOW,"a v2-ben a(z) M6.4-IKO-01 `alt-text` derivatívája, a szövegét a forrásblokk adja"
M6.4-IKO-01,ikon-készlet,Modulok/M6/Online leckék/M6.4 – Döntési szcenáriók – mit választanál.md,digitális-generálandó,produce,M6.4-IKO-01,M6.4-IKO-01,PRESERVED,azonos azonosítójú szemantikus asset a jelenlegi forrásban
M6.A-MUNK-01,print-munkalap,Modulok/M6/Peulák/M6.A – Peula – Játék-labor 4 kvucára (45’).md,print-fizikai,produce,M6.A-MUNK-01,M6.A-MUNK-01,PRESERVED,azonos azonosítójú szemantikus asset a jelenlegi forrásban
M6.A-MUNK-02,print-munkalap,Modulok/M6/Peulák/M6.A – Peula – Játék-labor 4 kvucára (45’).md,print-fizikai,produce,M6.A-MUNK-02,M6.A-MUNK-02,PRESERVED,azonos azonosítójú szemantikus asset a jelenlegi forrásban
M6.A-POSZ-01,print-poszter,Modulok/M6/Peulák/M6.A – Peula – Játék-labor 4 kvucára (45’).md,print-fizikai,produce,M6.A-POSZ-01,M6.A-POSZ-01,PRESERVED,azonos azonosítójú szemantikus asset a jelenlegi forrásban
M6.A-POSZ-02,print-poszter,Modulok/M6/Peulák/M6.A – Peula – Játék-labor 4 kvucára (45’).md,print-fizikai,produce,M6.A-POSZ-02,M6.A-POSZ-02,PRESERVED,azonos azonosítójú szemantikus asset a jelenlegi forrásban
M6.A-POSZ-03,print-poszter,Modulok/M6/Peulák/M6.A – Peula – Játék-labor 4 kvucára (45’).md,print-fizikai,produce,M6.A-POSZ-03,M6.A-POSZ-03,PRESERVED,azonos azonosítójú szemantikus asset a jelenlegi forrásban
M6.B-MUNK-01,print-munkalap,Modulok/M6/Peulák/M6.B – Peula – Játéklap workshop – saját eszköz tervezése (45’).md,print-fizikai,produce,M6.B-MUNK-01,M6.B-MUNK-01,PRESERVED,azonos azonosítójú szemantikus asset a jelenlegi forrásban
M6.B-MUNK-02,print-munkalap,Modulok/M6/Peulák/M6.B – Peula – Játéklap workshop – saját eszköz tervezése (45’).md,print-fizikai,produce,M6.B-MUNK-02,M6.B-MUNK-02,PRESERVED,azonos azonosítójú szemantikus asset a jelenlegi forrásban
M6.B-MUNK-03,print-munkalap,Modulok/M6/Peulák/M6.B – Peula – Játéklap workshop – saját eszköz tervezése (45’).md,print-fizikai,produce,M6.B-MUNK-03,M6.B-MUNK-03,PRESERVED,azonos azonosítójú szemantikus asset a jelenlegi forrásban
M6.B-MUNK-04,print-munkalap,Modulok/M6/Peulák/M6.B – Peula – Játéklap workshop – saját eszköz tervezése (45’).md,print-fizikai,produce,M6.B-MUNK-04,M6.B-MUNK-04,PRESERVED,azonos azonosítójú szemantikus asset a jelenlegi forrásban
M6.B-MUNK-05,print-munkalap,Modulok/M6/Peulák/M6.B – Peula – Játéklap workshop – saját eszköz tervezése (45’).md,print-fizikai,produce,M6.B-MUNK-05,M6.B-MUNK-05,PRESERVED,azonos azonosítójú szemantikus asset a jelenlegi forrásban
M6.B-MUNK-06,print-munkalap,Modulok/M6/Peulák/M6.B – Peula – Játéklap workshop – saját eszköz tervezése (45’).md,print-fizikai,produce,M6.B-MUNK-06,M6.B-MUNK-06,PRESERVED,azonos azonosítójú szemantikus asset a jelenlegi forrásban
M6.B-POSZ-01,print-poszter,Modulok/M6/Peulák/M6.B – Peula – Játéklap workshop – saját eszköz tervezése (45’).md,print-fizikai,produce,M6.B-POSZ-01,M6.B-POSZ-01,PRESERVED,azonos azonosítójú szemantikus asset a jelenlegi forrásban
M6.F-EGY-01,egyéb,Modulok/M6/Peulák/M6.F – Felzárkóztató peula – Toolbox & játéklap (Study Lab).md,print-fizikai,produce,M6.F-EGY-01,M6.F-EGY-01,PRESERVED,azonos azonosítójú szemantikus asset a jelenlegi forrásban
M6.F-MUNK-01,print-munkalap,Modulok/M6/Peulák/M6.F – Felzárkóztató peula – Toolbox & játéklap (Study Lab).md,print-fizikai,produce,M6.F-MUNK-01,M6.F-MUNK-01,PRESERVED,azonos azonosítójú szemantikus asset a jelenlegi forrásban
M6.F-MUNK-02,print-munkalap,Modulok/M6/Peulák/M6.F – Felzárkóztató peula – Toolbox & játéklap (Study Lab).md,print-fizikai,dedup-tag,M6.F-MUNK-02,,REUSE,explicit újrahasznosítás: M6.F-MUNK-02 → M6.B-MUNK-01
M6.F-MUNK-03,print-munkalap,Modulok/M6/Peulák/M6.F – Felzárkóztató peula – Toolbox & játéklap (Study Lab).md,print-fizikai,produce,M6.F-MUNK-03,M6.F-MUNK-03,PRESERVED,azonos azonosítójú szemantikus asset a jelenlegi forrásban
M6.F-MUNK-04,print-munkalap,Modulok/M6/Peulák/M6.F – Felzárkóztató peula – Toolbox & játéklap (Study Lab).md,print-fizikai,produce,M6.F-MUNK-04,M6.F-MUNK-04,PRESERVED,azonos azonosítójú szemantikus asset a jelenlegi forrásban
M6.F-POSZ-01,print-poszter,Modulok/M6/Peulák/M6.F – Felzárkóztató peula – Toolbox & játéklap (Study Lab).md,print-fizikai,produce,M6.F-POSZ-01,M6.F-POSZ-01,PRESERVED,azonos azonosítójú szemantikus asset a jelenlegi forrásban
M6.F-POSZ-02,print-poszter,Modulok/M6/Peulák/M6.F – Felzárkóztató peula – Toolbox & játéklap (Study Lab).md,print-fizikai,produce,M6.F-POSZ-02,M6.F-POSZ-02,PRESERVED,azonos azonosítójú szemantikus asset a jelenlegi forrásban
M7-HUB-ALT-01,alt-szöveg,"Modulok/M7/M7 – Peula a papírtól a valóságig – Programírás, Zmán Kvucá & AI-támogatott tervezés.md",szöveges-ekvivalens,produce,M7-HUB-DIA-01,M7-HUB-DIA-01::ALTTEXT,DERIVED_NOW,"a v2-ben a(z) M7-HUB-DIA-01 `alt-text` derivatívája, a szövegét a forrásblokk adja"
M7-HUB-ALT-02,alt-szöveg,"Modulok/M7/M7 – Peula a papírtól a valóságig – Programírás, Zmán Kvucá & AI-támogatott tervezés.md",szöveges-ekvivalens,produce,M7-HUB-DIA-02,M7-HUB-DIA-02::ALTTEXT,DERIVED_NOW,"a v2-ben a(z) M7-HUB-DIA-02 `alt-text` derivatívája, a szövegét a forrásblokk adja"
M7-HUB-ALT-03,alt-szöveg,"Modulok/M7/M7 – Peula a papírtól a valóságig – Programírás, Zmán Kvucá & AI-támogatott tervezés.md",szöveges-ekvivalens,produce,M7-HUB-DIA-03,M7-HUB-DIA-03::ALTTEXT,DERIVED_NOW,"a v2-ben a(z) M7-HUB-DIA-03 `alt-text` derivatívája, a szövegét a forrásblokk adja"
M7-HUB-DIA-01,animált-diagram,"Modulok/M7/M7 – Peula a papírtól a valóságig – Programírás, Zmán Kvucá & AI-támogatott tervezés.md",digitális-generálandó,produce,M7-HUB-DIA-01,M7-HUB-DIA-01,PRESERVED,azonos azonosítójú szemantikus asset a jelenlegi forrásban
M7-HUB-DIA-02,animált-diagram,"Modulok/M7/M7 – Peula a papírtól a valóságig – Programírás, Zmán Kvucá & AI-támogatott tervezés.md",digitális-generálandó,produce,M7-HUB-DIA-02,M7-HUB-DIA-02,PRESERVED,azonos azonosítójú szemantikus asset a jelenlegi forrásban
M7-HUB-DIA-03,animált-diagram,"Modulok/M7/M7 – Peula a papírtól a valóságig – Programírás, Zmán Kvucá & AI-támogatott tervezés.md",digitális-generálandó,produce,M7-HUB-DIA-03,M7-HUB-DIA-03,PRESERVED,azonos azonosítójú szemantikus asset a jelenlegi forrásban
M7-MUNK-01,print-munkalap,"Modulok/M7/M7 – Peula a papírtól a valóságig – Programírás, Zmán Kvucá & AI-támogatott tervezés.md",print-fizikai,produce,M7-HUB-MUNK-01,M7-HUB-MUNK-01,CHANGED,azonosító a v2 egység-névtérre változott (M7-MUNK-01 → M7-HUB-MUNK-01)
M7.1-ALT-01,alt-szöveg,"Modulok/M7/Online leckék/M7.1 – Ez még csak vágy, nem cél – SMART nevelési cél someres módra.md",szöveges-ekvivalens,produce,M7.1-ILL-01,M7.1-ILL-01::ALTTEXT,DERIVED_NOW,"a v2-ben a(z) M7.1-ILL-01 `alt-text` derivatívája, a szövegét a forrásblokk adja"
M7.1-ALT-02,alt-szöveg,"Modulok/M7/Online leckék/M7.1 – Ez még csak vágy, nem cél – SMART nevelési cél someres módra.md",szöveges-ekvivalens,produce,M7.1-IKO-01,M7.1-IKO-01::ALTTEXT,DERIVED_NOW,"a v2-ben a(z) M7.1-IKO-01 `alt-text` derivatívája, a szövegét a forrásblokk adja"
M7.1-ALT-03,alt-szöveg,"Modulok/M7/Online leckék/M7.1 – Ez még csak vágy, nem cél – SMART nevelési cél someres módra.md",szöveges-ekvivalens,produce,M7.1-ILL-02,M7.1-ILL-02::ALTTEXT,DERIVED_NOW,"a v2-ben a(z) M7.1-ILL-02 `alt-text` derivatívája, a szövegét a forrásblokk adja"
M7.1-ALT-04,alt-szöveg,"Modulok/M7/Online leckék/M7.1 – Ez még csak vágy, nem cél – SMART nevelési cél someres módra.md",szöveges-ekvivalens,produce,M7.1-ILL-03,M7.1-ILL-03::ALTTEXT,DERIVED_NOW,"a v2-ben a(z) M7.1-ILL-03 `alt-text` derivatívája, a szövegét a forrásblokk adja"
M7.1-FEL-01,felirat,"Modulok/M7/Online leckék/M7.1 – Ez még csak vágy, nem cél – SMART nevelési cél someres módra.md",szöveges-ekvivalens,produce,M7.1-NAR-01,M7.1-NAR-01::CAPTIONS,DERIVED_NOW,"a v2-ben a(z) M7.1-NAR-01 `captions` derivatívája, a szövegét a forrásblokk adja"
M7.1-FEL-02,felirat,"Modulok/M7/Online leckék/M7.1 – Ez még csak vágy, nem cél – SMART nevelési cél someres módra.md",szöveges-ekvivalens,produce,M7.1-NAR-02,M7.1-NAR-02::CAPTIONS,DERIVED_NOW,"a v2-ben a(z) M7.1-NAR-02 `captions` derivatívája, a szövegét a forrásblokk adja"
M7.1-IKO-01,ikon-készlet,"Modulok/M7/Online leckék/M7.1 – Ez még csak vágy, nem cél – SMART nevelési cél someres módra.md",digitális-generálandó,produce,M7.1-IKO-01,M7.1-IKO-01,PRESERVED,azonos azonosítójú szemantikus asset a jelenlegi forrásban
M7.1-ILL-01,illusztráció,"Modulok/M7/Online leckék/M7.1 – Ez még csak vágy, nem cél – SMART nevelési cél someres módra.md",digitális-generálandó,produce,M7.1-ILL-01,M7.1-ILL-01,PRESERVED,azonos azonosítójú szemantikus asset a jelenlegi forrásban
M7.1-ILL-02,illusztráció,"Modulok/M7/Online leckék/M7.1 – Ez még csak vágy, nem cél – SMART nevelési cél someres módra.md",digitális-generálandó,produce,M7.1-ILL-02,M7.1-ILL-02,PRESERVED,azonos azonosítójú szemantikus asset a jelenlegi forrásban
M7.1-ILL-03,illusztráció,"Modulok/M7/Online leckék/M7.1 – Ez még csak vágy, nem cél – SMART nevelési cél someres módra.md",digitális-generálandó,produce,M7.1-ILL-03,M7.1-ILL-03,PRESERVED,azonos azonosítójú szemantikus asset a jelenlegi forrásban
M7.1-LEI-01,leirat-transzkript,"Modulok/M7/Online leckék/M7.1 – Ez még csak vágy, nem cél – SMART nevelési cél someres módra.md",szöveges-ekvivalens,produce,M7.1-NAR-01,M7.1-NAR-01::TRANSCRIPT,DERIVED_NOW,"a v2-ben a(z) M7.1-NAR-01 `transcript` derivatívája, a szövegét a forrásblokk adja"
M7.1-LEI-02,leirat-transzkript,"Modulok/M7/Online leckék/M7.1 – Ez még csak vágy, nem cél – SMART nevelési cél someres módra.md",szöveges-ekvivalens,produce,M7.1-NAR-02,M7.1-NAR-02::TRANSCRIPT,DERIVED_NOW,"a v2-ben a(z) M7.1-NAR-02 `transcript` derivatívája, a szövegét a forrásblokk adja"
M7.1-NAR-01,narráció,"Modulok/M7/Online leckék/M7.1 – Ez még csak vágy, nem cél – SMART nevelési cél someres módra.md",digitális-generálandó,produce,M7.1-NAR-01,M7.1-NAR-01,PRESERVED,azonos azonosítójú szemantikus asset a jelenlegi forrásban
M7.1-NAR-02,narráció,"Modulok/M7/Online leckék/M7.1 – Ez még csak vágy, nem cél – SMART nevelési cél someres módra.md",digitális-generálandó,produce,M7.1-NAR-02,M7.1-NAR-02,PRESERVED,azonos azonosítójú szemantikus asset a jelenlegi forrásban
M7.2-ALT-01,alt-szöveg,"Modulok/M7/Online leckék/M7.2 – Nem csak játék, hanem peula – 11 tervezési pont & AI-támogatás.md",szöveges-ekvivalens,produce,M7.2-DIA-01,M7.2-DIA-01::ALTTEXT,DERIVED_NOW,"a v2-ben a(z) M7.2-DIA-01 `alt-text` derivatívája, a szövegét a forrásblokk adja"
M7.2-ALT-02,alt-szöveg,"Modulok/M7/Online leckék/M7.2 – Nem csak játék, hanem peula – 11 tervezési pont & AI-támogatás.md",szöveges-ekvivalens,produce,M7.2-ILL-01,M7.2-ILL-01::ALTTEXT,DERIVED_NOW,"a v2-ben a(z) M7.2-ILL-01 `alt-text` derivatívája, a szövegét a forrásblokk adja"
M7.2-ALT-03,alt-szöveg,"Modulok/M7/Online leckék/M7.2 – Nem csak játék, hanem peula – 11 tervezési pont & AI-támogatás.md",szöveges-ekvivalens,produce,M7.2-IKO-01,M7.2-IKO-01::ALTTEXT,DERIVED_NOW,"a v2-ben a(z) M7.2-IKO-01 `alt-text` derivatívája, a szövegét a forrásblokk adja"
M7.2-DIA-01,animált-diagram,"Modulok/M7/Online leckék/M7.2 – Nem csak játék, hanem peula – 11 tervezési pont & AI-támogatás.md",digitális-generálandó,produce,M7.2-DIA-01,M7.2-DIA-01,PRESERVED,azonos azonosítójú szemantikus asset a jelenlegi forrásban
M7.2-FEL-01,felirat,"Modulok/M7/Online leckék/M7.2 – Nem csak játék, hanem peula – 11 tervezési pont & AI-támogatás.md",szöveges-ekvivalens,produce,M7.2-VID-01,M7.2-VID-01::CAPTIONS,DERIVED_NOW,"a v2-ben a(z) M7.2-VID-01 `captions` derivatívája, a szövegét a forrásblokk adja"
M7.2-FEL-03,felirat,"Modulok/M7/Online leckék/M7.2 – Nem csak játék, hanem peula – 11 tervezési pont & AI-támogatás.md",szöveges-ekvivalens,produce,M7.2-NAR-02,M7.2-NAR-02::CAPTIONS,DERIVED_NOW,"a v2-ben a(z) M7.2-NAR-02 `captions` derivatívája, a szövegét a forrásblokk adja"
M7.2-FEL-04,felirat,"Modulok/M7/Online leckék/M7.2 – Nem csak játék, hanem peula – 11 tervezési pont & AI-támogatás.md",szöveges-ekvivalens,produce,M7.2-NAR-03,M7.2-NAR-03::CAPTIONS,DERIVED_NOW,"a v2-ben a(z) M7.2-NAR-03 `captions` derivatívája, a szövegét a forrásblokk adja"
M7.2-FEL-05,felirat,"Modulok/M7/Online leckék/M7.2 – Nem csak játék, hanem peula – 11 tervezési pont & AI-támogatás.md",szöveges-ekvivalens,produce,M7.2-NAR-04,M7.2-NAR-04::CAPTIONS,DERIVED_NOW,"a v2-ben a(z) M7.2-NAR-04 `captions` derivatívája, a szövegét a forrásblokk adja"
M7.2-FEL-06,felirat,"Modulok/M7/Online leckék/M7.2 – Nem csak játék, hanem peula – 11 tervezési pont & AI-támogatás.md",szöveges-ekvivalens,produce,M7.2-NAR-05,M7.2-NAR-05::CAPTIONS,DERIVED_NOW,"a v2-ben a(z) M7.2-NAR-05 `captions` derivatívája, a szövegét a forrásblokk adja"
M7.2-IKO-01,ikon-készlet,"Modulok/M7/Online leckék/M7.2 – Nem csak játék, hanem peula – 11 tervezési pont & AI-támogatás.md",digitális-generálandó,produce,M7.2-IKO-01,M7.2-IKO-01,PRESERVED,azonos azonosítójú szemantikus asset a jelenlegi forrásban
M7.2-ILL-01,illusztráció,"Modulok/M7/Online leckék/M7.2 – Nem csak játék, hanem peula – 11 tervezési pont & AI-támogatás.md",digitális-generálandó,produce,M7.2-ILL-01,M7.2-ILL-01,PRESERVED,azonos azonosítójú szemantikus asset a jelenlegi forrásban
M7.2-LEI-01,leirat-transzkript,"Modulok/M7/Online leckék/M7.2 – Nem csak játék, hanem peula – 11 tervezési pont & AI-támogatás.md",szöveges-ekvivalens,produce,M7.2-VID-01,M7.2-VID-01::TRANSCRIPT,DERIVED_NOW,"a v2-ben a(z) M7.2-VID-01 `transcript` derivatívája, a szövegét a forrásblokk adja"
M7.2-LEI-03,leirat-transzkript,"Modulok/M7/Online leckék/M7.2 – Nem csak játék, hanem peula – 11 tervezési pont & AI-támogatás.md",szöveges-ekvivalens,produce,M7.2-NAR-02,M7.2-NAR-02::TRANSCRIPT,DERIVED_NOW,"a v2-ben a(z) M7.2-NAR-02 `transcript` derivatívája, a szövegét a forrásblokk adja"
M7.2-LEI-04,leirat-transzkript,"Modulok/M7/Online leckék/M7.2 – Nem csak játék, hanem peula – 11 tervezési pont & AI-támogatás.md",szöveges-ekvivalens,produce,M7.2-NAR-03,M7.2-NAR-03::TRANSCRIPT,DERIVED_NOW,"a v2-ben a(z) M7.2-NAR-03 `transcript` derivatívája, a szövegét a forrásblokk adja"
M7.2-LEI-05,leirat-transzkript,"Modulok/M7/Online leckék/M7.2 – Nem csak játék, hanem peula – 11 tervezési pont & AI-támogatás.md",szöveges-ekvivalens,produce,M7.2-NAR-04,M7.2-NAR-04::TRANSCRIPT,DERIVED_NOW,"a v2-ben a(z) M7.2-NAR-04 `transcript` derivatívája, a szövegét a forrásblokk adja"
M7.2-LEI-06,leirat-transzkript,"Modulok/M7/Online leckék/M7.2 – Nem csak játék, hanem peula – 11 tervezési pont & AI-támogatás.md",szöveges-ekvivalens,produce,M7.2-NAR-05,M7.2-NAR-05::TRANSCRIPT,DERIVED_NOW,"a v2-ben a(z) M7.2-NAR-05 `transcript` derivatívája, a szövegét a forrásblokk adja"
M7.2-NAR-01,narráció,"Modulok/M7/Online leckék/M7.2 – Nem csak játék, hanem peula – 11 tervezési pont & AI-támogatás.md",digitális-generálandó,produce,M7.2-VID-01,M7.2-VID-01::VOICEOVER,DERIVED_NOW,"a v2-ben a(z) M7.2-VID-01 `voiceover` derivatívája, a szövegét a forrásblokk adja"
M7.2-NAR-02,narráció,"Modulok/M7/Online leckék/M7.2 – Nem csak játék, hanem peula – 11 tervezési pont & AI-támogatás.md",digitális-generálandó,produce,M7.2-NAR-02,M7.2-NAR-02,PRESERVED,azonos azonosítójú szemantikus asset a jelenlegi forrásban
M7.2-NAR-03,narráció,"Modulok/M7/Online leckék/M7.2 – Nem csak játék, hanem peula – 11 tervezési pont & AI-támogatás.md",digitális-generálandó,produce,M7.2-NAR-03,M7.2-NAR-03,PRESERVED,azonos azonosítójú szemantikus asset a jelenlegi forrásban
M7.2-NAR-04,narráció,"Modulok/M7/Online leckék/M7.2 – Nem csak játék, hanem peula – 11 tervezési pont & AI-támogatás.md",digitális-generálandó,produce,M7.2-NAR-04,M7.2-NAR-04,PRESERVED,azonos azonosítójú szemantikus asset a jelenlegi forrásban
M7.2-NAR-05,narráció,"Modulok/M7/Online leckék/M7.2 – Nem csak játék, hanem peula – 11 tervezési pont & AI-támogatás.md",digitális-generálandó,produce,M7.2-NAR-05,M7.2-NAR-05,PRESERVED,azonos azonosítójú szemantikus asset a jelenlegi forrásban
M7.2-VID-01,beszélőfej-videó,"Modulok/M7/Online leckék/M7.2 – Nem csak játék, hanem peula – 11 tervezési pont & AI-támogatás.md",digitális-generálandó,produce,M7.2-VID-01,M7.2-VID-01,PRESERVED,azonos azonosítójú szemantikus asset a jelenlegi forrásban
M7.3-ALT-01,alt-szöveg,"Modulok/M7/Online leckék/M7.3 – Zmán Kvucá-checklist – idő, tér, felelősség.md",szöveges-ekvivalens,produce,M7.3-ILL-01,M7.3-ILL-01::ALTTEXT,DERIVED_NOW,"a v2-ben a(z) M7.3-ILL-01 `alt-text` derivatívája, a szövegét a forrásblokk adja"
M7.3-ALT-02,alt-szöveg,"Modulok/M7/Online leckék/M7.3 – Zmán Kvucá-checklist – idő, tér, felelősség.md",szöveges-ekvivalens,produce,M7.3-ILL-02,M7.3-ILL-02::ALTTEXT,DERIVED_NOW,"a v2-ben a(z) M7.3-ILL-02 `alt-text` derivatívája, a szövegét a forrásblokk adja"
M7.3-ALT-03,alt-szöveg,"Modulok/M7/Online leckék/M7.3 – Zmán Kvucá-checklist – idő, tér, felelősség.md",szöveges-ekvivalens,produce,M7.3-IKO-01,M7.3-IKO-01::ALTTEXT,DERIVED_NOW,"a v2-ben a(z) M7.3-IKO-01 `alt-text` derivatívája, a szövegét a forrásblokk adja"
M7.3-DIA-01,animált-diagram,"Modulok/M7/Online leckék/M7.3 – Zmán Kvucá-checklist – idő, tér, felelősség.md",digitális-generálandó,produce,M7.3-DIA-01,M7.3-DIA-01,PRESERVED,azonos azonosítójú szemantikus asset a jelenlegi forrásban
M7.3-FEL-01,felirat,"Modulok/M7/Online leckék/M7.3 – Zmán Kvucá-checklist – idő, tér, felelősség.md",szöveges-ekvivalens,produce,M7.3-VID-01,M7.3-VID-01::CAPTIONS,DERIVED_NOW,"a v2-ben a(z) M7.3-VID-01 `captions` derivatívája, a szövegét a forrásblokk adja"
M7.3-FEL-02,felirat,"Modulok/M7/Online leckék/M7.3 – Zmán Kvucá-checklist – idő, tér, felelősség.md",szöveges-ekvivalens,produce,M7.3-NAR-02,M7.3-NAR-02::CAPTIONS,DERIVED_NOW,"a v2-ben a(z) M7.3-NAR-02 `captions` derivatívája, a szövegét a forrásblokk adja"
M7.3-FEL-03,felirat,"Modulok/M7/Online leckék/M7.3 – Zmán Kvucá-checklist – idő, tér, felelősség.md",szöveges-ekvivalens,produce,M7.3-NAR-03,M7.3-NAR-03::CAPTIONS,DERIVED_NOW,"a v2-ben a(z) M7.3-NAR-03 `captions` derivatívája, a szövegét a forrásblokk adja"
M7.3-FEL-04,felirat,"Modulok/M7/Online leckék/M7.3 – Zmán Kvucá-checklist – idő, tér, felelősség.md",szöveges-ekvivalens,produce,M7.3-NAR-04,M7.3-NAR-04::CAPTIONS,DERIVED_NOW,"a v2-ben a(z) M7.3-NAR-04 `captions` derivatívája, a szövegét a forrásblokk adja"
M7.3-FEL-05,felirat,"Modulok/M7/Online leckék/M7.3 – Zmán Kvucá-checklist – idő, tér, felelősség.md",szöveges-ekvivalens,produce,M7.3-NAR-05,M7.3-NAR-05::CAPTIONS,DERIVED_NOW,"a v2-ben a(z) M7.3-NAR-05 `captions` derivatívája, a szövegét a forrásblokk adja"
M7.3-IKO-01,ikon-készlet,"Modulok/M7/Online leckék/M7.3 – Zmán Kvucá-checklist – idő, tér, felelősség.md",digitális-generálandó,produce,M7.3-IKO-01,M7.3-IKO-01,PRESERVED,azonos azonosítójú szemantikus asset a jelenlegi forrásban
M7.3-ILL-01,illusztráció,"Modulok/M7/Online leckék/M7.3 – Zmán Kvucá-checklist – idő, tér, felelősség.md",digitális-generálandó,produce,M7.3-ILL-01,M7.3-ILL-01,PRESERVED,azonos azonosítójú szemantikus asset a jelenlegi forrásban
M7.3-ILL-02,illusztráció,"Modulok/M7/Online leckék/M7.3 – Zmán Kvucá-checklist – idő, tér, felelősség.md",digitális-generálandó,produce,M7.3-ILL-02,M7.3-ILL-02,PRESERVED,azonos azonosítójú szemantikus asset a jelenlegi forrásban
M7.3-LEI-01,leirat-transzkript,"Modulok/M7/Online leckék/M7.3 – Zmán Kvucá-checklist – idő, tér, felelősség.md",szöveges-ekvivalens,produce,M7.3-VID-01,M7.3-VID-01::TRANSCRIPT,DERIVED_NOW,"a v2-ben a(z) M7.3-VID-01 `transcript` derivatívája, a szövegét a forrásblokk adja"
M7.3-LEI-02,leirat-transzkript,"Modulok/M7/Online leckék/M7.3 – Zmán Kvucá-checklist – idő, tér, felelősség.md",szöveges-ekvivalens,produce,M7.3-NAR-02,M7.3-NAR-02::TRANSCRIPT,DERIVED_NOW,"a v2-ben a(z) M7.3-NAR-02 `transcript` derivatívája, a szövegét a forrásblokk adja"
M7.3-LEI-03,leirat-transzkript,"Modulok/M7/Online leckék/M7.3 – Zmán Kvucá-checklist – idő, tér, felelősség.md",szöveges-ekvivalens,produce,M7.3-NAR-03,M7.3-NAR-03::TRANSCRIPT,DERIVED_NOW,"a v2-ben a(z) M7.3-NAR-03 `transcript` derivatívája, a szövegét a forrásblokk adja"
M7.3-LEI-04,leirat-transzkript,"Modulok/M7/Online leckék/M7.3 – Zmán Kvucá-checklist – idő, tér, felelősség.md",szöveges-ekvivalens,produce,M7.3-NAR-04,M7.3-NAR-04::TRANSCRIPT,DERIVED_NOW,"a v2-ben a(z) M7.3-NAR-04 `transcript` derivatívája, a szövegét a forrásblokk adja"
M7.3-LEI-05,leirat-transzkript,"Modulok/M7/Online leckék/M7.3 – Zmán Kvucá-checklist – idő, tér, felelősség.md",szöveges-ekvivalens,produce,M7.3-NAR-05,M7.3-NAR-05::TRANSCRIPT,DERIVED_NOW,"a v2-ben a(z) M7.3-NAR-05 `transcript` derivatívája, a szövegét a forrásblokk adja"
M7.3-NAR-01,narráció,"Modulok/M7/Online leckék/M7.3 – Zmán Kvucá-checklist – idő, tér, felelősség.md",digitális-generálandó,produce,M7.3-VID-01,M7.3-VID-01::VOICEOVER,DERIVED_NOW,"a v2-ben a(z) M7.3-VID-01 `voiceover` derivatívája, a szövegét a forrásblokk adja"
M7.3-NAR-02,narráció,"Modulok/M7/Online leckék/M7.3 – Zmán Kvucá-checklist – idő, tér, felelősség.md",digitális-generálandó,produce,M7.3-NAR-02,M7.3-NAR-02,PRESERVED,azonos azonosítójú szemantikus asset a jelenlegi forrásban
M7.3-NAR-03,narráció,"Modulok/M7/Online leckék/M7.3 – Zmán Kvucá-checklist – idő, tér, felelősség.md",digitális-generálandó,produce,M7.3-NAR-03,M7.3-NAR-03,PRESERVED,azonos azonosítójú szemantikus asset a jelenlegi forrásban
M7.3-NAR-04,narráció,"Modulok/M7/Online leckék/M7.3 – Zmán Kvucá-checklist – idő, tér, felelősség.md",digitális-generálandó,produce,M7.3-NAR-04,M7.3-NAR-04,PRESERVED,azonos azonosítójú szemantikus asset a jelenlegi forrásban
M7.3-NAR-05,narráció,"Modulok/M7/Online leckék/M7.3 – Zmán Kvucá-checklist – idő, tér, felelősség.md",digitális-generálandó,produce,M7.3-NAR-05,M7.3-NAR-05,PRESERVED,azonos azonosítójú szemantikus asset a jelenlegi forrásban
M7.3-VID-01,beszélőfej-videó,"Modulok/M7/Online leckék/M7.3 – Zmán Kvucá-checklist – idő, tér, felelősség.md",digitális-generálandó,produce,M7.3-VID-01,M7.3-VID-01,PRESERVED,azonos azonosítójú szemantikus asset a jelenlegi forrásban
M7.4-ALT-01,alt-szöveg,Modulok/M7/Online leckék/M7.4 – Peula v1 + AI – első modulproduktum-vázlat.md,szöveges-ekvivalens,produce,M7.4-DIA-01,M7.4-DIA-01::ALTTEXT,DERIVED_NOW,"a v2-ben a(z) M7.4-DIA-01 `alt-text` derivatívája, a szövegét a forrásblokk adja"
M7.4-ALT-02,alt-szöveg,Modulok/M7/Online leckék/M7.4 – Peula v1 + AI – első modulproduktum-vázlat.md,szöveges-ekvivalens,produce,M7.4-IKO-01,,REUSE,a szülő asset újrahasznosítás: M7.4-IKO-01 → M3.2-IKO-01
M7.4-DIA-01,animált-diagram,Modulok/M7/Online leckék/M7.4 – Peula v1 + AI – első modulproduktum-vázlat.md,digitális-generálandó,produce,M7.4-DIA-01,M7.4-DIA-01,PRESERVED,azonos azonosítójú szemantikus asset a jelenlegi forrásban
M7.4-FEL-01,felirat,Modulok/M7/Online leckék/M7.4 – Peula v1 + AI – első modulproduktum-vázlat.md,szöveges-ekvivalens,produce,M7.4-VID-01,M7.4-VID-01::CAPTIONS,DERIVED_NOW,"a v2-ben a(z) M7.4-VID-01 `captions` derivatívája, a szövegét a forrásblokk adja"
M7.4-FEL-02,felirat,Modulok/M7/Online leckék/M7.4 – Peula v1 + AI – első modulproduktum-vázlat.md,szöveges-ekvivalens,produce,M7.4-NAR-01,M7.4-NAR-01::CAPTIONS,DERIVED_NOW,"a v2-ben a(z) M7.4-NAR-01 `captions` derivatívája, a szövegét a forrásblokk adja"
M7.4-FEL-03,felirat,Modulok/M7/Online leckék/M7.4 – Peula v1 + AI – első modulproduktum-vázlat.md,szöveges-ekvivalens,produce,M7.4-NAR-02,M7.4-NAR-02::CAPTIONS,DERIVED_NOW,"a v2-ben a(z) M7.4-NAR-02 `captions` derivatívája, a szövegét a forrásblokk adja"
M7.4-IKO-01,ikon-készlet,Modulok/M7/Online leckék/M7.4 – Peula v1 + AI – első modulproduktum-vázlat.md,digitális-generálandó,dedup-tag,M7.4-IKO-01,,REUSE,explicit újrahasznosítás: M7.4-IKO-01 → M3.2-IKO-01
M7.4-LEI-01,leirat-transzkript,Modulok/M7/Online leckék/M7.4 – Peula v1 + AI – első modulproduktum-vázlat.md,szöveges-ekvivalens,produce,M7.4-VID-01,M7.4-VID-01::TRANSCRIPT,DERIVED_NOW,"a v2-ben a(z) M7.4-VID-01 `transcript` derivatívája, a szövegét a forrásblokk adja"
M7.4-LEI-02,leirat-transzkript,Modulok/M7/Online leckék/M7.4 – Peula v1 + AI – első modulproduktum-vázlat.md,szöveges-ekvivalens,produce,M7.4-NAR-01,M7.4-NAR-01::TRANSCRIPT,DERIVED_NOW,"a v2-ben a(z) M7.4-NAR-01 `transcript` derivatívája, a szövegét a forrásblokk adja"
M7.4-LEI-03,leirat-transzkript,Modulok/M7/Online leckék/M7.4 – Peula v1 + AI – első modulproduktum-vázlat.md,szöveges-ekvivalens,produce,M7.4-NAR-02,M7.4-NAR-02::TRANSCRIPT,DERIVED_NOW,"a v2-ben a(z) M7.4-NAR-02 `transcript` derivatívája, a szövegét a forrásblokk adja"
M7.4-NAR-01,narráció,Modulok/M7/Online leckék/M7.4 – Peula v1 + AI – első modulproduktum-vázlat.md,digitális-generálandó,produce,M7.4-NAR-01,M7.4-NAR-01,PRESERVED,azonos azonosítójú szemantikus asset a jelenlegi forrásban
M7.4-NAR-02,narráció,Modulok/M7/Online leckék/M7.4 – Peula v1 + AI – első modulproduktum-vázlat.md,digitális-generálandó,produce,M7.4-NAR-02,M7.4-NAR-02,PRESERVED,azonos azonosítójú szemantikus asset a jelenlegi forrásban
M7.4-VID-01,beszélőfej-videó,Modulok/M7/Online leckék/M7.4 – Peula v1 + AI – első modulproduktum-vázlat.md,digitális-generálandó,produce,M7.4-VID-01,M7.4-VID-01,PRESERVED,azonos azonosítójú szemantikus asset a jelenlegi forrásban
M7.A-KART-01,print-kártya,Modulok/M7/Peulák/M7.A – Célból peula – SMART & 11 pont élőben.md,print-fizikai,produce,M7.A-KART-01,M7.A-KART-01,PRESERVED,azonos azonosítójú szemantikus asset a jelenlegi forrásban
M7.A-KART-02,print-kártya,Modulok/M7/Peulák/M7.A – Célból peula – SMART & 11 pont élőben.md,print-fizikai,produce,M7.A-KART-02,M7.A-KART-02,PRESERVED,azonos azonosítójú szemantikus asset a jelenlegi forrásban
M7.A-MUNK-01,print-munkalap,Modulok/M7/Peulák/M7.A – Célból peula – SMART & 11 pont élőben.md,print-fizikai,produce,M7.A-MUNK-01,M7.A-MUNK-01,PRESERVED,azonos azonosítójú szemantikus asset a jelenlegi forrásban
M7.A-MUNK-02,print-munkalap,Modulok/M7/Peulák/M7.A – Célból peula – SMART & 11 pont élőben.md,print-fizikai,produce,M7.A-MUNK-02,M7.A-MUNK-02,PRESERVED,azonos azonosítójú szemantikus asset a jelenlegi forrásban
M7.A-POSZ-01,print-poszter,Modulok/M7/Peulák/M7.A – Célból peula – SMART & 11 pont élőben.md,print-fizikai,produce,M7.A-POSZ-01,M7.A-POSZ-01,PRESERVED,azonos azonosítójú szemantikus asset a jelenlegi forrásban
M7.A-POSZ-02,print-poszter,Modulok/M7/Peulák/M7.A – Célból peula – SMART & 11 pont élőben.md,print-fizikai,produce,M7.A-POSZ-02,M7.A-POSZ-02,PRESERVED,azonos azonosítójú szemantikus asset a jelenlegi forrásban
M7.A-POSZ-03,print-poszter,Modulok/M7/Peulák/M7.A – Célból peula – SMART & 11 pont élőben.md,print-fizikai,produce,M7.A-POSZ-03,M7.A-POSZ-03,PRESERVED,azonos azonosítójú szemantikus asset a jelenlegi forrásban
M7.B-EGY-01,egyéb,Modulok/M7/Peulák/M7.B – Peula v2 & Zmán Kvucá – amikor a papír találkozik a valósággal.md,print-fizikai,produce,M7.B-EGY-01,M7.B-EGY-01,PRESERVED,azonos azonosítójú szemantikus asset a jelenlegi forrásban
M7.B-MUNK-01,print-munkalap,Modulok/M7/Peulák/M7.B – Peula v2 & Zmán Kvucá – amikor a papír találkozik a valósággal.md,print-fizikai,produce,M7.B-MUNK-01,M7.B-MUNK-01,PRESERVED,azonos azonosítójú szemantikus asset a jelenlegi forrásban
M7.B-MUNK-02,print-munkalap,Modulok/M7/Peulák/M7.B – Peula v2 & Zmán Kvucá – amikor a papír találkozik a valósággal.md,print-fizikai,produce,M7.B-MUNK-02,M7.B-MUNK-02,PRESERVED,azonos azonosítójú szemantikus asset a jelenlegi forrásban
M7.B-MUNK-03,print-munkalap,Modulok/M7/Peulák/M7.B – Peula v2 & Zmán Kvucá – amikor a papír találkozik a valósággal.md,print-fizikai,produce,M7.B-MUNK-03,M7.B-MUNK-03,PRESERVED,azonos azonosítójú szemantikus asset a jelenlegi forrásban
M7.B-MUNK-04,print-munkalap,Modulok/M7/Peulák/M7.B – Peula v2 & Zmán Kvucá – amikor a papír találkozik a valósággal.md,print-fizikai,produce,M7.B-MUNK-04,M7.B-MUNK-04,PRESERVED,azonos azonosítójú szemantikus asset a jelenlegi forrásban
M7.B-MUNK-05,print-munkalap,Modulok/M7/Peulák/M7.B – Peula v2 & Zmán Kvucá – amikor a papír találkozik a valósággal.md,print-fizikai,produce,M7.B-MUNK-05,M7.B-MUNK-05,PRESERVED,azonos azonosítójú szemantikus asset a jelenlegi forrásban
M7.B-MUNK-06,print-munkalap,Modulok/M7/Peulák/M7.B – Peula v2 & Zmán Kvucá – amikor a papír találkozik a valósággal.md,print-fizikai,produce,M7.B-MUNK-06,M7.B-MUNK-06,PRESERVED,azonos azonosítójú szemantikus asset a jelenlegi forrásban
M7.B-POSZ-01,print-poszter,Modulok/M7/Peulák/M7.B – Peula v2 & Zmán Kvucá – amikor a papír találkozik a valósággal.md,print-fizikai,produce,M7.B-POSZ-01,M7.B-POSZ-01,PRESERVED,azonos azonosítójú szemantikus asset a jelenlegi forrásban
M7.B-POSZ-02,print-poszter,Modulok/M7/Peulák/M7.B – Peula v2 & Zmán Kvucá – amikor a papír találkozik a valósággal.md,print-fizikai,produce,M7.B-POSZ-02,M7.B-POSZ-02,PRESERVED,azonos azonosítójú szemantikus asset a jelenlegi forrásban
M7.F-MUNK-01,print-munkalap,Modulok/M7/Peulák/M7.F – Felzárkóztató peula – Peula & Zmán Kvucá (Study Lab).md,print-fizikai,produce,M7.F-MUNK-01,M7.F-MUNK-01,PRESERVED,azonos azonosítójú szemantikus asset a jelenlegi forrásban
M7.F-MUNK-02,print-munkalap,Modulok/M7/Peulák/M7.F – Felzárkóztató peula – Peula & Zmán Kvucá (Study Lab).md,print-fizikai,produce,M7.F-MUNK-02,M7.F-MUNK-02,PRESERVED,azonos azonosítójú szemantikus asset a jelenlegi forrásban
M7.F-POSZ-01,print-poszter,Modulok/M7/Peulák/M7.F – Felzárkóztató peula – Peula & Zmán Kvucá (Study Lab).md,print-fizikai,produce,M7.F-POSZ-01,M7.F-POSZ-01,PRESERVED,azonos azonosítójú szemantikus asset a jelenlegi forrásban
M7.F-POSZ-02,print-poszter,Modulok/M7/Peulák/M7.F – Felzárkóztató peula – Peula & Zmán Kvucá (Study Lab).md,print-fizikai,produce,M7.F-POSZ-02,M7.F-POSZ-02,PRESERVED,azonos azonosítójú szemantikus asset a jelenlegi forrásban
Z.1-ALT-01,alt-szöveg,Modulok/Z/Online leckék/Z.1 – Visszanéző tükör – M0–M7 timeline.md,szöveges-ekvivalens,produce,Z.1-ILL-01,Z.1-ILL-01::ALTTEXT,DERIVED_NOW,"a v2-ben a(z) Z.1-ILL-01 `alt-text` derivatívája, a szövegét a forrásblokk adja"
Z.1-ALT-02,alt-szöveg,Modulok/Z/Online leckék/Z.1 – Visszanéző tükör – M0–M7 timeline.md,szöveges-ekvivalens,produce,Z.1-DIA-01,Z.1-DIA-01::ALTTEXT,DERIVED_NOW,"a v2-ben a(z) Z.1-DIA-01 `alt-text` derivatívája, a szövegét a forrásblokk adja"
Z.1-ALT-03,alt-szöveg,Modulok/Z/Online leckék/Z.1 – Visszanéző tükör – M0–M7 timeline.md,szöveges-ekvivalens,produce,Z.1-IKO-01,Z.1-IKO-01::ALTTEXT,DERIVED_NOW,"a v2-ben a(z) Z.1-IKO-01 `alt-text` derivatívája, a szövegét a forrásblokk adja"
Z.1-DIA-01,animált-diagram,Modulok/Z/Online leckék/Z.1 – Visszanéző tükör – M0–M7 timeline.md,digitális-generálandó,produce,Z.1-DIA-01,Z.1-DIA-01,PRESERVED,azonos azonosítójú szemantikus asset a jelenlegi forrásban
Z.1-FEL-01,felirat,Modulok/Z/Online leckék/Z.1 – Visszanéző tükör – M0–M7 timeline.md,szöveges-ekvivalens,produce,Z.1-NAR-01,Z.1-NAR-01::CAPTIONS,DERIVED_NOW,"a v2-ben a(z) Z.1-NAR-01 `captions` derivatívája, a szövegét a forrásblokk adja"
Z.1-FEL-02,felirat,Modulok/Z/Online leckék/Z.1 – Visszanéző tükör – M0–M7 timeline.md,szöveges-ekvivalens,produce,Z.1-NAR-02,Z.1-NAR-02::CAPTIONS,DERIVED_NOW,"a v2-ben a(z) Z.1-NAR-02 `captions` derivatívája, a szövegét a forrásblokk adja"
Z.1-IKO-01,ikon-készlet,Modulok/Z/Online leckék/Z.1 – Visszanéző tükör – M0–M7 timeline.md,digitális-generálandó,produce,Z.1-IKO-01,Z.1-IKO-01,PRESERVED,azonos azonosítójú szemantikus asset a jelenlegi forrásban
Z.1-ILL-01,illusztráció,Modulok/Z/Online leckék/Z.1 – Visszanéző tükör – M0–M7 timeline.md,digitális-generálandó,produce,Z.1-ILL-01,Z.1-ILL-01,PRESERVED,azonos azonosítójú szemantikus asset a jelenlegi forrásban
Z.1-NAR-01,narráció,Modulok/Z/Online leckék/Z.1 – Visszanéző tükör – M0–M7 timeline.md,digitális-generálandó,produce,Z.1-NAR-01,Z.1-NAR-01,PRESERVED,azonos azonosítójú szemantikus asset a jelenlegi forrásban
Z.1-NAR-02,narráció,Modulok/Z/Online leckék/Z.1 – Visszanéző tükör – M0–M7 timeline.md,digitális-generálandó,produce,Z.1-NAR-02,Z.1-NAR-02,PRESERVED,azonos azonosítójú szemantikus asset a jelenlegi forrásban
Z.2-ALT-01,alt-szöveg,Modulok/Z/Online leckék/Z.2 – Tanultam valamit! – saját tanulási pillanataim.md,szöveges-ekvivalens,produce,Z.2-ILL-01,Z.2-ILL-01::ALTTEXT,DERIVED_NOW,"a v2-ben a(z) Z.2-ILL-01 `alt-text` derivatívája, a szövegét a forrásblokk adja"
Z.2-ILL-01,illusztráció,Modulok/Z/Online leckék/Z.2 – Tanultam valamit! – saját tanulási pillanataim.md,digitális-generálandó,produce,Z.2-ILL-01,Z.2-ILL-01,PRESERVED,azonos azonosítójú szemantikus asset a jelenlegi forrásban
Z.3-ALT-01,alt-szöveg,Modulok/Z/Online leckék/Z.3 – Híd a terepre – következő lépések.md,szöveges-ekvivalens,produce,Z.3-IKO-01,Z.3-IKO-01::ALTTEXT,DERIVED_NOW,"a v2-ben a(z) Z.3-IKO-01 `alt-text` derivatívája, a szövegét a forrásblokk adja"
Z.3-IKO-01,ikon-készlet,Modulok/Z/Online leckék/Z.3 – Híd a terepre – következő lépések.md,digitális-generálandó,produce,Z.3-IKO-01,Z.3-IKO-01,PRESERVED,azonos azonosítójú szemantikus asset a jelenlegi forrásban
Z.A-KART-01,print-kártya,Modulok/Z/Peulák/Z.A – Mit viszek magammal – Záró kvuca-peula.md,print-fizikai,produce,Z.A-KART-01,Z.A-KART-01,PRESERVED,azonos azonosítójú szemantikus asset a jelenlegi forrásban
Z.A-KART-02,print-kártya,Modulok/Z/Peulák/Z.A – Mit viszek magammal – Záró kvuca-peula.md,print-fizikai,produce,Z.A-KART-02,Z.A-KART-02,PRESERVED,azonos azonosítójú szemantikus asset a jelenlegi forrásban
Z.A-KART-03,print-kártya,Modulok/Z/Peulák/Z.A – Mit viszek magammal – Záró kvuca-peula.md,print-fizikai,produce,Z.A-KART-03,Z.A-KART-03,PRESERVED,azonos azonosítójú szemantikus asset a jelenlegi forrásban
Z.A-KART-04,print-kártya,Modulok/Z/Peulák/Z.A – Mit viszek magammal – Záró kvuca-peula.md,print-fizikai,produce,Z.A-KART-04,Z.A-KART-04,PRESERVED,azonos azonosítójú szemantikus asset a jelenlegi forrásban
Z.A-MUNK-01,print-munkalap,Modulok/Z/Peulák/Z.A – Mit viszek magammal – Záró kvuca-peula.md,print-fizikai,produce,Z.A-MUNK-01,Z.A-MUNK-01,PRESERVED,azonos azonosítójú szemantikus asset a jelenlegi forrásban
Z.A-MUNK-02,print-munkalap,Modulok/Z/Peulák/Z.A – Mit viszek magammal – Záró kvuca-peula.md,print-fizikai,produce,Z.A-MUNK-02,Z.A-MUNK-02,PRESERVED,azonos azonosítójú szemantikus asset a jelenlegi forrásban
Z.A-POSZ-01,print-poszter,Modulok/Z/Peulák/Z.A – Mit viszek magammal – Záró kvuca-peula.md,print-fizikai,dedup-tag,Z.A-POSZ-01,Z.A-POSZ-01,PRESERVED,azonos azonosítójú szemantikus asset a jelenlegi forrásban
Z.A-POSZ-02,print-poszter,Modulok/Z/Z – Zárás & híd a terepre.md,print-fizikai,dedup-tag,Z-HUB-POSZ-02,,REUSE,explicit újrahasznosítás: Z-HUB-POSZ-02 → Z.A-POSZ-01
