Deliverable ID,Asset ID,Szerep,Modul,Egység,Forrásfájl,Típus,Altípus,Produkciós mód,Státusz,Készültségi akadály,Cím,Eredet,Forrásblokk,Szöveg (élő forrásból),Szöveg-hash,Blokkolók
M0.1-DIA-01,M0.1-DIA-01,elsődleges,M0,M0.1,02 Tervezet/Modulok/M0/Online leckék/M0.1 – Üdv a képzésben! – Éves útiterv & mi köze hozzám.md,diagram,,legyártandó,specifikáció kész,,Éves útiterv idővonal (M0→M7→Z),AI-generált,,,,
M0.1-DIA-01::ALTTEXT,M0.1-DIA-01,alt-szöveg,M0,M0.1,02 Tervezet/Modulok/M0/Online leckék/M0.1 – Üdv a képzésben! – Éves útiterv & mi köze hozzám.md,diagram,,legyártandó,specifikáció kész,,Éves útiterv idővonal (M0→M7→Z) — alt-szöveg,AI-generált,,,,
M0.1-IKO-01,M0.1-IKO-01,elsődleges,M0,M0.1,02 Tervezet/Modulok/M0/Online leckék/M0.1 – Üdv a képzésben! – Éves útiterv & mi köze hozzám.md,icon-set,,legyártandó,specifikáció kész,,Hook-ikon: útiterv / térkép / lépcső,AI-generált,,,,
M0.1-IKO-01::ALTTEXT,M0.1-IKO-01,alt-szöveg,M0,M0.1,02 Tervezet/Modulok/M0/Online leckék/M0.1 – Üdv a képzésben! – Éves útiterv & mi köze hozzám.md,icon-set,,legyártandó,specifikáció kész,,Hook-ikon: útiterv / térkép / lépcső — alt-szöveg,AI-generált,,,,
M0.1-IKO-02,M0.1-IKO-02,elsődleges,M0,M0.1,02 Tervezet/Modulok/M0/Online leckék/M0.1 – Üdv a képzésben! – Éves útiterv & mi köze hozzám.md,icon-set,,legyártandó,specifikáció kész,,"3 ígéret-ikon (kézfogás, létra, pajzs)",AI-generált,,,,
M0.1-IKO-02::ALTTEXT,M0.1-IKO-02,alt-szöveg,M0,M0.1,02 Tervezet/Modulok/M0/Online leckék/M0.1 – Üdv a képzésben! – Éves útiterv & mi köze hozzám.md,icon-set,,legyártandó,specifikáció kész,,"3 ígéret-ikon (kézfogás, létra, pajzs) — alt-szöveg",AI-generált,,,,
M0.2-DIA-01,M0.2-DIA-01,elsődleges,M0,M0.2,"02 Tervezet/Modulok/M0/Online leckék/M0.2 – Madrih, nem terapeuta – szerepek és elvárások.md",diagram,,legyártandó,specifikáció kész,,SLIDE 4 jelzési folyamatábra: az ötlépéses jelzési út (észreveszem → meghallgatom → nem nyomozok → bevonom a Memunát → közvetlen veszélynél 112),AI-generált,,,,
M0.2-DIA-01::ALTTEXT,M0.2-DIA-01,alt-szöveg,M0,M0.2,"02 Tervezet/Modulok/M0/Online leckék/M0.2 – Madrih, nem terapeuta – szerepek és elvárások.md",diagram,,legyártandó,specifikáció kész,,SLIDE 4 jelzési folyamatábra: az ötlépéses jelzési út (észreveszem → meghallgatom → nem nyomozok → bevonom a Memunát → közvetlen veszélynél 112) — alt-szöveg,AI-generált,,,,
M0.2-DIA-02,M0.2-DIA-02,elsődleges,M0,M0.2,"02 Tervezet/Modulok/M0/Online leckék/M0.2 – Madrih, nem terapeuta – szerepek és elvárások.md",diagram,,legyártandó,specifikáció kész,,SLIDE 2 kétoszlopos összevetés: „Madrihként csinálom” vs. „Nem (csak) az én feladatom”,AI-generált,,,,
M0.2-DIA-02::ALTTEXT,M0.2-DIA-02,alt-szöveg,M0,M0.2,"02 Tervezet/Modulok/M0/Online leckék/M0.2 – Madrih, nem terapeuta – szerepek és elvárások.md",diagram,,legyártandó,specifikáció kész,,SLIDE 2 kétoszlopos összevetés: „Madrihként csinálom” vs. „Nem (csak) az én feladatom” — alt-szöveg,AI-generált,,,,
M0.2-EGY-01,M0.2-EGY-01,elsődleges,M0,M0.2,"02 Tervezet/Modulok/M0/Online leckék/M0.2 – Madrih, nem terapeuta – szerepek és elvárások.md",other,h5p-interaction,legyártandó,specifikáció kész,,Akadálymentes iframe-cím és fókusz-spec a SLIDE 3 interakcióhoz,emberi,,,,
M0.2-IKO-01,M0.2-IKO-01,elsődleges,M0,M0.2,"02 Tervezet/Modulok/M0/Online leckék/M0.2 – Madrih, nem terapeuta – szerepek és elvárások.md",icon-set,,legyártandó,specifikáció kész,,SLIDE 1 hook-ikonok: barát / tanár / szuperhős,AI-generált,,,,
M0.2-IKO-01::ALTTEXT,M0.2-IKO-01,alt-szöveg,M0,M0.2,"02 Tervezet/Modulok/M0/Online leckék/M0.2 – Madrih, nem terapeuta – szerepek és elvárások.md",icon-set,,legyártandó,specifikáció kész,,SLIDE 1 hook-ikonok: barát / tanár / szuperhős — alt-szöveg,AI-generált,,,,
M0.2-IKO-02,M0.2-IKO-02,elsődleges,M0,M0.2,"02 Tervezet/Modulok/M0/Online leckék/M0.2 – Madrih, nem terapeuta – szerepek és elvárások.md",icon-set,,legyártandó,specifikáció kész,,SLIDE 5 dugma isit ikonok: kör / chat / kulissza,AI-generált,,,,
M0.2-IKO-02::ALTTEXT,M0.2-IKO-02,alt-szöveg,M0,M0.2,"02 Tervezet/Modulok/M0/Online leckék/M0.2 – Madrih, nem terapeuta – szerepek és elvárások.md",icon-set,,legyártandó,specifikáció kész,,SLIDE 5 dugma isit ikonok: kör / chat / kulissza — alt-szöveg,AI-generált,,,,
M0.3-FOTO-01,M0.3-FOTO-01,elsődleges,M0,M0.3,"02 Tervezet/Modulok/M0/Online leckék/M0.3 – Hogyan működik a Moodle, H5P és a kapu.md",photo,,legyártandó,jogtisztázás alatt,,Moodle-kurzus főoldal screenshot (modul-lista),emberi,,,,"R7, R8"
M0.3-FOTO-01::ALTTEXT,M0.3-FOTO-01,alt-szöveg,M0,M0.3,"02 Tervezet/Modulok/M0/Online leckék/M0.3 – Hogyan működik a Moodle, H5P és a kapu.md",photo,,legyártandó,jogtisztázás alatt,,Moodle-kurzus főoldal screenshot (modul-lista) — alt-szöveg,emberi,M0.3-FOTO-01-ALT,"A Moodle-kurzus főoldala. A modulok fentről lefelé sorban: M0, M1, M2, …, M7, Z. Minden modul címe mellett pipa jelzi a befejezett elemeket.",38db195cdbe6d20da43c530e8ca8ae6ada88b93448eaa43b32fb622993b0bb04,"R7, R8"
M0.4-DIA-01,M0.4-DIA-01,elsődleges,M0,M0.4,02 Tervezet/Modulok/M0/Online leckék/M0.4 – Dugma isit az online térben + bemutatkozó fórum.md,diagram,,legyártandó,specifikáció kész,,3 egyszerű online szabály – kártyás összegző diagram,AI-generált,,,,
M0.4-DIA-01::ALTTEXT,M0.4-DIA-01,alt-szöveg,M0,M0.4,02 Tervezet/Modulok/M0/Online leckék/M0.4 – Dugma isit az online térben + bemutatkozó fórum.md,diagram,,legyártandó,specifikáció kész,,3 egyszerű online szabály – kártyás összegző diagram — alt-szöveg,AI-generált,,,,
M0.4-IKO-01,M0.4-IKO-01,elsődleges,M0,M0.4,02 Tervezet/Modulok/M0/Online leckék/M0.4 – Dugma isit az online térben + bemutatkozó fórum.md,icon-set,,legyártandó,specifikáció kész,,Online-felület ikonkészlet (chat / insta / messenger / Moodle-komment),AI-generált,,,,
M0.4-IKO-01::ALTTEXT,M0.4-IKO-01,alt-szöveg,M0,M0.4,02 Tervezet/Modulok/M0/Online leckék/M0.4 – Dugma isit az online térben + bemutatkozó fórum.md,icon-set,,legyártandó,specifikáció kész,,Online-felület ikonkészlet (chat / insta / messenger / Moodle-komment) — alt-szöveg,AI-generált,,,,
M0.4-ILL-01,M0.4-ILL-01,elsődleges,M0,M0.4,02 Tervezet/Modulok/M0/Online leckék/M0.4 – Dugma isit az online térben + bemutatkozó fórum.md,illustration,,legyártandó,specifikáció kész,,Hook-vizuál: a kvuca online terei a telefonon,AI-generált,,,,
M0.4-ILL-01::ALTTEXT,M0.4-ILL-01,alt-szöveg,M0,M0.4,02 Tervezet/Modulok/M0/Online leckék/M0.4 – Dugma isit az online térben + bemutatkozó fórum.md,illustration,,legyártandó,specifikáció kész,,Hook-vizuál: a kvuca online terei a telefonon — alt-szöveg,AI-generált,,,,
M0.4-ILL-02,M0.4-ILL-02,elsődleges,M0,M0.4,02 Tervezet/Modulok/M0/Online leckék/M0.4 – Dugma isit az online térben + bemutatkozó fórum.md,illustration,,legyártandó,specifikáció kész,,Online szituációk – 4 problémahelyzet jelenetképe,AI-generált,,,,
M0.4-ILL-02::ALTTEXT,M0.4-ILL-02,alt-szöveg,M0,M0.4,02 Tervezet/Modulok/M0/Online leckék/M0.4 – Dugma isit az online térben + bemutatkozó fórum.md,illustration,,legyártandó,specifikáció kész,,Online szituációk – 4 problémahelyzet jelenetképe — alt-szöveg,AI-generált,,,,
M0.4-ILL-03,M0.4-ILL-03,elsődleges,M0,M0.4,02 Tervezet/Modulok/M0/Online leckék/M0.4 – Dugma isit az online térben + bemutatkozó fórum.md,illustration,,legyártandó,specifikáció kész,,„Dugma isit vagy sem?” – 3 döntéshelyzet vizuál,AI-generált,,,,
M0.4-ILL-03::ALTTEXT,M0.4-ILL-03,alt-szöveg,M0,M0.4,02 Tervezet/Modulok/M0/Online leckék/M0.4 – Dugma isit az online térben + bemutatkozó fórum.md,illustration,,legyártandó,specifikáció kész,,„Dugma isit vagy sem?” – 3 döntéshelyzet vizuál — alt-szöveg,AI-generált,,,,
M0.4-POSZ-01,M0.4-POSZ-01,elsődleges,M0,M0.4,02 Tervezet/Modulok/M0/Online leckék/M0.4 – Dugma isit az online térben + bemutatkozó fórum.md,poster,,legyártandó,specifikáció kész,,„3 egyszerű szabály online” – nyomtatható poszter/kártya,AI-generált,,,,
M0.4-POSZ-01::PRINTPDF,M0.4-POSZ-01,nyomtatható PDF,M0,M0.4,02 Tervezet/Modulok/M0/Online leckék/M0.4 – Dugma isit az online térben + bemutatkozó fórum.md,poster,,legyártandó,specifikáció kész,,„3 egyszerű szabály online” – nyomtatható poszter/kártya — nyomtatható PDF,AI-generált,,,,
M0.A-EGY-01,M0.A-EGY-01,elsődleges,M0,M0.A,02 Tervezet/Modulok/M0/Peulák/M0.A – Kickoff & ismerkedés + közös keret.md,other,,legyártandó,specifikáció kész,,Zárókör induló-szavainak rögzítése (képzői jegyzet a Z.A-hoz),emberi,,,,
M0.A-FOTO-01,M0.A-FOTO-01,elsődleges,M0,M0.A,02 Tervezet/Modulok/M0/Peulák/M0.A – Kickoff & ismerkedés + közös keret.md,photo,,legyártandó,jogtisztázás alatt,,Kvuca-plakátok archív fotói (Z.A modulhoz),emberi,,,,R8
M0.A-FOTO-01::ALTTEXT,M0.A-FOTO-01,alt-szöveg,M0,M0.A,02 Tervezet/Modulok/M0/Peulák/M0.A – Kickoff & ismerkedés + közös keret.md,photo,,legyártandó,jogtisztázás alatt,,Kvuca-plakátok archív fotói (Z.A modulhoz) — alt-szöveg,emberi,,,,R8
M0.A-KART-01,M0.A-KART-01,elsődleges,M0,M0.A,02 Tervezet/Modulok/M0/Peulák/M0.A – Kickoff & ismerkedés + közös keret.md,card-set,,legyártandó,specifikáció kész,,Red-flag mini-protokoll kártya a képzőnek,vegyes,,,,
M0.A-KART-01::PRINTPDF,M0.A-KART-01,nyomtatható PDF,M0,M0.A,02 Tervezet/Modulok/M0/Peulák/M0.A – Kickoff & ismerkedés + közös keret.md,card-set,,legyártandó,specifikáció kész,,Red-flag mini-protokoll kártya a képzőnek — nyomtatható PDF,vegyes,,,,
M0.A-KART-02,M0.A-KART-02,elsődleges,M0,M0.A,02 Tervezet/Modulok/M0/Peulák/M0.A – Kickoff & ismerkedés + közös keret.md,card-set,,legyártandó,specifikáció kész,,Képzői kártya biztonsági mondatokkal,vegyes,,,,
M0.A-KART-02::PRINTPDF,M0.A-KART-02,nyomtatható PDF,M0,M0.A,02 Tervezet/Modulok/M0/Peulák/M0.A – Kickoff & ismerkedés + közös keret.md,card-set,,legyártandó,specifikáció kész,,Képzői kártya biztonsági mondatokkal — nyomtatható PDF,vegyes,,,,
M0.A-MUNK-01,M0.A-MUNK-01,elsődleges,M0,M0.A,02 Tervezet/Modulok/M0/Peulák/M0.A – Kickoff & ismerkedés + közös keret.md,worksheet,,legyártandó,specifikáció kész,,Kvuca-plakát 3 rubrikás sablon (Mit várok / Mitől félek / Mit hozok),vegyes,,,,
M0.A-MUNK-01::PRINTPDF,M0.A-MUNK-01,nyomtatható PDF,M0,M0.A,02 Tervezet/Modulok/M0/Peulák/M0.A – Kickoff & ismerkedés + közös keret.md,worksheet,,legyártandó,specifikáció kész,,Kvuca-plakát 3 rubrikás sablon (Mit várok / Mitől félek / Mit hozok) — nyomtatható PDF,vegyes,,,,
M0.A-MUNK-02,M0.A-MUNK-02,elsődleges,M0,M0.A,02 Tervezet/Modulok/M0/Peulák/M0.A – Kickoff & ismerkedés + közös keret.md,worksheet,,legyártandó,specifikáció kész,,Kilépőkártya – 2 kérdéses sablon,vegyes,,,,
M0.A-MUNK-02::PRINTPDF,M0.A-MUNK-02,nyomtatható PDF,M0,M0.A,02 Tervezet/Modulok/M0/Peulák/M0.A – Kickoff & ismerkedés + közös keret.md,worksheet,,legyártandó,specifikáció kész,,Kilépőkártya – 2 kérdéses sablon — nyomtatható PDF,vegyes,,,,
M0.A-MUNK-03,M0.A-MUNK-03,elsődleges,M0,M0.A,02 Tervezet/Modulok/M0/Peulák/M0.A – Kickoff & ismerkedés + közös keret.md,worksheet,,legyártandó,specifikáció kész,,"Moodle-belépési segédlet (papíron, a technikai segítségponthoz)",vegyes,,,,
M0.A-MUNK-03::PRINTPDF,M0.A-MUNK-03,nyomtatható PDF,M0,M0.A,02 Tervezet/Modulok/M0/Peulák/M0.A – Kickoff & ismerkedés + közös keret.md,worksheet,,legyártandó,specifikáció kész,,"Moodle-belépési segédlet (papíron, a technikai segítségponthoz) — nyomtatható PDF",vegyes,,,,
M0.A-POSZ-01,M0.A-POSZ-01,elsődleges,M0,M0.A,02 Tervezet/Modulok/M0/Peulák/M0.A – Kickoff & ismerkedés + közös keret.md,poster,,legyártandó,specifikáció kész,,„KÖZÖS KERET” 2 oszlopos flipchart-sablon,vegyes,,,,
M0.A-POSZ-01::PRINTPDF,M0.A-POSZ-01,nyomtatható PDF,M0,M0.A,02 Tervezet/Modulok/M0/Peulák/M0.A – Kickoff & ismerkedés + közös keret.md,poster,,legyártandó,specifikáció kész,,„KÖZÖS KERET” 2 oszlopos flipchart-sablon — nyomtatható PDF,vegyes,,,,
M0.A-POSZ-02,M0.A-POSZ-02,elsődleges,M0,M0.A,02 Tervezet/Modulok/M0/Peulák/M0.A – Kickoff & ismerkedés + közös keret.md,poster,,legyártandó,specifikáció kész,,„Kihez fordulhatok?” támasz-térkép sablon (buborékábra),vegyes,,,,
M0.A-POSZ-02::PRINTPDF,M0.A-POSZ-02,nyomtatható PDF,M0,M0.A,02 Tervezet/Modulok/M0/Peulák/M0.A – Kickoff & ismerkedés + közös keret.md,poster,,legyártandó,specifikáció kész,,„Kihez fordulhatok?” támasz-térkép sablon (buborékábra) — nyomtatható PDF,vegyes,,,,
M1-HUB-POSZ-02,M1-HUB-POSZ-02,elsődleges,M1,M1-HUB,"02 Tervezet/Modulok/M1/M1 – Vakfolt, tükör, visszajelzés – Önismeret & visszajelzés – Johari + SBI.md",poster,,legyártandó,specifikáció kész,,M1.F Közös fogalom-térkép sablon,vegyes,,,,
M1-HUB-POSZ-02::PRINTPDF,M1-HUB-POSZ-02,nyomtatható PDF,M1,M1-HUB,"02 Tervezet/Modulok/M1/M1 – Vakfolt, tükör, visszajelzés – Önismeret & visszajelzés – Johari + SBI.md",poster,,legyártandó,specifikáció kész,,M1.F Közös fogalom-térkép sablon — nyomtatható PDF,vegyes,,,,
M1.1-DIA-01,M1.1-DIA-01,elsődleges,M1,M1.1,02 Tervezet/Modulok/M1/Online leckék/M1.1 – Johari-ablak – vakfoltjaim felismerése.md,diagram,,legyártandó,specifikáció kész,,Animált Johari-ablak diagram (4 mező felvillan),AI-generált,,,,
M1.1-DIA-01::ALTTEXT,M1.1-DIA-01,alt-szöveg,M1,M1.1,02 Tervezet/Modulok/M1/Online leckék/M1.1 – Johari-ablak – vakfoltjaim felismerése.md,diagram,,legyártandó,specifikáció kész,,Animált Johari-ablak diagram (4 mező felvillan) — alt-szöveg,AI-generált,M1.1-DIA-01-ALT,"A Johari-ablak 2×2-es diagramja. Oszlopok: én ismerem / én nem ismerem; sorok: mások ismerik / mások nem ismerik. A négy mező: bal felül Nyitott terület (te is és mások is látják), jobb felül Vakfolt (mások látják, te nem), bal alul Rejtett terület (te látod, mások nem), jobb alul Ismeretlen terület (sem te, sem mások nem látják).",3834ed0dcdc369af37698c6d3495cca9aef44571ede4230ce4166bac788a6016,
M1.1-IKO-01,M1.1-IKO-01,elsődleges,M1,M1.1,02 Tervezet/Modulok/M1/Online leckék/M1.1 – Johari-ablak – vakfoltjaim felismerése.md,icon-set,,legyártandó,specifikáció kész,,4 mező-ikon a példa-gridhez (dekoratív),AI-generált,,,,
M1.1-IKO-02,M1.1-IKO-02,elsődleges,M1,M1.1,02 Tervezet/Modulok/M1/Online leckék/M1.1 – Johari-ablak – vakfoltjaim felismerése.md,icon-set,,legyártandó,specifikáció kész,,Önreflexió-ikon (gondolkodó figura / napló),AI-generált,,,,
M1.1-IKO-02::ALTTEXT,M1.1-IKO-02,alt-szöveg,M1,M1.1,02 Tervezet/Modulok/M1/Online leckék/M1.1 – Johari-ablak – vakfoltjaim felismerése.md,icon-set,,legyártandó,specifikáció kész,,Önreflexió-ikon (gondolkodó figura / napló) — alt-szöveg,AI-generált,,,,
M1.1-ILL-01,M1.1-ILL-01,elsődleges,M1,M1.1,02 Tervezet/Modulok/M1/Online leckék/M1.1 – Johari-ablak – vakfoltjaim felismerése.md,illustration,,legyártandó,specifikáció kész,,Üres 4 ablakos Johari-váz grafika (címke nélkül),AI-generált,,,,
M1.1-ILL-01::ALTTEXT,M1.1-ILL-01,alt-szöveg,M1,M1.1,02 Tervezet/Modulok/M1/Online leckék/M1.1 – Johari-ablak – vakfoltjaim felismerése.md,illustration,,legyártandó,specifikáció kész,,Üres 4 ablakos Johari-váz grafika (címke nélkül) — alt-szöveg,AI-generált,M1.1-ILL-01-ALT,"Egy 2×2-es rács négy üres mezővel, a Johari-ablak vázát idézi, a mezők még címke nélkül.",da0c46e98f0f283de3eff2663122fdcee52c55c21b6cfb05bb3dfd03b310cf4f,
M1.1-ILL-02,M1.1-ILL-02,elsődleges,M1,M1.1,02 Tervezet/Modulok/M1/Online leckék/M1.1 – Johari-ablak – vakfoltjaim felismerése.md,illustration,,legyártandó,specifikáció kész,,Példa-grid (4 mező) ikonokkal – 4 hétköznapi példa,AI-generált,,,,
M1.1-NAR-02,M1.1-NAR-02,elsődleges,M1,M1.1,02 Tervezet/Modulok/M1/Online leckék/M1.1 – Johari-ablak – vakfoltjaim felismerése.md,voiceover,narration,legyártandó,jogtisztázás alatt,,Narráció – Biztonság / érzelmi ráhangolódás,AI-generált,M1.1-NAR-02-VO,"„Mielőtt belevágunk: attól, hogy **nem látsz mindent magadból**, még nincs veled semmi baj.
Minden embernek vannak részei, amiket csak ő lát,
és vannak dolgok, amiket **inkább a többiek vesznek észre rajta**.

Ha a lecke közben bármi nehéz érzés jönne, nyugodtan tarts szünetet,
és beszélj a mentoroddal vagy a képződdel.”",e7b64d0419ae6c5431a361a30ffb8123494ee8c3d75cc5383d0092306863a4c0,"R2, R3"
M1.1-NAR-02::CAPTIONS,M1.1-NAR-02,felirat,M1,M1.1,02 Tervezet/Modulok/M1/Online leckék/M1.1 – Johari-ablak – vakfoltjaim felismerése.md,voiceover,narration,legyártandó,jogtisztázás alatt,,Narráció – Biztonság / érzelmi ráhangolódás — felirat,AI-generált,M1.1-NAR-02-VO,"„Mielőtt belevágunk: attól, hogy **nem látsz mindent magadból**, még nincs veled semmi baj.
Minden embernek vannak részei, amiket csak ő lát,
és vannak dolgok, amiket **inkább a többiek vesznek észre rajta**.

Ha a lecke közben bármi nehéz érzés jönne, nyugodtan tarts szünetet,
és beszélj a mentoroddal vagy a képződdel.”",e7b64d0419ae6c5431a361a30ffb8123494ee8c3d75cc5383d0092306863a4c0,"R2, R3"
M1.1-NAR-02::TRANSCRIPT,M1.1-NAR-02,leirat,M1,M1.1,02 Tervezet/Modulok/M1/Online leckék/M1.1 – Johari-ablak – vakfoltjaim felismerése.md,voiceover,narration,legyártandó,jogtisztázás alatt,,Narráció – Biztonság / érzelmi ráhangolódás — leirat,AI-generált,M1.1-NAR-02-VO,"„Mielőtt belevágunk: attól, hogy **nem látsz mindent magadból**, még nincs veled semmi baj.
Minden embernek vannak részei, amiket csak ő lát,
és vannak dolgok, amiket **inkább a többiek vesznek észre rajta**.

Ha a lecke közben bármi nehéz érzés jönne, nyugodtan tarts szünetet,
és beszélj a mentoroddal vagy a képződdel.”",e7b64d0419ae6c5431a361a30ffb8123494ee8c3d75cc5383d0092306863a4c0,"R2, R3"
M1.1-NAR-03,M1.1-NAR-03,elsődleges,M1,M1.1,02 Tervezet/Modulok/M1/Online leckék/M1.1 – Johari-ablak – vakfoltjaim felismerése.md,voiceover,narration,legyártandó,jogtisztázás alatt,,Narráció – „Mi az a Johari-ablak?” (4 mező),AI-generált,M1.1-NAR-03-VO,"„Ez itt a **Johari-ablak**.
Arra használjuk, hogy végiggondoljuk, **mit látunk magunkból, és mit látnak mások belőlünk**.

👉 A **nyitott terület** az, amit **te is tudsz magadról, és mások is látják** rajtad.
Például, hogy szeretsz hangosan nevetni, és ezt mindenki tudja.

👉 A **rejtett terület** az, amit **te tudsz magadról, de mások elől elrejtesz**.
Például, hogy nagyon izgulsz megszólalás előtt, de ez kívülről nem látszik.

👉 A **vakfolt** az, amit **mások látnak rajtad, de te nem igazán**.
Például lehet, hogy mások szerint jókor oldod humorral a feszültséget, miközben te ezt észre sem veszed.

👉 Az **ismeretlen terület** az, amit **senki nem tud** rólad – még te sem.
Olyan dolgok, amiket még nem próbáltál ki, vagy helyzetek, amikben még nem voltál.”",c5af730c7a5c76e31204a7dedf3c655e77a4b40b89152f772182b86de0b14803,"R2, R3"
M1.1-NAR-03::CAPTIONS,M1.1-NAR-03,felirat,M1,M1.1,02 Tervezet/Modulok/M1/Online leckék/M1.1 – Johari-ablak – vakfoltjaim felismerése.md,voiceover,narration,legyártandó,jogtisztázás alatt,,Narráció – „Mi az a Johari-ablak?” (4 mező) — felirat,AI-generált,M1.1-NAR-03-VO,"„Ez itt a **Johari-ablak**.
Arra használjuk, hogy végiggondoljuk, **mit látunk magunkból, és mit látnak mások belőlünk**.

👉 A **nyitott terület** az, amit **te is tudsz magadról, és mások is látják** rajtad.
Például, hogy szeretsz hangosan nevetni, és ezt mindenki tudja.

👉 A **rejtett terület** az, amit **te tudsz magadról, de mások elől elrejtesz**.
Például, hogy nagyon izgulsz megszólalás előtt, de ez kívülről nem látszik.

👉 A **vakfolt** az, amit **mások látnak rajtad, de te nem igazán**.
Például lehet, hogy mások szerint jókor oldod humorral a feszültséget, miközben te ezt észre sem veszed.

👉 Az **ismeretlen terület** az, amit **senki nem tud** rólad – még te sem.
Olyan dolgok, amiket még nem próbáltál ki, vagy helyzetek, amikben még nem voltál.”",c5af730c7a5c76e31204a7dedf3c655e77a4b40b89152f772182b86de0b14803,"R2, R3"
M1.1-NAR-03::TRANSCRIPT,M1.1-NAR-03,leirat,M1,M1.1,02 Tervezet/Modulok/M1/Online leckék/M1.1 – Johari-ablak – vakfoltjaim felismerése.md,voiceover,narration,legyártandó,jogtisztázás alatt,,Narráció – „Mi az a Johari-ablak?” (4 mező) — leirat,AI-generált,M1.1-NAR-03-VO,"„Ez itt a **Johari-ablak**.
Arra használjuk, hogy végiggondoljuk, **mit látunk magunkból, és mit látnak mások belőlünk**.

👉 A **nyitott terület** az, amit **te is tudsz magadról, és mások is látják** rajtad.
Például, hogy szeretsz hangosan nevetni, és ezt mindenki tudja.

👉 A **rejtett terület** az, amit **te tudsz magadról, de mások elől elrejtesz**.
Például, hogy nagyon izgulsz megszólalás előtt, de ez kívülről nem látszik.

👉 A **vakfolt** az, amit **mások látnak rajtad, de te nem igazán**.
Például lehet, hogy mások szerint jókor oldod humorral a feszültséget, miközben te ezt észre sem veszed.

👉 Az **ismeretlen terület** az, amit **senki nem tud** rólad – még te sem.
Olyan dolgok, amiket még nem próbáltál ki, vagy helyzetek, amikben még nem voltál.”",c5af730c7a5c76e31204a7dedf3c655e77a4b40b89152f772182b86de0b14803,"R2, R3"
M1.1-NAR-04,M1.1-NAR-04,elsődleges,M1,M1.1,02 Tervezet/Modulok/M1/Online leckék/M1.1 – Johari-ablak – vakfoltjaim felismerése.md,voiceover,narration,legyártandó,jogtisztázás alatt,,Narráció – Példák a 4 mezőre,AI-generált,M1.1-NAR-04-VO,"„Nézzünk pár példát.

Ha mindenki tudja rólad, hogy imádod a tábortüzes éneklést, és te is, akkor ez a **nyitott terület**.

Ha belül nagyon izgulsz attól, hogy megszólalj nagyobb körben, de ezt senkinek nem mondod el, az a **rejtett terület**.

Ha a többiek azt mondják, hogy jó veled beszélgetni, mert figyelsz rájuk, te meg ezt nem érzed különlegesnek – ez egy **vakfolt**.

És vannak olyan dolgok, amiket még te sem próbáltál ki – például, hogy milyen lennél egy nagy csoport előtt madrihként. Ez az **ismeretlen terület**.”",8877dbfee824be7ee94d66e86ba009d48c2cc9390842a4ee0f97e8e9e2437073,"R2, R3"
M1.1-NAR-04::CAPTIONS,M1.1-NAR-04,felirat,M1,M1.1,02 Tervezet/Modulok/M1/Online leckék/M1.1 – Johari-ablak – vakfoltjaim felismerése.md,voiceover,narration,legyártandó,jogtisztázás alatt,,Narráció – Példák a 4 mezőre — felirat,AI-generált,M1.1-NAR-04-VO,"„Nézzünk pár példát.

Ha mindenki tudja rólad, hogy imádod a tábortüzes éneklést, és te is, akkor ez a **nyitott terület**.

Ha belül nagyon izgulsz attól, hogy megszólalj nagyobb körben, de ezt senkinek nem mondod el, az a **rejtett terület**.

Ha a többiek azt mondják, hogy jó veled beszélgetni, mert figyelsz rájuk, te meg ezt nem érzed különlegesnek – ez egy **vakfolt**.

És vannak olyan dolgok, amiket még te sem próbáltál ki – például, hogy milyen lennél egy nagy csoport előtt madrihként. Ez az **ismeretlen terület**.”",8877dbfee824be7ee94d66e86ba009d48c2cc9390842a4ee0f97e8e9e2437073,"R2, R3"
M1.1-NAR-04::TRANSCRIPT,M1.1-NAR-04,leirat,M1,M1.1,02 Tervezet/Modulok/M1/Online leckék/M1.1 – Johari-ablak – vakfoltjaim felismerése.md,voiceover,narration,legyártandó,jogtisztázás alatt,,Narráció – Példák a 4 mezőre — leirat,AI-generált,M1.1-NAR-04-VO,"„Nézzünk pár példát.

Ha mindenki tudja rólad, hogy imádod a tábortüzes éneklést, és te is, akkor ez a **nyitott terület**.

Ha belül nagyon izgulsz attól, hogy megszólalj nagyobb körben, de ezt senkinek nem mondod el, az a **rejtett terület**.

Ha a többiek azt mondják, hogy jó veled beszélgetni, mert figyelsz rájuk, te meg ezt nem érzed különlegesnek – ez egy **vakfolt**.

És vannak olyan dolgok, amiket még te sem próbáltál ki – például, hogy milyen lennél egy nagy csoport előtt madrihként. Ez az **ismeretlen terület**.”",8877dbfee824be7ee94d66e86ba009d48c2cc9390842a4ee0f97e8e9e2437073,"R2, R3"
M1.1-NAR-05,M1.1-NAR-05,elsődleges,M1,M1.1,02 Tervezet/Modulok/M1/Online leckék/M1.1 – Johari-ablak – vakfoltjaim felismerése.md,voiceover,narration,legyártandó,jogtisztázás alatt,,Narráció – Önreflexió bevezető (opcionális),AI-generált,M1.1-NAR-05-VO,"„Itt most nincs jó vagy rossz válasz.
Válassz ki **egy** kérdést, és ha szeretnél, írj rá 2–3 mondatot.
Ha nem akarsz gépelni, az is teljesen oké, ha csak magadban gondolod végig.”",357163e7eecfd58ed0aba70e9798b5bbcb2d1888a96a9ec5c3c89ae1f8d11341,"R2, R3"
M1.1-NAR-05::CAPTIONS,M1.1-NAR-05,felirat,M1,M1.1,02 Tervezet/Modulok/M1/Online leckék/M1.1 – Johari-ablak – vakfoltjaim felismerése.md,voiceover,narration,legyártandó,jogtisztázás alatt,,Narráció – Önreflexió bevezető (opcionális) — felirat,AI-generált,M1.1-NAR-05-VO,"„Itt most nincs jó vagy rossz válasz.
Válassz ki **egy** kérdést, és ha szeretnél, írj rá 2–3 mondatot.
Ha nem akarsz gépelni, az is teljesen oké, ha csak magadban gondolod végig.”",357163e7eecfd58ed0aba70e9798b5bbcb2d1888a96a9ec5c3c89ae1f8d11341,"R2, R3"
M1.1-NAR-05::TRANSCRIPT,M1.1-NAR-05,leirat,M1,M1.1,02 Tervezet/Modulok/M1/Online leckék/M1.1 – Johari-ablak – vakfoltjaim felismerése.md,voiceover,narration,legyártandó,jogtisztázás alatt,,Narráció – Önreflexió bevezető (opcionális) — leirat,AI-generált,M1.1-NAR-05-VO,"„Itt most nincs jó vagy rossz válasz.
Válassz ki **egy** kérdést, és ha szeretnél, írj rá 2–3 mondatot.
Ha nem akarsz gépelni, az is teljesen oké, ha csak magadban gondolod végig.”",357163e7eecfd58ed0aba70e9798b5bbcb2d1888a96a9ec5c3c89ae1f8d11341,"R2, R3"
M1.1-NAR-06,M1.1-NAR-06,elsődleges,M1,M1.1,02 Tervezet/Modulok/M1/Online leckék/M1.1 – Johari-ablak – vakfoltjaim felismerése.md,voiceover,narration,legyártandó,jogtisztázás alatt,,Záró narráció – outro + átvezetés M1.2-re,AI-generált,M1.1-NAR-06-VO,"„Köszi, hogy végigjöttél ezen a leckén.
Most már van egy térképed arról, hogy mit látsz magadból, és mit látnak mások belőled.
A következő részben megnézzük, hogyan lehet **nem bántóan**, hanem **konkrétan és tisztelettel** visszajelzést adni – ez lesz a *megfigyelésről és a címkézésről* szóló lecke.”",dbc35fa1b1163a2453f93a6f41a0e47f06c2c39c40b7426e2fc9d4b26827d8da,"R2, R3"
M1.1-NAR-06::CAPTIONS,M1.1-NAR-06,felirat,M1,M1.1,02 Tervezet/Modulok/M1/Online leckék/M1.1 – Johari-ablak – vakfoltjaim felismerése.md,voiceover,narration,legyártandó,jogtisztázás alatt,,Záró narráció – outro + átvezetés M1.2-re — felirat,AI-generált,M1.1-NAR-06-VO,"„Köszi, hogy végigjöttél ezen a leckén.
Most már van egy térképed arról, hogy mit látsz magadból, és mit látnak mások belőled.
A következő részben megnézzük, hogyan lehet **nem bántóan**, hanem **konkrétan és tisztelettel** visszajelzést adni – ez lesz a *megfigyelésről és a címkézésről* szóló lecke.”",dbc35fa1b1163a2453f93a6f41a0e47f06c2c39c40b7426e2fc9d4b26827d8da,"R2, R3"
M1.1-NAR-06::TRANSCRIPT,M1.1-NAR-06,leirat,M1,M1.1,02 Tervezet/Modulok/M1/Online leckék/M1.1 – Johari-ablak – vakfoltjaim felismerése.md,voiceover,narration,legyártandó,jogtisztázás alatt,,Záró narráció – outro + átvezetés M1.2-re — leirat,AI-generált,M1.1-NAR-06-VO,"„Köszi, hogy végigjöttél ezen a leckén.
Most már van egy térképed arról, hogy mit látsz magadból, és mit látnak mások belőled.
A következő részben megnézzük, hogyan lehet **nem bántóan**, hanem **konkrétan és tisztelettel** visszajelzést adni – ez lesz a *megfigyelésről és a címkézésről* szóló lecke.”",dbc35fa1b1163a2453f93a6f41a0e47f06c2c39c40b7426e2fc9d4b26827d8da,"R2, R3"
M1.1-VID-01,M1.1-VID-01,elsődleges,M1,M1.1,02 Tervezet/Modulok/M1/Online leckék/M1.1 – Johari-ablak – vakfoltjaim felismerése.md,video,ai-talking-head,legyártandó,jogtisztázás alatt,,HOOK AI beszélő fej – „Mondtak már rólad mást?”,AI-generált,M1.1-VID-01-VO,"„Szia! Volt már olyan, hogy **valaki olyat mondott rólad**, amit te teljesen máshogy éreztél?
Például azt mondta, hogy *‘tök magabiztos vagy’*, miközben te belül szétizgultad magad.
Vagy hogy *‘túl hangos vagy’*, miközben te csak lelkesnek érezted magad.

Ez a lecke arról fog szólni, hogy **miért történik ilyen**.
És arról, hogyan segíthet ilyenkor a **visszajelzés**,
anélkül, hogy csak rosszul esne.”",1ddd9f5e4b85a6278a69caeda73770e92cf793470562a48754a58288543bc68a,"R2, R3"
M1.1-VID-01::VOICEOVER,M1.1-VID-01,felmondott hang,M1,M1.1,02 Tervezet/Modulok/M1/Online leckék/M1.1 – Johari-ablak – vakfoltjaim felismerése.md,video,ai-talking-head,legyártandó,jogtisztázás alatt,,HOOK AI beszélő fej – „Mondtak már rólad mást?” — felmondott hang,AI-generált,M1.1-VID-01-VO,"„Szia! Volt már olyan, hogy **valaki olyat mondott rólad**, amit te teljesen máshogy éreztél?
Például azt mondta, hogy *‘tök magabiztos vagy’*, miközben te belül szétizgultad magad.
Vagy hogy *‘túl hangos vagy’*, miközben te csak lelkesnek érezted magad.

Ez a lecke arról fog szólni, hogy **miért történik ilyen**.
És arról, hogyan segíthet ilyenkor a **visszajelzés**,
anélkül, hogy csak rosszul esne.”",1ddd9f5e4b85a6278a69caeda73770e92cf793470562a48754a58288543bc68a,"R2, R3"
M1.1-VID-01::CAPTIONS,M1.1-VID-01,felirat,M1,M1.1,02 Tervezet/Modulok/M1/Online leckék/M1.1 – Johari-ablak – vakfoltjaim felismerése.md,video,ai-talking-head,legyártandó,jogtisztázás alatt,,HOOK AI beszélő fej – „Mondtak már rólad mást?” — felirat,AI-generált,M1.1-VID-01-VO,"„Szia! Volt már olyan, hogy **valaki olyat mondott rólad**, amit te teljesen máshogy éreztél?
Például azt mondta, hogy *‘tök magabiztos vagy’*, miközben te belül szétizgultad magad.
Vagy hogy *‘túl hangos vagy’*, miközben te csak lelkesnek érezted magad.

Ez a lecke arról fog szólni, hogy **miért történik ilyen**.
És arról, hogyan segíthet ilyenkor a **visszajelzés**,
anélkül, hogy csak rosszul esne.”",1ddd9f5e4b85a6278a69caeda73770e92cf793470562a48754a58288543bc68a,"R2, R3"
M1.1-VID-01::TRANSCRIPT,M1.1-VID-01,leirat,M1,M1.1,02 Tervezet/Modulok/M1/Online leckék/M1.1 – Johari-ablak – vakfoltjaim felismerése.md,video,ai-talking-head,legyártandó,jogtisztázás alatt,,HOOK AI beszélő fej – „Mondtak már rólad mást?” — leirat,AI-generált,M1.1-VID-01-VO,"„Szia! Volt már olyan, hogy **valaki olyat mondott rólad**, amit te teljesen máshogy éreztél?
Például azt mondta, hogy *‘tök magabiztos vagy’*, miközben te belül szétizgultad magad.
Vagy hogy *‘túl hangos vagy’*, miközben te csak lelkesnek érezted magad.

Ez a lecke arról fog szólni, hogy **miért történik ilyen**.
És arról, hogyan segíthet ilyenkor a **visszajelzés**,
anélkül, hogy csak rosszul esne.”",1ddd9f5e4b85a6278a69caeda73770e92cf793470562a48754a58288543bc68a,"R2, R3"
M1.1-VID-02,M1.1-VID-02,elsődleges,M1,M1.1,02 Tervezet/Modulok/M1/Online leckék/M1.1 – Johari-ablak – vakfoltjaim felismerése.md,video,explainer,legyártandó,jogtisztázás alatt,,Mini storyboard / B-roll – kvuca-szituk a példákhoz,AI-generált,,,,"R2, R3"
M1.1-VID-02::ALTTEXT,M1.1-VID-02,alt-szöveg,M1,M1.1,02 Tervezet/Modulok/M1/Online leckék/M1.1 – Johari-ablak – vakfoltjaim felismerése.md,video,explainer,legyártandó,jogtisztázás alatt,,Mini storyboard / B-roll – kvuca-szituk a példákhoz — alt-szöveg,AI-generált,,,,"R2, R3"
M1.2-DIA-01,M1.2-DIA-01,elsődleges,M1,M1.2,02 Tervezet/Modulok/M1/Online leckék/M1.2 – Megfigyelés ≠ értelmezés.md,diagram,,legyártandó,specifikáció kész,,Megfigyelés vs. értelmezés – kétoszlopos animált grafika,AI-generált,,,,
M1.2-DIA-01::ALTTEXT,M1.2-DIA-01,alt-szöveg,M1,M1.2,02 Tervezet/Modulok/M1/Online leckék/M1.2 – Megfigyelés ≠ értelmezés.md,diagram,,legyártandó,specifikáció kész,,Megfigyelés vs. értelmezés – kétoszlopos animált grafika — alt-szöveg,AI-generált,,,,
M1.2-IKO-01,M1.2-IKO-01,elsődleges,M1,M1.2,02 Tervezet/Modulok/M1/Online leckék/M1.2 – Megfigyelés ≠ értelmezés.md,icon-set,,legyártandó,specifikáció kész,,Ikonok a megfigyelés/értelmezés példákhoz,AI-generált,,,,
M1.2-IKO-01::ALTTEXT,M1.2-IKO-01,alt-szöveg,M1,M1.2,02 Tervezet/Modulok/M1/Online leckék/M1.2 – Megfigyelés ≠ értelmezés.md,icon-set,,legyártandó,specifikáció kész,,Ikonok a megfigyelés/értelmezés példákhoz — alt-szöveg,AI-generált,,,,
M1.2-IKO-02,M1.2-IKO-02,elsődleges,M1,M1.2,02 Tervezet/Modulok/M1/Online leckék/M1.2 – Megfigyelés ≠ értelmezés.md,icon-set,,legyártandó,specifikáció kész,,Helyzet-piktogramok – iskola / ken / család,AI-generált,,,,
M1.2-IKO-02::ALTTEXT,M1.2-IKO-02,alt-szöveg,M1,M1.2,02 Tervezet/Modulok/M1/Online leckék/M1.2 – Megfigyelés ≠ értelmezés.md,icon-set,,legyártandó,specifikáció kész,,Helyzet-piktogramok – iskola / ken / család — alt-szöveg,AI-generált,,,,
M1.2-IKO-03,M1.2-IKO-03,elsődleges,M1,M1.2,02 Tervezet/Modulok/M1/Online leckék/M1.2 – Megfigyelés ≠ értelmezés.md,icon-set,,legyártandó,specifikáció kész,,Drop-zóna ikonok – szem (megfigyelés) / maszk (értelmezés),AI-generált,,,,
M1.2-ILL-01,M1.2-ILL-01,elsődleges,M1,M1.2,02 Tervezet/Modulok/M1/Online leckék/M1.2 – Megfigyelés ≠ értelmezés.md,illustration,,legyártandó,specifikáció kész,,"Két chat-buborék – ""Bunkó voltál"" / ""Háromszor közbevágtál""",AI-generált,,,,
M1.2-ILL-01::ALTTEXT,M1.2-ILL-01,alt-szöveg,M1,M1.2,02 Tervezet/Modulok/M1/Online leckék/M1.2 – Megfigyelés ≠ értelmezés.md,illustration,,legyártandó,specifikáció kész,,"Két chat-buborék – ""Bunkó voltál"" / ""Háromszor közbevágtál"" — alt-szöveg",AI-generált,,,,
M1.2-ILL-02,M1.2-ILL-02,elsődleges,M1,M1.2,02 Tervezet/Modulok/M1/Online leckék/M1.2 – Megfigyelés ≠ értelmezés.md,illustration,,legyártandó,specifikáció kész,,Storyboard – 3 kontextus kártya (iskola / ken / család),AI-generált,,,,
M1.2-ILL-02::ALTTEXT,M1.2-ILL-02,alt-szöveg,M1,M1.2,02 Tervezet/Modulok/M1/Online leckék/M1.2 – Megfigyelés ≠ értelmezés.md,illustration,,legyártandó,specifikáció kész,,Storyboard – 3 kontextus kártya (iskola / ken / család) — alt-szöveg,AI-generált,,,,
M1.2-NAR-02,M1.2-NAR-02,elsődleges,M1,M1.2,02 Tervezet/Modulok/M1/Online leckék/M1.2 – Megfigyelés ≠ értelmezés.md,voiceover,narration,legyártandó,jogtisztázás alatt,,INPUT narráció – definíciók (kamera-teszt),AI-generált,M1.2-NAR-02-VO,"„Nézzük meg nagyon egyszerűen.

👉 **Megfigyelés** az, amit egy kamera is felvenne.
Olyan dolog, amit **le tudsz írni anélkül, hogy minősítenél**:
például, hogy *‘10 percet késtél’*, vagy *‘kétszer közbevágtál, amíg más beszélt’*.

👉 **Értelmezés vagy címke** az, amit ebből gondolsz a másikról.
Például, hogy *‘tiszteletlen vagy’*, vagy *‘lusta vagy’*.

Mind a kettő természetes,
csak **nem mindegy, melyiket mondod ki**, ha visszajelzést akarsz adni.”",e781924e5ac663665a6108f5d136a58318aac5d38037fe54e842909924542524,"R2, R3"
M1.2-NAR-02::CAPTIONS,M1.2-NAR-02,felirat,M1,M1.2,02 Tervezet/Modulok/M1/Online leckék/M1.2 – Megfigyelés ≠ értelmezés.md,voiceover,narration,legyártandó,jogtisztázás alatt,,INPUT narráció – definíciók (kamera-teszt) — felirat,AI-generált,M1.2-NAR-02-VO,"„Nézzük meg nagyon egyszerűen.

👉 **Megfigyelés** az, amit egy kamera is felvenne.
Olyan dolog, amit **le tudsz írni anélkül, hogy minősítenél**:
például, hogy *‘10 percet késtél’*, vagy *‘kétszer közbevágtál, amíg más beszélt’*.

👉 **Értelmezés vagy címke** az, amit ebből gondolsz a másikról.
Például, hogy *‘tiszteletlen vagy’*, vagy *‘lusta vagy’*.

Mind a kettő természetes,
csak **nem mindegy, melyiket mondod ki**, ha visszajelzést akarsz adni.”",e781924e5ac663665a6108f5d136a58318aac5d38037fe54e842909924542524,"R2, R3"
M1.2-NAR-02::TRANSCRIPT,M1.2-NAR-02,leirat,M1,M1.2,02 Tervezet/Modulok/M1/Online leckék/M1.2 – Megfigyelés ≠ értelmezés.md,voiceover,narration,legyártandó,jogtisztázás alatt,,INPUT narráció – definíciók (kamera-teszt) — leirat,AI-generált,M1.2-NAR-02-VO,"„Nézzük meg nagyon egyszerűen.

👉 **Megfigyelés** az, amit egy kamera is felvenne.
Olyan dolog, amit **le tudsz írni anélkül, hogy minősítenél**:
például, hogy *‘10 percet késtél’*, vagy *‘kétszer közbevágtál, amíg más beszélt’*.

👉 **Értelmezés vagy címke** az, amit ebből gondolsz a másikról.
Például, hogy *‘tiszteletlen vagy’*, vagy *‘lusta vagy’*.

Mind a kettő természetes,
csak **nem mindegy, melyiket mondod ki**, ha visszajelzést akarsz adni.”",e781924e5ac663665a6108f5d136a58318aac5d38037fe54e842909924542524,"R2, R3"
M1.2-NAR-03,M1.2-NAR-03,elsődleges,M1,M1.2,02 Tervezet/Modulok/M1/Online leckék/M1.2 – Megfigyelés ≠ értelmezés.md,voiceover,narration,legyártandó,jogtisztázás alatt,,INPUT 2 narráció – hétköznapi példák (suli/ken/otthon),AI-generált,M1.2-NAR-03-VO,"„A megfigyelés–értelmezés különbsége **mindenhol ott van**: suliban, kenben, otthon.

Ha azt mondod: *‘nem adtál le semmit a háziból’*, az egy tény.
Ha azt mondod: *‘egyáltalán nem érdekel az iskola’*, az már **következtetés**.

Ugyanígy a kenben: *‘kétszer kivonultál a teremből’* megfigyelés.
A *‘szétverted a peulát’* már címke.

Nincs azzal baj, hogy gondolataid, érzéseid vannak.
Csak ha visszajelzést adsz, **jobban működik**, ha a megfigyelést mondod ki.”",4e07fb20ea9383af72e426be24c15685aae2a32cd3f4e89f508fd625b95187f0,"R2, R3"
M1.2-NAR-03::CAPTIONS,M1.2-NAR-03,felirat,M1,M1.2,02 Tervezet/Modulok/M1/Online leckék/M1.2 – Megfigyelés ≠ értelmezés.md,voiceover,narration,legyártandó,jogtisztázás alatt,,INPUT 2 narráció – hétköznapi példák (suli/ken/otthon) — felirat,AI-generált,M1.2-NAR-03-VO,"„A megfigyelés–értelmezés különbsége **mindenhol ott van**: suliban, kenben, otthon.

Ha azt mondod: *‘nem adtál le semmit a háziból’*, az egy tény.
Ha azt mondod: *‘egyáltalán nem érdekel az iskola’*, az már **következtetés**.

Ugyanígy a kenben: *‘kétszer kivonultál a teremből’* megfigyelés.
A *‘szétverted a peulát’* már címke.

Nincs azzal baj, hogy gondolataid, érzéseid vannak.
Csak ha visszajelzést adsz, **jobban működik**, ha a megfigyelést mondod ki.”",4e07fb20ea9383af72e426be24c15685aae2a32cd3f4e89f508fd625b95187f0,"R2, R3"
M1.2-NAR-03::TRANSCRIPT,M1.2-NAR-03,leirat,M1,M1.2,02 Tervezet/Modulok/M1/Online leckék/M1.2 – Megfigyelés ≠ értelmezés.md,voiceover,narration,legyártandó,jogtisztázás alatt,,INPUT 2 narráció – hétköznapi példák (suli/ken/otthon) — leirat,AI-generált,M1.2-NAR-03-VO,"„A megfigyelés–értelmezés különbsége **mindenhol ott van**: suliban, kenben, otthon.

Ha azt mondod: *‘nem adtál le semmit a háziból’*, az egy tény.
Ha azt mondod: *‘egyáltalán nem érdekel az iskola’*, az már **következtetés**.

Ugyanígy a kenben: *‘kétszer kivonultál a teremből’* megfigyelés.
A *‘szétverted a peulát’* már címke.

Nincs azzal baj, hogy gondolataid, érzéseid vannak.
Csak ha visszajelzést adsz, **jobban működik**, ha a megfigyelést mondod ki.”",4e07fb20ea9383af72e426be24c15685aae2a32cd3f4e89f508fd625b95187f0,"R2, R3"
M1.2-NAR-04,M1.2-NAR-04,elsődleges,M1,M1.2,02 Tervezet/Modulok/M1/Online leckék/M1.2 – Megfigyelés ≠ értelmezés.md,voiceover,narration,legyártandó,jogtisztázás alatt,,Mark the Words instrukció-narráció (opcionális),AI-generált,M1.2-NAR-04-VO,"„Most te jössz.
Kattints rá minden olyan szóra vagy kifejezésre, ami inkább **címke vagy minősítés**, nem konkrét tény.”",c7b6be7105727d6f5d3b6b1205ff6f4e8ab77d09b2cd557b76434ce1bb08a137,"R2, R3"
M1.2-NAR-04::CAPTIONS,M1.2-NAR-04,felirat,M1,M1.2,02 Tervezet/Modulok/M1/Online leckék/M1.2 – Megfigyelés ≠ értelmezés.md,voiceover,narration,legyártandó,jogtisztázás alatt,,Mark the Words instrukció-narráció (opcionális) — felirat,AI-generált,M1.2-NAR-04-VO,"„Most te jössz.
Kattints rá minden olyan szóra vagy kifejezésre, ami inkább **címke vagy minősítés**, nem konkrét tény.”",c7b6be7105727d6f5d3b6b1205ff6f4e8ab77d09b2cd557b76434ce1bb08a137,"R2, R3"
M1.2-NAR-04::TRANSCRIPT,M1.2-NAR-04,leirat,M1,M1.2,02 Tervezet/Modulok/M1/Online leckék/M1.2 – Megfigyelés ≠ értelmezés.md,voiceover,narration,legyártandó,jogtisztázás alatt,,Mark the Words instrukció-narráció (opcionális) — leirat,AI-generált,M1.2-NAR-04-VO,"„Most te jössz.
Kattints rá minden olyan szóra vagy kifejezésre, ami inkább **címke vagy minősítés**, nem konkrét tény.”",c7b6be7105727d6f5d3b6b1205ff6f4e8ab77d09b2cd557b76434ce1bb08a137,"R2, R3"
M1.2-NAR-05,M1.2-NAR-05,elsődleges,M1,M1.2,02 Tervezet/Modulok/M1/Online leckék/M1.2 – Megfigyelés ≠ értelmezés.md,voiceover,narration,legyártandó,jogtisztázás alatt,,Drag & Drop instrukció-narráció (opcionális),AI-generált,M1.2-NAR-05-VO,"„Sorold a mondatokat a két kategória egyikébe.
A **Megfigyeléshez** kerüljenek azok, amiket egy kamera is rögzítene.
Az **Értelmezéshez** azok, amelyek inkább véleményt vagy címkét mondanak.”",c8990ef4eb1263f4f2f2cac16d3b4a54c41714286c2177147c6a0ac6823b435a,"R2, R3"
M1.2-NAR-05::CAPTIONS,M1.2-NAR-05,felirat,M1,M1.2,02 Tervezet/Modulok/M1/Online leckék/M1.2 – Megfigyelés ≠ értelmezés.md,voiceover,narration,legyártandó,jogtisztázás alatt,,Drag & Drop instrukció-narráció (opcionális) — felirat,AI-generált,M1.2-NAR-05-VO,"„Sorold a mondatokat a két kategória egyikébe.
A **Megfigyeléshez** kerüljenek azok, amiket egy kamera is rögzítene.
Az **Értelmezéshez** azok, amelyek inkább véleményt vagy címkét mondanak.”",c8990ef4eb1263f4f2f2cac16d3b4a54c41714286c2177147c6a0ac6823b435a,"R2, R3"
M1.2-NAR-05::TRANSCRIPT,M1.2-NAR-05,leirat,M1,M1.2,02 Tervezet/Modulok/M1/Online leckék/M1.2 – Megfigyelés ≠ értelmezés.md,voiceover,narration,legyártandó,jogtisztázás alatt,,Drag & Drop instrukció-narráció (opcionális) — leirat,AI-generált,M1.2-NAR-05-VO,"„Sorold a mondatokat a két kategória egyikébe.
A **Megfigyeléshez** kerüljenek azok, amiket egy kamera is rögzítene.
Az **Értelmezéshez** azok, amelyek inkább véleményt vagy címkét mondanak.”",c8990ef4eb1263f4f2f2cac16d3b4a54c41714286c2177147c6a0ac6823b435a,"R2, R3"
M1.2-NAR-06,M1.2-NAR-06,elsődleges,M1,M1.2,02 Tervezet/Modulok/M1/Online leckék/M1.2 – Megfigyelés ≠ értelmezés.md,voiceover,narration,legyártandó,jogtisztázás alatt,,OUTRO záró narráció – híd az SBI-hez,AI-generált,M1.2-NAR-06-VO,"„Köszi, hogy végigcsináltad ezt a leckét.
Most már tudod, mi a különbség megfigyelés és címke között.
Ezt a következő peulán a kvucával élőben is kipróbáljátok.
Utána megnézzük, hogyan lehet ebből **egy tiszta, rövid visszajelző mondatot** építeni – ez lesz az S–B–I.”",b0a43c77a8fd0ba55cacb6f540692cd918b81a1cc92b69e4347f309fc2f93130,"R2, R3"
M1.2-NAR-06::CAPTIONS,M1.2-NAR-06,felirat,M1,M1.2,02 Tervezet/Modulok/M1/Online leckék/M1.2 – Megfigyelés ≠ értelmezés.md,voiceover,narration,legyártandó,jogtisztázás alatt,,OUTRO záró narráció – híd az SBI-hez — felirat,AI-generált,M1.2-NAR-06-VO,"„Köszi, hogy végigcsináltad ezt a leckét.
Most már tudod, mi a különbség megfigyelés és címke között.
Ezt a következő peulán a kvucával élőben is kipróbáljátok.
Utána megnézzük, hogyan lehet ebből **egy tiszta, rövid visszajelző mondatot** építeni – ez lesz az S–B–I.”",b0a43c77a8fd0ba55cacb6f540692cd918b81a1cc92b69e4347f309fc2f93130,"R2, R3"
M1.2-NAR-06::TRANSCRIPT,M1.2-NAR-06,leirat,M1,M1.2,02 Tervezet/Modulok/M1/Online leckék/M1.2 – Megfigyelés ≠ értelmezés.md,voiceover,narration,legyártandó,jogtisztázás alatt,,OUTRO záró narráció – híd az SBI-hez — leirat,AI-generált,M1.2-NAR-06-VO,"„Köszi, hogy végigcsináltad ezt a leckét.
Most már tudod, mi a különbség megfigyelés és címke között.
Ezt a következő peulán a kvucával élőben is kipróbáljátok.
Utána megnézzük, hogyan lehet ebből **egy tiszta, rövid visszajelző mondatot** építeni – ez lesz az S–B–I.”",b0a43c77a8fd0ba55cacb6f540692cd918b81a1cc92b69e4347f309fc2f93130,"R2, R3"
M1.2-VID-01,M1.2-VID-01,elsődleges,M1,M1.2,02 Tervezet/Modulok/M1/Online leckék/M1.2 – Megfigyelés ≠ értelmezés.md,video,ai-talking-head,legyártandó,jogtisztázás alatt,,"HOOK beszélő fej – ""Bunkó voltál"" vs. ""Háromszor közbevágtál""",AI-generált,M1.2-VID-01-VO,"„Szia! Képzeld el, hogy valaki ezt mondja neked egy peula után:
*‘Bunkó voltál.’*

Most képzeld el ugyanezt a helyzetet, de így mondja:
*‘Amikor a körben háromszor közbevágtál, amíg mások beszéltek, nehéz volt őket meghallani.’*

Ugyanarra a viselkedésre reagál,
de az egyik egy **címke**, a másik egy **konkrét megfigyelés**.
Mit hallanál szívesebben?”",b7854e81e99650e0284037d5050b972ec2a169cf4837efc327f0c2ea1524aaca,"R2, R3"
M1.2-VID-01::VOICEOVER,M1.2-VID-01,felmondott hang,M1,M1.2,02 Tervezet/Modulok/M1/Online leckék/M1.2 – Megfigyelés ≠ értelmezés.md,video,ai-talking-head,legyártandó,jogtisztázás alatt,,"HOOK beszélő fej – ""Bunkó voltál"" vs. ""Háromszor közbevágtál"" — felmondott hang",AI-generált,M1.2-VID-01-VO,"„Szia! Képzeld el, hogy valaki ezt mondja neked egy peula után:
*‘Bunkó voltál.’*

Most képzeld el ugyanezt a helyzetet, de így mondja:
*‘Amikor a körben háromszor közbevágtál, amíg mások beszéltek, nehéz volt őket meghallani.’*

Ugyanarra a viselkedésre reagál,
de az egyik egy **címke**, a másik egy **konkrét megfigyelés**.
Mit hallanál szívesebben?”",b7854e81e99650e0284037d5050b972ec2a169cf4837efc327f0c2ea1524aaca,"R2, R3"
M1.2-VID-01::CAPTIONS,M1.2-VID-01,felirat,M1,M1.2,02 Tervezet/Modulok/M1/Online leckék/M1.2 – Megfigyelés ≠ értelmezés.md,video,ai-talking-head,legyártandó,jogtisztázás alatt,,"HOOK beszélő fej – ""Bunkó voltál"" vs. ""Háromszor közbevágtál"" — felirat",AI-generált,M1.2-VID-01-VO,"„Szia! Képzeld el, hogy valaki ezt mondja neked egy peula után:
*‘Bunkó voltál.’*

Most képzeld el ugyanezt a helyzetet, de így mondja:
*‘Amikor a körben háromszor közbevágtál, amíg mások beszéltek, nehéz volt őket meghallani.’*

Ugyanarra a viselkedésre reagál,
de az egyik egy **címke**, a másik egy **konkrét megfigyelés**.
Mit hallanál szívesebben?”",b7854e81e99650e0284037d5050b972ec2a169cf4837efc327f0c2ea1524aaca,"R2, R3"
M1.2-VID-01::TRANSCRIPT,M1.2-VID-01,leirat,M1,M1.2,02 Tervezet/Modulok/M1/Online leckék/M1.2 – Megfigyelés ≠ értelmezés.md,video,ai-talking-head,legyártandó,jogtisztázás alatt,,"HOOK beszélő fej – ""Bunkó voltál"" vs. ""Háromszor közbevágtál"" — leirat",AI-generált,M1.2-VID-01-VO,"„Szia! Képzeld el, hogy valaki ezt mondja neked egy peula után:
*‘Bunkó voltál.’*

Most képzeld el ugyanezt a helyzetet, de így mondja:
*‘Amikor a körben háromszor közbevágtál, amíg mások beszéltek, nehéz volt őket meghallani.’*

Ugyanarra a viselkedésre reagál,
de az egyik egy **címke**, a másik egy **konkrét megfigyelés**.
Mit hallanál szívesebben?”",b7854e81e99650e0284037d5050b972ec2a169cf4837efc327f0c2ea1524aaca,"R2, R3"
M1.3-DIA-01,M1.3-DIA-01,elsődleges,M1,M1.3,02 Tervezet/Modulok/M1/Online leckék/M1.3 – SBI-modell – hogyan adjak korrekt visszajelzést.md,diagram,,legyártandó,specifikáció kész,,S = Situation magyarázó grafika,AI-generált,,,,
M1.3-DIA-01::ALTTEXT,M1.3-DIA-01,alt-szöveg,M1,M1.3,02 Tervezet/Modulok/M1/Online leckék/M1.3 – SBI-modell – hogyan adjak korrekt visszajelzést.md,diagram,,legyártandó,specifikáció kész,,S = Situation magyarázó grafika — alt-szöveg,AI-generált,,,,
M1.3-DIA-02,M1.3-DIA-02,elsődleges,M1,M1.3,02 Tervezet/Modulok/M1/Online leckék/M1.3 – SBI-modell – hogyan adjak korrekt visszajelzést.md,diagram,,legyártandó,specifikáció kész,,B = Behavior magyarázó grafika,AI-generált,,,,
M1.3-DIA-02::ALTTEXT,M1.3-DIA-02,alt-szöveg,M1,M1.3,02 Tervezet/Modulok/M1/Online leckék/M1.3 – SBI-modell – hogyan adjak korrekt visszajelzést.md,diagram,,legyártandó,specifikáció kész,,B = Behavior magyarázó grafika — alt-szöveg,AI-generált,,,,
M1.3-DIA-03,M1.3-DIA-03,elsődleges,M1,M1.3,02 Tervezet/Modulok/M1/Online leckék/M1.3 – SBI-modell – hogyan adjak korrekt visszajelzést.md,diagram,,legyártandó,specifikáció kész,,I = Impact magyarázó grafika (+ pozitív SBI keret),AI-generált,,,,
M1.3-DIA-03::ALTTEXT,M1.3-DIA-03,alt-szöveg,M1,M1.3,02 Tervezet/Modulok/M1/Online leckék/M1.3 – SBI-modell – hogyan adjak korrekt visszajelzést.md,diagram,,legyártandó,specifikáció kész,,I = Impact magyarázó grafika (+ pozitív SBI keret) — alt-szöveg,AI-generált,,,,
M1.3-EGY-01,M1.3-EGY-01,elsődleges,M1,M1.3,02 Tervezet/Modulok/M1/Online leckék/M1.3 – SBI-modell – hogyan adjak korrekt visszajelzést.md,other,,legyártandó,specifikáció kész,,Videó-belső verziócímkék overlay (1. verzió / 2. verzió),AI-generált,,,,
M1.3-IKO-01,M1.3-IKO-01,elsődleges,M1,M1.3,02 Tervezet/Modulok/M1/Online leckék/M1.3 – SBI-modell – hogyan adjak korrekt visszajelzést.md,icon-set,,legyártandó,specifikáció kész,,SBI vizuális kód ikon-készlet (S/B/I),AI-generált,,,,
M1.3-IKO-01::ALTTEXT,M1.3-IKO-01,alt-szöveg,M1,M1.3,02 Tervezet/Modulok/M1/Online leckék/M1.3 – SBI-modell – hogyan adjak korrekt visszajelzést.md,icon-set,,legyártandó,specifikáció kész,,SBI vizuális kód ikon-készlet (S/B/I) — alt-szöveg,AI-generált,,,,
M1.3-NAR-01,M1.3-NAR-01,elsődleges,M1,M1.3,02 Tervezet/Modulok/M1/Online leckék/M1.3 – SBI-modell – hogyan adjak korrekt visszajelzést.md,voiceover,narration,legyártandó,jogtisztázás alatt,,S = Situation narráció (20–30 mp),AI-generált,M1.3-NAR-01-VO,"„Az **S**, mint *Situation*, azt jelenti, hogy elmondod:
**mikor** és **milyen helyzetben** történt a dolog.

Például: *‘Amikor ma a játék közben…’*,
vagy *‘a beszélgetőkör elején…’*,
vagy *‘a múlt heti peulán, amikor a kicsikkel voltunk…’*.

Ez segít, hogy a másik is pontosan értse, **melyik jelenetről beszélsz**.”",56548ddba52426045021e89de76d5851c0a8188891c28b6b0ba8bfe29da1d485,"R2, R3"
M1.3-NAR-01::CAPTIONS,M1.3-NAR-01,felirat,M1,M1.3,02 Tervezet/Modulok/M1/Online leckék/M1.3 – SBI-modell – hogyan adjak korrekt visszajelzést.md,voiceover,narration,legyártandó,jogtisztázás alatt,,S = Situation narráció (20–30 mp) — felirat,AI-generált,M1.3-NAR-01-VO,"„Az **S**, mint *Situation*, azt jelenti, hogy elmondod:
**mikor** és **milyen helyzetben** történt a dolog.

Például: *‘Amikor ma a játék közben…’*,
vagy *‘a beszélgetőkör elején…’*,
vagy *‘a múlt heti peulán, amikor a kicsikkel voltunk…’*.

Ez segít, hogy a másik is pontosan értse, **melyik jelenetről beszélsz**.”",56548ddba52426045021e89de76d5851c0a8188891c28b6b0ba8bfe29da1d485,"R2, R3"
M1.3-NAR-01::TRANSCRIPT,M1.3-NAR-01,leirat,M1,M1.3,02 Tervezet/Modulok/M1/Online leckék/M1.3 – SBI-modell – hogyan adjak korrekt visszajelzést.md,voiceover,narration,legyártandó,jogtisztázás alatt,,S = Situation narráció (20–30 mp) — leirat,AI-generált,M1.3-NAR-01-VO,"„Az **S**, mint *Situation*, azt jelenti, hogy elmondod:
**mikor** és **milyen helyzetben** történt a dolog.

Például: *‘Amikor ma a játék közben…’*,
vagy *‘a beszélgetőkör elején…’*,
vagy *‘a múlt heti peulán, amikor a kicsikkel voltunk…’*.

Ez segít, hogy a másik is pontosan értse, **melyik jelenetről beszélsz**.”",56548ddba52426045021e89de76d5851c0a8188891c28b6b0ba8bfe29da1d485,"R2, R3"
M1.3-NAR-02,M1.3-NAR-02,elsődleges,M1,M1.3,02 Tervezet/Modulok/M1/Online leckék/M1.3 – SBI-modell – hogyan adjak korrekt visszajelzést.md,voiceover,narration,legyártandó,jogtisztázás alatt,,B = Behavior narráció (20–30 mp),AI-generált,M1.3-NAR-02-VO,"„A **B**, mint *Behavior*, azaz *viselkedés*, arról szól,
hogy **mit láttál vagy hallottál konkrétan**.

Például: *‘háromszor félbeszakította a többieket’*,
vagy *‘kivonult a teremből’*.

Ez a rész az előző leckéhez is kapcsolódik:
itt **megfigyelést mondasz, nem címkét**.”",9662d095add3cf802f625b06720b06fffda66f76c2dbc3191ebef5858924174e,"R2, R3"
M1.3-NAR-02::CAPTIONS,M1.3-NAR-02,felirat,M1,M1.3,02 Tervezet/Modulok/M1/Online leckék/M1.3 – SBI-modell – hogyan adjak korrekt visszajelzést.md,voiceover,narration,legyártandó,jogtisztázás alatt,,B = Behavior narráció (20–30 mp) — felirat,AI-generált,M1.3-NAR-02-VO,"„A **B**, mint *Behavior*, azaz *viselkedés*, arról szól,
hogy **mit láttál vagy hallottál konkrétan**.

Például: *‘háromszor félbeszakította a többieket’*,
vagy *‘kivonult a teremből’*.

Ez a rész az előző leckéhez is kapcsolódik:
itt **megfigyelést mondasz, nem címkét**.”",9662d095add3cf802f625b06720b06fffda66f76c2dbc3191ebef5858924174e,"R2, R3"
M1.3-NAR-02::TRANSCRIPT,M1.3-NAR-02,leirat,M1,M1.3,02 Tervezet/Modulok/M1/Online leckék/M1.3 – SBI-modell – hogyan adjak korrekt visszajelzést.md,voiceover,narration,legyártandó,jogtisztázás alatt,,B = Behavior narráció (20–30 mp) — leirat,AI-generált,M1.3-NAR-02-VO,"„A **B**, mint *Behavior*, azaz *viselkedés*, arról szól,
hogy **mit láttál vagy hallottál konkrétan**.

Például: *‘háromszor félbeszakította a többieket’*,
vagy *‘kivonult a teremből’*.

Ez a rész az előző leckéhez is kapcsolódik:
itt **megfigyelést mondasz, nem címkét**.”",9662d095add3cf802f625b06720b06fffda66f76c2dbc3191ebef5858924174e,"R2, R3"
M1.3-NAR-03,M1.3-NAR-03,elsődleges,M1,M1.3,02 Tervezet/Modulok/M1/Online leckék/M1.3 – SBI-modell – hogyan adjak korrekt visszajelzést.md,voiceover,narration,legyártandó,jogtisztázás alatt,,I = Impact narráció (20–30 mp),AI-generált,M1.3-NAR-03-VO,"„Az **I**, mint *Impact*, azt jelenti, hogy elmondod,
**mi lett a hatása** annak, ami történt – rád vagy a csapatra.

Például: *‘nagyon nehéz volt megtartani a figyelmüket’*,
vagy *‘a kicsik utána már nem szólaltak meg’*,
vagy egyszerűen: *‘én frusztráltnak éreztem magam’*.”",58f57ac59c18b799df3d01a3a734694b0ff505bca6e8b89ba1781afcd1302373,"R2, R3"
M1.3-NAR-03::CAPTIONS,M1.3-NAR-03,felirat,M1,M1.3,02 Tervezet/Modulok/M1/Online leckék/M1.3 – SBI-modell – hogyan adjak korrekt visszajelzést.md,voiceover,narration,legyártandó,jogtisztázás alatt,,I = Impact narráció (20–30 mp) — felirat,AI-generált,M1.3-NAR-03-VO,"„Az **I**, mint *Impact*, azt jelenti, hogy elmondod,
**mi lett a hatása** annak, ami történt – rád vagy a csapatra.

Például: *‘nagyon nehéz volt megtartani a figyelmüket’*,
vagy *‘a kicsik utána már nem szólaltak meg’*,
vagy egyszerűen: *‘én frusztráltnak éreztem magam’*.”",58f57ac59c18b799df3d01a3a734694b0ff505bca6e8b89ba1781afcd1302373,"R2, R3"
M1.3-NAR-03::TRANSCRIPT,M1.3-NAR-03,leirat,M1,M1.3,02 Tervezet/Modulok/M1/Online leckék/M1.3 – SBI-modell – hogyan adjak korrekt visszajelzést.md,voiceover,narration,legyártandó,jogtisztázás alatt,,I = Impact narráció (20–30 mp) — leirat,AI-generált,M1.3-NAR-03-VO,"„Az **I**, mint *Impact*, azt jelenti, hogy elmondod,
**mi lett a hatása** annak, ami történt – rád vagy a csapatra.

Például: *‘nagyon nehéz volt megtartani a figyelmüket’*,
vagy *‘a kicsik utána már nem szólaltak meg’*,
vagy egyszerűen: *‘én frusztráltnak éreztem magam’*.”",58f57ac59c18b799df3d01a3a734694b0ff505bca6e8b89ba1781afcd1302373,"R2, R3"
M1.3-NAR-04,M1.3-NAR-04,elsődleges,M1,M1.3,02 Tervezet/Modulok/M1/Online leckék/M1.3 – SBI-modell – hogyan adjak korrekt visszajelzést.md,voiceover,narration,legyártandó,jogtisztázás alatt,,Activity 1 (vezetett SBI) narráció (15–20 mp),AI-generált,M1.3-NAR-04-VO,"„Most egy félig kész SBI-mondatot egészítesz ki.
Képzelj el egy egyszerű helyzetet, és próbáld meg beírni,
**mikor történt, mit csinált a másik, és mi lett a hatása**.”",417ebdad19e0609ee65b133d784654c84015eba54b72eda47397f1488961f401,"R2, R3"
M1.3-NAR-04::CAPTIONS,M1.3-NAR-04,felirat,M1,M1.3,02 Tervezet/Modulok/M1/Online leckék/M1.3 – SBI-modell – hogyan adjak korrekt visszajelzést.md,voiceover,narration,legyártandó,jogtisztázás alatt,,Activity 1 (vezetett SBI) narráció (15–20 mp) — felirat,AI-generált,M1.3-NAR-04-VO,"„Most egy félig kész SBI-mondatot egészítesz ki.
Képzelj el egy egyszerű helyzetet, és próbáld meg beírni,
**mikor történt, mit csinált a másik, és mi lett a hatása**.”",417ebdad19e0609ee65b133d784654c84015eba54b72eda47397f1488961f401,"R2, R3"
M1.3-NAR-04::TRANSCRIPT,M1.3-NAR-04,leirat,M1,M1.3,02 Tervezet/Modulok/M1/Online leckék/M1.3 – SBI-modell – hogyan adjak korrekt visszajelzést.md,voiceover,narration,legyártandó,jogtisztázás alatt,,Activity 1 (vezetett SBI) narráció (15–20 mp) — leirat,AI-generált,M1.3-NAR-04-VO,"„Most egy félig kész SBI-mondatot egészítesz ki.
Képzelj el egy egyszerű helyzetet, és próbáld meg beírni,
**mikor történt, mit csinált a másik, és mi lett a hatása**.”",417ebdad19e0609ee65b133d784654c84015eba54b72eda47397f1488961f401,"R2, R3"
M1.3-NAR-05,M1.3-NAR-05,elsődleges,M1,M1.3,02 Tervezet/Modulok/M1/Online leckék/M1.3 – SBI-modell – hogyan adjak korrekt visszajelzést.md,voiceover,narration,legyártandó,jogtisztázás alatt,,Activity 2 (saját mini-SBI) narráció (20–30 mp),AI-generált,M1.3-NAR-05-VO,"„Ez most **a te mondatod**.
Gondolj egy helyzetre, ami eszedbe jut – vagy találj ki egy egyszerű, kisebb sztorit.
A lényeg, hogy legyen benne:
*mikor történt* (S),
*mit csinált a másik* (B),
és *mit okozott benned vagy a csapatban* (I).”",5792a1e841d9903a7e801b0667bcbcae2a5fcaaabd1dd0162577362cbdb6f877,"R2, R3"
M1.3-NAR-05::CAPTIONS,M1.3-NAR-05,felirat,M1,M1.3,02 Tervezet/Modulok/M1/Online leckék/M1.3 – SBI-modell – hogyan adjak korrekt visszajelzést.md,voiceover,narration,legyártandó,jogtisztázás alatt,,Activity 2 (saját mini-SBI) narráció (20–30 mp) — felirat,AI-generált,M1.3-NAR-05-VO,"„Ez most **a te mondatod**.
Gondolj egy helyzetre, ami eszedbe jut – vagy találj ki egy egyszerű, kisebb sztorit.
A lényeg, hogy legyen benne:
*mikor történt* (S),
*mit csinált a másik* (B),
és *mit okozott benned vagy a csapatban* (I).”",5792a1e841d9903a7e801b0667bcbcae2a5fcaaabd1dd0162577362cbdb6f877,"R2, R3"
M1.3-NAR-05::TRANSCRIPT,M1.3-NAR-05,leirat,M1,M1.3,02 Tervezet/Modulok/M1/Online leckék/M1.3 – SBI-modell – hogyan adjak korrekt visszajelzést.md,voiceover,narration,legyártandó,jogtisztázás alatt,,Activity 2 (saját mini-SBI) narráció (20–30 mp) — leirat,AI-generált,M1.3-NAR-05-VO,"„Ez most **a te mondatod**.
Gondolj egy helyzetre, ami eszedbe jut – vagy találj ki egy egyszerű, kisebb sztorit.
A lényeg, hogy legyen benne:
*mikor történt* (S),
*mit csinált a másik* (B),
és *mit okozott benned vagy a csapatban* (I).”",5792a1e841d9903a7e801b0667bcbcae2a5fcaaabd1dd0162577362cbdb6f877,"R2, R3"
M1.3-NAR-06,M1.3-NAR-06,elsődleges,M1,M1.3,02 Tervezet/Modulok/M1/Online leckék/M1.3 – SBI-modell – hogyan adjak korrekt visszajelzést.md,voiceover,narration,legyártandó,jogtisztázás alatt,,Önellenőrző narráció (10–15 mp),AI-generált,M1.3-NAR-06-VO,"„Ha mind a négy állításra azt mondod, hogy ‘igen’,
akkor **már van egy használható SBI-vázad**.
Mentsd el magadnak: a következő leckében és az Assignmentben erre építhetsz.”",ad3218992935260af8d9cf794b7635bfb3cbb5ca787b31f1b16d9510bbea517e,"R2, R3"
M1.3-NAR-06::CAPTIONS,M1.3-NAR-06,felirat,M1,M1.3,02 Tervezet/Modulok/M1/Online leckék/M1.3 – SBI-modell – hogyan adjak korrekt visszajelzést.md,voiceover,narration,legyártandó,jogtisztázás alatt,,Önellenőrző narráció (10–15 mp) — felirat,AI-generált,M1.3-NAR-06-VO,"„Ha mind a négy állításra azt mondod, hogy ‘igen’,
akkor **már van egy használható SBI-vázad**.
Mentsd el magadnak: a következő leckében és az Assignmentben erre építhetsz.”",ad3218992935260af8d9cf794b7635bfb3cbb5ca787b31f1b16d9510bbea517e,"R2, R3"
M1.3-NAR-06::TRANSCRIPT,M1.3-NAR-06,leirat,M1,M1.3,02 Tervezet/Modulok/M1/Online leckék/M1.3 – SBI-modell – hogyan adjak korrekt visszajelzést.md,voiceover,narration,legyártandó,jogtisztázás alatt,,Önellenőrző narráció (10–15 mp) — leirat,AI-generált,M1.3-NAR-06-VO,"„Ha mind a négy állításra azt mondod, hogy ‘igen’,
akkor **már van egy használható SBI-vázad**.
Mentsd el magadnak: a következő leckében és az Assignmentben erre építhetsz.”",ad3218992935260af8d9cf794b7635bfb3cbb5ca787b31f1b16d9510bbea517e,"R2, R3"
M1.3-NAR-07,M1.3-NAR-07,elsődleges,M1,M1.3,02 Tervezet/Modulok/M1/Online leckék/M1.3 – SBI-modell – hogyan adjak korrekt visszajelzést.md,voiceover,narration,legyártandó,jogtisztázás alatt,,Zárószöveg narráció (10–15 mp),AI-generált,M1.3-NAR-07-VO,"„Köszi, hogy végigmentél ezen a leckén.
Most már tudod, hogyan épül fel egy SBI.
A következő részben életszerű szituációkból fogsz választani,
és olyan visszajelzést írsz, amit a terepen is simán használhatsz.”",36759e68015bebe345470ddc67bd8e37e5c45653ac32b572bf436fea7a618ab8,"R2, R3"
M1.3-NAR-07::CAPTIONS,M1.3-NAR-07,felirat,M1,M1.3,02 Tervezet/Modulok/M1/Online leckék/M1.3 – SBI-modell – hogyan adjak korrekt visszajelzést.md,voiceover,narration,legyártandó,jogtisztázás alatt,,Zárószöveg narráció (10–15 mp) — felirat,AI-generált,M1.3-NAR-07-VO,"„Köszi, hogy végigmentél ezen a leckén.
Most már tudod, hogyan épül fel egy SBI.
A következő részben életszerű szituációkból fogsz választani,
és olyan visszajelzést írsz, amit a terepen is simán használhatsz.”",36759e68015bebe345470ddc67bd8e37e5c45653ac32b572bf436fea7a618ab8,"R2, R3"
M1.3-NAR-07::TRANSCRIPT,M1.3-NAR-07,leirat,M1,M1.3,02 Tervezet/Modulok/M1/Online leckék/M1.3 – SBI-modell – hogyan adjak korrekt visszajelzést.md,voiceover,narration,legyártandó,jogtisztázás alatt,,Zárószöveg narráció (10–15 mp) — leirat,AI-generált,M1.3-NAR-07-VO,"„Köszi, hogy végigmentél ezen a leckén.
Most már tudod, hogyan épül fel egy SBI.
A következő részben életszerű szituációkból fogsz választani,
és olyan visszajelzést írsz, amit a terepen is simán használhatsz.”",36759e68015bebe345470ddc67bd8e37e5c45653ac32b572bf436fea7a618ab8,"R2, R3"
M1.3-NAR-08,M1.3-NAR-08,elsődleges,M1,M1.3,02 Tervezet/Modulok/M1/Online leckék/M1.3 – SBI-modell – hogyan adjak korrekt visszajelzést.md,voiceover,narration,legyártandó,jogtisztázás alatt,,Hangalámondásos képleírás – HOOK-jelenet (M1.3-VID-01),AI-generált,M1.3-NAR-08-VO,"„Peula után két madrih beszélget. A képen ez a felirat: első verzió – címke. Az egyik madrih kicsit felhúzva szól a társához.

A társa védekezően reagál.

Ugyanez a helyzet még egyszer. A képen ez a felirat: második verzió – SBI-szerű. Ugyanaz a madrih most nyugodtabban szólal meg.

A mondata közben három ikon villant fel. A társa elgondolkodik.

Az S, a B és az I ikon a madrih nyugodtabb mondatának három részénél villant fel. Az S ennél a résznél: ‘amikor ma a játék közben’. A B ennél a résznél: ‘háromszor félbeszakítottad a többieket’. Az I ennél a résznél: ‘nagyon nehéz volt megtartani a figyelmüket’.”",9edc6178656257425944176d8e674e0f4eb4515c126ce272374963c45d62037f,"R2, R3"
M1.3-NAR-08::TRANSCRIPT,M1.3-NAR-08,leirat,M1,M1.3,02 Tervezet/Modulok/M1/Online leckék/M1.3 – SBI-modell – hogyan adjak korrekt visszajelzést.md,voiceover,narration,legyártandó,jogtisztázás alatt,,Hangalámondásos képleírás – HOOK-jelenet (M1.3-VID-01) — leirat,AI-generált,M1.3-NAR-08-VO,"„Peula után két madrih beszélget. A képen ez a felirat: első verzió – címke. Az egyik madrih kicsit felhúzva szól a társához.

A társa védekezően reagál.

Ugyanez a helyzet még egyszer. A képen ez a felirat: második verzió – SBI-szerű. Ugyanaz a madrih most nyugodtabban szólal meg.

A mondata közben három ikon villant fel. A társa elgondolkodik.

Az S, a B és az I ikon a madrih nyugodtabb mondatának három részénél villant fel. Az S ennél a résznél: ‘amikor ma a játék közben’. A B ennél a résznél: ‘háromszor félbeszakítottad a többieket’. Az I ennél a résznél: ‘nagyon nehéz volt megtartani a figyelmüket’.”",9edc6178656257425944176d8e674e0f4eb4515c126ce272374963c45d62037f,"R2, R3"
M1.3-VID-01,M1.3-VID-01,elsődleges,M1,M1.3,02 Tervezet/Modulok/M1/Online leckék/M1.3 – SBI-modell – hogyan adjak korrekt visszajelzést.md,video,interactive,legyártandó,emberi döntésre vár,nyitott emberi döntés,HOOK Interactive Video – ugyanaz a helyzet kétféle visszajelzéssel,AI-generált,M1.3-VID-01-VO,"**1. verzió – címke**
**Madrih A:** „Te mindig szétvered a peulát, komolyan mondom…”
**Madrih B:** „Mi van?! Csak próbáltam feldobni a hangulatot…”

**2. verzió – SBI-szerű**
**Madrih A:** „Figyelj, amikor ma a játék közben háromszor félbeszakítottad a többieket, nagyon nehéz volt megtartani a figyelmüket és a bevonódásukat. Jó lenne, ha ők is több teret kapnának.”
**Madrih B:** „Jaa… erre nem is gondoltam. Oké, figyelek rá.”",7b0bc24b305f57820e363f5874a09856cac6ddb50cb121c21f95deda75d86980,"R2, R3"
M1.3-VID-01::CAPTIONS,M1.3-VID-01,felirat,M1,M1.3,02 Tervezet/Modulok/M1/Online leckék/M1.3 – SBI-modell – hogyan adjak korrekt visszajelzést.md,video,interactive,legyártandó,emberi döntésre vár,nyitott emberi döntés,HOOK Interactive Video – ugyanaz a helyzet kétféle visszajelzéssel — felirat,AI-generált,M1.3-VID-01-VO,"**1. verzió – címke**
**Madrih A:** „Te mindig szétvered a peulát, komolyan mondom…”
**Madrih B:** „Mi van?! Csak próbáltam feldobni a hangulatot…”

**2. verzió – SBI-szerű**
**Madrih A:** „Figyelj, amikor ma a játék közben háromszor félbeszakítottad a többieket, nagyon nehéz volt megtartani a figyelmüket és a bevonódásukat. Jó lenne, ha ők is több teret kapnának.”
**Madrih B:** „Jaa… erre nem is gondoltam. Oké, figyelek rá.”",7b0bc24b305f57820e363f5874a09856cac6ddb50cb121c21f95deda75d86980,"R2, R3"
M1.3-VID-01::TRANSCRIPT,M1.3-VID-01,leirat,M1,M1.3,02 Tervezet/Modulok/M1/Online leckék/M1.3 – SBI-modell – hogyan adjak korrekt visszajelzést.md,video,interactive,legyártandó,emberi döntésre vár,nyitott emberi döntés,HOOK Interactive Video – ugyanaz a helyzet kétféle visszajelzéssel — leirat,AI-generált,M1.3-VID-01-VO,"**1. verzió – címke**
**Madrih A:** „Te mindig szétvered a peulát, komolyan mondom…”
**Madrih B:** „Mi van?! Csak próbáltam feldobni a hangulatot…”

**2. verzió – SBI-szerű**
**Madrih A:** „Figyelj, amikor ma a játék közben háromszor félbeszakítottad a többieket, nagyon nehéz volt megtartani a figyelmüket és a bevonódásukat. Jó lenne, ha ők is több teret kapnának.”
**Madrih B:** „Jaa… erre nem is gondoltam. Oké, figyelek rá.”",7b0bc24b305f57820e363f5874a09856cac6ddb50cb121c21f95deda75d86980,"R2, R3"
M1.3-VID-01::ALTTEXT,M1.3-VID-01,alt-szöveg,M1,M1.3,02 Tervezet/Modulok/M1/Online leckék/M1.3 – SBI-modell – hogyan adjak korrekt visszajelzést.md,video,interactive,legyártandó,emberi döntésre vár,nyitott emberi döntés,HOOK Interactive Video – ugyanaz a helyzet kétféle visszajelzéssel — alt-szöveg,AI-generált,,,,"R2, R3"
M1.4-DIA-01,M1.4-DIA-01,elsődleges,M1,M1.4,02 Tervezet/Modulok/M1/Online leckék/M1.4 – Miniszituációk – Mondd el SBI-ben.md,diagram,,legyártandó,specifikáció kész,,Slide 2 – S/B/I emlékeztető diagram ikonokkal,AI-generált,,,,
M1.4-DIA-01::ALTTEXT,M1.4-DIA-01,alt-szöveg,M1,M1.4,02 Tervezet/Modulok/M1/Online leckék/M1.4 – Miniszituációk – Mondd el SBI-ben.md,diagram,,legyártandó,specifikáció kész,,Slide 2 – S/B/I emlékeztető diagram ikonokkal — alt-szöveg,AI-generált,,,,
M1.4-ILL-01,M1.4-ILL-01,elsődleges,M1,M1.4,02 Tervezet/Modulok/M1/Online leckék/M1.4 – Miniszituációk – Mondd el SBI-ben.md,illustration,,legyártandó,specifikáció kész,,Slide 1 – 3 szituáció-kártya vizuál,AI-generált,,,,
M1.4-ILL-01::ALTTEXT,M1.4-ILL-01,alt-szöveg,M1,M1.4,02 Tervezet/Modulok/M1/Online leckék/M1.4 – Miniszituációk – Mondd el SBI-ben.md,illustration,,legyártandó,specifikáció kész,,Slide 1 – 3 szituáció-kártya vizuál — alt-szöveg,AI-generált,,,,
M1.4-MUNK-01,M1.4-MUNK-01,elsődleges,M1,M1.4,02 Tervezet/Modulok/M1/Online leckék/M1.4 – Miniszituációk – Mondd el SBI-ben.md,worksheet,,legyártandó,specifikáció kész,,Letölthető „SBI-beadandó” kitölthető sablon (doc),emberi,,,,
M1.4-MUNK-01::PRINTPDF,M1.4-MUNK-01,nyomtatható PDF,M1,M1.4,02 Tervezet/Modulok/M1/Online leckék/M1.4 – Miniszituációk – Mondd el SBI-ben.md,worksheet,,legyártandó,specifikáció kész,,Letölthető „SBI-beadandó” kitölthető sablon (doc) — nyomtatható PDF,emberi,,,,
M1.4-NAR-01,M1.4-NAR-01,elsődleges,M1,M1.4,02 Tervezet/Modulok/M1/Online leckék/M1.4 – Miniszituációk – Mondd el SBI-ben.md,voiceover,narration,legyártandó,jogtisztázás alatt,,Slide 1 Hook-narráció – 3 helyzet bemutatása,AI-generált,M1.4-NAR-01-VO,"„Itt három olyan helyzetet látsz, amit egy madrih bármikor átélhet.
Válaszd ki azt, amelyikről **leginkább el tudnál képzelni egy beszélgetést**.”",20106618f16757485a21b2b532246897f9d2b4f4468e4bd693ae2d279f698693,"R2, R3"
M1.4-NAR-01::CAPTIONS,M1.4-NAR-01,felirat,M1,M1.4,02 Tervezet/Modulok/M1/Online leckék/M1.4 – Miniszituációk – Mondd el SBI-ben.md,voiceover,narration,legyártandó,jogtisztázás alatt,,Slide 1 Hook-narráció – 3 helyzet bemutatása — felirat,AI-generált,M1.4-NAR-01-VO,"„Itt három olyan helyzetet látsz, amit egy madrih bármikor átélhet.
Válaszd ki azt, amelyikről **leginkább el tudnál képzelni egy beszélgetést**.”",20106618f16757485a21b2b532246897f9d2b4f4468e4bd693ae2d279f698693,"R2, R3"
M1.4-NAR-01::TRANSCRIPT,M1.4-NAR-01,leirat,M1,M1.4,02 Tervezet/Modulok/M1/Online leckék/M1.4 – Miniszituációk – Mondd el SBI-ben.md,voiceover,narration,legyártandó,jogtisztázás alatt,,Slide 1 Hook-narráció – 3 helyzet bemutatása — leirat,AI-generált,M1.4-NAR-01-VO,"„Itt három olyan helyzetet látsz, amit egy madrih bármikor átélhet.
Válaszd ki azt, amelyikről **leginkább el tudnál képzelni egy beszélgetést**.”",20106618f16757485a21b2b532246897f9d2b4f4468e4bd693ae2d279f698693,"R2, R3"
M1.4-NAR-02,M1.4-NAR-02,elsődleges,M1,M1.4,02 Tervezet/Modulok/M1/Online leckék/M1.4 – Miniszituációk – Mondd el SBI-ben.md,voiceover,narration,legyártandó,jogtisztázás alatt,,Slide 2 narráció – SBI emlékeztető,AI-generált,M1.4-NAR-02-VO,"„Csak emlékeztetőnek: az SBI-ben
**S**: elmondod a szituációt – mikor, hol voltunk,
**B**: elmondod a viselkedést – mit csinált a másik,
**I**: elmondod a hatást – mit okozott benned vagy a csapatban.”",089cf4e531b3c6cc7d68b6c09ac4487bcdce42f805dc24b0ac95ed7e032af6f9,"R2, R3"
M1.4-NAR-02::CAPTIONS,M1.4-NAR-02,felirat,M1,M1.4,02 Tervezet/Modulok/M1/Online leckék/M1.4 – Miniszituációk – Mondd el SBI-ben.md,voiceover,narration,legyártandó,jogtisztázás alatt,,Slide 2 narráció – SBI emlékeztető — felirat,AI-generált,M1.4-NAR-02-VO,"„Csak emlékeztetőnek: az SBI-ben
**S**: elmondod a szituációt – mikor, hol voltunk,
**B**: elmondod a viselkedést – mit csinált a másik,
**I**: elmondod a hatást – mit okozott benned vagy a csapatban.”",089cf4e531b3c6cc7d68b6c09ac4487bcdce42f805dc24b0ac95ed7e032af6f9,"R2, R3"
M1.4-NAR-02::TRANSCRIPT,M1.4-NAR-02,leirat,M1,M1.4,02 Tervezet/Modulok/M1/Online leckék/M1.4 – Miniszituációk – Mondd el SBI-ben.md,voiceover,narration,legyártandó,jogtisztázás alatt,,Slide 2 narráció – SBI emlékeztető — leirat,AI-generált,M1.4-NAR-02-VO,"„Csak emlékeztetőnek: az SBI-ben
**S**: elmondod a szituációt – mikor, hol voltunk,
**B**: elmondod a viselkedést – mit csinált a másik,
**I**: elmondod a hatást – mit okozott benned vagy a csapatban.”",089cf4e531b3c6cc7d68b6c09ac4487bcdce42f805dc24b0ac95ed7e032af6f9,"R2, R3"
M1.4-NAR-03,M1.4-NAR-03,elsődleges,M1,M1.4,02 Tervezet/Modulok/M1/Online leckék/M1.4 – Miniszituációk – Mondd el SBI-ben.md,voiceover,narration,legyártandó,jogtisztázás alatt,,Slide 6 átvezető narráció – beadandóra hívás,AI-generált,M1.4-NAR-03-VO,"„Most már továbbléphetsz a beadandóhoz.
Válassz ki egy szituációt – akár a három közül egyet, akár egy saját, kitalált helyzetet –
és írj rá 1–2 mondatos SBI-visszajelzést.”",a40b8b25655b1a3b77140f8d60752b89b52493c7f52bbd649b33d9043efdef28,"R2, R3"
M1.4-NAR-03::CAPTIONS,M1.4-NAR-03,felirat,M1,M1.4,02 Tervezet/Modulok/M1/Online leckék/M1.4 – Miniszituációk – Mondd el SBI-ben.md,voiceover,narration,legyártandó,jogtisztázás alatt,,Slide 6 átvezető narráció – beadandóra hívás — felirat,AI-generált,M1.4-NAR-03-VO,"„Most már továbbléphetsz a beadandóhoz.
Válassz ki egy szituációt – akár a három közül egyet, akár egy saját, kitalált helyzetet –
és írj rá 1–2 mondatos SBI-visszajelzést.”",a40b8b25655b1a3b77140f8d60752b89b52493c7f52bbd649b33d9043efdef28,"R2, R3"
M1.4-NAR-03::TRANSCRIPT,M1.4-NAR-03,leirat,M1,M1.4,02 Tervezet/Modulok/M1/Online leckék/M1.4 – Miniszituációk – Mondd el SBI-ben.md,voiceover,narration,legyártandó,jogtisztázás alatt,,Slide 6 átvezető narráció – beadandóra hívás — leirat,AI-generált,M1.4-NAR-03-VO,"„Most már továbbléphetsz a beadandóhoz.
Válassz ki egy szituációt – akár a három közül egyet, akár egy saját, kitalált helyzetet –
és írj rá 1–2 mondatos SBI-visszajelzést.”",a40b8b25655b1a3b77140f8d60752b89b52493c7f52bbd649b33d9043efdef28,"R2, R3"
M1.A-MUNK-01,M1.A-MUNK-01,elsődleges,M1,M1.A,02 Tervezet/Modulok/M1/Peulák/M1.A – Önismeret & Johari + megfigyelés vs. címkézés (45’).md,worksheet,,legyártandó,specifikáció kész,,Képzői segédlet: „Megfigyelés vagy címkézés?” – 8 példamondat + várt besorolás,vegyes,,,,
M1.A-MUNK-01::PRINTPDF,M1.A-MUNK-01,nyomtatható PDF,M1,M1.A,02 Tervezet/Modulok/M1/Peulák/M1.A – Önismeret & Johari + megfigyelés vs. címkézés (45’).md,worksheet,,legyártandó,specifikáció kész,,Képzői segédlet: „Megfigyelés vagy címkézés?” – 8 példamondat + várt besorolás — nyomtatható PDF,vegyes,,,,
M1.A-MUNK-02,M1.A-MUNK-02,elsődleges,M1,M1.A,02 Tervezet/Modulok/M1/Peulák/M1.A – Önismeret & Johari + megfigyelés vs. címkézés (45’).md,worksheet,,legyártandó,specifikáció kész,,Képzői segédlet: „Magunkat is címkézzük?” – saját-cetli példák + megfigyeléssé átírás,vegyes,,,,
M1.A-MUNK-02::PRINTPDF,M1.A-MUNK-02,nyomtatható PDF,M1,M1.A,02 Tervezet/Modulok/M1/Peulák/M1.A – Önismeret & Johari + megfigyelés vs. címkézés (45’).md,worksheet,,legyártandó,specifikáció kész,,Képzői segédlet: „Magunkat is címkézzük?” – saját-cetli példák + megfigyeléssé átírás — nyomtatható PDF,vegyes,,,,
M1.A-POSZ-01,M1.A-POSZ-01,elsődleges,M1,M1.A,02 Tervezet/Modulok/M1/Peulák/M1.A – Önismeret & Johari + megfigyelés vs. címkézés (45’).md,poster,,legyártandó,specifikáció kész,,Johari-ablak nagy tábla-/flipchart-sablon,vegyes,,,,
M1.A-POSZ-01::PRINTPDF,M1.A-POSZ-01,nyomtatható PDF,M1,M1.A,02 Tervezet/Modulok/M1/Peulák/M1.A – Önismeret & Johari + megfigyelés vs. címkézés (45’).md,poster,,legyártandó,specifikáció kész,,Johari-ablak nagy tábla-/flipchart-sablon — nyomtatható PDF,vegyes,,,,
M1.A-POSZ-02,M1.A-POSZ-02,elsődleges,M1,M1.A,02 Tervezet/Modulok/M1/Peulák/M1.A – Önismeret & Johari + megfigyelés vs. címkézés (45’).md,poster,,legyártandó,specifikáció kész,,„MEGFIGYELÉS” sarok-poszter (👁️),vegyes,,,,
M1.A-POSZ-02::PRINTPDF,M1.A-POSZ-02,nyomtatható PDF,M1,M1.A,02 Tervezet/Modulok/M1/Peulák/M1.A – Önismeret & Johari + megfigyelés vs. címkézés (45’).md,poster,,legyártandó,specifikáció kész,,„MEGFIGYELÉS” sarok-poszter (👁️) — nyomtatható PDF,vegyes,,,,
M1.A-POSZ-03,M1.A-POSZ-03,elsődleges,M1,M1.A,02 Tervezet/Modulok/M1/Peulák/M1.A – Önismeret & Johari + megfigyelés vs. címkézés (45’).md,poster,,legyártandó,specifikáció kész,,„CÍMKE / ÉRTELMEZÉS” sarok-poszter (🎭),vegyes,,,,
M1.A-POSZ-03::PRINTPDF,M1.A-POSZ-03,nyomtatható PDF,M1,M1.A,02 Tervezet/Modulok/M1/Peulák/M1.A – Önismeret & Johari + megfigyelés vs. címkézés (45’).md,poster,,legyártandó,specifikáció kész,,„CÍMKE / ÉRTELMEZÉS” sarok-poszter (🎭) — nyomtatható PDF,vegyes,,,,
M1.B-DIA-01,M1.B-DIA-01,elsődleges,M1,M1.B,02 Tervezet/Modulok/M1/Peulák/M1.B – SBI-lab – Smiley-tól a használható visszajelzésig (45’).md,diagram,,legyártandó,specifikáció kész,,"Szerepcsere-ábra (A→C, C→B, B→A forgás)",AI-generált,,,,
M1.B-DIA-01::ALTTEXT,M1.B-DIA-01,alt-szöveg,M1,M1.B,02 Tervezet/Modulok/M1/Peulák/M1.B – SBI-lab – Smiley-tól a használható visszajelzésig (45’).md,diagram,,legyártandó,specifikáció kész,,"Szerepcsere-ábra (A→C, C→B, B→A forgás) — alt-szöveg",AI-generált,,,,
M1.B-KART-01,M1.B-KART-01,elsődleges,M1,M1.B,02 Tervezet/Modulok/M1/Peulák/M1.B – SBI-lab – Smiley-tól a használható visszajelzésig (45’).md,card-set,,legyártandó,specifikáció kész,,Helyzetkártya-szett (SBI szerepjáték),emberi,,,,
M1.B-KART-01::PRINTPDF,M1.B-KART-01,nyomtatható PDF,M1,M1.B,02 Tervezet/Modulok/M1/Peulák/M1.B – SBI-lab – Smiley-tól a használható visszajelzésig (45’).md,card-set,,legyártandó,specifikáció kész,,Helyzetkártya-szett (SBI szerepjáték) — nyomtatható PDF,emberi,,,,
M1.B-KART-02,M1.B-KART-02,elsődleges,M1,M1.B,02 Tervezet/Modulok/M1/Peulák/M1.B – SBI-lab – Smiley-tól a használható visszajelzésig (45’).md,card-set,,legyártandó,specifikáció kész,,Smiley-kártyák (😃 / 😐 / 😬),emberi,,,,
M1.B-KART-02::PRINTPDF,M1.B-KART-02,nyomtatható PDF,M1,M1.B,02 Tervezet/Modulok/M1/Peulák/M1.B – SBI-lab – Smiley-tól a használható visszajelzésig (45’).md,card-set,,legyártandó,specifikáció kész,,Smiley-kártyák (😃 / 😐 / 😬) — nyomtatható PDF,emberi,,,,
M1.B-MUNK-01,M1.B-MUNK-01,elsődleges,M1,M1.B,02 Tervezet/Modulok/M1/Peulák/M1.B – SBI-lab – Smiley-tól a használható visszajelzésig (45’).md,worksheet,,legyártandó,specifikáció kész,,Trió-checklist lap a megfigyelőnek (C),emberi,,,,
M1.B-MUNK-01::PRINTPDF,M1.B-MUNK-01,nyomtatható PDF,M1,M1.B,02 Tervezet/Modulok/M1/Peulák/M1.B – SBI-lab – Smiley-tól a használható visszajelzésig (45’).md,worksheet,,legyártandó,specifikáció kész,,Trió-checklist lap a megfigyelőnek (C) — nyomtatható PDF,emberi,,,,
M1.F-MUNK-01,M1.F-MUNK-01,elsődleges,M1,M1.F,"02 Tervezet/Modulok/M1/Peulák/M1.F – Felzárkóztató peula – Johari, megfigyelés és SBI egyben (45’).md",worksheet,,legyártandó,specifikáció kész,,Offline B-terv – 1 oldalas M1.1–M1.4 összefoglaló kártya,AI-generált,,,,
M1.F-MUNK-01::PRINTPDF,M1.F-MUNK-01,nyomtatható PDF,M1,M1.F,"02 Tervezet/Modulok/M1/Peulák/M1.F – Felzárkóztató peula – Johari, megfigyelés és SBI egyben (45’).md",worksheet,,legyártandó,specifikáció kész,,Offline B-terv – 1 oldalas M1.1–M1.4 összefoglaló kártya — nyomtatható PDF,AI-generált,,,,
M1.F-MUNK-02,M1.F-MUNK-02,elsődleges,M1,M1.F,"02 Tervezet/Modulok/M1/Peulák/M1.F – Felzárkóztató peula – Johari, megfigyelés és SBI egyben (45’).md",worksheet,,legyártandó,specifikáció kész,,Jegyzetlap – „1 mondat + 1 kérdés”,AI-generált,,,,
M1.F-MUNK-02::PRINTPDF,M1.F-MUNK-02,nyomtatható PDF,M1,M1.F,"02 Tervezet/Modulok/M1/Peulák/M1.F – Felzárkóztató peula – Johari, megfigyelés és SBI egyben (45’).md",worksheet,,legyártandó,specifikáció kész,,Jegyzetlap – „1 mondat + 1 kérdés” — nyomtatható PDF,AI-generált,,,,
M1.F-MUNK-03,M1.F-MUNK-03,elsődleges,M1,M1.F,"02 Tervezet/Modulok/M1/Peulák/M1.F – Felzárkóztató peula – Johari, megfigyelés és SBI egyben (45’).md",worksheet,,legyártandó,specifikáció kész,,Képzői ellenőrző lista – „Peula előtt / közben / után” (1 A4),AI-generált,,,,
M1.F-MUNK-03::PRINTPDF,M1.F-MUNK-03,nyomtatható PDF,M1,M1.F,"02 Tervezet/Modulok/M1/Peulák/M1.F – Felzárkóztató peula – Johari, megfigyelés és SBI egyben (45’).md",worksheet,,legyártandó,specifikáció kész,,Képzői ellenőrző lista – „Peula előtt / közben / után” (1 A4) — nyomtatható PDF,AI-generált,,,,
M1.F-POSZ-01,M1.F-POSZ-01,elsődleges,M1,M1.F,"02 Tervezet/Modulok/M1/Peulák/M1.F – Felzárkóztató peula – Johari, megfigyelés és SBI egyben (45’).md",poster,,legyártandó,specifikáció kész,,Tájékozódó tábla – M1 leckelista + név nélküli témakérések,vegyes,,,,
M1.F-POSZ-01::PRINTPDF,M1.F-POSZ-01,nyomtatható PDF,M1,M1.F,"02 Tervezet/Modulok/M1/Peulák/M1.F – Felzárkóztató peula – Johari, megfigyelés és SBI egyben (45’).md",poster,,legyártandó,specifikáció kész,,Tájékozódó tábla – M1 leckelista + név nélküli témakérések — nyomtatható PDF,vegyes,,,,
M2-HUB-DIA-01,M2-HUB-DIA-01,elsődleges,M2,M2-HUB,"02 Tervezet/Modulok/M2/M2 – Ki vagyok madrihként – Identitás, Somer-értékek és dugma isit.md",diagram,,legyártandó,specifikáció kész,,M2 modul fogalom-térkép (identitás–értékek–pillérek–határok & személyes példamutatás),AI-generált,,,,
M2-HUB-DIA-01::ALTTEXT,M2-HUB-DIA-01,alt-szöveg,M2,M2-HUB,"02 Tervezet/Modulok/M2/M2 – Ki vagyok madrihként – Identitás, Somer-értékek és dugma isit.md",diagram,,legyártandó,specifikáció kész,,M2 modul fogalom-térkép (identitás–értékek–pillérek–határok & személyes példamutatás) — alt-szöveg,AI-generált,,,,
M2-HUB-MUNK-01,M2-HUB-MUNK-01,elsődleges,M2,M2-HUB,"02 Tervezet/Modulok/M2/M2 – Ki vagyok madrihként – Identitás, Somer-értékek és dugma isit.md",worksheet,,legyártandó,specifikáció kész,,Letölthető „Madrih identitás-jegyzet” kitölthető sablon (doc),emberi,,,,
M2-HUB-MUNK-01::PRINTPDF,M2-HUB-MUNK-01,nyomtatható PDF,M2,M2-HUB,"02 Tervezet/Modulok/M2/M2 – Ki vagyok madrihként – Identitás, Somer-értékek és dugma isit.md",worksheet,,legyártandó,specifikáció kész,,Letölthető „Madrih identitás-jegyzet” kitölthető sablon (doc) — nyomtatható PDF,emberi,,,,
M2.1-DIA-01,M2.1-DIA-01,elsődleges,M2,M2.1,02 Tervezet/Modulok/M2/Online leckék/M2.1 – Ki vagyok én madrihként – identitás-körök.md,diagram,,legyártandó,specifikáció kész,,Identitás-körök koncentrikus diagram (animált),AI-generált,,,,
M2.1-DIA-01::ALTTEXT,M2.1-DIA-01,alt-szöveg,M2,M2.1,02 Tervezet/Modulok/M2/Online leckék/M2.1 – Ki vagyok én madrihként – identitás-körök.md,diagram,,legyártandó,specifikáció kész,,Identitás-körök koncentrikus diagram (animált) — alt-szöveg,AI-generált,M2.1-DIA-01-ALT,"Koncentrikus körökből álló ábra. Középen: ÉN. Kifelé haladva a körök: 1) Család / közeli kapcsolatok, 2) Zsidóság / zsidó közösség, 3) Somer / tnuá / kvuca, 4) Más köreim (iskola, barátok, online, aktivizmus). Az ábra azt mutatja, hogy az identitás több, egymást körülvevő körből épül fel.",ed35caf6767ae0f3a60611caafda9669ed3357b993325963f56bc6cc3cbd6749,
M2.1-IKO-01,M2.1-IKO-01,elsődleges,M2,M2.1,02 Tervezet/Modulok/M2/Online leckék/M2.1 – Ki vagyok én madrihként – identitás-körök.md,icon-set,,legyártandó,specifikáció kész,,Outro ikon – kvuca-kör + next nyíl,AI-generált,,,,
M2.1-IKO-01::ALTTEXT,M2.1-IKO-01,alt-szöveg,M2,M2.1,02 Tervezet/Modulok/M2/Online leckék/M2.1 – Ki vagyok én madrihként – identitás-körök.md,icon-set,,legyártandó,specifikáció kész,,Outro ikon – kvuca-kör + next nyíl — alt-szöveg,AI-generált,,,,
M2.1-ILL-01,M2.1-ILL-01,elsődleges,M2,M2.1,02 Tervezet/Modulok/M2/Online leckék/M2.1 – Ki vagyok én madrihként – identitás-körök.md,illustration,,legyártandó,specifikáció kész,,Három jelenet – helyzetek illusztráció (SLIDE 3),AI-generált,,,,
M2.1-ILL-01::ALTTEXT,M2.1-ILL-01,alt-szöveg,M2,M2.1,02 Tervezet/Modulok/M2/Online leckék/M2.1 – Ki vagyok én madrihként – identitás-körök.md,illustration,,legyártandó,specifikáció kész,,Három jelenet – helyzetek illusztráció (SLIDE 3) — alt-szöveg,AI-generált,,,,
M2.1-NAR-02,M2.1-NAR-02,elsődleges,M2,M2.1,02 Tervezet/Modulok/M2/Online leckék/M2.1 – Ki vagyok én madrihként – identitás-körök.md,voiceover,narration,legyártandó,jogtisztázás alatt,,Narráció – identitás-körök bevezetés (SLIDE 2),AI-generált,M2.1-NAR-02-VO,"„Középen te vagy: az ÉN.
Körülötted ott a családod és a hozzád közel álló emberek.
Aztán ott van a zsidósághoz és a zsidó közösséghez fűződő kapcsolatod. Ez lehet sokféle: lehet, hogy zsidó családban nőttél fel, betértél, vegyes családból jössz, kulturálisan vagy szekulárisan kapcsolódsz, vagy épp keresed, mit jelent neked.
Egy következő kör a Somer és a kvucáid.
Kijjebb pedig más közegeid: suli, barátok, online terek, aktivizmus.

Amikor kvucával vagy, ezek a köreid **mind benne vannak** abban, ahogyan reagálsz,
ahogyan vezetsz, ahogyan jelen vagy.
A hanihok ebből rakják össze, hogy **milyen ember és milyen madrih vagy**,
és milyen értékeket képviselsz a saját személyes példáddal.”",9870ed161d7496d7fb4e742f59b80694d74c8cfb28755dcc661d79033f083013,"R2, R3"
M2.1-NAR-02::CAPTIONS,M2.1-NAR-02,felirat,M2,M2.1,02 Tervezet/Modulok/M2/Online leckék/M2.1 – Ki vagyok én madrihként – identitás-körök.md,voiceover,narration,legyártandó,jogtisztázás alatt,,Narráció – identitás-körök bevezetés (SLIDE 2) — felirat,AI-generált,M2.1-NAR-02-VO,"„Középen te vagy: az ÉN.
Körülötted ott a családod és a hozzád közel álló emberek.
Aztán ott van a zsidósághoz és a zsidó közösséghez fűződő kapcsolatod. Ez lehet sokféle: lehet, hogy zsidó családban nőttél fel, betértél, vegyes családból jössz, kulturálisan vagy szekulárisan kapcsolódsz, vagy épp keresed, mit jelent neked.
Egy következő kör a Somer és a kvucáid.
Kijjebb pedig más közegeid: suli, barátok, online terek, aktivizmus.

Amikor kvucával vagy, ezek a köreid **mind benne vannak** abban, ahogyan reagálsz,
ahogyan vezetsz, ahogyan jelen vagy.
A hanihok ebből rakják össze, hogy **milyen ember és milyen madrih vagy**,
és milyen értékeket képviselsz a saját személyes példáddal.”",9870ed161d7496d7fb4e742f59b80694d74c8cfb28755dcc661d79033f083013,"R2, R3"
M2.1-NAR-02::TRANSCRIPT,M2.1-NAR-02,leirat,M2,M2.1,02 Tervezet/Modulok/M2/Online leckék/M2.1 – Ki vagyok én madrihként – identitás-körök.md,voiceover,narration,legyártandó,jogtisztázás alatt,,Narráció – identitás-körök bevezetés (SLIDE 2) — leirat,AI-generált,M2.1-NAR-02-VO,"„Középen te vagy: az ÉN.
Körülötted ott a családod és a hozzád közel álló emberek.
Aztán ott van a zsidósághoz és a zsidó közösséghez fűződő kapcsolatod. Ez lehet sokféle: lehet, hogy zsidó családban nőttél fel, betértél, vegyes családból jössz, kulturálisan vagy szekulárisan kapcsolódsz, vagy épp keresed, mit jelent neked.
Egy következő kör a Somer és a kvucáid.
Kijjebb pedig más közegeid: suli, barátok, online terek, aktivizmus.

Amikor kvucával vagy, ezek a köreid **mind benne vannak** abban, ahogyan reagálsz,
ahogyan vezetsz, ahogyan jelen vagy.
A hanihok ebből rakják össze, hogy **milyen ember és milyen madrih vagy**,
és milyen értékeket képviselsz a saját személyes példáddal.”",9870ed161d7496d7fb4e742f59b80694d74c8cfb28755dcc661d79033f083013,"R2, R3"
M2.1-NAR-03,M2.1-NAR-03,elsődleges,M2,M2.1,02 Tervezet/Modulok/M2/Online leckék/M2.1 – Ki vagyok én madrihként – identitás-körök.md,voiceover,narration,legyártandó,jogtisztázás alatt,,Narráció – helyzetek és körök (SLIDE 3),AI-generált,M2.1-NAR-03-VO,"„Ha egy hanihot kinevetnek, lehet, hogy eszedbe jut, milyen volt,
amikor téged csúfoltak – vagy amikor valaki kiállt melletted.

Egy Izrael-vitánál egyszerre szólalhat meg benned a zsidó identitásod,
a Somer és a saját véleményed.

Ha kirekesztő vagy bántó mondatot hallasz, előjöhetnek someres élményeid,
vagy más közösségeid emlékei, ahol fontos volt az egyenlőség és a tisztelet.

Ezek a köreid együtt hatnak arra, hogyan reagálsz madrihként.
A hanihok ebből látják, milyen példát mutatsz nekik arra,
hogyan lehet emberekhez, konfliktusokhoz, vitákhoz hozzáállni.”",37036eca63376d2d13662321462f082b19097aabb7f1ccd851dda74d03e0cb1a,"R2, R3"
M2.1-NAR-03::CAPTIONS,M2.1-NAR-03,felirat,M2,M2.1,02 Tervezet/Modulok/M2/Online leckék/M2.1 – Ki vagyok én madrihként – identitás-körök.md,voiceover,narration,legyártandó,jogtisztázás alatt,,Narráció – helyzetek és körök (SLIDE 3) — felirat,AI-generált,M2.1-NAR-03-VO,"„Ha egy hanihot kinevetnek, lehet, hogy eszedbe jut, milyen volt,
amikor téged csúfoltak – vagy amikor valaki kiállt melletted.

Egy Izrael-vitánál egyszerre szólalhat meg benned a zsidó identitásod,
a Somer és a saját véleményed.

Ha kirekesztő vagy bántó mondatot hallasz, előjöhetnek someres élményeid,
vagy más közösségeid emlékei, ahol fontos volt az egyenlőség és a tisztelet.

Ezek a köreid együtt hatnak arra, hogyan reagálsz madrihként.
A hanihok ebből látják, milyen példát mutatsz nekik arra,
hogyan lehet emberekhez, konfliktusokhoz, vitákhoz hozzáállni.”",37036eca63376d2d13662321462f082b19097aabb7f1ccd851dda74d03e0cb1a,"R2, R3"
M2.1-NAR-03::TRANSCRIPT,M2.1-NAR-03,leirat,M2,M2.1,02 Tervezet/Modulok/M2/Online leckék/M2.1 – Ki vagyok én madrihként – identitás-körök.md,voiceover,narration,legyártandó,jogtisztázás alatt,,Narráció – helyzetek és körök (SLIDE 3) — leirat,AI-generált,M2.1-NAR-03-VO,"„Ha egy hanihot kinevetnek, lehet, hogy eszedbe jut, milyen volt,
amikor téged csúfoltak – vagy amikor valaki kiállt melletted.

Egy Izrael-vitánál egyszerre szólalhat meg benned a zsidó identitásod,
a Somer és a saját véleményed.

Ha kirekesztő vagy bántó mondatot hallasz, előjöhetnek someres élményeid,
vagy más közösségeid emlékei, ahol fontos volt az egyenlőség és a tisztelet.

Ezek a köreid együtt hatnak arra, hogyan reagálsz madrihként.
A hanihok ebből látják, milyen példát mutatsz nekik arra,
hogyan lehet emberekhez, konfliktusokhoz, vitákhoz hozzáállni.”",37036eca63376d2d13662321462f082b19097aabb7f1ccd851dda74d03e0cb1a,"R2, R3"
M2.1-NAR-04,M2.1-NAR-04,elsődleges,M2,M2.1,02 Tervezet/Modulok/M2/Online leckék/M2.1 – Ki vagyok én madrihként – identitás-körök.md,voiceover,narration,legyártandó,jogtisztázás alatt,,Outro narráció – lezárás + híd M2.2-re,AI-generált,M2.1-NAR-04-VO,"„Köszi, hogy végigmentél ezen a leckén, és megrajzoltad a saját identitás-köreidet.
Most már jobban látod, milyen közegek hatnak rád madrihként,
és el tudsz kezdeni azon gondolkodni, mit szeretnél ebből tudatosan megmutatni a kvucádnak.

A következő lépés az lesz, hogy ránézünk azokra az **értékekre, amelyek vezetnek**,
és arra, hogyan tudnak ezek iránytűként működni a peulákban.”",1665017a1645c78d517346c94ea69689fdb95f436804baecc12a251ab047b7cd,"R2, R3"
M2.1-NAR-04::CAPTIONS,M2.1-NAR-04,felirat,M2,M2.1,02 Tervezet/Modulok/M2/Online leckék/M2.1 – Ki vagyok én madrihként – identitás-körök.md,voiceover,narration,legyártandó,jogtisztázás alatt,,Outro narráció – lezárás + híd M2.2-re — felirat,AI-generált,M2.1-NAR-04-VO,"„Köszi, hogy végigmentél ezen a leckén, és megrajzoltad a saját identitás-köreidet.
Most már jobban látod, milyen közegek hatnak rád madrihként,
és el tudsz kezdeni azon gondolkodni, mit szeretnél ebből tudatosan megmutatni a kvucádnak.

A következő lépés az lesz, hogy ránézünk azokra az **értékekre, amelyek vezetnek**,
és arra, hogyan tudnak ezek iránytűként működni a peulákban.”",1665017a1645c78d517346c94ea69689fdb95f436804baecc12a251ab047b7cd,"R2, R3"
M2.1-NAR-04::TRANSCRIPT,M2.1-NAR-04,leirat,M2,M2.1,02 Tervezet/Modulok/M2/Online leckék/M2.1 – Ki vagyok én madrihként – identitás-körök.md,voiceover,narration,legyártandó,jogtisztázás alatt,,Outro narráció – lezárás + híd M2.2-re — leirat,AI-generált,M2.1-NAR-04-VO,"„Köszi, hogy végigmentél ezen a leckén, és megrajzoltad a saját identitás-köreidet.
Most már jobban látod, milyen közegek hatnak rád madrihként,
és el tudsz kezdeni azon gondolkodni, mit szeretnél ebből tudatosan megmutatni a kvucádnak.

A következő lépés az lesz, hogy ránézünk azokra az **értékekre, amelyek vezetnek**,
és arra, hogyan tudnak ezek iránytűként működni a peulákban.”",1665017a1645c78d517346c94ea69689fdb95f436804baecc12a251ab047b7cd,"R2, R3"
M2.1-VID-01,M2.1-VID-01,elsődleges,M2,M2.1,02 Tervezet/Modulok/M2/Online leckék/M2.1 – Ki vagyok én madrihként – identitás-körök.md,video,ai-talking-head,legyártandó,jogtisztázás alatt,,Hook beszélő fej – „Te mitől vagy someres?”,AI-generált,M2.1-VID-01-VO,"„Szia!
Volt már olyan, hogy peula után odajött hozzád egy hanih,
és megkérdezte: *‘Te amúgy mitől vagy someres? Mitől vagy ilyen madrih?’*

Ha most 2 mondatban kellene válaszolnod, mit mondanál?

Ebben a leckében azt próbáljuk összerakni, **ki vagy te madrihként**,
és abból a hanihok **mit látnak, mit tanulnak** – akkor is, ha semmit nem magyarázol el.

A Somer nyelvén azt keressük, hogyan tudsz **személyes példát** mutatni,
héberül: *dugma isit*.”",23405405bdbb20b184f0e52f0e81d7033215486f0d963d0c2a7586efa46fecf2,"R2, R3"
M2.1-VID-01::VOICEOVER,M2.1-VID-01,felmondott hang,M2,M2.1,02 Tervezet/Modulok/M2/Online leckék/M2.1 – Ki vagyok én madrihként – identitás-körök.md,video,ai-talking-head,legyártandó,jogtisztázás alatt,,Hook beszélő fej – „Te mitől vagy someres?” — felmondott hang,AI-generált,M2.1-VID-01-VO,"„Szia!
Volt már olyan, hogy peula után odajött hozzád egy hanih,
és megkérdezte: *‘Te amúgy mitől vagy someres? Mitől vagy ilyen madrih?’*

Ha most 2 mondatban kellene válaszolnod, mit mondanál?

Ebben a leckében azt próbáljuk összerakni, **ki vagy te madrihként**,
és abból a hanihok **mit látnak, mit tanulnak** – akkor is, ha semmit nem magyarázol el.

A Somer nyelvén azt keressük, hogyan tudsz **személyes példát** mutatni,
héberül: *dugma isit*.”",23405405bdbb20b184f0e52f0e81d7033215486f0d963d0c2a7586efa46fecf2,"R2, R3"
M2.1-VID-01::CAPTIONS,M2.1-VID-01,felirat,M2,M2.1,02 Tervezet/Modulok/M2/Online leckék/M2.1 – Ki vagyok én madrihként – identitás-körök.md,video,ai-talking-head,legyártandó,jogtisztázás alatt,,Hook beszélő fej – „Te mitől vagy someres?” — felirat,AI-generált,M2.1-VID-01-VO,"„Szia!
Volt már olyan, hogy peula után odajött hozzád egy hanih,
és megkérdezte: *‘Te amúgy mitől vagy someres? Mitől vagy ilyen madrih?’*

Ha most 2 mondatban kellene válaszolnod, mit mondanál?

Ebben a leckében azt próbáljuk összerakni, **ki vagy te madrihként**,
és abból a hanihok **mit látnak, mit tanulnak** – akkor is, ha semmit nem magyarázol el.

A Somer nyelvén azt keressük, hogyan tudsz **személyes példát** mutatni,
héberül: *dugma isit*.”",23405405bdbb20b184f0e52f0e81d7033215486f0d963d0c2a7586efa46fecf2,"R2, R3"
M2.1-VID-01::TRANSCRIPT,M2.1-VID-01,leirat,M2,M2.1,02 Tervezet/Modulok/M2/Online leckék/M2.1 – Ki vagyok én madrihként – identitás-körök.md,video,ai-talking-head,legyártandó,jogtisztázás alatt,,Hook beszélő fej – „Te mitől vagy someres?” — leirat,AI-generált,M2.1-VID-01-VO,"„Szia!
Volt már olyan, hogy peula után odajött hozzád egy hanih,
és megkérdezte: *‘Te amúgy mitől vagy someres? Mitől vagy ilyen madrih?’*

Ha most 2 mondatban kellene válaszolnod, mit mondanál?

Ebben a leckében azt próbáljuk összerakni, **ki vagy te madrihként**,
és abból a hanihok **mit látnak, mit tanulnak** – akkor is, ha semmit nem magyarázol el.

A Somer nyelvén azt keressük, hogyan tudsz **személyes példát** mutatni,
héberül: *dugma isit*.”",23405405bdbb20b184f0e52f0e81d7033215486f0d963d0c2a7586efa46fecf2,"R2, R3"
M2.2-IKO-01,M2.2-IKO-01,elsődleges,M2,M2.2,02 Tervezet/Modulok/M2/Online leckék/M2.2 – Értékeim mint iránytű.md,icon-set,,legyártandó,specifikáció kész,,"Ikonkészlet – „Mi az, hogy érték?” bulletpontokhoz",AI-generált,,,,
M2.2-ILL-01,M2.2-ILL-01,elsődleges,M2,M2.2,02 Tervezet/Modulok/M2/Online leckék/M2.2 – Értékeim mint iránytű.md,illustration,,legyártandó,specifikáció kész,,"Statikus illusztráció (videó-alternatíva) – késő, szétesett kvuca",AI-generált,,,,
M2.2-ILL-01::ALTTEXT,M2.2-ILL-01,alt-szöveg,M2,M2.2,02 Tervezet/Modulok/M2/Online leckék/M2.2 – Értékeim mint iránytű.md,illustration,,legyártandó,specifikáció kész,,"Statikus illusztráció (videó-alternatíva) – késő, szétesett kvuca — alt-szöveg",AI-generált,,,,
M2.2-ILL-02,M2.2-ILL-02,elsődleges,M2,M2.2,02 Tervezet/Modulok/M2/Online leckék/M2.2 – Értékeim mint iránytű.md,illustration,,legyártandó,specifikáció kész,,Értékszófelhő (14 értékkel),AI-generált,,,,
M2.2-ILL-02::ALTTEXT,M2.2-ILL-02,alt-szöveg,M2,M2.2,02 Tervezet/Modulok/M2/Online leckék/M2.2 – Értékeim mint iránytű.md,illustration,,legyártandó,specifikáció kész,,Értékszófelhő (14 értékkel) — alt-szöveg,AI-generált,,,,
M2.2-ILL-03,M2.2-ILL-03,elsődleges,M2,M2.2,02 Tervezet/Modulok/M2/Online leckék/M2.2 – Értékeim mint iránytű.md,illustration,,legyártandó,specifikáció kész,,"Köszönőkártya (outro, videó-alternatíva)",AI-generált,,,,
M2.2-ILL-03::ALTTEXT,M2.2-ILL-03,alt-szöveg,M2,M2.2,02 Tervezet/Modulok/M2/Online leckék/M2.2 – Értékeim mint iránytű.md,illustration,,legyártandó,specifikáció kész,,"Köszönőkártya (outro, videó-alternatíva) — alt-szöveg",AI-generált,,,,
M2.2-NAR-02,M2.2-NAR-02,elsődleges,M2,M2.2,02 Tervezet/Modulok/M2/Online leckék/M2.2 – Értékeim mint iránytű.md,voiceover,narration,legyártandó,jogtisztázás alatt,,"Narráció – „Mi az, hogy érték?” (Slide 2)",AI-generált,M2.2-NAR-02-VO,"„Érték az, ami alapján döntesz, akkor is, ha nem mondod ki.
Nemcsak egy szép szó, hanem valami, ami tényleg irányítja a választásaidat.

Amikor madrih vagy, a hanihok **nem a szavaidból**,
hanem a döntéseidből és a reakcióidból szűrik le, hogy mik az értékeid.

A Somerben sok ilyen érték jelenik meg: egyenlőség, közösség, társadalmi felelősség, igazságosság, kritikus gondolkodás…
A kérdés az, hogy **te melyik értékeidre akarsz építeni** madrihként.”",99b80eaf207e9cee3f50b11991a61b6aaeae5d4007e1a32b4816e454850e7147,"R2, R3"
M2.2-NAR-02::CAPTIONS,M2.2-NAR-02,felirat,M2,M2.2,02 Tervezet/Modulok/M2/Online leckék/M2.2 – Értékeim mint iránytű.md,voiceover,narration,legyártandó,jogtisztázás alatt,,"Narráció – „Mi az, hogy érték?” (Slide 2) — felirat",AI-generált,M2.2-NAR-02-VO,"„Érték az, ami alapján döntesz, akkor is, ha nem mondod ki.
Nemcsak egy szép szó, hanem valami, ami tényleg irányítja a választásaidat.

Amikor madrih vagy, a hanihok **nem a szavaidból**,
hanem a döntéseidből és a reakcióidból szűrik le, hogy mik az értékeid.

A Somerben sok ilyen érték jelenik meg: egyenlőség, közösség, társadalmi felelősség, igazságosság, kritikus gondolkodás…
A kérdés az, hogy **te melyik értékeidre akarsz építeni** madrihként.”",99b80eaf207e9cee3f50b11991a61b6aaeae5d4007e1a32b4816e454850e7147,"R2, R3"
M2.2-NAR-02::TRANSCRIPT,M2.2-NAR-02,leirat,M2,M2.2,02 Tervezet/Modulok/M2/Online leckék/M2.2 – Értékeim mint iránytű.md,voiceover,narration,legyártandó,jogtisztázás alatt,,"Narráció – „Mi az, hogy érték?” (Slide 2) — leirat",AI-generált,M2.2-NAR-02-VO,"„Érték az, ami alapján döntesz, akkor is, ha nem mondod ki.
Nemcsak egy szép szó, hanem valami, ami tényleg irányítja a választásaidat.

Amikor madrih vagy, a hanihok **nem a szavaidból**,
hanem a döntéseidből és a reakcióidból szűrik le, hogy mik az értékeid.

A Somerben sok ilyen érték jelenik meg: egyenlőség, közösség, társadalmi felelősség, igazságosság, kritikus gondolkodás…
A kérdés az, hogy **te melyik értékeidre akarsz építeni** madrihként.”",99b80eaf207e9cee3f50b11991a61b6aaeae5d4007e1a32b4816e454850e7147,"R2, R3"
M2.2-NAR-03,M2.2-NAR-03,elsődleges,M2,M2.2,02 Tervezet/Modulok/M2/Online leckék/M2.2 – Értékeim mint iránytű.md,voiceover,narration,legyártandó,jogtisztázás alatt,,Narráció – szófelhő (Slide 3),AI-generált,M2.2-NAR-03-VO,"„Itt néhány lehetséges értéket látsz.
Nem kell, hogy mindegyik közel álljon hozzád – és az is lehet, hogy épp olyan áll hozzád a legközelebb, ami most nincs is ezen a listán.
A cél, hogy találj hármat,
amire tényleg tudsz építeni madrihként –
és amit a hanihok is **le tudnak olvasni rólad** a viselkedéseden keresztül.”",bb8a2cc7ea016efcb13ca75e8bf2939f4908ed92e2785feb41082766699af838,"R2, R3"
M2.2-NAR-03::CAPTIONS,M2.2-NAR-03,felirat,M2,M2.2,02 Tervezet/Modulok/M2/Online leckék/M2.2 – Értékeim mint iránytű.md,voiceover,narration,legyártandó,jogtisztázás alatt,,Narráció – szófelhő (Slide 3) — felirat,AI-generált,M2.2-NAR-03-VO,"„Itt néhány lehetséges értéket látsz.
Nem kell, hogy mindegyik közel álljon hozzád – és az is lehet, hogy épp olyan áll hozzád a legközelebb, ami most nincs is ezen a listán.
A cél, hogy találj hármat,
amire tényleg tudsz építeni madrihként –
és amit a hanihok is **le tudnak olvasni rólad** a viselkedéseden keresztül.”",bb8a2cc7ea016efcb13ca75e8bf2939f4908ed92e2785feb41082766699af838,"R2, R3"
M2.2-NAR-03::TRANSCRIPT,M2.2-NAR-03,leirat,M2,M2.2,02 Tervezet/Modulok/M2/Online leckék/M2.2 – Értékeim mint iránytű.md,voiceover,narration,legyártandó,jogtisztázás alatt,,Narráció – szófelhő (Slide 3) — leirat,AI-generált,M2.2-NAR-03-VO,"„Itt néhány lehetséges értéket látsz.
Nem kell, hogy mindegyik közel álljon hozzád – és az is lehet, hogy épp olyan áll hozzád a legközelebb, ami most nincs is ezen a listán.
A cél, hogy találj hármat,
amire tényleg tudsz építeni madrihként –
és amit a hanihok is **le tudnak olvasni rólad** a viselkedéseden keresztül.”",bb8a2cc7ea016efcb13ca75e8bf2939f4908ed92e2785feb41082766699af838,"R2, R3"
M2.2-VID-01,M2.2-VID-01,elsődleges,M2,M2.2,02 Tervezet/Modulok/M2/Online leckék/M2.2 – Értékeim mint iránytű.md,video,ai-talking-head,legyártandó,jogtisztázás alatt,,Hook-videó: „A kvucád 15 percet késik…”,AI-generált,M2.2-VID-01-VO,"„Képzeld el, hogy peulát tartasz.
A kvucád 15 perccel később, kicsit szétesve érkezik meg.

Te mit csinálsz?

Lehet, hogy fontos neked a pontosság.
Lehet, hogy a jó hangulat fontosabb, mint a szigorú időkeret.
Lehet, hogy a felelősségre nevelés az első.

Ilyen helyzetekben **az értékeid alapján reagálsz**,
és ebből tanulja a kvucád, milyen **személyes példát** mutatsz nekik.”",bc6fb350da0e9ae96a6a9c0d00f2818ab7ec3f4ef0ac86cf4242fb9c6292539a,"R2, R3"
M2.2-VID-01::VOICEOVER,M2.2-VID-01,felmondott hang,M2,M2.2,02 Tervezet/Modulok/M2/Online leckék/M2.2 – Értékeim mint iránytű.md,video,ai-talking-head,legyártandó,jogtisztázás alatt,,Hook-videó: „A kvucád 15 percet késik…” — felmondott hang,AI-generált,M2.2-VID-01-VO,"„Képzeld el, hogy peulát tartasz.
A kvucád 15 perccel később, kicsit szétesve érkezik meg.

Te mit csinálsz?

Lehet, hogy fontos neked a pontosság.
Lehet, hogy a jó hangulat fontosabb, mint a szigorú időkeret.
Lehet, hogy a felelősségre nevelés az első.

Ilyen helyzetekben **az értékeid alapján reagálsz**,
és ebből tanulja a kvucád, milyen **személyes példát** mutatsz nekik.”",bc6fb350da0e9ae96a6a9c0d00f2818ab7ec3f4ef0ac86cf4242fb9c6292539a,"R2, R3"
M2.2-VID-01::CAPTIONS,M2.2-VID-01,felirat,M2,M2.2,02 Tervezet/Modulok/M2/Online leckék/M2.2 – Értékeim mint iránytű.md,video,ai-talking-head,legyártandó,jogtisztázás alatt,,Hook-videó: „A kvucád 15 percet késik…” — felirat,AI-generált,M2.2-VID-01-VO,"„Képzeld el, hogy peulát tartasz.
A kvucád 15 perccel később, kicsit szétesve érkezik meg.

Te mit csinálsz?

Lehet, hogy fontos neked a pontosság.
Lehet, hogy a jó hangulat fontosabb, mint a szigorú időkeret.
Lehet, hogy a felelősségre nevelés az első.

Ilyen helyzetekben **az értékeid alapján reagálsz**,
és ebből tanulja a kvucád, milyen **személyes példát** mutatsz nekik.”",bc6fb350da0e9ae96a6a9c0d00f2818ab7ec3f4ef0ac86cf4242fb9c6292539a,"R2, R3"
M2.2-VID-01::TRANSCRIPT,M2.2-VID-01,leirat,M2,M2.2,02 Tervezet/Modulok/M2/Online leckék/M2.2 – Értékeim mint iránytű.md,video,ai-talking-head,legyártandó,jogtisztázás alatt,,Hook-videó: „A kvucád 15 percet késik…” — leirat,AI-generált,M2.2-VID-01-VO,"„Képzeld el, hogy peulát tartasz.
A kvucád 15 perccel később, kicsit szétesve érkezik meg.

Te mit csinálsz?

Lehet, hogy fontos neked a pontosság.
Lehet, hogy a jó hangulat fontosabb, mint a szigorú időkeret.
Lehet, hogy a felelősségre nevelés az első.

Ilyen helyzetekben **az értékeid alapján reagálsz**,
és ebből tanulja a kvucád, milyen **személyes példát** mutatsz nekik.”",bc6fb350da0e9ae96a6a9c0d00f2818ab7ec3f4ef0ac86cf4242fb9c6292539a,"R2, R3"
M2.2-VID-02,M2.2-VID-02,elsődleges,M2,M2.2,02 Tervezet/Modulok/M2/Online leckék/M2.2 – Értékeim mint iránytű.md,video,ai-talking-head,legyártandó,jogtisztázás alatt,,Outro – beszélő fej / köszönőkártya (Slide 8),AI-generált,M2.2-VID-02-VO,"„Köszi, hogy végigmentél ezen a leckén.
Mostanra van három olyan értéked, amire tudatosan építeni tudsz madrihként.
Figyeld a következő peulán, hogy ezekből **mit tudsz megmutatni** a viselkedésedben.
A következő lépésed az M2.A peula, utána pedig az M2.4 lecke jön.
Később azt is megnézzük, hogyan találkoznak ezek az értékek a Somer nagyobb pilléreivel.”",9a9be60387db5bc136885a561511e62a26c261830503e985b3c291c3b1485083,"R2, R3"
M2.2-VID-02::VOICEOVER,M2.2-VID-02,felmondott hang,M2,M2.2,02 Tervezet/Modulok/M2/Online leckék/M2.2 – Értékeim mint iránytű.md,video,ai-talking-head,legyártandó,jogtisztázás alatt,,Outro – beszélő fej / köszönőkártya (Slide 8) — felmondott hang,AI-generált,M2.2-VID-02-VO,"„Köszi, hogy végigmentél ezen a leckén.
Mostanra van három olyan értéked, amire tudatosan építeni tudsz madrihként.
Figyeld a következő peulán, hogy ezekből **mit tudsz megmutatni** a viselkedésedben.
A következő lépésed az M2.A peula, utána pedig az M2.4 lecke jön.
Később azt is megnézzük, hogyan találkoznak ezek az értékek a Somer nagyobb pilléreivel.”",9a9be60387db5bc136885a561511e62a26c261830503e985b3c291c3b1485083,"R2, R3"
M2.2-VID-02::CAPTIONS,M2.2-VID-02,felirat,M2,M2.2,02 Tervezet/Modulok/M2/Online leckék/M2.2 – Értékeim mint iránytű.md,video,ai-talking-head,legyártandó,jogtisztázás alatt,,Outro – beszélő fej / köszönőkártya (Slide 8) — felirat,AI-generált,M2.2-VID-02-VO,"„Köszi, hogy végigmentél ezen a leckén.
Mostanra van három olyan értéked, amire tudatosan építeni tudsz madrihként.
Figyeld a következő peulán, hogy ezekből **mit tudsz megmutatni** a viselkedésedben.
A következő lépésed az M2.A peula, utána pedig az M2.4 lecke jön.
Később azt is megnézzük, hogyan találkoznak ezek az értékek a Somer nagyobb pilléreivel.”",9a9be60387db5bc136885a561511e62a26c261830503e985b3c291c3b1485083,"R2, R3"
M2.2-VID-02::TRANSCRIPT,M2.2-VID-02,leirat,M2,M2.2,02 Tervezet/Modulok/M2/Online leckék/M2.2 – Értékeim mint iránytű.md,video,ai-talking-head,legyártandó,jogtisztázás alatt,,Outro – beszélő fej / köszönőkártya (Slide 8) — leirat,AI-generált,M2.2-VID-02-VO,"„Köszi, hogy végigmentél ezen a leckén.
Mostanra van három olyan értéked, amire tudatosan építeni tudsz madrihként.
Figyeld a következő peulán, hogy ezekből **mit tudsz megmutatni** a viselkedésedben.
A következő lépésed az M2.A peula, utána pedig az M2.4 lecke jön.
Később azt is megnézzük, hogyan találkoznak ezek az értékek a Somer nagyobb pilléreivel.”",9a9be60387db5bc136885a561511e62a26c261830503e985b3c291c3b1485083,"R2, R3"
M2.3-EGY-01,M2.3-EGY-01,elsődleges,M2,M2.3,02 Tervezet/Modulok/M2/Online leckék/M2.3 – Somer 3 pillére – mini-kapszula.md,other,ui-text,legyártandó,specifikáció kész,,"Hook önreflexiós kérdés, rögzítés nélkül – ""Melyik pillérhez érzed a legerősebb kapcsolatot?""",vegyes,,,,
M2.3-EGY-02,M2.3-EGY-02,elsődleges,M2,M2.3,02 Tervezet/Modulok/M2/Online leckék/M2.3 – Somer 3 pillére – mini-kapszula.md,other,h5p-interaction,legyártandó,specifikáció kész,,H5P Branching Scenario – 3 pillér döntési fa (a lecke magja),vegyes,,,,
M2.3-EGY-03,M2.3-EGY-03,elsődleges,M2,M2.3,02 Tervezet/Modulok/M2/Online leckék/M2.3 – Somer 3 pillére – mini-kapszula.md,other,h5p-interaction,legyártandó,specifikáció kész,,SLIDE CHECK mini-kvíz – 2 kérdés (fogalmi rögzítés),vegyes,,,,
M2.3-FOTO-01,M2.3-FOTO-01,elsődleges,M2,M2.3,02 Tervezet/Modulok/M2/Online leckék/M2.3 – Somer 3 pillére – mini-kapszula.md,photo,,legyártandó,specifikáció kész,,Hook háttér – someres/kvuca-vizuál,AI-generált,,,,
M2.3-FOTO-01::ALTTEXT,M2.3-FOTO-01,alt-szöveg,M2,M2.3,02 Tervezet/Modulok/M2/Online leckék/M2.3 – Somer 3 pillére – mini-kapszula.md,photo,,legyártandó,specifikáció kész,,Hook háttér – someres/kvuca-vizuál — alt-szöveg,AI-generált,,,,
M2.3-IKO-01,M2.3-IKO-01,elsődleges,M2,M2.3,02 Tervezet/Modulok/M2/Online leckék/M2.3 – Somer 3 pillére – mini-kapszula.md,icon-set,,legyártandó,specifikáció kész,,3 pillér ikonkészlet (cionizmus / szocializmus / humanista zsidóság),AI-generált,,,,
M2.3-IKO-01::ALTTEXT,M2.3-IKO-01,alt-szöveg,M2,M2.3,02 Tervezet/Modulok/M2/Online leckék/M2.3 – Somer 3 pillére – mini-kapszula.md,icon-set,,legyártandó,specifikáció kész,,3 pillér ikonkészlet (cionizmus / szocializmus / humanista zsidóság) — alt-szöveg,AI-generált,,,,
M2.3-NAR-02,M2.3-NAR-02,elsődleges,M2,M2.3,02 Tervezet/Modulok/M2/Online leckék/M2.3 – Somer 3 pillére – mini-kapszula.md,voiceover,narration,legyártandó,jogtisztázás alatt,,"KERET narráció – ""Ez a három pillér sokkal több, mint három szó""",AI-generált,M2.3-NAR-02-VO,"„Ez a három pillér sokkal több, mint három szó.

A cionizmusnál fontos, hogy legyen kapcsolatunk Izraellel,
és közben kritikus, békét kereső gondolkodásunk.

A szocializmusnál az egyenlőség, a kvuca és a közös döntés a lényeg.

A humanista zsidóságnál pedig az, hogyan éljük meg a zsidó kultúrát és etikát,
és vállalunk felelősséget másokért is.

A kérdés végig az lesz: **mit látnak ebből rajtad** a hanihok?”",7230302dcd9ae742574797b769b4004774f17f3163054b2deedd44795f37b854,"R2, R3"
M2.3-NAR-02::CAPTIONS,M2.3-NAR-02,felirat,M2,M2.3,02 Tervezet/Modulok/M2/Online leckék/M2.3 – Somer 3 pillére – mini-kapszula.md,voiceover,narration,legyártandó,jogtisztázás alatt,,"KERET narráció – ""Ez a három pillér sokkal több, mint három szó"" — felirat",AI-generált,M2.3-NAR-02-VO,"„Ez a három pillér sokkal több, mint három szó.

A cionizmusnál fontos, hogy legyen kapcsolatunk Izraellel,
és közben kritikus, békét kereső gondolkodásunk.

A szocializmusnál az egyenlőség, a kvuca és a közös döntés a lényeg.

A humanista zsidóságnál pedig az, hogyan éljük meg a zsidó kultúrát és etikát,
és vállalunk felelősséget másokért is.

A kérdés végig az lesz: **mit látnak ebből rajtad** a hanihok?”",7230302dcd9ae742574797b769b4004774f17f3163054b2deedd44795f37b854,"R2, R3"
M2.3-NAR-02::TRANSCRIPT,M2.3-NAR-02,leirat,M2,M2.3,02 Tervezet/Modulok/M2/Online leckék/M2.3 – Somer 3 pillére – mini-kapszula.md,voiceover,narration,legyártandó,jogtisztázás alatt,,"KERET narráció – ""Ez a három pillér sokkal több, mint három szó"" — leirat",AI-generált,M2.3-NAR-02-VO,"„Ez a három pillér sokkal több, mint három szó.

A cionizmusnál fontos, hogy legyen kapcsolatunk Izraellel,
és közben kritikus, békét kereső gondolkodásunk.

A szocializmusnál az egyenlőség, a kvuca és a közös döntés a lényeg.

A humanista zsidóságnál pedig az, hogyan éljük meg a zsidó kultúrát és etikát,
és vállalunk felelősséget másokért is.

A kérdés végig az lesz: **mit látnak ebből rajtad** a hanihok?”",7230302dcd9ae742574797b769b4004774f17f3163054b2deedd44795f37b854,"R2, R3"
M2.3-VID-01,M2.3-VID-01,elsődleges,M2,M2.3,02 Tervezet/Modulok/M2/Online leckék/M2.3 – Somer 3 pillére – mini-kapszula.md,video,ai-talking-head,legyártandó,jogtisztázás alatt,,Hook AI beszélő-fej videó – 3 pillér felvezetés,AI-generált,M2.3-VID-01-VO,"„Szia!
Ha azt mondom, hogy *cionizmus, szocializmus, humanista zsidóság*,
lehet, hogy elsőre úgy hangzik, mintha valami távoli, elvont elméletről beszélnénk.

De a hanihok nem könyvből ismerik meg ezeket,
hanem **rajtad keresztül**.

Abból, ahogyan vitát vezetsz Izraelről.
Abból, ahogyan a kvucával döntéseket hozol.
Abból, ahogyan ünnepelsz, és ahogyan a zsidóságról beszélsz.

Ebben a leckében megnézzük,
neked mit jelentenek ezek a pillérek,
és hogyan tudsz ezekből **személyes példát** mutatni a kvucádnak.”",9f59b9aa901c5932f3751ceb4c4590e282d3e268ce1a967a8bd17f37c364d7ea,"R2, R3"
M2.3-VID-01::VOICEOVER,M2.3-VID-01,felmondott hang,M2,M2.3,02 Tervezet/Modulok/M2/Online leckék/M2.3 – Somer 3 pillére – mini-kapszula.md,video,ai-talking-head,legyártandó,jogtisztázás alatt,,Hook AI beszélő-fej videó – 3 pillér felvezetés — felmondott hang,AI-generált,M2.3-VID-01-VO,"„Szia!
Ha azt mondom, hogy *cionizmus, szocializmus, humanista zsidóság*,
lehet, hogy elsőre úgy hangzik, mintha valami távoli, elvont elméletről beszélnénk.

De a hanihok nem könyvből ismerik meg ezeket,
hanem **rajtad keresztül**.

Abból, ahogyan vitát vezetsz Izraelről.
Abból, ahogyan a kvucával döntéseket hozol.
Abból, ahogyan ünnepelsz, és ahogyan a zsidóságról beszélsz.

Ebben a leckében megnézzük,
neked mit jelentenek ezek a pillérek,
és hogyan tudsz ezekből **személyes példát** mutatni a kvucádnak.”",9f59b9aa901c5932f3751ceb4c4590e282d3e268ce1a967a8bd17f37c364d7ea,"R2, R3"
M2.3-VID-01::CAPTIONS,M2.3-VID-01,felirat,M2,M2.3,02 Tervezet/Modulok/M2/Online leckék/M2.3 – Somer 3 pillére – mini-kapszula.md,video,ai-talking-head,legyártandó,jogtisztázás alatt,,Hook AI beszélő-fej videó – 3 pillér felvezetés — felirat,AI-generált,M2.3-VID-01-VO,"„Szia!
Ha azt mondom, hogy *cionizmus, szocializmus, humanista zsidóság*,
lehet, hogy elsőre úgy hangzik, mintha valami távoli, elvont elméletről beszélnénk.

De a hanihok nem könyvből ismerik meg ezeket,
hanem **rajtad keresztül**.

Abból, ahogyan vitát vezetsz Izraelről.
Abból, ahogyan a kvucával döntéseket hozol.
Abból, ahogyan ünnepelsz, és ahogyan a zsidóságról beszélsz.

Ebben a leckében megnézzük,
neked mit jelentenek ezek a pillérek,
és hogyan tudsz ezekből **személyes példát** mutatni a kvucádnak.”",9f59b9aa901c5932f3751ceb4c4590e282d3e268ce1a967a8bd17f37c364d7ea,"R2, R3"
M2.3-VID-01::TRANSCRIPT,M2.3-VID-01,leirat,M2,M2.3,02 Tervezet/Modulok/M2/Online leckék/M2.3 – Somer 3 pillére – mini-kapszula.md,video,ai-talking-head,legyártandó,jogtisztázás alatt,,Hook AI beszélő-fej videó – 3 pillér felvezetés — leirat,AI-generált,M2.3-VID-01-VO,"„Szia!
Ha azt mondom, hogy *cionizmus, szocializmus, humanista zsidóság*,
lehet, hogy elsőre úgy hangzik, mintha valami távoli, elvont elméletről beszélnénk.

De a hanihok nem könyvből ismerik meg ezeket,
hanem **rajtad keresztül**.

Abból, ahogyan vitát vezetsz Izraelről.
Abból, ahogyan a kvucával döntéseket hozol.
Abból, ahogyan ünnepelsz, és ahogyan a zsidóságról beszélsz.

Ebben a leckében megnézzük,
neked mit jelentenek ezek a pillérek,
és hogyan tudsz ezekből **személyes példát** mutatni a kvucádnak.”",9f59b9aa901c5932f3751ceb4c4590e282d3e268ce1a967a8bd17f37c364d7ea,"R2, R3"
M2.3-VID-02,M2.3-VID-02,elsődleges,M2,M2.3,02 Tervezet/Modulok/M2/Online leckék/M2.3 – Somer 3 pillére – mini-kapszula.md,video,ai-talking-head,legyártandó,jogtisztázás alatt,,"Outro AI beszélő-fej videó (opcionális, INFERÁLT forma) – záró keret + híd az M2.B-re",AI-generált,M2.3-VID-02-VO,"„Köszi, hogy végigmentél ezen a leckén.
Mostanra van egy mondatod arról,
hogyan szeretnél személyes példát mutatni
abban a someres helyzetben, amin most végigmentél.
Figyeld a következő peulán vagy ünnepen,
hogy hol tudod ezt a mondatot **apró döntésekben megélni** –
és ha kíváncsi vagy, gyere vissza, és próbáld ki a másik két ágat is.
A határleckében (**M2.4 – Reflektív napló és határok**) már láttad,
hogy a **határtartásod** is személyes példamutatás.
A következő lépésed az **M2.B** peula, utána pedig az identitás-jegyzeted.”",dbbe251d0c388040dadea8ee9a84f6749792c515ac2ebf42d46ed4da3b9383b3,"R2, R3"
M2.3-VID-02::VOICEOVER,M2.3-VID-02,felmondott hang,M2,M2.3,02 Tervezet/Modulok/M2/Online leckék/M2.3 – Somer 3 pillére – mini-kapszula.md,video,ai-talking-head,legyártandó,jogtisztázás alatt,,"Outro AI beszélő-fej videó (opcionális, INFERÁLT forma) – záró keret + híd az M2.B-re — felmondott hang",AI-generált,M2.3-VID-02-VO,"„Köszi, hogy végigmentél ezen a leckén.
Mostanra van egy mondatod arról,
hogyan szeretnél személyes példát mutatni
abban a someres helyzetben, amin most végigmentél.
Figyeld a következő peulán vagy ünnepen,
hogy hol tudod ezt a mondatot **apró döntésekben megélni** –
és ha kíváncsi vagy, gyere vissza, és próbáld ki a másik két ágat is.
A határleckében (**M2.4 – Reflektív napló és határok**) már láttad,
hogy a **határtartásod** is személyes példamutatás.
A következő lépésed az **M2.B** peula, utána pedig az identitás-jegyzeted.”",dbbe251d0c388040dadea8ee9a84f6749792c515ac2ebf42d46ed4da3b9383b3,"R2, R3"
M2.3-VID-02::CAPTIONS,M2.3-VID-02,felirat,M2,M2.3,02 Tervezet/Modulok/M2/Online leckék/M2.3 – Somer 3 pillére – mini-kapszula.md,video,ai-talking-head,legyártandó,jogtisztázás alatt,,"Outro AI beszélő-fej videó (opcionális, INFERÁLT forma) – záró keret + híd az M2.B-re — felirat",AI-generált,M2.3-VID-02-VO,"„Köszi, hogy végigmentél ezen a leckén.
Mostanra van egy mondatod arról,
hogyan szeretnél személyes példát mutatni
abban a someres helyzetben, amin most végigmentél.
Figyeld a következő peulán vagy ünnepen,
hogy hol tudod ezt a mondatot **apró döntésekben megélni** –
és ha kíváncsi vagy, gyere vissza, és próbáld ki a másik két ágat is.
A határleckében (**M2.4 – Reflektív napló és határok**) már láttad,
hogy a **határtartásod** is személyes példamutatás.
A következő lépésed az **M2.B** peula, utána pedig az identitás-jegyzeted.”",dbbe251d0c388040dadea8ee9a84f6749792c515ac2ebf42d46ed4da3b9383b3,"R2, R3"
M2.3-VID-02::TRANSCRIPT,M2.3-VID-02,leirat,M2,M2.3,02 Tervezet/Modulok/M2/Online leckék/M2.3 – Somer 3 pillére – mini-kapszula.md,video,ai-talking-head,legyártandó,jogtisztázás alatt,,"Outro AI beszélő-fej videó (opcionális, INFERÁLT forma) – záró keret + híd az M2.B-re — leirat",AI-generált,M2.3-VID-02-VO,"„Köszi, hogy végigmentél ezen a leckén.
Mostanra van egy mondatod arról,
hogyan szeretnél személyes példát mutatni
abban a someres helyzetben, amin most végigmentél.
Figyeld a következő peulán vagy ünnepen,
hogy hol tudod ezt a mondatot **apró döntésekben megélni** –
és ha kíváncsi vagy, gyere vissza, és próbáld ki a másik két ágat is.
A határleckében (**M2.4 – Reflektív napló és határok**) már láttad,
hogy a **határtartásod** is személyes példamutatás.
A következő lépésed az **M2.B** peula, utána pedig az identitás-jegyzeted.”",dbbe251d0c388040dadea8ee9a84f6749792c515ac2ebf42d46ed4da3b9383b3,"R2, R3"
M2.4-DIA-01,M2.4-DIA-01,elsődleges,M2,M2.4,02 Tervezet/Modulok/M2/Online leckék/M2.4 – Reflektív napló & határok – A dugma isit nem terapeuta.md,diagram,,legyártandó,specifikáció kész,,Privát – Személyes – Szakmai 3 oszlopos vizuál,AI-generált,,,,
M2.4-DIA-01::ALTTEXT,M2.4-DIA-01,alt-szöveg,M2,M2.4,02 Tervezet/Modulok/M2/Online leckék/M2.4 – Reflektív napló & határok – A dugma isit nem terapeuta.md,diagram,,legyártandó,specifikáció kész,,Privát – Személyes – Szakmai 3 oszlopos vizuál — alt-szöveg,AI-generált,,,,
M2.4-DIA-02,M2.4-DIA-02,elsődleges,M2,M2.4,02 Tervezet/Modulok/M2/Online leckék/M2.4 – Reflektív napló & határok – A dugma isit nem terapeuta.md,diagram,,legyártandó,specifikáció kész,,3 oszlopos „kinek mit mondok el” tábla-vizuál,AI-generált,,,,
M2.4-DIA-02::ALTTEXT,M2.4-DIA-02,alt-szöveg,M2,M2.4,02 Tervezet/Modulok/M2/Online leckék/M2.4 – Reflektív napló & határok – A dugma isit nem terapeuta.md,diagram,,legyártandó,specifikáció kész,,3 oszlopos „kinek mit mondok el” tábla-vizuál — alt-szöveg,AI-generált,,,,
M2.4-IKO-01,M2.4-IKO-01,elsődleges,M2,M2.4,02 Tervezet/Modulok/M2/Online leckék/M2.4 – Reflektív napló & határok – A dugma isit nem terapeuta.md,icon-set,,legyártandó,specifikáció kész,,Madrih + felnőtt/szervezet támogató ikon,AI-generált,,,,
M2.4-IKO-01::ALTTEXT,M2.4-IKO-01,alt-szöveg,M2,M2.4,02 Tervezet/Modulok/M2/Online leckék/M2.4 – Reflektív napló & határok – A dugma isit nem terapeuta.md,icon-set,,legyártandó,specifikáció kész,,Madrih + felnőtt/szervezet támogató ikon — alt-szöveg,AI-generált,,,,
M2.4-IKO-02,M2.4-IKO-02,elsődleges,M2,M2.4,02 Tervezet/Modulok/M2/Online leckék/M2.4 – Reflektív napló & határok – A dugma isit nem terapeuta.md,icon-set,,legyártandó,specifikáció kész,,Napló ikon (Activity 1),AI-generált,,,,
M2.4-IKO-02::ALTTEXT,M2.4-IKO-02,alt-szöveg,M2,M2.4,02 Tervezet/Modulok/M2/Online leckék/M2.4 – Reflektív napló & határok – A dugma isit nem terapeuta.md,icon-set,,legyártandó,specifikáció kész,,Napló ikon (Activity 1) — alt-szöveg,AI-generált,,,,
M2.4-ILL-01,M2.4-ILL-01,elsődleges,M2,M2.4,02 Tervezet/Modulok/M2/Online leckék/M2.4 – Reflektív napló & határok – A dugma isit nem terapeuta.md,illustration,,legyártandó,specifikáció kész,,Chat-buborékok háttér (hook),AI-generált,,,,
M2.4-ILL-01::ALTTEXT,M2.4-ILL-01,alt-szöveg,M2,M2.4,02 Tervezet/Modulok/M2/Online leckék/M2.4 – Reflektív napló & határok – A dugma isit nem terapeuta.md,illustration,,legyártandó,specifikáció kész,,Chat-buborékok háttér (hook) — alt-szöveg,AI-generált,,,,
M2.4-ILL-02,M2.4-ILL-02,elsődleges,M2,M2.4,02 Tervezet/Modulok/M2/Online leckék/M2.4 – Reflektív napló & határok – A dugma isit nem terapeuta.md,illustration,,legyártandó,specifikáció kész,,Chat-buborék illusztráció (Activity 2 – vissza az üzenethez),AI-generált,,,,
M2.4-ILL-02::ALTTEXT,M2.4-ILL-02,alt-szöveg,M2,M2.4,02 Tervezet/Modulok/M2/Online leckék/M2.4 – Reflektív napló & határok – A dugma isit nem terapeuta.md,illustration,,legyártandó,specifikáció kész,,Chat-buborék illusztráció (Activity 2 – vissza az üzenethez) — alt-szöveg,AI-generált,,,,
M2.4-NAR-02,M2.4-NAR-02,elsődleges,M2,M2.4,02 Tervezet/Modulok/M2/Online leckék/M2.4 – Reflektív napló & határok – A dugma isit nem terapeuta.md,voiceover,narration,legyártandó,jogtisztázás alatt,,Safety & keret narráció (opcionális),AI-generált,M2.4-NAR-02-VO,"„Madrihként nagyon fontos vagy, de nem vagy mindenható.
Nem kell egyedül megoldanod mások problémáit.

Azzal is példát mutatsz, ha tudod,
mikor kell bevonnod a mentorodat – gyermekvédelmi ügyben pedig azonnal a Memunát –,
és mikor mondod azt, hogy ‘ezt nem nekem kell egyedül megoldanom’. Ebből a hanihok is azt tanulják, hogy segítséget kérni rendben van – és vannak helyzetek, amikor szükséges is.”",8d56e8a178fe4b26eecbd036c96a9e09d2c989ce20a7e4a3533bbbbb5da7da7e,"R2, R3"
M2.4-NAR-02::CAPTIONS,M2.4-NAR-02,felirat,M2,M2.4,02 Tervezet/Modulok/M2/Online leckék/M2.4 – Reflektív napló & határok – A dugma isit nem terapeuta.md,voiceover,narration,legyártandó,jogtisztázás alatt,,Safety & keret narráció (opcionális) — felirat,AI-generált,M2.4-NAR-02-VO,"„Madrihként nagyon fontos vagy, de nem vagy mindenható.
Nem kell egyedül megoldanod mások problémáit.

Azzal is példát mutatsz, ha tudod,
mikor kell bevonnod a mentorodat – gyermekvédelmi ügyben pedig azonnal a Memunát –,
és mikor mondod azt, hogy ‘ezt nem nekem kell egyedül megoldanom’. Ebből a hanihok is azt tanulják, hogy segítséget kérni rendben van – és vannak helyzetek, amikor szükséges is.”",8d56e8a178fe4b26eecbd036c96a9e09d2c989ce20a7e4a3533bbbbb5da7da7e,"R2, R3"
M2.4-NAR-02::TRANSCRIPT,M2.4-NAR-02,leirat,M2,M2.4,02 Tervezet/Modulok/M2/Online leckék/M2.4 – Reflektív napló & határok – A dugma isit nem terapeuta.md,voiceover,narration,legyártandó,jogtisztázás alatt,,Safety & keret narráció (opcionális) — leirat,AI-generált,M2.4-NAR-02-VO,"„Madrihként nagyon fontos vagy, de nem vagy mindenható.
Nem kell egyedül megoldanod mások problémáit.

Azzal is példát mutatsz, ha tudod,
mikor kell bevonnod a mentorodat – gyermekvédelmi ügyben pedig azonnal a Memunát –,
és mikor mondod azt, hogy ‘ezt nem nekem kell egyedül megoldanom’. Ebből a hanihok is azt tanulják, hogy segítséget kérni rendben van – és vannak helyzetek, amikor szükséges is.”",8d56e8a178fe4b26eecbd036c96a9e09d2c989ce20a7e4a3533bbbbb5da7da7e,"R2, R3"
M2.4-NAR-03,M2.4-NAR-03,elsődleges,M2,M2.4,02 Tervezet/Modulok/M2/Online leckék/M2.4 – Reflektív napló & határok – A dugma isit nem terapeuta.md,voiceover,narration,legyártandó,jogtisztázás alatt,,Privát–személyes–szakmai narráció,AI-generált,M2.4-NAR-03-VO,"„Nem minden dolognak ugyanott a helye.

A **privát** az, amit nem szeretnél megosztani a kvucával.
Ez maradhat szűk körben, a legközelebbi barátaiddal vagy családtagjaiddal, esetleg szakemberrel.

A **személyes** az, amit megoszthatsz,
hogy tudjatok kapcsolódni: példák, érzések, amik segítik a kapcsolódást.

A **szakmai** rész azokból a keretekből és szabályokból áll,
amelyeket madrihként be kell tartanod: például a gyermekvédelmi lépésekből.

Azzal is **személyes példát mutatsz**,
ahogyan különbséget teszel e három között.”",291ae590c1d8114a9c13e3954dc7c6acedb50b7f46a3fa8c511b427b323b69df,"R2, R3"
M2.4-NAR-03::CAPTIONS,M2.4-NAR-03,felirat,M2,M2.4,02 Tervezet/Modulok/M2/Online leckék/M2.4 – Reflektív napló & határok – A dugma isit nem terapeuta.md,voiceover,narration,legyártandó,jogtisztázás alatt,,Privát–személyes–szakmai narráció — felirat,AI-generált,M2.4-NAR-03-VO,"„Nem minden dolognak ugyanott a helye.

A **privát** az, amit nem szeretnél megosztani a kvucával.
Ez maradhat szűk körben, a legközelebbi barátaiddal vagy családtagjaiddal, esetleg szakemberrel.

A **személyes** az, amit megoszthatsz,
hogy tudjatok kapcsolódni: példák, érzések, amik segítik a kapcsolódást.

A **szakmai** rész azokból a keretekből és szabályokból áll,
amelyeket madrihként be kell tartanod: például a gyermekvédelmi lépésekből.

Azzal is **személyes példát mutatsz**,
ahogyan különbséget teszel e három között.”",291ae590c1d8114a9c13e3954dc7c6acedb50b7f46a3fa8c511b427b323b69df,"R2, R3"
M2.4-NAR-03::TRANSCRIPT,M2.4-NAR-03,leirat,M2,M2.4,02 Tervezet/Modulok/M2/Online leckék/M2.4 – Reflektív napló & határok – A dugma isit nem terapeuta.md,voiceover,narration,legyártandó,jogtisztázás alatt,,Privát–személyes–szakmai narráció — leirat,AI-generált,M2.4-NAR-03-VO,"„Nem minden dolognak ugyanott a helye.

A **privát** az, amit nem szeretnél megosztani a kvucával.
Ez maradhat szűk körben, a legközelebbi barátaiddal vagy családtagjaiddal, esetleg szakemberrel.

A **személyes** az, amit megoszthatsz,
hogy tudjatok kapcsolódni: példák, érzések, amik segítik a kapcsolódást.

A **szakmai** rész azokból a keretekből és szabályokból áll,
amelyeket madrihként be kell tartanod: például a gyermekvédelmi lépésekből.

Azzal is **személyes példát mutatsz**,
ahogyan különbséget teszel e három között.”",291ae590c1d8114a9c13e3954dc7c6acedb50b7f46a3fa8c511b427b323b69df,"R2, R3"
M2.4-NAR-04,M2.4-NAR-04,elsődleges,M2,M2.4,02 Tervezet/Modulok/M2/Online leckék/M2.4 – Reflektív napló & határok – A dugma isit nem terapeuta.md,voiceover,narration,legyártandó,jogtisztázás alatt,,Záró narráció (Check & Outro),AI-generált,M2.4-NAR-04-VO,"„Köszi, hogy végigmentél ezen a leckén.
A határaid tartása nem önzés, hanem **felelősség** –
magaddal és a hanihokkal szemben is.

Ha valamelyik rész nehéz volt, érdemes róla beszélni a mentoroddal.
Ezzel is azt mutatod, hogy segítséget kérni rendben van –
és ez is fontos része a **személyes példamutatásnak**.”",773624f25ab53bc1051e87a62222df88e5ccf04f3590f33450bff329b6e926b0,"R2, R3"
M2.4-NAR-04::CAPTIONS,M2.4-NAR-04,felirat,M2,M2.4,02 Tervezet/Modulok/M2/Online leckék/M2.4 – Reflektív napló & határok – A dugma isit nem terapeuta.md,voiceover,narration,legyártandó,jogtisztázás alatt,,Záró narráció (Check & Outro) — felirat,AI-generált,M2.4-NAR-04-VO,"„Köszi, hogy végigmentél ezen a leckén.
A határaid tartása nem önzés, hanem **felelősség** –
magaddal és a hanihokkal szemben is.

Ha valamelyik rész nehéz volt, érdemes róla beszélni a mentoroddal.
Ezzel is azt mutatod, hogy segítséget kérni rendben van –
és ez is fontos része a **személyes példamutatásnak**.”",773624f25ab53bc1051e87a62222df88e5ccf04f3590f33450bff329b6e926b0,"R2, R3"
M2.4-NAR-04::TRANSCRIPT,M2.4-NAR-04,leirat,M2,M2.4,02 Tervezet/Modulok/M2/Online leckék/M2.4 – Reflektív napló & határok – A dugma isit nem terapeuta.md,voiceover,narration,legyártandó,jogtisztázás alatt,,Záró narráció (Check & Outro) — leirat,AI-generált,M2.4-NAR-04-VO,"„Köszi, hogy végigmentél ezen a leckén.
A határaid tartása nem önzés, hanem **felelősség** –
magaddal és a hanihokkal szemben is.

Ha valamelyik rész nehéz volt, érdemes róla beszélni a mentoroddal.
Ezzel is azt mutatod, hogy segítséget kérni rendben van –
és ez is fontos része a **személyes példamutatásnak**.”",773624f25ab53bc1051e87a62222df88e5ccf04f3590f33450bff329b6e926b0,"R2, R3"
M2.4-VID-01,M2.4-VID-01,elsődleges,M2,M2.4,02 Tervezet/Modulok/M2/Online leckék/M2.4 – Reflektív napló & határok – A dugma isit nem terapeuta.md,video,explainer,legyártandó,jogtisztázás alatt,,Hook – késő esti krízisüzenet (hangalámondás + kinetikus tipográfia),AI-generált,M2.4-VID-01-VO,"„Szia!
Képzeld el, hogy már este van, ágyban vagy, holnap suli vagy munka,
és egy 12 éves hanihod ír Messengeren:

*‘Senki nem ért meg. Minden rossz.
Te vagy az egyetlen, aki normális.’*

Mit érzel? Mit csinálsz?

Ilyenkor nagyon könnyű úgy érezni,
hogy neked kell **mindent megoldani**.

Ebben a leckében azt nézzük meg,
hogyan tudsz **segítő madrih lenni**,
úgy, hogy közben **vigyázol a saját határaidra és a hanih határaira** –
és ezzel adsz **személyes példát** (dugma isit).”",5529d532ce6f66f382f88dbc16a478d39ef0f441433eadc2f63278790b84261e,"R2, R3"
M2.4-VID-01::VOICEOVER,M2.4-VID-01,felmondott hang,M2,M2.4,02 Tervezet/Modulok/M2/Online leckék/M2.4 – Reflektív napló & határok – A dugma isit nem terapeuta.md,video,explainer,legyártandó,jogtisztázás alatt,,Hook – késő esti krízisüzenet (hangalámondás + kinetikus tipográfia) — felmondott hang,AI-generált,M2.4-VID-01-VO,"„Szia!
Képzeld el, hogy már este van, ágyban vagy, holnap suli vagy munka,
és egy 12 éves hanihod ír Messengeren:

*‘Senki nem ért meg. Minden rossz.
Te vagy az egyetlen, aki normális.’*

Mit érzel? Mit csinálsz?

Ilyenkor nagyon könnyű úgy érezni,
hogy neked kell **mindent megoldani**.

Ebben a leckében azt nézzük meg,
hogyan tudsz **segítő madrih lenni**,
úgy, hogy közben **vigyázol a saját határaidra és a hanih határaira** –
és ezzel adsz **személyes példát** (dugma isit).”",5529d532ce6f66f382f88dbc16a478d39ef0f441433eadc2f63278790b84261e,"R2, R3"
M2.4-VID-01::CAPTIONS,M2.4-VID-01,felirat,M2,M2.4,02 Tervezet/Modulok/M2/Online leckék/M2.4 – Reflektív napló & határok – A dugma isit nem terapeuta.md,video,explainer,legyártandó,jogtisztázás alatt,,Hook – késő esti krízisüzenet (hangalámondás + kinetikus tipográfia) — felirat,AI-generált,M2.4-VID-01-VO,"„Szia!
Képzeld el, hogy már este van, ágyban vagy, holnap suli vagy munka,
és egy 12 éves hanihod ír Messengeren:

*‘Senki nem ért meg. Minden rossz.
Te vagy az egyetlen, aki normális.’*

Mit érzel? Mit csinálsz?

Ilyenkor nagyon könnyű úgy érezni,
hogy neked kell **mindent megoldani**.

Ebben a leckében azt nézzük meg,
hogyan tudsz **segítő madrih lenni**,
úgy, hogy közben **vigyázol a saját határaidra és a hanih határaira** –
és ezzel adsz **személyes példát** (dugma isit).”",5529d532ce6f66f382f88dbc16a478d39ef0f441433eadc2f63278790b84261e,"R2, R3"
M2.4-VID-01::TRANSCRIPT,M2.4-VID-01,leirat,M2,M2.4,02 Tervezet/Modulok/M2/Online leckék/M2.4 – Reflektív napló & határok – A dugma isit nem terapeuta.md,video,explainer,legyártandó,jogtisztázás alatt,,Hook – késő esti krízisüzenet (hangalámondás + kinetikus tipográfia) — leirat,AI-generált,M2.4-VID-01-VO,"„Szia!
Képzeld el, hogy már este van, ágyban vagy, holnap suli vagy munka,
és egy 12 éves hanihod ír Messengeren:

*‘Senki nem ért meg. Minden rossz.
Te vagy az egyetlen, aki normális.’*

Mit érzel? Mit csinálsz?

Ilyenkor nagyon könnyű úgy érezni,
hogy neked kell **mindent megoldani**.

Ebben a leckében azt nézzük meg,
hogyan tudsz **segítő madrih lenni**,
úgy, hogy közben **vigyázol a saját határaidra és a hanih határaira** –
és ezzel adsz **személyes példát** (dugma isit).”",5529d532ce6f66f382f88dbc16a478d39ef0f441433eadc2f63278790b84261e,"R2, R3"
M2.4-VID-01::ALTTEXT,M2.4-VID-01,alt-szöveg,M2,M2.4,02 Tervezet/Modulok/M2/Online leckék/M2.4 – Reflektív napló & határok – A dugma isit nem terapeuta.md,video,explainer,legyártandó,jogtisztázás alatt,,Hook – késő esti krízisüzenet (hangalámondás + kinetikus tipográfia) — alt-szöveg,AI-generált,,,,"R2, R3"
M2.A-KART-01,M2.A-KART-01,elsődleges,M2,M2.A,02 Tervezet/Modulok/M2/Peulák/M2.A – Identitás-körök élőben – mit mutatok magamból (45’).md,card-set,,legyártandó,specifikáció kész,,Identitás-vonal állítás-kártyák (8 db szett),emberi,,,,
M2.A-KART-01::PRINTPDF,M2.A-KART-01,nyomtatható PDF,M2,M2.A,02 Tervezet/Modulok/M2/Peulák/M2.A – Identitás-körök élőben – mit mutatok magamból (45’).md,card-set,,legyártandó,specifikáció kész,,Identitás-vonal állítás-kártyák (8 db szett) — nyomtatható PDF,emberi,,,,
M2.A-KART-03,M2.A-KART-03,elsődleges,M2,M2.A,02 Tervezet/Modulok/M2/Peulák/M2.A – Identitás-körök élőben – mit mutatok magamból (45’).md,card-set,,legyártandó,specifikáció kész,,Kiscsoportos feldolgozás – beszélgetőkérdés-kártya / facilitátor-segédlet (4 kérdés),emberi,,,,
M2.A-KART-03::PRINTPDF,M2.A-KART-03,nyomtatható PDF,M2,M2.A,02 Tervezet/Modulok/M2/Peulák/M2.A – Identitás-körök élőben – mit mutatok magamból (45’).md,card-set,,legyártandó,specifikáció kész,,Kiscsoportos feldolgozás – beszélgetőkérdés-kártya / facilitátor-segédlet (4 kérdés) — nyomtatható PDF,emberi,,,,
M2.A-MUNK-01,M2.A-MUNK-01,elsődleges,M2,M2.A,02 Tervezet/Modulok/M2/Peulák/M2.A – Identitás-körök élőben – mit mutatok magamból (45’).md,worksheet,,legyártandó,specifikáció kész,,Identitás-térkép munkalap (ÉN + körök),emberi,,,,
M2.A-MUNK-01::PRINTPDF,M2.A-MUNK-01,nyomtatható PDF,M2,M2.A,02 Tervezet/Modulok/M2/Peulák/M2.A – Identitás-körök élőben – mit mutatok magamból (45’).md,worksheet,,legyártandó,specifikáció kész,,Identitás-térkép munkalap (ÉN + körök) — nyomtatható PDF,emberi,,,,
M2.A-MUNK-01::EDITABLE,M2.A-MUNK-01,"szerkeszthető, kitölthető változat",M2,M2.A,02 Tervezet/Modulok/M2/Peulák/M2.A – Identitás-körök élőben – mit mutatok magamból (45’).md,worksheet,,legyártandó,specifikáció kész,,"Identitás-térkép munkalap (ÉN + körök) — szerkeszthető, kitölthető változat",emberi,,,,
M2.A-POSZ-01,M2.A-POSZ-01,elsődleges,M2,M2.A,02 Tervezet/Modulok/M2/Peulák/M2.A – Identitás-körök élőben – mit mutatok magamból (45’).md,poster,,legyártandó,specifikáció kész,,Megosztási szabályok flipchart-sablon (kettős funkció: közös minták gyűjtéséhez is),emberi,,,,
M2.A-POSZ-01::PRINTPDF,M2.A-POSZ-01,nyomtatható PDF,M2,M2.A,02 Tervezet/Modulok/M2/Peulák/M2.A – Identitás-körök élőben – mit mutatok magamból (45’).md,poster,,legyártandó,specifikáció kész,,Megosztási szabályok flipchart-sablon (kettős funkció: közös minták gyűjtéséhez is) — nyomtatható PDF,emberi,,,,
M2.B-KART-01,M2.B-KART-01,elsődleges,M2,M2.B,"02 Tervezet/Modulok/M2/Peulák/M2.B – Somer-értékek a gyakorlatban – döntések, amelyek tanítanak.md",card-set,,legyártandó,specifikáció kész,,Érték-sziget kártyaszett (4 db A3),vegyes,,,,
M2.B-KART-01::PRINTPDF,M2.B-KART-01,nyomtatható PDF,M2,M2.B,"02 Tervezet/Modulok/M2/Peulák/M2.B – Somer-értékek a gyakorlatban – döntések, amelyek tanítanak.md",card-set,,legyártandó,specifikáció kész,,Érték-sziget kártyaszett (4 db A3) — nyomtatható PDF,vegyes,,,,
M2.B-KART-02,M2.B-KART-02,elsődleges,M2,M2.B,"02 Tervezet/Modulok/M2/Peulák/M2.B – Somer-értékek a gyakorlatban – döntések, amelyek tanítanak.md",card-set,,legyártandó,specifikáció kész,,Storyboard-feladat instrukciós kártya,vegyes,,,,
M2.B-KART-02::PRINTPDF,M2.B-KART-02,nyomtatható PDF,M2,M2.B,"02 Tervezet/Modulok/M2/Peulák/M2.B – Somer-értékek a gyakorlatban – döntések, amelyek tanítanak.md",card-set,,legyártandó,specifikáció kész,,Storyboard-feladat instrukciós kártya — nyomtatható PDF,vegyes,,,,
M2.B-MUNK-01,M2.B-MUNK-01,elsődleges,M2,M2.B,"02 Tervezet/Modulok/M2/Peulák/M2.B – Somer-értékek a gyakorlatban – döntések, amelyek tanítanak.md",worksheet,,legyártandó,specifikáció kész,,A/B kép storyboard nagylap-sablon (flipchart),vegyes,,,,
M2.B-MUNK-01::PRINTPDF,M2.B-MUNK-01,nyomtatható PDF,M2,M2.B,"02 Tervezet/Modulok/M2/Peulák/M2.B – Somer-értékek a gyakorlatban – döntések, amelyek tanítanak.md",worksheet,,legyártandó,specifikáció kész,,A/B kép storyboard nagylap-sablon (flipchart) — nyomtatható PDF,vegyes,,,,
M2.B-MUNK-02,M2.B-MUNK-02,elsődleges,M2,M2.B,"02 Tervezet/Modulok/M2/Peulák/M2.B – Somer-értékek a gyakorlatban – döntések, amelyek tanítanak.md",worksheet,,legyártandó,specifikáció kész,,Képzői ellenőrző lista – 1 A4 sablon,vegyes,,,,
M2.B-MUNK-02::PRINTPDF,M2.B-MUNK-02,nyomtatható PDF,M2,M2.B,"02 Tervezet/Modulok/M2/Peulák/M2.B – Somer-értékek a gyakorlatban – döntések, amelyek tanítanak.md",worksheet,,legyártandó,specifikáció kész,,Képzői ellenőrző lista – 1 A4 sablon — nyomtatható PDF,vegyes,,,,
M2.B-MUNK-03,M2.B-MUNK-03,elsődleges,M2,M2.B,"02 Tervezet/Modulok/M2/Peulák/M2.B – Somer-értékek a gyakorlatban – döntések, amelyek tanítanak.md",worksheet,,legyártandó,specifikáció kész,,Egyéni reflexió + commit munkalap (A5),vegyes,,,,
M2.B-MUNK-03::PRINTPDF,M2.B-MUNK-03,nyomtatható PDF,M2,M2.B,"02 Tervezet/Modulok/M2/Peulák/M2.B – Somer-értékek a gyakorlatban – döntések, amelyek tanítanak.md",worksheet,,legyártandó,specifikáció kész,,Egyéni reflexió + commit munkalap (A5) — nyomtatható PDF,vegyes,,,,
M2.B-POSZ-01,M2.B-POSZ-01,elsődleges,M2,M2.B,"02 Tervezet/Modulok/M2/Peulák/M2.B – Somer-értékek a gyakorlatban – döntések, amelyek tanítanak.md",poster,,legyártandó,specifikáció kész,,Somer-pillér poszterszett (3 db A3),vegyes,,,,
M2.B-POSZ-01::PRINTPDF,M2.B-POSZ-01,nyomtatható PDF,M2,M2.B,"02 Tervezet/Modulok/M2/Peulák/M2.B – Somer-értékek a gyakorlatban – döntések, amelyek tanítanak.md",poster,,legyártandó,specifikáció kész,,Somer-pillér poszterszett (3 db A3) — nyomtatható PDF,vegyes,,,,
M2.F-MUNK-01,M2.F-MUNK-01,elsődleges,M2,M2.F,"02 Tervezet/Modulok/M2/Peulák/M2.F – Felzárkóztató peula – Identitás, értékek, pillérek, személyes példamutatás (Study Lab).md",worksheet,,legyártandó,specifikáció kész,,Jegyzetlap az F-peulához – „1 gondolat / 1 kérdés leckénként”,emberi,,,,
M2.F-MUNK-01::PRINTPDF,M2.F-MUNK-01,nyomtatható PDF,M2,M2.F,"02 Tervezet/Modulok/M2/Peulák/M2.F – Felzárkóztató peula – Identitás, értékek, pillérek, személyes példamutatás (Study Lab).md",worksheet,,legyártandó,specifikáció kész,,Jegyzetlap az F-peulához – „1 gondolat / 1 kérdés leckénként” — nyomtatható PDF,emberi,,,,
M2.F-MUNK-02,M2.F-MUNK-02,elsődleges,M2,M2.F,"02 Tervezet/Modulok/M2/Peulák/M2.F – Felzárkóztató peula – Identitás, értékek, pillérek, személyes példamutatás (Study Lab).md",worksheet,,legyártandó,specifikáció kész,,Képzői ellenőrző lista – Felzárkóztató peula (1 A4),emberi,,,,
M2.F-MUNK-02::PRINTPDF,M2.F-MUNK-02,nyomtatható PDF,M2,M2.F,"02 Tervezet/Modulok/M2/Peulák/M2.F – Felzárkóztató peula – Identitás, értékek, pillérek, személyes példamutatás (Study Lab).md",worksheet,,legyártandó,specifikáció kész,,Képzői ellenőrző lista – Felzárkóztató peula (1 A4) — nyomtatható PDF,emberi,,,,
M2.F-POSZ-01,M2.F-POSZ-01,elsődleges,M2,M2.F,"02 Tervezet/Modulok/M2/Peulák/M2.F – Felzárkóztató peula – Identitás, értékek, pillérek, személyes példamutatás (Study Lab).md",poster,,legyártandó,specifikáció kész,,Tájékozódó tábla – M2 leckelista + név nélküli témakérések,emberi,,,,
M2.F-POSZ-01::PRINTPDF,M2.F-POSZ-01,nyomtatható PDF,M2,M2.F,"02 Tervezet/Modulok/M2/Peulák/M2.F – Felzárkóztató peula – Identitás, értékek, pillérek, személyes példamutatás (Study Lab).md",poster,,legyártandó,specifikáció kész,,Tájékozódó tábla – M2 leckelista + név nélküli témakérések — nyomtatható PDF,emberi,,,,
M2.F-POSZ-02,M2.F-POSZ-02,elsődleges,M2,M2.F,"02 Tervezet/Modulok/M2/Peulák/M2.F – Felzárkóztató peula – Identitás, értékek, pillérek, személyes példamutatás (Study Lab).md",poster,,legyártandó,specifikáció kész,,Fogalom-térkép flipchart-sablon – 4 buborék (identitás–értékek–pillérek–határok),emberi,,,,
M2.F-POSZ-02::PRINTPDF,M2.F-POSZ-02,nyomtatható PDF,M2,M2.F,"02 Tervezet/Modulok/M2/Peulák/M2.F – Felzárkóztató peula – Identitás, értékek, pillérek, személyes példamutatás (Study Lab).md",poster,,legyártandó,specifikáció kész,,Fogalom-térkép flipchart-sablon – 4 buborék (identitás–értékek–pillérek–határok) — nyomtatható PDF,emberi,,,,
M3.1-DIA-01,M3.1-DIA-01,elsődleges,M3,M3.1,02 Tervezet/Modulok/M3/Online leckék/M3.1 – Történetek egy kvucáról – Tuckman-szakaszok felismerése.md,diagram,,legyártandó,specifikáció kész,,Tuckman-görbe animált diagram (5 szakasz),AI-generált,,,,
M3.1-DIA-01::ALTTEXT,M3.1-DIA-01,alt-szöveg,M3,M3.1,02 Tervezet/Modulok/M3/Online leckék/M3.1 – Történetek egy kvucáról – Tuckman-szakaszok felismerése.md,diagram,,legyártandó,specifikáció kész,,Tuckman-görbe animált diagram (5 szakasz) — alt-szöveg,AI-generált,M3.1-DIA-01-ALT,"Tuckman-görbe: vízszintes idővonal fölött egy emelkedő, hullámzó vonal öt szakaszra osztva, balról jobbra: forming (alakulás), storming (balhék), norming (szabályok), performing (működés), majd a lezáró adjourning (lezárás / szétválás). A görbe a csoport fejlődését mutatja az alakulástól a működő csapatig, majd a someres ciklus lezárásáig.",93ee21cdc2ce43d867b7e587df869c79fa29d0d0ad6d161d62106425c02d7669,
M3.1-IKO-01,M3.1-IKO-01,elsődleges,M3,M3.1,02 Tervezet/Modulok/M3/Online leckék/M3.1 – Történetek egy kvucáról – Tuckman-szakaszok felismerése.md,icon-set,,legyártandó,specifikáció kész,,Reflexiós ikon – kvuca-kör / beszélgető figurák (dekoratív),AI-generált,,,,
M3.1-ILL-01,M3.1-ILL-01,elsődleges,M3,M3.1,02 Tervezet/Modulok/M3/Online leckék/M3.1 – Történetek egy kvucáról – Tuckman-szakaszok felismerése.md,illustration,,legyártandó,specifikáció kész,,Kvuca-jelenet – Forming (alakulás),AI-generált,,,,
M3.1-ILL-01::ALTTEXT,M3.1-ILL-01,alt-szöveg,M3,M3.1,02 Tervezet/Modulok/M3/Online leckék/M3.1 – Történetek egy kvucáról – Tuckman-szakaszok felismerése.md,illustration,,legyártandó,specifikáció kész,,Kvuca-jelenet – Forming (alakulás) — alt-szöveg,AI-generált,,,,
M3.1-ILL-02,M3.1-ILL-02,elsődleges,M3,M3.1,02 Tervezet/Modulok/M3/Online leckék/M3.1 – Történetek egy kvucáról – Tuckman-szakaszok felismerése.md,illustration,,legyártandó,specifikáció kész,,Kvuca-jelenet – Storming (balhék),AI-generált,,,,
M3.1-ILL-02::ALTTEXT,M3.1-ILL-02,alt-szöveg,M3,M3.1,02 Tervezet/Modulok/M3/Online leckék/M3.1 – Történetek egy kvucáról – Tuckman-szakaszok felismerése.md,illustration,,legyártandó,specifikáció kész,,Kvuca-jelenet – Storming (balhék) — alt-szöveg,AI-generált,,,,
M3.1-ILL-03,M3.1-ILL-03,elsődleges,M3,M3.1,02 Tervezet/Modulok/M3/Online leckék/M3.1 – Történetek egy kvucáról – Tuckman-szakaszok felismerése.md,illustration,,legyártandó,specifikáció kész,,Kvuca-jelenet – Norming (szabályok),AI-generált,,,,
M3.1-ILL-03::ALTTEXT,M3.1-ILL-03,alt-szöveg,M3,M3.1,02 Tervezet/Modulok/M3/Online leckék/M3.1 – Történetek egy kvucáról – Tuckman-szakaszok felismerése.md,illustration,,legyártandó,specifikáció kész,,Kvuca-jelenet – Norming (szabályok) — alt-szöveg,AI-generált,,,,
M3.1-ILL-04,M3.1-ILL-04,elsődleges,M3,M3.1,02 Tervezet/Modulok/M3/Online leckék/M3.1 – Történetek egy kvucáról – Tuckman-szakaszok felismerése.md,illustration,,legyártandó,specifikáció kész,,Kvuca-jelenet – Performing (működés),AI-generált,,,,
M3.1-ILL-04::ALTTEXT,M3.1-ILL-04,alt-szöveg,M3,M3.1,02 Tervezet/Modulok/M3/Online leckék/M3.1 – Történetek egy kvucáról – Tuckman-szakaszok felismerése.md,illustration,,legyártandó,specifikáció kész,,Kvuca-jelenet – Performing (működés) — alt-szöveg,AI-generált,,,,
M3.1-NAR-02,M3.1-NAR-02,elsődleges,M3,M3.1,02 Tervezet/Modulok/M3/Online leckék/M3.1 – Történetek egy kvucáról – Tuckman-szakaszok felismerése.md,voiceover,narration,legyártandó,jogtisztázás alatt,,INPUT 1 narráció – Tuckman 4+1 szakasz,AI-generált,M3.1-NAR-02-VO,"„Bruce Tuckman egy csoportkutató volt, aki azt mondta:

**a legtöbb csoport négy fő szakaszon megy át**, mielőtt igazán jól működne (plusz van egy ötödik, a lezárás).

👉 Az első a **forming**, vagyis az alakulás.
Ilyenkor mindenki kicsit bizonytalan, udvarias, figyeli a többieket.

👉 A második a **storming**, amikor jönnek a viták, beszólások, klikkek.
Ez fárasztó lehet, de **nem hiba**, hanem a fejlődés része.
Figyelj: a storming kölcsönös vita – a célzott bántás már nem storming.

👉 A harmadik a **norming**, amikor megszületnek a közös szabályok.
Már jobban figyelnek egymásra, és elkezd kialakulni a bizalom.

👉 A negyedik a **performing**.
Itt a kvuca már tényleg **együtt dolgozik**, saját ötleteket hoz, és felelősséget vállal.

👉 Tuckman 1977-ben, Mary Ann Jensennel közösen tett hozzá egy ötödiket, az **adjourning**-ot, vagyis a **lezárást**.
Ez a kvuca búcsúja: amikor egy someres ciklus véget ér, és szépen elköszöntök egymástól.”",92d86f7be3c403a5bc77dfcb49923dff549bd563f2f0e554bfe74c4dd9fc39bb,"R2, R3"
M3.1-NAR-02::CAPTIONS,M3.1-NAR-02,felirat,M3,M3.1,02 Tervezet/Modulok/M3/Online leckék/M3.1 – Történetek egy kvucáról – Tuckman-szakaszok felismerése.md,voiceover,narration,legyártandó,jogtisztázás alatt,,INPUT 1 narráció – Tuckman 4+1 szakasz — felirat,AI-generált,M3.1-NAR-02-VO,"„Bruce Tuckman egy csoportkutató volt, aki azt mondta:

**a legtöbb csoport négy fő szakaszon megy át**, mielőtt igazán jól működne (plusz van egy ötödik, a lezárás).

👉 Az első a **forming**, vagyis az alakulás.
Ilyenkor mindenki kicsit bizonytalan, udvarias, figyeli a többieket.

👉 A második a **storming**, amikor jönnek a viták, beszólások, klikkek.
Ez fárasztó lehet, de **nem hiba**, hanem a fejlődés része.
Figyelj: a storming kölcsönös vita – a célzott bántás már nem storming.

👉 A harmadik a **norming**, amikor megszületnek a közös szabályok.
Már jobban figyelnek egymásra, és elkezd kialakulni a bizalom.

👉 A negyedik a **performing**.
Itt a kvuca már tényleg **együtt dolgozik**, saját ötleteket hoz, és felelősséget vállal.

👉 Tuckman 1977-ben, Mary Ann Jensennel közösen tett hozzá egy ötödiket, az **adjourning**-ot, vagyis a **lezárást**.
Ez a kvuca búcsúja: amikor egy someres ciklus véget ér, és szépen elköszöntök egymástól.”",92d86f7be3c403a5bc77dfcb49923dff549bd563f2f0e554bfe74c4dd9fc39bb,"R2, R3"
M3.1-NAR-02::TRANSCRIPT,M3.1-NAR-02,leirat,M3,M3.1,02 Tervezet/Modulok/M3/Online leckék/M3.1 – Történetek egy kvucáról – Tuckman-szakaszok felismerése.md,voiceover,narration,legyártandó,jogtisztázás alatt,,INPUT 1 narráció – Tuckman 4+1 szakasz — leirat,AI-generált,M3.1-NAR-02-VO,"„Bruce Tuckman egy csoportkutató volt, aki azt mondta:

**a legtöbb csoport négy fő szakaszon megy át**, mielőtt igazán jól működne (plusz van egy ötödik, a lezárás).

👉 Az első a **forming**, vagyis az alakulás.
Ilyenkor mindenki kicsit bizonytalan, udvarias, figyeli a többieket.

👉 A második a **storming**, amikor jönnek a viták, beszólások, klikkek.
Ez fárasztó lehet, de **nem hiba**, hanem a fejlődés része.
Figyelj: a storming kölcsönös vita – a célzott bántás már nem storming.

👉 A harmadik a **norming**, amikor megszületnek a közös szabályok.
Már jobban figyelnek egymásra, és elkezd kialakulni a bizalom.

👉 A negyedik a **performing**.
Itt a kvuca már tényleg **együtt dolgozik**, saját ötleteket hoz, és felelősséget vállal.

👉 Tuckman 1977-ben, Mary Ann Jensennel közösen tett hozzá egy ötödiket, az **adjourning**-ot, vagyis a **lezárást**.
Ez a kvuca búcsúja: amikor egy someres ciklus véget ér, és szépen elköszöntök egymástól.”",92d86f7be3c403a5bc77dfcb49923dff549bd563f2f0e554bfe74c4dd9fc39bb,"R2, R3"
M3.1-NAR-03,M3.1-NAR-03,elsődleges,M3,M3.1,02 Tervezet/Modulok/M3/Online leckék/M3.1 – Történetek egy kvucáról – Tuckman-szakaszok felismerése.md,voiceover,narration,legyártandó,jogtisztázás alatt,,INPUT 2 narráció – „Milyen érzés benne lenni?”,AI-generált,M3.1-NAR-03-VO,"„Nézzük meg, milyen **érzés** lehet benne lenni egy-egy szakaszban.

A **forming**-ban sokszor olyan, mintha egy új társaságba csöppentél volna.
Mindenki kedves, de kicsit bizonytalan, figyeli, mi fér bele.

A **storming**-nál jönnek a beszólások, viták.
Van, aki sokat beszél, más meg elhallgat.
Ez feszültséget okoz, de közben elkezd kiderülni, kinek mi fontos.

A **norming** akkor van, amikor a kvuca elkezd **közös szabályokat**, szokásokat kialakítani.
Már jobban elfogadják egymást, és lehet nyíltabban beszélni.

A **performing**-ban azt érzed: ‘Ez egy csapat’.
Megjelennek a mélyebb beszélgetések, saját ötletek,
és nem csak a madrih húzza a programot.”",8af73718262c3380aa01ad9ee9a50f51ae19661f7a90f55eaa9f57716f7f9ea4,"R2, R3"
M3.1-NAR-03::CAPTIONS,M3.1-NAR-03,felirat,M3,M3.1,02 Tervezet/Modulok/M3/Online leckék/M3.1 – Történetek egy kvucáról – Tuckman-szakaszok felismerése.md,voiceover,narration,legyártandó,jogtisztázás alatt,,INPUT 2 narráció – „Milyen érzés benne lenni?” — felirat,AI-generált,M3.1-NAR-03-VO,"„Nézzük meg, milyen **érzés** lehet benne lenni egy-egy szakaszban.

A **forming**-ban sokszor olyan, mintha egy új társaságba csöppentél volna.
Mindenki kedves, de kicsit bizonytalan, figyeli, mi fér bele.

A **storming**-nál jönnek a beszólások, viták.
Van, aki sokat beszél, más meg elhallgat.
Ez feszültséget okoz, de közben elkezd kiderülni, kinek mi fontos.

A **norming** akkor van, amikor a kvuca elkezd **közös szabályokat**, szokásokat kialakítani.
Már jobban elfogadják egymást, és lehet nyíltabban beszélni.

A **performing**-ban azt érzed: ‘Ez egy csapat’.
Megjelennek a mélyebb beszélgetések, saját ötletek,
és nem csak a madrih húzza a programot.”",8af73718262c3380aa01ad9ee9a50f51ae19661f7a90f55eaa9f57716f7f9ea4,"R2, R3"
M3.1-NAR-03::TRANSCRIPT,M3.1-NAR-03,leirat,M3,M3.1,02 Tervezet/Modulok/M3/Online leckék/M3.1 – Történetek egy kvucáról – Tuckman-szakaszok felismerése.md,voiceover,narration,legyártandó,jogtisztázás alatt,,INPUT 2 narráció – „Milyen érzés benne lenni?” — leirat,AI-generált,M3.1-NAR-03-VO,"„Nézzük meg, milyen **érzés** lehet benne lenni egy-egy szakaszban.

A **forming**-ban sokszor olyan, mintha egy új társaságba csöppentél volna.
Mindenki kedves, de kicsit bizonytalan, figyeli, mi fér bele.

A **storming**-nál jönnek a beszólások, viták.
Van, aki sokat beszél, más meg elhallgat.
Ez feszültséget okoz, de közben elkezd kiderülni, kinek mi fontos.

A **norming** akkor van, amikor a kvuca elkezd **közös szabályokat**, szokásokat kialakítani.
Már jobban elfogadják egymást, és lehet nyíltabban beszélni.

A **performing**-ban azt érzed: ‘Ez egy csapat’.
Megjelennek a mélyebb beszélgetések, saját ötletek,
és nem csak a madrih húzza a programot.”",8af73718262c3380aa01ad9ee9a50f51ae19661f7a90f55eaa9f57716f7f9ea4,"R2, R3"
M3.1-NAR-04,M3.1-NAR-04,elsődleges,M3,M3.1,02 Tervezet/Modulok/M3/Online leckék/M3.1 – Történetek egy kvucáról – Tuckman-szakaszok felismerése.md,voiceover,narration,legyártandó,jogtisztázás alatt,,Reflexió narráció (opcionális),AI-generált,M3.1-NAR-04-VO,"„Itt most nincs jó vagy rossz válasz.
Válassz ki egy kérdést, és gondold végig, írd le 1–2 mondatban.”",6e533f12cd0e1b8ec7a0bddbf7fe26d26f69e0f24752859bbf84a47e43f396e4,"R2, R3"
M3.1-NAR-04::CAPTIONS,M3.1-NAR-04,felirat,M3,M3.1,02 Tervezet/Modulok/M3/Online leckék/M3.1 – Történetek egy kvucáról – Tuckman-szakaszok felismerése.md,voiceover,narration,legyártandó,jogtisztázás alatt,,Reflexió narráció (opcionális) — felirat,AI-generált,M3.1-NAR-04-VO,"„Itt most nincs jó vagy rossz válasz.
Válassz ki egy kérdést, és gondold végig, írd le 1–2 mondatban.”",6e533f12cd0e1b8ec7a0bddbf7fe26d26f69e0f24752859bbf84a47e43f396e4,"R2, R3"
M3.1-NAR-04::TRANSCRIPT,M3.1-NAR-04,leirat,M3,M3.1,02 Tervezet/Modulok/M3/Online leckék/M3.1 – Történetek egy kvucáról – Tuckman-szakaszok felismerése.md,voiceover,narration,legyártandó,jogtisztázás alatt,,Reflexió narráció (opcionális) — leirat,AI-generált,M3.1-NAR-04-VO,"„Itt most nincs jó vagy rossz válasz.
Válassz ki egy kérdést, és gondold végig, írd le 1–2 mondatban.”",6e533f12cd0e1b8ec7a0bddbf7fe26d26f69e0f24752859bbf84a47e43f396e4,"R2, R3"
M3.1-NAR-05,M3.1-NAR-05,elsődleges,M3,M3.1,02 Tervezet/Modulok/M3/Online leckék/M3.1 – Történetek egy kvucáról – Tuckman-szakaszok felismerése.md,voiceover,narration,legyártandó,jogtisztázás alatt,,Outro narráció – átvezetés M3.2-re,AI-generált,M3.1-NAR-05-VO,"„Köszi, hogy végigmentél ezen a leckén.
Most már van egy térképed arról, hogyan fejlődik egy kvuca.
A következő részben belenagyítunk a három aktuális someres kvucába:
Parparim, Kivsza és Leviatán –
hogy lásd, milyen világban élnek, és te miben tudsz hozzájuk kapcsolódni.”",17184b1a6e2cf25c999bfc2b393e7843bd6e08a34c6e67a11c14347e00253472,"R2, R3"
M3.1-NAR-05::CAPTIONS,M3.1-NAR-05,felirat,M3,M3.1,02 Tervezet/Modulok/M3/Online leckék/M3.1 – Történetek egy kvucáról – Tuckman-szakaszok felismerése.md,voiceover,narration,legyártandó,jogtisztázás alatt,,Outro narráció – átvezetés M3.2-re — felirat,AI-generált,M3.1-NAR-05-VO,"„Köszi, hogy végigmentél ezen a leckén.
Most már van egy térképed arról, hogyan fejlődik egy kvuca.
A következő részben belenagyítunk a három aktuális someres kvucába:
Parparim, Kivsza és Leviatán –
hogy lásd, milyen világban élnek, és te miben tudsz hozzájuk kapcsolódni.”",17184b1a6e2cf25c999bfc2b393e7843bd6e08a34c6e67a11c14347e00253472,"R2, R3"
M3.1-NAR-05::TRANSCRIPT,M3.1-NAR-05,leirat,M3,M3.1,02 Tervezet/Modulok/M3/Online leckék/M3.1 – Történetek egy kvucáról – Tuckman-szakaszok felismerése.md,voiceover,narration,legyártandó,jogtisztázás alatt,,Outro narráció – átvezetés M3.2-re — leirat,AI-generált,M3.1-NAR-05-VO,"„Köszi, hogy végigmentél ezen a leckén.
Most már van egy térképed arról, hogyan fejlődik egy kvuca.
A következő részben belenagyítunk a három aktuális someres kvucába:
Parparim, Kivsza és Leviatán –
hogy lásd, milyen világban élnek, és te miben tudsz hozzájuk kapcsolódni.”",17184b1a6e2cf25c999bfc2b393e7843bd6e08a34c6e67a11c14347e00253472,"R2, R3"
M3.1-VID-01,M3.1-VID-01,elsődleges,M3,M3.1,02 Tervezet/Modulok/M3/Online leckék/M3.1 – Történetek egy kvucáról – Tuckman-szakaszok felismerése.md,video,ai-talking-head,legyártandó,jogtisztázás alatt,,HOOK beszélő fej – három kvuca-sztori,AI-generált,M3.1-VID-01-VO,"„Szia! Képzeld el, hogy három különböző kvuca peulára készül.

Az elsőnél mindenki nagyon kedves, de senki nem mer igazán megszólalni.

A másodiknál két ember folyton beszól, vitatkozik, és a többiek csak nézik.

A harmadiknál már maguk a hanihok dobálnak be ötleteket, és figyelnek egymásra.

Ezek ugyanannak a történetnek **különböző szakaszai**.

Ebben a leckében azt nézzük meg, hogyan tudod felismerni,
hogy **hol tart egy kvuca a saját sztorijában**.”",d06be790b747d9152f0eeef1e8b2ed7fafc54af2afd5506f616eaabbe8507044,"R2, R3"
M3.1-VID-01::VOICEOVER,M3.1-VID-01,felmondott hang,M3,M3.1,02 Tervezet/Modulok/M3/Online leckék/M3.1 – Történetek egy kvucáról – Tuckman-szakaszok felismerése.md,video,ai-talking-head,legyártandó,jogtisztázás alatt,,HOOK beszélő fej – három kvuca-sztori — felmondott hang,AI-generált,M3.1-VID-01-VO,"„Szia! Képzeld el, hogy három különböző kvuca peulára készül.

Az elsőnél mindenki nagyon kedves, de senki nem mer igazán megszólalni.

A másodiknál két ember folyton beszól, vitatkozik, és a többiek csak nézik.

A harmadiknál már maguk a hanihok dobálnak be ötleteket, és figyelnek egymásra.

Ezek ugyanannak a történetnek **különböző szakaszai**.

Ebben a leckében azt nézzük meg, hogyan tudod felismerni,
hogy **hol tart egy kvuca a saját sztorijában**.”",d06be790b747d9152f0eeef1e8b2ed7fafc54af2afd5506f616eaabbe8507044,"R2, R3"
M3.1-VID-01::CAPTIONS,M3.1-VID-01,felirat,M3,M3.1,02 Tervezet/Modulok/M3/Online leckék/M3.1 – Történetek egy kvucáról – Tuckman-szakaszok felismerése.md,video,ai-talking-head,legyártandó,jogtisztázás alatt,,HOOK beszélő fej – három kvuca-sztori — felirat,AI-generált,M3.1-VID-01-VO,"„Szia! Képzeld el, hogy három különböző kvuca peulára készül.

Az elsőnél mindenki nagyon kedves, de senki nem mer igazán megszólalni.

A másodiknál két ember folyton beszól, vitatkozik, és a többiek csak nézik.

A harmadiknál már maguk a hanihok dobálnak be ötleteket, és figyelnek egymásra.

Ezek ugyanannak a történetnek **különböző szakaszai**.

Ebben a leckében azt nézzük meg, hogyan tudod felismerni,
hogy **hol tart egy kvuca a saját sztorijában**.”",d06be790b747d9152f0eeef1e8b2ed7fafc54af2afd5506f616eaabbe8507044,"R2, R3"
M3.1-VID-01::TRANSCRIPT,M3.1-VID-01,leirat,M3,M3.1,02 Tervezet/Modulok/M3/Online leckék/M3.1 – Történetek egy kvucáról – Tuckman-szakaszok felismerése.md,video,ai-talking-head,legyártandó,jogtisztázás alatt,,HOOK beszélő fej – három kvuca-sztori — leirat,AI-generált,M3.1-VID-01-VO,"„Szia! Képzeld el, hogy három különböző kvuca peulára készül.

Az elsőnél mindenki nagyon kedves, de senki nem mer igazán megszólalni.

A másodiknál két ember folyton beszól, vitatkozik, és a többiek csak nézik.

A harmadiknál már maguk a hanihok dobálnak be ötleteket, és figyelnek egymásra.

Ezek ugyanannak a történetnek **különböző szakaszai**.

Ebben a leckében azt nézzük meg, hogyan tudod felismerni,
hogy **hol tart egy kvuca a saját sztorijában**.”",d06be790b747d9152f0eeef1e8b2ed7fafc54af2afd5506f616eaabbe8507044,"R2, R3"
M3.2-DIA-01,M3.2-DIA-01,elsődleges,M3,M3.2,"02 Tervezet/Modulok/M3/Online leckék/M3.2 – Parparim, Kivsza, Leviatán – 3 kvuca, 3 világ.md",diagram,,legyártandó,specifikáció kész,,Parparim & Kivsza – kétoszlopos profilkártya,AI-generált,,,,
M3.2-DIA-01::ALTTEXT,M3.2-DIA-01,alt-szöveg,M3,M3.2,"02 Tervezet/Modulok/M3/Online leckék/M3.2 – Parparim, Kivsza, Leviatán – 3 kvuca, 3 világ.md",diagram,,legyártandó,specifikáció kész,,Parparim & Kivsza – kétoszlopos profilkártya — alt-szöveg,AI-generált,,,,
M3.2-DIA-02,M3.2-DIA-02,elsődleges,M3,M3.2,"02 Tervezet/Modulok/M3/Online leckék/M3.2 – Parparim, Kivsza, Leviatán – 3 kvuca, 3 világ.md",diagram,,legyártandó,specifikáció kész,,Leviatán – profilkártya,AI-generált,,,,
M3.2-DIA-02::ALTTEXT,M3.2-DIA-02,alt-szöveg,M3,M3.2,"02 Tervezet/Modulok/M3/Online leckék/M3.2 – Parparim, Kivsza, Leviatán – 3 kvuca, 3 világ.md",diagram,,legyártandó,specifikáció kész,,Leviatán – profilkártya — alt-szöveg,AI-generált,,,,
M3.2-DIA-03,M3.2-DIA-03,elsődleges,M3,M3.2,"02 Tervezet/Modulok/M3/Online leckék/M3.2 – Parparim, Kivsza, Leviatán – 3 kvuca, 3 világ.md",diagram,,legyártandó,specifikáció kész,,3 kulcsszó-kártya,AI-generált,,,,
M3.2-DIA-03::ALTTEXT,M3.2-DIA-03,alt-szöveg,M3,M3.2,"02 Tervezet/Modulok/M3/Online leckék/M3.2 – Parparim, Kivsza, Leviatán – 3 kvuca, 3 világ.md",diagram,,legyártandó,specifikáció kész,,3 kulcsszó-kártya — alt-szöveg,AI-generált,,,,
M3.2-DIA-04,M3.2-DIA-04,elsődleges,M3,M3.2,"02 Tervezet/Modulok/M3/Online leckék/M3.2 – Parparim, Kivsza, Leviatán – 3 kvuca, 3 világ.md",diagram,,legyártandó,specifikáció kész,,Korosztály-térkép mini-táblázat (3 sor),AI-generált,,,,
M3.2-DIA-04::ALTTEXT,M3.2-DIA-04,alt-szöveg,M3,M3.2,"02 Tervezet/Modulok/M3/Online leckék/M3.2 – Parparim, Kivsza, Leviatán – 3 kvuca, 3 világ.md",diagram,,legyártandó,specifikáció kész,,Korosztály-térkép mini-táblázat (3 sor) — alt-szöveg,AI-generált,,,,
M3.2-EGY-01,M3.2-EGY-01,elsődleges,M3,M3.2,"02 Tervezet/Modulok/M3/Online leckék/M3.2 – Parparim, Kivsza, Leviatán – 3 kvuca, 3 világ.md",other,h5p-interaction,legyártandó,specifikáció kész,,"Párosító jelenet-feladat (koppintásos párosítás / H5P Drag and Drop, 7 jelenet + 3 kvuca-címke)",AI-generált,,,,
M3.2-EGY-02,M3.2-EGY-02,elsődleges,M3,M3.2,"02 Tervezet/Modulok/M3/Online leckék/M3.2 – Parparim, Kivsza, Leviatán – 3 kvuca, 3 világ.md",other,h5p-interaction,legyártandó,specifikáció kész,,Húzásmentes párosító változat (Multiple Choice egyválaszos módban),AI-generált,,,,
M3.2-IKO-01,M3.2-IKO-01,elsődleges,M3,M3.2,"02 Tervezet/Modulok/M3/Online leckék/M3.2 – Parparim, Kivsza, Leviatán – 3 kvuca, 3 világ.md",icon-set,,legyártandó,specifikáció kész,,3 kvuca ikon-készlet (🦋 🐑 🐋),AI-generált,,,,
M3.2-IKO-01::ALTTEXT,M3.2-IKO-01,alt-szöveg,M3,M3.2,"02 Tervezet/Modulok/M3/Online leckék/M3.2 – Parparim, Kivsza, Leviatán – 3 kvuca, 3 világ.md",icon-set,,legyártandó,specifikáció kész,,3 kvuca ikon-készlet (🦋 🐑 🐋) — alt-szöveg,AI-generált,,,,
M3.2-NAR-03,M3.2-NAR-03,elsődleges,M3,M3.2,"02 Tervezet/Modulok/M3/Online leckék/M3.2 – Parparim, Kivsza, Leviatán – 3 kvuca, 3 világ.md",voiceover,narration,legyártandó,jogtisztázás alatt,,Parparim & Kivsza opcionális narráció,AI-generált,M3.2-NAR-03-VO,"„Parparimnál gyakran a játék, a mozgás és a kiszámítható, biztonságos keret segít a legtöbbet.

Kivszánál gyakrabban kerül előtérbe, hogy kihez tartozom, hol a helyem a csoportban, és mit gondolnak rólam a többiek.

Ezek irányok, nem címkék: nincs két egyforma kvuca. Ha figyeled a saját csoportodat, könnyebb lesz eldönteni, mikor kell közbelépni, és mikor érdemes inkább játékon vagy közös élményen keresztül dolgozni.”",a7ce6315c3c3cef38f6bba287238d0a288f74269cbbbeca17d56646ccb51f6c0,"R2, R3"
M3.2-NAR-03::CAPTIONS,M3.2-NAR-03,felirat,M3,M3.2,"02 Tervezet/Modulok/M3/Online leckék/M3.2 – Parparim, Kivsza, Leviatán – 3 kvuca, 3 világ.md",voiceover,narration,legyártandó,jogtisztázás alatt,,Parparim & Kivsza opcionális narráció — felirat,AI-generált,M3.2-NAR-03-VO,"„Parparimnál gyakran a játék, a mozgás és a kiszámítható, biztonságos keret segít a legtöbbet.

Kivszánál gyakrabban kerül előtérbe, hogy kihez tartozom, hol a helyem a csoportban, és mit gondolnak rólam a többiek.

Ezek irányok, nem címkék: nincs két egyforma kvuca. Ha figyeled a saját csoportodat, könnyebb lesz eldönteni, mikor kell közbelépni, és mikor érdemes inkább játékon vagy közös élményen keresztül dolgozni.”",a7ce6315c3c3cef38f6bba287238d0a288f74269cbbbeca17d56646ccb51f6c0,"R2, R3"
M3.2-NAR-03::TRANSCRIPT,M3.2-NAR-03,leirat,M3,M3.2,"02 Tervezet/Modulok/M3/Online leckék/M3.2 – Parparim, Kivsza, Leviatán – 3 kvuca, 3 világ.md",voiceover,narration,legyártandó,jogtisztázás alatt,,Parparim & Kivsza opcionális narráció — leirat,AI-generált,M3.2-NAR-03-VO,"„Parparimnál gyakran a játék, a mozgás és a kiszámítható, biztonságos keret segít a legtöbbet.

Kivszánál gyakrabban kerül előtérbe, hogy kihez tartozom, hol a helyem a csoportban, és mit gondolnak rólam a többiek.

Ezek irányok, nem címkék: nincs két egyforma kvuca. Ha figyeled a saját csoportodat, könnyebb lesz eldönteni, mikor kell közbelépni, és mikor érdemes inkább játékon vagy közös élményen keresztül dolgozni.”",a7ce6315c3c3cef38f6bba287238d0a288f74269cbbbeca17d56646ccb51f6c0,"R2, R3"
M3.2-NAR-04,M3.2-NAR-04,elsődleges,M3,M3.2,"02 Tervezet/Modulok/M3/Online leckék/M3.2 – Parparim, Kivsza, Leviatán – 3 kvuca, 3 világ.md",voiceover,narration,legyártandó,jogtisztázás alatt,,Leviatán opcionális narráció,AI-generált,M3.2-NAR-04-VO,"„Leviatán-korban gyakran kerül elő az identitás, a kapcsolatok és a bizalom kérdése.

Az idősebbeknél nagyobb teret kaphat a saját vélemény, a vita, az autonómia és a felelősségvállalás.

Ezek sem kész receptek. Madrihként a saját kvucád jelzéseiből indulj ki, és partnerként legyél jelen.”",d9eb989ab7e17ce0de5267d98c639099cb596179e0556024398bc6beff93a521,"R2, R3"
M3.2-NAR-04::CAPTIONS,M3.2-NAR-04,felirat,M3,M3.2,"02 Tervezet/Modulok/M3/Online leckék/M3.2 – Parparim, Kivsza, Leviatán – 3 kvuca, 3 világ.md",voiceover,narration,legyártandó,jogtisztázás alatt,,Leviatán opcionális narráció — felirat,AI-generált,M3.2-NAR-04-VO,"„Leviatán-korban gyakran kerül elő az identitás, a kapcsolatok és a bizalom kérdése.

Az idősebbeknél nagyobb teret kaphat a saját vélemény, a vita, az autonómia és a felelősségvállalás.

Ezek sem kész receptek. Madrihként a saját kvucád jelzéseiből indulj ki, és partnerként legyél jelen.”",d9eb989ab7e17ce0de5267d98c639099cb596179e0556024398bc6beff93a521,"R2, R3"
M3.2-NAR-04::TRANSCRIPT,M3.2-NAR-04,leirat,M3,M3.2,"02 Tervezet/Modulok/M3/Online leckék/M3.2 – Parparim, Kivsza, Leviatán – 3 kvuca, 3 világ.md",voiceover,narration,legyártandó,jogtisztázás alatt,,Leviatán opcionális narráció — leirat,AI-generált,M3.2-NAR-04-VO,"„Leviatán-korban gyakran kerül elő az identitás, a kapcsolatok és a bizalom kérdése.

Az idősebbeknél nagyobb teret kaphat a saját vélemény, a vita, az autonómia és a felelősségvállalás.

Ezek sem kész receptek. Madrihként a saját kvucád jelzéseiből indulj ki, és partnerként legyél jelen.”",d9eb989ab7e17ce0de5267d98c639099cb596179e0556024398bc6beff93a521,"R2, R3"
M3.2-NAR-05,M3.2-NAR-05,elsődleges,M3,M3.2,"02 Tervezet/Modulok/M3/Online leckék/M3.2 – Parparim, Kivsza, Leviatán – 3 kvuca, 3 világ.md",voiceover,narration,legyártandó,jogtisztázás alatt,,Outro narráció hangsáv,AI-generált,M3.2-NAR-05-VO,"„Köszi, hogy végigmentél ezen a leckén.
Most már jobban látod, hogy a Parparim, Kivsza és Leviatán kvucák
mennyire különböző világban élnek.
A következő lépés egy élő peula, ahol történeteken keresztül gyakoroljátok, hol tart egy kvuca.
Utána azt nézzük meg, milyen red flag helyzetek jelenhetnek meg ezekben a kvucákban,
és mit tehetsz első lépésként, hogy ne maradj egyedül velük.”",e15618b3762a99a7a0b1db07ba94544b52c91d999137fc94d7e2677ba7f8927a,"R2, R3"
M3.2-NAR-05::CAPTIONS,M3.2-NAR-05,felirat,M3,M3.2,"02 Tervezet/Modulok/M3/Online leckék/M3.2 – Parparim, Kivsza, Leviatán – 3 kvuca, 3 világ.md",voiceover,narration,legyártandó,jogtisztázás alatt,,Outro narráció hangsáv — felirat,AI-generált,M3.2-NAR-05-VO,"„Köszi, hogy végigmentél ezen a leckén.
Most már jobban látod, hogy a Parparim, Kivsza és Leviatán kvucák
mennyire különböző világban élnek.
A következő lépés egy élő peula, ahol történeteken keresztül gyakoroljátok, hol tart egy kvuca.
Utána azt nézzük meg, milyen red flag helyzetek jelenhetnek meg ezekben a kvucákban,
és mit tehetsz első lépésként, hogy ne maradj egyedül velük.”",e15618b3762a99a7a0b1db07ba94544b52c91d999137fc94d7e2677ba7f8927a,"R2, R3"
M3.2-NAR-05::TRANSCRIPT,M3.2-NAR-05,leirat,M3,M3.2,"02 Tervezet/Modulok/M3/Online leckék/M3.2 – Parparim, Kivsza, Leviatán – 3 kvuca, 3 világ.md",voiceover,narration,legyártandó,jogtisztázás alatt,,Outro narráció hangsáv — leirat,AI-generált,M3.2-NAR-05-VO,"„Köszi, hogy végigmentél ezen a leckén.
Most már jobban látod, hogy a Parparim, Kivsza és Leviatán kvucák
mennyire különböző világban élnek.
A következő lépés egy élő peula, ahol történeteken keresztül gyakoroljátok, hol tart egy kvuca.
Utána azt nézzük meg, milyen red flag helyzetek jelenhetnek meg ezekben a kvucákban,
és mit tehetsz első lépésként, hogy ne maradj egyedül velük.”",e15618b3762a99a7a0b1db07ba94544b52c91d999137fc94d7e2677ba7f8927a,"R2, R3"
M3.2-VID-01,M3.2-VID-01,elsődleges,M3,M3.2,"02 Tervezet/Modulok/M3/Online leckék/M3.2 – Parparim, Kivsza, Leviatán – 3 kvuca, 3 világ.md",video,ai-talking-head,legyártandó,jogtisztázás alatt,,"Hook beszélő fej – 3 kvuca, 3 hangulat",AI-generált,M3.2-VID-01-VO,"„Szia! Képzeld el, hogy három különböző kvucába ugrasz be egymás után.

Az egyikben mindenki pörög, és most inkább játszana, mint beszélgetne.
A másikban erősen számít, kihez tartozom, kinek a véleménye fontos, és ki mer megszólalni.
A harmadikban sok minden forog a barátságok, a bizalom és az identitás körül; az idősebbeknél már hosszabb vita is működhet Somer-értékekről, világnézetről és társadalmi kérdésekről.

Ugyanaz a madrih **nem ugyanúgy tud működni** mind a három kvucában.
Ebben a leckében megnézzük, milyen világban él a Parparim, a Kivsza és a Leviatán kvuca.”",2da214164af6277dc77e75599bbc369af8490982862c228d1965d0bac0372ab8,"R2, R3"
M3.2-VID-01::VOICEOVER,M3.2-VID-01,felmondott hang,M3,M3.2,"02 Tervezet/Modulok/M3/Online leckék/M3.2 – Parparim, Kivsza, Leviatán – 3 kvuca, 3 világ.md",video,ai-talking-head,legyártandó,jogtisztázás alatt,,"Hook beszélő fej – 3 kvuca, 3 hangulat — felmondott hang",AI-generált,M3.2-VID-01-VO,"„Szia! Képzeld el, hogy három különböző kvucába ugrasz be egymás után.

Az egyikben mindenki pörög, és most inkább játszana, mint beszélgetne.
A másikban erősen számít, kihez tartozom, kinek a véleménye fontos, és ki mer megszólalni.
A harmadikban sok minden forog a barátságok, a bizalom és az identitás körül; az idősebbeknél már hosszabb vita is működhet Somer-értékekről, világnézetről és társadalmi kérdésekről.

Ugyanaz a madrih **nem ugyanúgy tud működni** mind a három kvucában.
Ebben a leckében megnézzük, milyen világban él a Parparim, a Kivsza és a Leviatán kvuca.”",2da214164af6277dc77e75599bbc369af8490982862c228d1965d0bac0372ab8,"R2, R3"
M3.2-VID-01::CAPTIONS,M3.2-VID-01,felirat,M3,M3.2,"02 Tervezet/Modulok/M3/Online leckék/M3.2 – Parparim, Kivsza, Leviatán – 3 kvuca, 3 világ.md",video,ai-talking-head,legyártandó,jogtisztázás alatt,,"Hook beszélő fej – 3 kvuca, 3 hangulat — felirat",AI-generált,M3.2-VID-01-VO,"„Szia! Képzeld el, hogy három különböző kvucába ugrasz be egymás után.

Az egyikben mindenki pörög, és most inkább játszana, mint beszélgetne.
A másikban erősen számít, kihez tartozom, kinek a véleménye fontos, és ki mer megszólalni.
A harmadikban sok minden forog a barátságok, a bizalom és az identitás körül; az idősebbeknél már hosszabb vita is működhet Somer-értékekről, világnézetről és társadalmi kérdésekről.

Ugyanaz a madrih **nem ugyanúgy tud működni** mind a három kvucában.
Ebben a leckében megnézzük, milyen világban él a Parparim, a Kivsza és a Leviatán kvuca.”",2da214164af6277dc77e75599bbc369af8490982862c228d1965d0bac0372ab8,"R2, R3"
M3.2-VID-01::TRANSCRIPT,M3.2-VID-01,leirat,M3,M3.2,"02 Tervezet/Modulok/M3/Online leckék/M3.2 – Parparim, Kivsza, Leviatán – 3 kvuca, 3 világ.md",video,ai-talking-head,legyártandó,jogtisztázás alatt,,"Hook beszélő fej – 3 kvuca, 3 hangulat — leirat",AI-generált,M3.2-VID-01-VO,"„Szia! Képzeld el, hogy három különböző kvucába ugrasz be egymás után.

Az egyikben mindenki pörög, és most inkább játszana, mint beszélgetne.
A másikban erősen számít, kihez tartozom, kinek a véleménye fontos, és ki mer megszólalni.
A harmadikban sok minden forog a barátságok, a bizalom és az identitás körül; az idősebbeknél már hosszabb vita is működhet Somer-értékekről, világnézetről és társadalmi kérdésekről.

Ugyanaz a madrih **nem ugyanúgy tud működni** mind a három kvucában.
Ebben a leckében megnézzük, milyen világban él a Parparim, a Kivsza és a Leviatán kvuca.”",2da214164af6277dc77e75599bbc369af8490982862c228d1965d0bac0372ab8,"R2, R3"
M3.3-IKO-01,M3.3-IKO-01,elsődleges,M3,M3.3,02 Tervezet/Modulok/M3/Online leckék/M3.3 – Gyermekvédelem 101 – red flag felismerése & első lépések.md,icon-set,,legyártandó,specifikáció kész,,Ikon-készlet – az ötlépéses jelzési út,AI-generált,,,,
M3.3-IKO-01::ALTTEXT,M3.3-IKO-01,alt-szöveg,M3,M3.3,02 Tervezet/Modulok/M3/Online leckék/M3.3 – Gyermekvédelem 101 – red flag felismerése & első lépések.md,icon-set,,legyártandó,specifikáció kész,,Ikon-készlet – az ötlépéses jelzési út — alt-szöveg,AI-generált,,,,
M3.3-IKO-02,M3.3-IKO-02,elsődleges,M3,M3.3,02 Tervezet/Modulok/M3/Online leckék/M3.3 – Gyermekvédelem 101 – red flag felismerése & első lépések.md,icon-set,,legyártandó,specifikáció kész,,Piktogramok – Red flag példák,AI-generált,,,,
M3.3-IKO-02::ALTTEXT,M3.3-IKO-02,alt-szöveg,M3,M3.3,02 Tervezet/Modulok/M3/Online leckék/M3.3 – Gyermekvédelem 101 – red flag felismerése & első lépések.md,icon-set,,legyártandó,specifikáció kész,,Piktogramok – Red flag példák — alt-szöveg,AI-generált,,,,
M3.3-IKO-03,M3.3-IKO-03,elsődleges,M3,M3.3,02 Tervezet/Modulok/M3/Online leckék/M3.3 – Gyermekvédelem 101 – red flag felismerése & első lépések.md,icon-set,,legyártandó,specifikáció kész,,Védelem ikon – pajzs/szív (reflexió),AI-generált,,,,
M3.3-IKO-03::ALTTEXT,M3.3-IKO-03,alt-szöveg,M3,M3.3,02 Tervezet/Modulok/M3/Online leckék/M3.3 – Gyermekvédelem 101 – red flag felismerése & első lépések.md,icon-set,,legyártandó,specifikáció kész,,Védelem ikon – pajzs/szív (reflexió) — alt-szöveg,AI-generált,,,,
M3.3-ILL-01,M3.3-ILL-01,elsődleges,M3,M3.3,02 Tervezet/Modulok/M3/Online leckék/M3.3 – Gyermekvédelem 101 – red flag felismerése & első lépések.md,illustration,,legyártandó,specifikáció kész,,Jelenet – Branching 1: késő esti privát üzenet,AI-generált,,,,
M3.3-ILL-01::ALTTEXT,M3.3-ILL-01,alt-szöveg,M3,M3.3,02 Tervezet/Modulok/M3/Online leckék/M3.3 – Gyermekvédelem 101 – red flag felismerése & első lépések.md,illustration,,legyártandó,specifikáció kész,,Jelenet – Branching 1: késő esti privát üzenet — alt-szöveg,AI-generált,,,,
M3.3-ILL-02,M3.3-ILL-02,elsődleges,M3,M3.3,02 Tervezet/Modulok/M3/Online leckék/M3.3 – Gyermekvédelem 101 – red flag felismerése & első lépések.md,illustration,,legyártandó,specifikáció kész,,Jelenet – Branching 2: sértő mém a csoportchatben,AI-generált,,,,
M3.3-ILL-02::ALTTEXT,M3.3-ILL-02,alt-szöveg,M3,M3.3,02 Tervezet/Modulok/M3/Online leckék/M3.3 – Gyermekvédelem 101 – red flag felismerése & első lépések.md,illustration,,legyártandó,specifikáció kész,,Jelenet – Branching 2: sértő mém a csoportchatben — alt-szöveg,AI-generált,,,,
M3.3-ILL-03,M3.3-ILL-03,elsődleges,M3,M3.3,02 Tervezet/Modulok/M3/Online leckék/M3.3 – Gyermekvédelem 101 – red flag felismerése & első lépések.md,illustration,,legyártandó,specifikáció kész,,Jelenet – Branching 3: vágásnyomok táborban,AI-generált,,,,
M3.3-ILL-03::ALTTEXT,M3.3-ILL-03,alt-szöveg,M3,M3.3,02 Tervezet/Modulok/M3/Online leckék/M3.3 – Gyermekvédelem 101 – red flag felismerése & első lépések.md,illustration,,legyártandó,specifikáció kész,,Jelenet – Branching 3: vágásnyomok táborban — alt-szöveg,AI-generált,,,,
M3.3-ILL-04,M3.3-ILL-04,elsődleges,M3,M3.3,02 Tervezet/Modulok/M3/Online leckék/M3.3 – Gyermekvédelem 101 – red flag felismerése & első lépések.md,illustration,,legyártandó,specifikáció kész,,Jelenet – Branching 4: madrih–hanih kapcsolat gyanú,AI-generált,,,,
M3.3-ILL-04::ALTTEXT,M3.3-ILL-04,alt-szöveg,M3,M3.3,02 Tervezet/Modulok/M3/Online leckék/M3.3 – Gyermekvédelem 101 – red flag felismerése & első lépések.md,illustration,,legyártandó,specifikáció kész,,Jelenet – Branching 4: madrih–hanih kapcsolat gyanú — alt-szöveg,AI-generált,,,,
M3.3-NAR-01,M3.3-NAR-01,elsődleges,M3,M3.3,02 Tervezet/Modulok/M3/Online leckék/M3.3 – Gyermekvédelem 101 – red flag felismerése & első lépések.md,voiceover,narration,legyártandó,jogtisztázás alatt,,Narráció – „Mi az a gyermekvédelem?” (öt lépés),AI-generált,M3.3-NAR-01-VO,"„Madrihként a gyermekvédelem nem azt jelenti, hogy te oldasz meg mindent.

A te feladatod az, hogy **észrevedd** és **komolyan vedd**, ha valami nagyon nem oké.
Hallgasd meg a hanihot, de ne ígérj teljes titoktartást. Ne nyomozz, ne konfrontálj, és **ne próbáld egyedül megoldani**: azonnal vond be a kijelölt Memunát – összeférhetetlenség esetén a név szerint kijelölt helyettesét. Közvetlen veszélynél előbb a biztonság és a 112, utána a belső jelzés.”",11f7aa7b1123ae5833ae4cce80e441a008dedea5be10c547876b0e9f1a9378ba,"R2, R3"
M3.3-NAR-01::TRANSCRIPT,M3.3-NAR-01,leirat,M3,M3.3,02 Tervezet/Modulok/M3/Online leckék/M3.3 – Gyermekvédelem 101 – red flag felismerése & első lépések.md,voiceover,narration,legyártandó,jogtisztázás alatt,,Narráció – „Mi az a gyermekvédelem?” (öt lépés) — leirat,AI-generált,M3.3-NAR-01-VO,"„Madrihként a gyermekvédelem nem azt jelenti, hogy te oldasz meg mindent.

A te feladatod az, hogy **észrevedd** és **komolyan vedd**, ha valami nagyon nem oké.
Hallgasd meg a hanihot, de ne ígérj teljes titoktartást. Ne nyomozz, ne konfrontálj, és **ne próbáld egyedül megoldani**: azonnal vond be a kijelölt Memunát – összeférhetetlenség esetén a név szerint kijelölt helyettesét. Közvetlen veszélynél előbb a biztonság és a 112, utána a belső jelzés.”",11f7aa7b1123ae5833ae4cce80e441a008dedea5be10c547876b0e9f1a9378ba,"R2, R3"
M3.3-NAR-02,M3.3-NAR-02,elsődleges,M3,M3.3,02 Tervezet/Modulok/M3/Online leckék/M3.3 – Gyermekvédelem 101 – red flag felismerése & első lépések.md,voiceover,narration,legyártandó,jogtisztázás alatt,,Narráció – Reflexió bevezető (opcionális),AI-generált,M3.3-NAR-02-VO,"„Itt most nincs jó vagy rossz válasz.
Elég, ha 1–2 mondatban leírsz valamit, amit magaddal vinnél ebből a leckéből.”",6346f55118ff39e9717736e32c209f3c47456320e7065b2208b9fa9cf188cd2f,"R2, R3"
M3.3-NAR-02::TRANSCRIPT,M3.3-NAR-02,leirat,M3,M3.3,02 Tervezet/Modulok/M3/Online leckék/M3.3 – Gyermekvédelem 101 – red flag felismerése & első lépések.md,voiceover,narration,legyártandó,jogtisztázás alatt,,Narráció – Reflexió bevezető (opcionális) — leirat,AI-generált,M3.3-NAR-02-VO,"„Itt most nincs jó vagy rossz válasz.
Elég, ha 1–2 mondatban leírsz valamit, amit magaddal vinnél ebből a leckéből.”",6346f55118ff39e9717736e32c209f3c47456320e7065b2208b9fa9cf188cd2f,"R2, R3"
M3.3-NAR-03,M3.3-NAR-03,elsődleges,M3,M3.3,02 Tervezet/Modulok/M3/Online leckék/M3.3 – Gyermekvédelem 101 – red flag felismerése & első lépések.md,voiceover,narration,legyártandó,jogtisztázás alatt,,Narráció – Outro / lecke lezárás,AI-generált,M3.3-NAR-03-VO,"„Köszi, hogy végigmentél ezen a leckén.
Mostanra van egy alap térképed arról, mi az a red flag, és mi a dolgod madrihként.
A következő részben konkrétan végigvesszük, **mit tegyél és mit ne tegyél**,
hogy még egyértelműbb legyen, mi fér bele és mi az, ami már veszélyes.”",d8fa9e5a80997c3a39409d1200f4b2f3d21099bdb1b8ba1fbf46cc6c0438ce7f,"R2, R3"
M3.3-NAR-03::TRANSCRIPT,M3.3-NAR-03,leirat,M3,M3.3,02 Tervezet/Modulok/M3/Online leckék/M3.3 – Gyermekvédelem 101 – red flag felismerése & első lépések.md,voiceover,narration,legyártandó,jogtisztázás alatt,,Narráció – Outro / lecke lezárás — leirat,AI-generált,M3.3-NAR-03-VO,"„Köszi, hogy végigmentél ezen a leckén.
Mostanra van egy alap térképed arról, mi az a red flag, és mi a dolgod madrihként.
A következő részben konkrétan végigvesszük, **mit tegyél és mit ne tegyél**,
hogy még egyértelműbb legyen, mi fér bele és mi az, ami már veszélyes.”",d8fa9e5a80997c3a39409d1200f4b2f3d21099bdb1b8ba1fbf46cc6c0438ce7f,"R2, R3"
M3.3-VID-01,M3.3-VID-01,elsődleges,M3,M3.3,02 Tervezet/Modulok/M3/Online leckék/M3.3 – Gyermekvédelem 101 – red flag felismerése & első lépések.md,video,explainer,legyártandó,jogtisztázás alatt,,Hook magyarázó videó (hangalámondás + kinetikus tipográfia) – „Mit ígérhetek egy hanihnak?”,AI-generált,M3.3-VID-01-VO,"„Szia! Képzeld el, hogy egy hanih odajön hozzád peula után,
és azt mondja: *‘Most olyat mondok, amit **senki más nem tudhat**, jó?’*

Közben érzed, hogy valami komoly dolog jön.

Mit csinálsz ilyenkor?
Megígéred, hogy **senkinek** nem mondod el?
Vagy jelezel valakinek, de félsz, hogy ezzel elárulod?

Ez a lecke arról szól, hogy **mi a felelős lépés** ilyen helyzetekben,
és mit jelent az, hogy **red flag**.”",1237ab16a1b970d2e54b8cdb17b24feb1adc883cf327b04b3d968a69dbcdd8de,"R2, R3"
M3.3-VID-01::VOICEOVER,M3.3-VID-01,felmondott hang,M3,M3.3,02 Tervezet/Modulok/M3/Online leckék/M3.3 – Gyermekvédelem 101 – red flag felismerése & első lépések.md,video,explainer,legyártandó,jogtisztázás alatt,,Hook magyarázó videó (hangalámondás + kinetikus tipográfia) – „Mit ígérhetek egy hanihnak?” — felmondott hang,AI-generált,M3.3-VID-01-VO,"„Szia! Képzeld el, hogy egy hanih odajön hozzád peula után,
és azt mondja: *‘Most olyat mondok, amit **senki más nem tudhat**, jó?’*

Közben érzed, hogy valami komoly dolog jön.

Mit csinálsz ilyenkor?
Megígéred, hogy **senkinek** nem mondod el?
Vagy jelezel valakinek, de félsz, hogy ezzel elárulod?

Ez a lecke arról szól, hogy **mi a felelős lépés** ilyen helyzetekben,
és mit jelent az, hogy **red flag**.”",1237ab16a1b970d2e54b8cdb17b24feb1adc883cf327b04b3d968a69dbcdd8de,"R2, R3"
M3.3-VID-01::CAPTIONS,M3.3-VID-01,felirat,M3,M3.3,02 Tervezet/Modulok/M3/Online leckék/M3.3 – Gyermekvédelem 101 – red flag felismerése & első lépések.md,video,explainer,legyártandó,jogtisztázás alatt,,Hook magyarázó videó (hangalámondás + kinetikus tipográfia) – „Mit ígérhetek egy hanihnak?” — felirat,AI-generált,M3.3-VID-01-VO,"„Szia! Képzeld el, hogy egy hanih odajön hozzád peula után,
és azt mondja: *‘Most olyat mondok, amit **senki más nem tudhat**, jó?’*

Közben érzed, hogy valami komoly dolog jön.

Mit csinálsz ilyenkor?
Megígéred, hogy **senkinek** nem mondod el?
Vagy jelezel valakinek, de félsz, hogy ezzel elárulod?

Ez a lecke arról szól, hogy **mi a felelős lépés** ilyen helyzetekben,
és mit jelent az, hogy **red flag**.”",1237ab16a1b970d2e54b8cdb17b24feb1adc883cf327b04b3d968a69dbcdd8de,"R2, R3"
M3.3-VID-01::TRANSCRIPT,M3.3-VID-01,leirat,M3,M3.3,02 Tervezet/Modulok/M3/Online leckék/M3.3 – Gyermekvédelem 101 – red flag felismerése & első lépések.md,video,explainer,legyártandó,jogtisztázás alatt,,Hook magyarázó videó (hangalámondás + kinetikus tipográfia) – „Mit ígérhetek egy hanihnak?” — leirat,AI-generált,M3.3-VID-01-VO,"„Szia! Képzeld el, hogy egy hanih odajön hozzád peula után,
és azt mondja: *‘Most olyat mondok, amit **senki más nem tudhat**, jó?’*

Közben érzed, hogy valami komoly dolog jön.

Mit csinálsz ilyenkor?
Megígéred, hogy **senkinek** nem mondod el?
Vagy jelezel valakinek, de félsz, hogy ezzel elárulod?

Ez a lecke arról szól, hogy **mi a felelős lépés** ilyen helyzetekben,
és mit jelent az, hogy **red flag**.”",1237ab16a1b970d2e54b8cdb17b24feb1adc883cf327b04b3d968a69dbcdd8de,"R2, R3"
M3.3-VID-01::ALTTEXT,M3.3-VID-01,alt-szöveg,M3,M3.3,02 Tervezet/Modulok/M3/Online leckék/M3.3 – Gyermekvédelem 101 – red flag felismerése & első lépések.md,video,explainer,legyártandó,jogtisztázás alatt,,Hook magyarázó videó (hangalámondás + kinetikus tipográfia) – „Mit ígérhetek egy hanihnak?” — alt-szöveg,AI-generált,,,,"R2, R3"
M3.4-DIA-01,M3.4-DIA-01,elsődleges,M3,M3.4,"02 Tervezet/Modulok/M3/Online leckék/M3.4 – Do és Don’t madrihként – határok, red flag-ek és modulproduktum.md",diagram,,legyártandó,specifikáció kész,,"„Mit tegyél / mit ne tegyél” – három témablokk, minibox-pár diagram (SLIDE 3)",AI-generált,,,,
M3.4-DIA-01::ALTTEXT,M3.4-DIA-01,alt-szöveg,M3,M3.4,"02 Tervezet/Modulok/M3/Online leckék/M3.4 – Do és Don’t madrihként – határok, red flag-ek és modulproduktum.md",diagram,,legyártandó,specifikáció kész,,"„Mit tegyél / mit ne tegyél” – három témablokk, minibox-pár diagram (SLIDE 3) — alt-szöveg",AI-generált,,,,
M3.4-EGY-01,M3.4-EGY-01,elsődleges,M3,M3.4,"02 Tervezet/Modulok/M3/Online leckék/M3.4 – Do és Don’t madrihként – határok, red flag-ek és modulproduktum.md",other,h5p-interaction,legyártandó,specifikáció kész,,Single Choice interakció – „Mennyire érzed fontosnak…” (SLIDE 1),AI-generált,,,,
M3.4-EGY-02,M3.4-EGY-02,elsődleges,M3,M3.4,"02 Tervezet/Modulok/M3/Online leckék/M3.4 – Do és Don’t madrihként – határok, red flag-ek és modulproduktum.md",other,h5p-interaction,legyártandó,specifikáció kész,,Mini True/False interakció – szigorúbb határok (SLIDE 2),AI-generált,,,,
M3.4-EGY-03,M3.4-EGY-03,elsődleges,M3,M3.4,"02 Tervezet/Modulok/M3/Online leckék/M3.4 – Do és Don’t madrihként – határok, red flag-ek és modulproduktum.md",other,h5p-interaction,legyártandó,specifikáció kész,,"H5P Drag and Drop (két célzóna) – „OK / Nem OK madrihként” (SLIDE 4, a húzásmentes alapértelmezett út mellett)",AI-generált,,,,
M3.4-EGY-04,M3.4-EGY-04,elsődleges,M3,M3.4,"02 Tervezet/Modulok/M3/Online leckék/M3.4 – Do és Don’t madrihként – határok, red flag-ek és modulproduktum.md",other,h5p-interaction,legyártandó,specifikáció kész,,Húzásmentes alapértelmezett út – Multiple Choice egyválaszos módban (SLIDE 4),AI-generált,,,,
M3.4-EGY-05,M3.4-EGY-05,elsődleges,M3,M3.4,"02 Tervezet/Modulok/M3/Online leckék/M3.4 – Do és Don’t madrihként – határok, red flag-ek és modulproduktum.md",other,h5p-interaction,legyártandó,specifikáció kész,,Mini-kvíz – 3 kérdés külön Course Presentation-elemként (SLIDE 6),AI-generált,,,,
M3.4-EGY-06,M3.4-EGY-06,elsődleges,M3,M3.4,"02 Tervezet/Modulok/M3/Online leckék/M3.4 – Do és Don’t madrihként – határok, red flag-ek és modulproduktum.md",other,ui-text,legyártandó,specifikáció kész,,"Reflexiós feladatleírás, beviteli elem nélkül – „Saját listám arról, mit teszek és mit nem” (SLIDE 5)",AI-generált,,,,
M3.4-EGY-07,M3.4-EGY-07,elsődleges,M3,M3.4,"02 Tervezet/Modulok/M3/Online leckék/M3.4 – Do és Don’t madrihként – határok, red flag-ek és modulproduktum.md",other,moodle-activity,legyártandó,specifikáció kész,,Moodle Assignment-sablon – „Helyzetleírás red flagekkel” (SLIDE 7 / modulproduktum),AI-generált,,,,
M3.4-EGY-08,M3.4-EGY-08,elsődleges,M3,M3.4,"02 Tervezet/Modulok/M3/Online leckék/M3.4 – Do és Don’t madrihként – határok, red flag-ek és modulproduktum.md",other,,legyártandó,specifikáció kész,,Moodle intro Label/oldal – „0. lépés” a lecke előtt (lecke-keret),AI-generált,,,,
M3.4-IKO-01,M3.4-IKO-01,elsődleges,M3,M3.4,"02 Tervezet/Modulok/M3/Online leckék/M3.4 – Do és Don’t madrihként – határok, red flag-ek és modulproduktum.md",icon-set,,legyártandó,specifikáció kész,,Ikon: madrih + kvuca stilizált „határvonallal” (SLIDE 2),AI-generált,,,,
M3.4-IKO-01::ALTTEXT,M3.4-IKO-01,alt-szöveg,M3,M3.4,"02 Tervezet/Modulok/M3/Online leckék/M3.4 – Do és Don’t madrihként – határok, red flag-ek és modulproduktum.md",icon-set,,legyártandó,specifikáció kész,,Ikon: madrih + kvuca stilizált „határvonallal” (SLIDE 2) — alt-szöveg,AI-generált,,,,
M3.4-IKO-02,M3.4-IKO-02,elsődleges,M3,M3.4,"02 Tervezet/Modulok/M3/Online leckék/M3.4 – Do és Don’t madrihként – határok, red flag-ek és modulproduktum.md",icon-set,,legyártandó,specifikáció kész,,Lista-ikon – a saját lista (mit teszek és mit nem) reflexiója (SLIDE 5),AI-generált,,,,
M3.4-IKO-02::ALTTEXT,M3.4-IKO-02,alt-szöveg,M3,M3.4,"02 Tervezet/Modulok/M3/Online leckék/M3.4 – Do és Don’t madrihként – határok, red flag-ek és modulproduktum.md",icon-set,,legyártandó,specifikáció kész,,Lista-ikon – a saját lista (mit teszek és mit nem) reflexiója (SLIDE 5) — alt-szöveg,AI-generált,,,,
M3.4-MUNK-01,M3.4-MUNK-01,elsődleges,M3,M3.4,"02 Tervezet/Modulok/M3/Online leckék/M3.4 – Do és Don’t madrihként – határok, red flag-ek és modulproduktum.md",worksheet,,legyártandó,specifikáció kész,,Letölthető „Helyzetleírás red flagekkel” kitölthető sablon (doc),emberi,,,,
M3.4-MUNK-01::PRINTPDF,M3.4-MUNK-01,nyomtatható PDF,M3,M3.4,"02 Tervezet/Modulok/M3/Online leckék/M3.4 – Do és Don’t madrihként – határok, red flag-ek és modulproduktum.md",worksheet,,legyártandó,specifikáció kész,,Letölthető „Helyzetleírás red flagekkel” kitölthető sablon (doc) — nyomtatható PDF,emberi,,,,
M3.4-NAR-02,M3.4-NAR-02,elsődleges,M3,M3.4,"02 Tervezet/Modulok/M3/Online leckék/M3.4 – Do és Don’t madrihként – határok, red flag-ek és modulproduktum.md",voiceover,narration,legyártandó,jogtisztázás alatt,,Outro narráció (opcionális) – SLIDE 7,AI-generált,M3.4-NAR-02-VO,"„Köszi, hogy végigmentél ezen a leckén.
Mostanra van egy konkrétabb képed arról, mit csinál és mit nem csinál egy megbízható madrih.
A modulproduktum-feladattal ezt fogod kipróbálni egy konkrét helyzeten keresztül.
Ne feledd: nem vagy egyedül – a cél az, hogy **együtt** tartsuk biztonságban a hanihokat.”",a2a6ea86f26bb437e8eb5edfffccd4a53ec0ffba14a1e2fe8c131be6a5144ac4,"R2, R3"
M3.4-NAR-02::CAPTIONS,M3.4-NAR-02,felirat,M3,M3.4,"02 Tervezet/Modulok/M3/Online leckék/M3.4 – Do és Don’t madrihként – határok, red flag-ek és modulproduktum.md",voiceover,narration,legyártandó,jogtisztázás alatt,,Outro narráció (opcionális) – SLIDE 7 — felirat,AI-generált,M3.4-NAR-02-VO,"„Köszi, hogy végigmentél ezen a leckén.
Mostanra van egy konkrétabb képed arról, mit csinál és mit nem csinál egy megbízható madrih.
A modulproduktum-feladattal ezt fogod kipróbálni egy konkrét helyzeten keresztül.
Ne feledd: nem vagy egyedül – a cél az, hogy **együtt** tartsuk biztonságban a hanihokat.”",a2a6ea86f26bb437e8eb5edfffccd4a53ec0ffba14a1e2fe8c131be6a5144ac4,"R2, R3"
M3.4-NAR-02::TRANSCRIPT,M3.4-NAR-02,leirat,M3,M3.4,"02 Tervezet/Modulok/M3/Online leckék/M3.4 – Do és Don’t madrihként – határok, red flag-ek és modulproduktum.md",voiceover,narration,legyártandó,jogtisztázás alatt,,Outro narráció (opcionális) – SLIDE 7 — leirat,AI-generált,M3.4-NAR-02-VO,"„Köszi, hogy végigmentél ezen a leckén.
Mostanra van egy konkrétabb képed arról, mit csinál és mit nem csinál egy megbízható madrih.
A modulproduktum-feladattal ezt fogod kipróbálni egy konkrét helyzeten keresztül.
Ne feledd: nem vagy egyedül – a cél az, hogy **együtt** tartsuk biztonságban a hanihokat.”",a2a6ea86f26bb437e8eb5edfffccd4a53ec0ffba14a1e2fe8c131be6a5144ac4,"R2, R3"
M3.4-VID-01,M3.4-VID-01,elsődleges,M3,M3.4,"02 Tervezet/Modulok/M3/Online leckék/M3.4 – Do és Don’t madrihként – határok, red flag-ek és modulproduktum.md",video,explainer,legyártandó,jogtisztázás alatt,,Hook magyarázó videó (hangalámondás + kinetikus tipográfia) – „Meddig mehetek el madrihként?”,AI-generált,M3.4-VID-01-VO,"„Szia!
Képzeld el, hogy madrihként nagyon jól kijössz egy hanihhal.
Sokat beszélgettek, írtok egymásnak, vicceltek.

Hol a határ aközött, hogy **közeli, bizalmi kapcsolat** van köztetek,
és aközött, hogy már **nem oké, amit csinálsz**?

Azzal is tanítasz, amit **nem** csinálsz.

Ebben a leckében arról lesz szó,
milyen listát érdemes fejben tartani arról, mit tegyél és mit ne madrihként –
és hogy például miért **red flag**, ha egy madrih párkapcsolatban van egy hanihhal.”",f647847c014c1b8224559f51471b20ec300edbd97191178ee419b97857383dd1,"R2, R3"
M3.4-VID-01::VOICEOVER,M3.4-VID-01,felmondott hang,M3,M3.4,"02 Tervezet/Modulok/M3/Online leckék/M3.4 – Do és Don’t madrihként – határok, red flag-ek és modulproduktum.md",video,explainer,legyártandó,jogtisztázás alatt,,Hook magyarázó videó (hangalámondás + kinetikus tipográfia) – „Meddig mehetek el madrihként?” — felmondott hang,AI-generált,M3.4-VID-01-VO,"„Szia!
Képzeld el, hogy madrihként nagyon jól kijössz egy hanihhal.
Sokat beszélgettek, írtok egymásnak, vicceltek.

Hol a határ aközött, hogy **közeli, bizalmi kapcsolat** van köztetek,
és aközött, hogy már **nem oké, amit csinálsz**?

Azzal is tanítasz, amit **nem** csinálsz.

Ebben a leckében arról lesz szó,
milyen listát érdemes fejben tartani arról, mit tegyél és mit ne madrihként –
és hogy például miért **red flag**, ha egy madrih párkapcsolatban van egy hanihhal.”",f647847c014c1b8224559f51471b20ec300edbd97191178ee419b97857383dd1,"R2, R3"
M3.4-VID-01::CAPTIONS,M3.4-VID-01,felirat,M3,M3.4,"02 Tervezet/Modulok/M3/Online leckék/M3.4 – Do és Don’t madrihként – határok, red flag-ek és modulproduktum.md",video,explainer,legyártandó,jogtisztázás alatt,,Hook magyarázó videó (hangalámondás + kinetikus tipográfia) – „Meddig mehetek el madrihként?” — felirat,AI-generált,M3.4-VID-01-VO,"„Szia!
Képzeld el, hogy madrihként nagyon jól kijössz egy hanihhal.
Sokat beszélgettek, írtok egymásnak, vicceltek.

Hol a határ aközött, hogy **közeli, bizalmi kapcsolat** van köztetek,
és aközött, hogy már **nem oké, amit csinálsz**?

Azzal is tanítasz, amit **nem** csinálsz.

Ebben a leckében arról lesz szó,
milyen listát érdemes fejben tartani arról, mit tegyél és mit ne madrihként –
és hogy például miért **red flag**, ha egy madrih párkapcsolatban van egy hanihhal.”",f647847c014c1b8224559f51471b20ec300edbd97191178ee419b97857383dd1,"R2, R3"
M3.4-VID-01::TRANSCRIPT,M3.4-VID-01,leirat,M3,M3.4,"02 Tervezet/Modulok/M3/Online leckék/M3.4 – Do és Don’t madrihként – határok, red flag-ek és modulproduktum.md",video,explainer,legyártandó,jogtisztázás alatt,,Hook magyarázó videó (hangalámondás + kinetikus tipográfia) – „Meddig mehetek el madrihként?” — leirat,AI-generált,M3.4-VID-01-VO,"„Szia!
Képzeld el, hogy madrihként nagyon jól kijössz egy hanihhal.
Sokat beszélgettek, írtok egymásnak, vicceltek.

Hol a határ aközött, hogy **közeli, bizalmi kapcsolat** van köztetek,
és aközött, hogy már **nem oké, amit csinálsz**?

Azzal is tanítasz, amit **nem** csinálsz.

Ebben a leckében arról lesz szó,
milyen listát érdemes fejben tartani arról, mit tegyél és mit ne madrihként –
és hogy például miért **red flag**, ha egy madrih párkapcsolatban van egy hanihhal.”",f647847c014c1b8224559f51471b20ec300edbd97191178ee419b97857383dd1,"R2, R3"
M3.4-VID-01::ALTTEXT,M3.4-VID-01,alt-szöveg,M3,M3.4,"02 Tervezet/Modulok/M3/Online leckék/M3.4 – Do és Don’t madrihként – határok, red flag-ek és modulproduktum.md",video,explainer,legyártandó,jogtisztázás alatt,,Hook magyarázó videó (hangalámondás + kinetikus tipográfia) – „Meddig mehetek el madrihként?” — alt-szöveg,AI-generált,,,,"R2, R3"
M3.A-IKO-01,M3.A-IKO-01,elsődleges,M3,M3.A,"02 Tervezet/Modulok/M3/Peulák/M3.A – Találd ki, hol tart a kvuca! – Történetek Tuckman szemüvegén át.md",icon-set,,legyártandó,specifikáció kész,,Tuckman-szakasz ikonok (4 db),AI-generált,,,,
M3.A-IKO-01::ALTTEXT,M3.A-IKO-01,alt-szöveg,M3,M3.A,"02 Tervezet/Modulok/M3/Peulák/M3.A – Találd ki, hol tart a kvuca! – Történetek Tuckman szemüvegén át.md",icon-set,,legyártandó,specifikáció kész,,Tuckman-szakasz ikonok (4 db) — alt-szöveg,AI-generált,,,,
M3.A-KART-01,M3.A-KART-01,elsődleges,M3,M3.A,"02 Tervezet/Modulok/M3/Peulák/M3.A – Találd ki, hol tart a kvuca! – Történetek Tuckman szemüvegén át.md",card-set,,legyártandó,specifikáció kész,,Tuckman-szakasz kártyaszett (4 db),vegyes,,,,
M3.A-KART-01::PRINTPDF,M3.A-KART-01,nyomtatható PDF,M3,M3.A,"02 Tervezet/Modulok/M3/Peulák/M3.A – Találd ki, hol tart a kvuca! – Történetek Tuckman szemüvegén át.md",card-set,,legyártandó,specifikáció kész,,Tuckman-szakasz kártyaszett (4 db) — nyomtatható PDF,vegyes,,,,
M3.A-KART-02,M3.A-KART-02,elsődleges,M3,M3.A,"02 Tervezet/Modulok/M3/Peulák/M3.A – Találd ki, hol tart a kvuca! – Történetek Tuckman szemüvegén át.md",card-set,,legyártandó,specifikáció kész,,Kvuca-sztori kártyaszett – fix 8 db nyomtatható szett,vegyes,,,,
M3.A-KART-02::PRINTPDF,M3.A-KART-02,nyomtatható PDF,M3,M3.A,"02 Tervezet/Modulok/M3/Peulák/M3.A – Találd ki, hol tart a kvuca! – Történetek Tuckman szemüvegén át.md",card-set,,legyártandó,specifikáció kész,,Kvuca-sztori kártyaszett – fix 8 db nyomtatható szett — nyomtatható PDF,vegyes,,,,
M3.A-MUNK-01,M3.A-MUNK-01,elsődleges,M3,M3.A,"02 Tervezet/Modulok/M3/Peulák/M3.A – Találd ki, hol tart a kvuca! – Történetek Tuckman szemüvegén át.md",worksheet,,legyártandó,specifikáció kész,,Megoldókulcs a képzőnek (kártya-hátlapok),vegyes,,,,
M3.A-MUNK-01::PRINTPDF,M3.A-MUNK-01,nyomtatható PDF,M3,M3.A,"02 Tervezet/Modulok/M3/Peulák/M3.A – Találd ki, hol tart a kvuca! – Történetek Tuckman szemüvegén át.md",worksheet,,legyártandó,specifikáció kész,,Megoldókulcs a képzőnek (kártya-hátlapok) — nyomtatható PDF,vegyes,,,,
M3.A-POSZ-01,M3.A-POSZ-01,elsődleges,M3,M3.A,"02 Tervezet/Modulok/M3/Peulák/M3.A – Találd ki, hol tart a kvuca! – Történetek Tuckman szemüvegén át.md",poster,,legyártandó,specifikáció kész,,Tuckman-idővonal flipchart-sablon ikonokkal,vegyes,,,,
M3.A-POSZ-01::PRINTPDF,M3.A-POSZ-01,nyomtatható PDF,M3,M3.A,"02 Tervezet/Modulok/M3/Peulák/M3.A – Találd ki, hol tart a kvuca! – Történetek Tuckman szemüvegén át.md",poster,,legyártandó,specifikáció kész,,Tuckman-idővonal flipchart-sablon ikonokkal — nyomtatható PDF,vegyes,,,,
M3.B-KART-01,M3.B-KART-01,elsődleges,M3,M3.B,02 Tervezet/Modulok/M3/Peulák/M3.B – Red flag vagy nem – Esetelemzés & lépéstérkép.md,card-set,,legyártandó,specifikáció kész,,Esetkártyák (4 db red flag eset),emberi,,,,
M3.B-KART-01::PRINTPDF,M3.B-KART-01,nyomtatható PDF,M3,M3.B,02 Tervezet/Modulok/M3/Peulák/M3.B – Red flag vagy nem – Esetelemzés & lépéstérkép.md,card-set,,legyártandó,specifikáció kész,,Esetkártyák (4 db red flag eset) — nyomtatható PDF,emberi,,,,
M3.B-KART-02,M3.B-KART-02,elsődleges,M3,M3.B,02 Tervezet/Modulok/M3/Peulák/M3.B – Red flag vagy nem – Esetelemzés & lépéstérkép.md,card-set,,legyártandó,specifikáció kész,,Krízis- / segélyvonal referenciakártya (képzőnek),emberi,,,,
M3.B-KART-02::PRINTPDF,M3.B-KART-02,nyomtatható PDF,M3,M3.B,02 Tervezet/Modulok/M3/Peulák/M3.B – Red flag vagy nem – Esetelemzés & lépéstérkép.md,card-set,,legyártandó,specifikáció kész,,Krízis- / segélyvonal referenciakártya (képzőnek) — nyomtatható PDF,emberi,,,,
M3.B-KART-03,M3.B-KART-03,elsődleges,M3,M3.B,02 Tervezet/Modulok/M3/Peulák/M3.B – Red flag vagy nem – Esetelemzés & lépéstérkép.md,card-set,,legyártandó,specifikáció kész,,Képzői biztonsági gyorskártya,emberi,,,,
M3.B-KART-03::PRINTPDF,M3.B-KART-03,nyomtatható PDF,M3,M3.B,02 Tervezet/Modulok/M3/Peulák/M3.B – Red flag vagy nem – Esetelemzés & lépéstérkép.md,card-set,,legyártandó,specifikáció kész,,Képzői biztonsági gyorskártya — nyomtatható PDF,emberi,,,,
M3.B-MUNK-01,M3.B-MUNK-01,elsődleges,M3,M3.B,02 Tervezet/Modulok/M3/Peulák/M3.B – Red flag vagy nem – Esetelemzés & lépéstérkép.md,worksheet,,legyártandó,specifikáció kész,,Lépéstérkép flipchart-sablon (5 lépéses folyamatábra),emberi,,,,
M3.B-MUNK-01::PRINTPDF,M3.B-MUNK-01,nyomtatható PDF,M3,M3.B,02 Tervezet/Modulok/M3/Peulák/M3.B – Red flag vagy nem – Esetelemzés & lépéstérkép.md,worksheet,,legyártandó,specifikáció kész,,Lépéstérkép flipchart-sablon (5 lépéses folyamatábra) — nyomtatható PDF,emberi,,,,
M3.B-MUNK-02,M3.B-MUNK-02,elsődleges,M3,M3.B,02 Tervezet/Modulok/M3/Peulák/M3.B – Red flag vagy nem – Esetelemzés & lépéstérkép.md,worksheet,,legyártandó,specifikáció kész,,Helyi gyermekvédelmi útvonal lap (szerep + név + elérhetőség),emberi,,,,
M3.B-MUNK-02::PRINTPDF,M3.B-MUNK-02,nyomtatható PDF,M3,M3.B,02 Tervezet/Modulok/M3/Peulák/M3.B – Red flag vagy nem – Esetelemzés & lépéstérkép.md,worksheet,,legyártandó,specifikáció kész,,Helyi gyermekvédelmi útvonal lap (szerep + név + elérhetőség) — nyomtatható PDF,emberi,,,,
M3.B-MUNK-03,M3.B-MUNK-03,elsődleges,M3,M3.B,02 Tervezet/Modulok/M3/Peulák/M3.B – Red flag vagy nem – Esetelemzés & lépéstérkép.md,worksheet,,legyártandó,specifikáció kész,,Képzői megoldójegyzet kártyánként (4 soros referenciatáblázat),emberi,,,,
M3.B-MUNK-03::PRINTPDF,M3.B-MUNK-03,nyomtatható PDF,M3,M3.B,02 Tervezet/Modulok/M3/Peulák/M3.B – Red flag vagy nem – Esetelemzés & lépéstérkép.md,worksheet,,legyártandó,specifikáció kész,,Képzői megoldójegyzet kártyánként (4 soros referenciatáblázat) — nyomtatható PDF,emberi,,,,
M3.F-EGY-01,M3.F-EGY-01,elsődleges,M3,M3.F,02 Tervezet/Modulok/M3/Peulák/M3.F – Felzárkóztató peula – Kvucadinamika & gyermekvédelem (Study Lab).md,print,consumable,külső forrás,specifikáció kész,,Cetli / post-it készlet a név nélküli témakérésekhez,stock,,,,
M3.F-EGY-02,M3.F-EGY-02,elsődleges,M3,M3.F,02 Tervezet/Modulok/M3/Peulák/M3.F – Felzárkóztató peula – Kvucadinamika & gyermekvédelem (Study Lab).md,print,consumable,külső forrás,specifikáció kész,,Filcek a fogalomtérkép-táblához,stock,,,,
M3.F-MUNK-01,M3.F-MUNK-01,elsődleges,M3,M3.F,02 Tervezet/Modulok/M3/Peulák/M3.F – Felzárkóztató peula – Kvucadinamika & gyermekvédelem (Study Lab).md,worksheet,,legyártandó,specifikáció kész,,Jegyzetlap – „1 gondolat / 1 kérdés leckénként”,AI-generált,,,,
M3.F-MUNK-01::PRINTPDF,M3.F-MUNK-01,nyomtatható PDF,M3,M3.F,02 Tervezet/Modulok/M3/Peulák/M3.F – Felzárkóztató peula – Kvucadinamika & gyermekvédelem (Study Lab).md,worksheet,,legyártandó,specifikáció kész,,Jegyzetlap – „1 gondolat / 1 kérdés leckénként” — nyomtatható PDF,AI-generált,,,,
M3.F-MUNK-02,M3.F-MUNK-02,elsődleges,M3,M3.F,02 Tervezet/Modulok/M3/Peulák/M3.F – Felzárkóztató peula – Kvucadinamika & gyermekvédelem (Study Lab).md,worksheet,,legyártandó,specifikáció kész,,Képzői ellenőrző lista – M3.F peula (1 A4),AI-generált,,,,
M3.F-MUNK-02::PRINTPDF,M3.F-MUNK-02,nyomtatható PDF,M3,M3.F,02 Tervezet/Modulok/M3/Peulák/M3.F – Felzárkóztató peula – Kvucadinamika & gyermekvédelem (Study Lab).md,worksheet,,legyártandó,specifikáció kész,,Képzői ellenőrző lista – M3.F peula (1 A4) — nyomtatható PDF,AI-generált,,,,
M3.F-POSZ-01,M3.F-POSZ-01,elsődleges,M3,M3.F,02 Tervezet/Modulok/M3/Peulák/M3.F – Felzárkóztató peula – Kvucadinamika & gyermekvédelem (Study Lab).md,poster,,legyártandó,specifikáció kész,,Tájékozódó tábla – M3 leckelista + név nélküli témakérések,AI-generált,,,,
M3.F-POSZ-01::PRINTPDF,M3.F-POSZ-01,nyomtatható PDF,M3,M3.F,02 Tervezet/Modulok/M3/Peulák/M3.F – Felzárkóztató peula – Kvucadinamika & gyermekvédelem (Study Lab).md,poster,,legyártandó,specifikáció kész,,Tájékozódó tábla – M3 leckelista + név nélküli témakérések — nyomtatható PDF,AI-generált,,,,
M3.F-POSZ-02,M3.F-POSZ-02,elsődleges,M3,M3.F,02 Tervezet/Modulok/M3/Peulák/M3.F – Felzárkóztató peula – Kvucadinamika & gyermekvédelem (Study Lab).md,poster,,legyártandó,specifikáció kész,,Fogalomtérkép-alaplap – 4–5 üres buborék,AI-generált,,,,
M3.F-POSZ-02::PRINTPDF,M3.F-POSZ-02,nyomtatható PDF,M3,M3.F,02 Tervezet/Modulok/M3/Peulák/M3.F – Felzárkóztató peula – Kvucadinamika & gyermekvédelem (Study Lab).md,poster,,legyártandó,specifikáció kész,,Fogalomtérkép-alaplap – 4–5 üres buborék — nyomtatható PDF,AI-generált,,,,
M4.1-DIA-01,M4.1-DIA-01,elsődleges,M4,M4.1,02 Tervezet/Modulok/M4/Online leckék/M4.1 – Mit üzen a testem – Nonverbális kiállás.md,diagram,,legyártandó,specifikáció kész,,3-ikonos „belevillanó” keret-grafika – Testtartás / Tekintet / Térfoglalás,AI-generált,,,,
M4.1-DIA-01::ALTTEXT,M4.1-DIA-01,alt-szöveg,M4,M4.1,02 Tervezet/Modulok/M4/Online leckék/M4.1 – Mit üzen a testem – Nonverbális kiállás.md,diagram,,legyártandó,specifikáció kész,,3-ikonos „belevillanó” keret-grafika – Testtartás / Tekintet / Térfoglalás — alt-szöveg,AI-generált,,,,
M4.1-FOTO-01,M4.1-FOTO-01,elsődleges,M4,M4.1,02 Tervezet/Modulok/M4/Online leckék/M4.1 – Mit üzen a testem – Nonverbális kiállás.md,photo,,legyártandó,jogtisztázás alatt,,Képpár 1 freeze-frame – karba tett kéz vs. nyitott kéz,AI-generált,,,,R2
M4.1-FOTO-01::ALTTEXT,M4.1-FOTO-01,alt-szöveg,M4,M4.1,02 Tervezet/Modulok/M4/Online leckék/M4.1 – Mit üzen a testem – Nonverbális kiállás.md,photo,,legyártandó,jogtisztázás alatt,,Képpár 1 freeze-frame – karba tett kéz vs. nyitott kéz — alt-szöveg,AI-generált,,,,R2
M4.1-FOTO-02,M4.1-FOTO-02,elsődleges,M4,M4.1,02 Tervezet/Modulok/M4/Online leckék/M4.1 – Mit üzen a testem – Nonverbális kiállás.md,photo,,legyártandó,jogtisztázás alatt,,Képpár 2 freeze-frame – földre nézés vs. körre nézés,AI-generált,,,,R2
M4.1-FOTO-02::ALTTEXT,M4.1-FOTO-02,alt-szöveg,M4,M4.1,02 Tervezet/Modulok/M4/Online leckék/M4.1 – Mit üzen a testem – Nonverbális kiállás.md,photo,,legyártandó,jogtisztázás alatt,,Képpár 2 freeze-frame – földre nézés vs. körre nézés — alt-szöveg,AI-generált,,,,R2
M4.1-IKO-01,M4.1-IKO-01,elsődleges,M4,M4.1,02 Tervezet/Modulok/M4/Online leckék/M4.1 – Mit üzen a testem – Nonverbális kiállás.md,icon-set,,legyártandó,specifikáció kész,,AI-eredet címke ikon/badge a Hook videóhoz,AI-generált,,,,
M4.1-IKO-01::ALTTEXT,M4.1-IKO-01,alt-szöveg,M4,M4.1,02 Tervezet/Modulok/M4/Online leckék/M4.1 – Mit üzen a testem – Nonverbális kiállás.md,icon-set,,legyártandó,specifikáció kész,,AI-eredet címke ikon/badge a Hook videóhoz — alt-szöveg,AI-generált,,,,
M4.1-IKO-02,M4.1-IKO-02,elsődleges,M4,M4.1,02 Tervezet/Modulok/M4/Online leckék/M4.1 – Mit üzen a testem – Nonverbális kiállás.md,icon-set,,legyártandó,specifikáció kész,,"3 fókusz-ikon: Testtartás, Tekintet, Térfoglalás",AI-generált,,,,
M4.1-IKO-02::ALTTEXT,M4.1-IKO-02,alt-szöveg,M4,M4.1,02 Tervezet/Modulok/M4/Online leckék/M4.1 – Mit üzen a testem – Nonverbális kiállás.md,icon-set,,legyártandó,specifikáció kész,,"3 fókusz-ikon: Testtartás, Tekintet, Térfoglalás — alt-szöveg",AI-generált,,,,
M4.1-NAR-02,M4.1-NAR-02,elsődleges,M4,M4.1,02 Tervezet/Modulok/M4/Online leckék/M4.1 – Mit üzen a testem – Nonverbális kiállás.md,voiceover,narration,legyártandó,jogtisztázás alatt,,"SLIDE 2 narráció – „3 dolog, ami azonnal látszik rajtad”",AI-generált,M4.1-NAR-02-VO,"„Amikor a kvucád elé állsz,
az első pillanatokban három dolog látszik rajtad nagyon erősen.

Az egyik a **testtartásod**.
Nyitottan állsz, vagy inkább összegörnyedve, mintha elbújnál?
Stabil vagy, vagy kicsit bizonytalanul billegsz?

A másik a **tekinteted**.
Egy pontra bámulsz – mondjuk a papírra –,
vagy végignézel az embereken, akikhez beszélni fogsz?

A harmadik az, hogyan foglalsz **teret**.
Olyan helyen állsz, ahol **látnak és hallanak**,
vagy egy sarokban, fél fal mögött próbálsz megszólalni?

Már ezekből is sokat ‘leolvas’ a kvuca arról,
hogy mennyire vagy jelen,
és mennyire akarsz tényleg **velük lenni**.”",355e0ec4f69d10fcd8b7d4d1f29fc7b0c11dd79827307d3b3690322a29aa233c,"R2, R3"
M4.1-NAR-02::CAPTIONS,M4.1-NAR-02,felirat,M4,M4.1,02 Tervezet/Modulok/M4/Online leckék/M4.1 – Mit üzen a testem – Nonverbális kiállás.md,voiceover,narration,legyártandó,jogtisztázás alatt,,"SLIDE 2 narráció – „3 dolog, ami azonnal látszik rajtad” — felirat",AI-generált,M4.1-NAR-02-VO,"„Amikor a kvucád elé állsz,
az első pillanatokban három dolog látszik rajtad nagyon erősen.

Az egyik a **testtartásod**.
Nyitottan állsz, vagy inkább összegörnyedve, mintha elbújnál?
Stabil vagy, vagy kicsit bizonytalanul billegsz?

A másik a **tekinteted**.
Egy pontra bámulsz – mondjuk a papírra –,
vagy végignézel az embereken, akikhez beszélni fogsz?

A harmadik az, hogyan foglalsz **teret**.
Olyan helyen állsz, ahol **látnak és hallanak**,
vagy egy sarokban, fél fal mögött próbálsz megszólalni?

Már ezekből is sokat ‘leolvas’ a kvuca arról,
hogy mennyire vagy jelen,
és mennyire akarsz tényleg **velük lenni**.”",355e0ec4f69d10fcd8b7d4d1f29fc7b0c11dd79827307d3b3690322a29aa233c,"R2, R3"
M4.1-NAR-02::TRANSCRIPT,M4.1-NAR-02,leirat,M4,M4.1,02 Tervezet/Modulok/M4/Online leckék/M4.1 – Mit üzen a testem – Nonverbális kiállás.md,voiceover,narration,legyártandó,jogtisztázás alatt,,"SLIDE 2 narráció – „3 dolog, ami azonnal látszik rajtad” — leirat",AI-generált,M4.1-NAR-02-VO,"„Amikor a kvucád elé állsz,
az első pillanatokban három dolog látszik rajtad nagyon erősen.

Az egyik a **testtartásod**.
Nyitottan állsz, vagy inkább összegörnyedve, mintha elbújnál?
Stabil vagy, vagy kicsit bizonytalanul billegsz?

A másik a **tekinteted**.
Egy pontra bámulsz – mondjuk a papírra –,
vagy végignézel az embereken, akikhez beszélni fogsz?

A harmadik az, hogyan foglalsz **teret**.
Olyan helyen állsz, ahol **látnak és hallanak**,
vagy egy sarokban, fél fal mögött próbálsz megszólalni?

Már ezekből is sokat ‘leolvas’ a kvuca arról,
hogy mennyire vagy jelen,
és mennyire akarsz tényleg **velük lenni**.”",355e0ec4f69d10fcd8b7d4d1f29fc7b0c11dd79827307d3b3690322a29aa233c,"R2, R3"
M4.1-NAR-03,M4.1-NAR-03,elsődleges,M4,M4.1,02 Tervezet/Modulok/M4/Online leckék/M4.1 – Mit üzen a testem – Nonverbális kiállás.md,voiceover,narration,legyártandó,jogtisztázás alatt,,Jelenet 1 narráció – „Jegyzetbe bújó madrih”,AI-generált,M4.1-NAR-03-VO,"„Nézd meg ezt a madrihot.
A papírra koncentrál, a válla kicsit beesik,
a tekintete szinte végig lefelé van.

Ha hanih lennél,
mennyire éreznéd azt, hogy **neked beszél**,
és mennyire azt, hogy inkább a lapja mögé próbál bújni?”",a251aced0d05df02e3fcf9d72f876f601f5bf04a268be66a703cf7e9210da052,"R2, R3"
M4.1-NAR-03::CAPTIONS,M4.1-NAR-03,felirat,M4,M4.1,02 Tervezet/Modulok/M4/Online leckék/M4.1 – Mit üzen a testem – Nonverbális kiállás.md,voiceover,narration,legyártandó,jogtisztázás alatt,,Jelenet 1 narráció – „Jegyzetbe bújó madrih” — felirat,AI-generált,M4.1-NAR-03-VO,"„Nézd meg ezt a madrihot.
A papírra koncentrál, a válla kicsit beesik,
a tekintete szinte végig lefelé van.

Ha hanih lennél,
mennyire éreznéd azt, hogy **neked beszél**,
és mennyire azt, hogy inkább a lapja mögé próbál bújni?”",a251aced0d05df02e3fcf9d72f876f601f5bf04a268be66a703cf7e9210da052,"R2, R3"
M4.1-NAR-03::TRANSCRIPT,M4.1-NAR-03,leirat,M4,M4.1,02 Tervezet/Modulok/M4/Online leckék/M4.1 – Mit üzen a testem – Nonverbális kiállás.md,voiceover,narration,legyártandó,jogtisztázás alatt,,Jelenet 1 narráció – „Jegyzetbe bújó madrih” — leirat,AI-generált,M4.1-NAR-03-VO,"„Nézd meg ezt a madrihot.
A papírra koncentrál, a válla kicsit beesik,
a tekintete szinte végig lefelé van.

Ha hanih lennél,
mennyire éreznéd azt, hogy **neked beszél**,
és mennyire azt, hogy inkább a lapja mögé próbál bújni?”",a251aced0d05df02e3fcf9d72f876f601f5bf04a268be66a703cf7e9210da052,"R2, R3"
M4.1-NAR-04,M4.1-NAR-04,elsődleges,M4,M4.1,02 Tervezet/Modulok/M4/Online leckék/M4.1 – Mit üzen a testem – Nonverbális kiállás.md,voiceover,narration,legyártandó,jogtisztázás alatt,,Jelenet 2 narráció – „Ideges topogó madrih”,AI-generált,M4.1-NAR-04-VO,"„Most nézd meg ezt a helyzetet.
A madrih sokat mozog, topog, gyorsan beszél,
a kezei állandóan járnak.

Lehet, hogy nagyon lelkes,
de vajon a kvuca mit érez ebből?”",c6fe3dc7021205b652d6d41a5cf85d15950b262dadc1c4bf812232ef8ccefb4d,"R2, R3"
M4.1-NAR-04::CAPTIONS,M4.1-NAR-04,felirat,M4,M4.1,02 Tervezet/Modulok/M4/Online leckék/M4.1 – Mit üzen a testem – Nonverbális kiállás.md,voiceover,narration,legyártandó,jogtisztázás alatt,,Jelenet 2 narráció – „Ideges topogó madrih” — felirat,AI-generált,M4.1-NAR-04-VO,"„Most nézd meg ezt a helyzetet.
A madrih sokat mozog, topog, gyorsan beszél,
a kezei állandóan járnak.

Lehet, hogy nagyon lelkes,
de vajon a kvuca mit érez ebből?”",c6fe3dc7021205b652d6d41a5cf85d15950b262dadc1c4bf812232ef8ccefb4d,"R2, R3"
M4.1-NAR-04::TRANSCRIPT,M4.1-NAR-04,leirat,M4,M4.1,02 Tervezet/Modulok/M4/Online leckék/M4.1 – Mit üzen a testem – Nonverbális kiállás.md,voiceover,narration,legyártandó,jogtisztázás alatt,,Jelenet 2 narráció – „Ideges topogó madrih” — leirat,AI-generált,M4.1-NAR-04-VO,"„Most nézd meg ezt a helyzetet.
A madrih sokat mozog, topog, gyorsan beszél,
a kezei állandóan járnak.

Lehet, hogy nagyon lelkes,
de vajon a kvuca mit érez ebből?”",c6fe3dc7021205b652d6d41a5cf85d15950b262dadc1c4bf812232ef8ccefb4d,"R2, R3"
M4.1-NAR-05,M4.1-NAR-05,elsődleges,M4,M4.1,02 Tervezet/Modulok/M4/Online leckék/M4.1 – Mit üzen a testem – Nonverbális kiállás.md,voiceover,narration,legyártandó,jogtisztázás alatt,,"Jelenet 3 narráció – „Nyitott, stabil madrih”",AI-generált,M4.1-NAR-05-VO,"„Most nézd meg a harmadik példát.
A madrih két lábon stabilan áll,
a vállai lazák,
és mielőtt beszél, **végignéz** a csoporton.

Aztán röviden, érthetően mondja:
‘Sziasztok, ma arról fogunk beszélni, hogy…’.”",b7472130c708864b374c725ca63ead5beba53919ad532d26d0194fde84308b30,"R2, R3"
M4.1-NAR-05::CAPTIONS,M4.1-NAR-05,felirat,M4,M4.1,02 Tervezet/Modulok/M4/Online leckék/M4.1 – Mit üzen a testem – Nonverbális kiállás.md,voiceover,narration,legyártandó,jogtisztázás alatt,,"Jelenet 3 narráció – „Nyitott, stabil madrih” — felirat",AI-generált,M4.1-NAR-05-VO,"„Most nézd meg a harmadik példát.
A madrih két lábon stabilan áll,
a vállai lazák,
és mielőtt beszél, **végignéz** a csoporton.

Aztán röviden, érthetően mondja:
‘Sziasztok, ma arról fogunk beszélni, hogy…’.”",b7472130c708864b374c725ca63ead5beba53919ad532d26d0194fde84308b30,"R2, R3"
M4.1-NAR-05::TRANSCRIPT,M4.1-NAR-05,leirat,M4,M4.1,02 Tervezet/Modulok/M4/Online leckék/M4.1 – Mit üzen a testem – Nonverbális kiállás.md,voiceover,narration,legyártandó,jogtisztázás alatt,,"Jelenet 3 narráció – „Nyitott, stabil madrih” — leirat",AI-generált,M4.1-NAR-05-VO,"„Most nézd meg a harmadik példát.
A madrih két lábon stabilan áll,
a vállai lazák,
és mielőtt beszél, **végignéz** a csoporton.

Aztán röviden, érthetően mondja:
‘Sziasztok, ma arról fogunk beszélni, hogy…’.”",b7472130c708864b374c725ca63ead5beba53919ad532d26d0194fde84308b30,"R2, R3"
M4.1-NAR-06,M4.1-NAR-06,elsődleges,M4,M4.1,02 Tervezet/Modulok/M4/Online leckék/M4.1 – Mit üzen a testem – Nonverbális kiállás.md,voiceover,narration,legyártandó,jogtisztázás alatt,,SLIDE 4 közös bevezető narráció – „Mi a különbség?”,AI-generált,M4.1-NAR-06-VO,"„Most néhány példát nézünk meg.
Ugyanaz az ember, csak **más testtartással**,
más tekintettel, más helyen a térben.

A feladatod az, hogy megfogalmazd:
**mi a különbség** a két változat között,
és mit üzenhet ez a kvucának.”",649c7cba5cba8bedcfe4bb81757910bac5037a16f3cf6f85bb4f91439b474afb,"R2, R3"
M4.1-NAR-06::CAPTIONS,M4.1-NAR-06,felirat,M4,M4.1,02 Tervezet/Modulok/M4/Online leckék/M4.1 – Mit üzen a testem – Nonverbális kiállás.md,voiceover,narration,legyártandó,jogtisztázás alatt,,SLIDE 4 közös bevezető narráció – „Mi a különbség?” — felirat,AI-generált,M4.1-NAR-06-VO,"„Most néhány példát nézünk meg.
Ugyanaz az ember, csak **más testtartással**,
más tekintettel, más helyen a térben.

A feladatod az, hogy megfogalmazd:
**mi a különbség** a két változat között,
és mit üzenhet ez a kvucának.”",649c7cba5cba8bedcfe4bb81757910bac5037a16f3cf6f85bb4f91439b474afb,"R2, R3"
M4.1-NAR-06::TRANSCRIPT,M4.1-NAR-06,leirat,M4,M4.1,02 Tervezet/Modulok/M4/Online leckék/M4.1 – Mit üzen a testem – Nonverbális kiállás.md,voiceover,narration,legyártandó,jogtisztázás alatt,,SLIDE 4 közös bevezető narráció – „Mi a különbség?” — leirat,AI-generált,M4.1-NAR-06-VO,"„Most néhány példát nézünk meg.
Ugyanaz az ember, csak **más testtartással**,
más tekintettel, más helyen a térben.

A feladatod az, hogy megfogalmazd:
**mi a különbség** a két változat között,
és mit üzenhet ez a kvucának.”",649c7cba5cba8bedcfe4bb81757910bac5037a16f3cf6f85bb4f91439b474afb,"R2, R3"
M4.1-NAR-07,M4.1-NAR-07,elsődleges,M4,M4.1,02 Tervezet/Modulok/M4/Online leckék/M4.1 – Mit üzen a testem – Nonverbális kiállás.md,voiceover,narration,legyártandó,jogtisztázás alatt,,SLIDE 6 outro narráció – „Mire figyelek legközelebb?”,AI-generált,M4.1-NAR-07-VO,"„Köszi, hogy végigmentél ezen a leckén.

Ha idáig eljutottál,
akkor már tudod, hogy a testtartásod, a tekinteted
és az, hova állsz a térben,
nagyon sokat üzen arról, mennyire vagy jelen.

Nem az a cél, hogy ne izgulj,
hanem az, hogy legyen **2 dolog**, amire tudatosan figyelsz,
amikor a kvucád elé állsz.

Most írd le magadnak ezt a két dolgot –
ez lesz a saját minivállalásod a következő peulára.”",c88971559dfe4906869d31ba7ab5166d2085ffacd80212b865c7d3008fb5aff9,"R2, R3"
M4.1-NAR-07::CAPTIONS,M4.1-NAR-07,felirat,M4,M4.1,02 Tervezet/Modulok/M4/Online leckék/M4.1 – Mit üzen a testem – Nonverbális kiállás.md,voiceover,narration,legyártandó,jogtisztázás alatt,,SLIDE 6 outro narráció – „Mire figyelek legközelebb?” — felirat,AI-generált,M4.1-NAR-07-VO,"„Köszi, hogy végigmentél ezen a leckén.

Ha idáig eljutottál,
akkor már tudod, hogy a testtartásod, a tekinteted
és az, hova állsz a térben,
nagyon sokat üzen arról, mennyire vagy jelen.

Nem az a cél, hogy ne izgulj,
hanem az, hogy legyen **2 dolog**, amire tudatosan figyelsz,
amikor a kvucád elé állsz.

Most írd le magadnak ezt a két dolgot –
ez lesz a saját minivállalásod a következő peulára.”",c88971559dfe4906869d31ba7ab5166d2085ffacd80212b865c7d3008fb5aff9,"R2, R3"
M4.1-NAR-07::TRANSCRIPT,M4.1-NAR-07,leirat,M4,M4.1,02 Tervezet/Modulok/M4/Online leckék/M4.1 – Mit üzen a testem – Nonverbális kiállás.md,voiceover,narration,legyártandó,jogtisztázás alatt,,SLIDE 6 outro narráció – „Mire figyelek legközelebb?” — leirat,AI-generált,M4.1-NAR-07-VO,"„Köszi, hogy végigmentél ezen a leckén.

Ha idáig eljutottál,
akkor már tudod, hogy a testtartásod, a tekinteted
és az, hova állsz a térben,
nagyon sokat üzen arról, mennyire vagy jelen.

Nem az a cél, hogy ne izgulj,
hanem az, hogy legyen **2 dolog**, amire tudatosan figyelsz,
amikor a kvucád elé állsz.

Most írd le magadnak ezt a két dolgot –
ez lesz a saját minivállalásod a következő peulára.”",c88971559dfe4906869d31ba7ab5166d2085ffacd80212b865c7d3008fb5aff9,"R2, R3"
M4.1-VID-01,M4.1-VID-01,elsődleges,M4,M4.1,02 Tervezet/Modulok/M4/Online leckék/M4.1 – Mit üzen a testem – Nonverbális kiállás.md,video,ai-talking-head,legyártandó,jogtisztázás alatt,,Hook beszélőfej-videó – „Mit gondolnak rólad az első 5 másodpercben?”,AI-generált,M4.1-VID-01-VO,"„Képzeld el, hogy öt perc múlva kezdődik a peulád.
Belépsz a szobába, ott ül egy kvuca,
és hirtelen **minden szem rád néz**.

Még egy szót sem szóltál,
de már látják, hogyan állsz, hova nézel,
mennyire tűnsz jelenlévőnek vagy befeszültnek.

Ez a lecke arról szól,
hogy **mit üzen a tested** ezekben az első pillanatokban,
és mit tehetsz azért,
hogy a kvucád könnyebben tudjon **kapcsolódni hozzád**.

Nem az a cél, hogy színész legyél,
hanem hogy tudd, **mi látszik rajtad**,
és legyen 1–2 dolog, amire tudatosan figyelsz.”",b05b9278b21f46beaea4cead8620da9e0bb11d6aabe58408bd15d12560385024,"R2, R3"
M4.1-VID-01::VOICEOVER,M4.1-VID-01,felmondott hang,M4,M4.1,02 Tervezet/Modulok/M4/Online leckék/M4.1 – Mit üzen a testem – Nonverbális kiállás.md,video,ai-talking-head,legyártandó,jogtisztázás alatt,,Hook beszélőfej-videó – „Mit gondolnak rólad az első 5 másodpercben?” — felmondott hang,AI-generált,M4.1-VID-01-VO,"„Képzeld el, hogy öt perc múlva kezdődik a peulád.
Belépsz a szobába, ott ül egy kvuca,
és hirtelen **minden szem rád néz**.

Még egy szót sem szóltál,
de már látják, hogyan állsz, hova nézel,
mennyire tűnsz jelenlévőnek vagy befeszültnek.

Ez a lecke arról szól,
hogy **mit üzen a tested** ezekben az első pillanatokban,
és mit tehetsz azért,
hogy a kvucád könnyebben tudjon **kapcsolódni hozzád**.

Nem az a cél, hogy színész legyél,
hanem hogy tudd, **mi látszik rajtad**,
és legyen 1–2 dolog, amire tudatosan figyelsz.”",b05b9278b21f46beaea4cead8620da9e0bb11d6aabe58408bd15d12560385024,"R2, R3"
M4.1-VID-01::CAPTIONS,M4.1-VID-01,felirat,M4,M4.1,02 Tervezet/Modulok/M4/Online leckék/M4.1 – Mit üzen a testem – Nonverbális kiállás.md,video,ai-talking-head,legyártandó,jogtisztázás alatt,,Hook beszélőfej-videó – „Mit gondolnak rólad az első 5 másodpercben?” — felirat,AI-generált,M4.1-VID-01-VO,"„Képzeld el, hogy öt perc múlva kezdődik a peulád.
Belépsz a szobába, ott ül egy kvuca,
és hirtelen **minden szem rád néz**.

Még egy szót sem szóltál,
de már látják, hogyan állsz, hova nézel,
mennyire tűnsz jelenlévőnek vagy befeszültnek.

Ez a lecke arról szól,
hogy **mit üzen a tested** ezekben az első pillanatokban,
és mit tehetsz azért,
hogy a kvucád könnyebben tudjon **kapcsolódni hozzád**.

Nem az a cél, hogy színész legyél,
hanem hogy tudd, **mi látszik rajtad**,
és legyen 1–2 dolog, amire tudatosan figyelsz.”",b05b9278b21f46beaea4cead8620da9e0bb11d6aabe58408bd15d12560385024,"R2, R3"
M4.1-VID-01::TRANSCRIPT,M4.1-VID-01,leirat,M4,M4.1,02 Tervezet/Modulok/M4/Online leckék/M4.1 – Mit üzen a testem – Nonverbális kiállás.md,video,ai-talking-head,legyártandó,jogtisztázás alatt,,Hook beszélőfej-videó – „Mit gondolnak rólad az első 5 másodpercben?” — leirat,AI-generált,M4.1-VID-01-VO,"„Képzeld el, hogy öt perc múlva kezdődik a peulád.
Belépsz a szobába, ott ül egy kvuca,
és hirtelen **minden szem rád néz**.

Még egy szót sem szóltál,
de már látják, hogyan állsz, hova nézel,
mennyire tűnsz jelenlévőnek vagy befeszültnek.

Ez a lecke arról szól,
hogy **mit üzen a tested** ezekben az első pillanatokban,
és mit tehetsz azért,
hogy a kvucád könnyebben tudjon **kapcsolódni hozzád**.

Nem az a cél, hogy színész legyél,
hanem hogy tudd, **mi látszik rajtad**,
és legyen 1–2 dolog, amire tudatosan figyelsz.”",b05b9278b21f46beaea4cead8620da9e0bb11d6aabe58408bd15d12560385024,"R2, R3"
M4.1-VID-02,M4.1-VID-02,elsődleges,M4,M4.1,02 Tervezet/Modulok/M4/Online leckék/M4.1 – Mit üzen a testem – Nonverbális kiállás.md,video,interactive,legyártandó,jogtisztázás alatt,,Interactive Video – 3 madrih-kiállás mini-jelenettel + beágyazott kérdések,AI-generált,M4.1-NAR-03-VO + M4.1-NAR-04-VO + M4.1-NAR-05-VO,"„Nézd meg ezt a madrihot.
A papírra koncentrál, a válla kicsit beesik,
a tekintete szinte végig lefelé van.

Ha hanih lennél,
mennyire éreznéd azt, hogy **neked beszél**,
és mennyire azt, hogy inkább a lapja mögé próbál bújni?”

„Most nézd meg ezt a helyzetet.
A madrih sokat mozog, topog, gyorsan beszél,
a kezei állandóan járnak.

Lehet, hogy nagyon lelkes,
de vajon a kvuca mit érez ebből?”

„Most nézd meg a harmadik példát.
A madrih két lábon stabilan áll,
a vállai lazák,
és mielőtt beszél, **végignéz** a csoporton.

Aztán röviden, érthetően mondja:
‘Sziasztok, ma arról fogunk beszélni, hogy…’.”",c5a4eeb2b563afaebaea828d9ca0a9c4aac8fd4820f06d3ae404f3c9e1aded87,"R2, R3"
M4.1-VID-02::CAPTIONS,M4.1-VID-02,felirat,M4,M4.1,02 Tervezet/Modulok/M4/Online leckék/M4.1 – Mit üzen a testem – Nonverbális kiállás.md,video,interactive,legyártandó,jogtisztázás alatt,,Interactive Video – 3 madrih-kiállás mini-jelenettel + beágyazott kérdések — felirat,AI-generált,M4.1-NAR-03-VO + M4.1-NAR-04-VO + M4.1-NAR-05-VO,"„Nézd meg ezt a madrihot.
A papírra koncentrál, a válla kicsit beesik,
a tekintete szinte végig lefelé van.

Ha hanih lennél,
mennyire éreznéd azt, hogy **neked beszél**,
és mennyire azt, hogy inkább a lapja mögé próbál bújni?”

„Most nézd meg ezt a helyzetet.
A madrih sokat mozog, topog, gyorsan beszél,
a kezei állandóan járnak.

Lehet, hogy nagyon lelkes,
de vajon a kvuca mit érez ebből?”

„Most nézd meg a harmadik példát.
A madrih két lábon stabilan áll,
a vállai lazák,
és mielőtt beszél, **végignéz** a csoporton.

Aztán röviden, érthetően mondja:
‘Sziasztok, ma arról fogunk beszélni, hogy…’.”",c5a4eeb2b563afaebaea828d9ca0a9c4aac8fd4820f06d3ae404f3c9e1aded87,"R2, R3"
M4.1-VID-02::TRANSCRIPT,M4.1-VID-02,leirat,M4,M4.1,02 Tervezet/Modulok/M4/Online leckék/M4.1 – Mit üzen a testem – Nonverbális kiállás.md,video,interactive,legyártandó,jogtisztázás alatt,,Interactive Video – 3 madrih-kiállás mini-jelenettel + beágyazott kérdések — leirat,AI-generált,M4.1-NAR-03-VO + M4.1-NAR-04-VO + M4.1-NAR-05-VO,"„Nézd meg ezt a madrihot.
A papírra koncentrál, a válla kicsit beesik,
a tekintete szinte végig lefelé van.

Ha hanih lennél,
mennyire éreznéd azt, hogy **neked beszél**,
és mennyire azt, hogy inkább a lapja mögé próbál bújni?”

„Most nézd meg ezt a helyzetet.
A madrih sokat mozog, topog, gyorsan beszél,
a kezei állandóan járnak.

Lehet, hogy nagyon lelkes,
de vajon a kvuca mit érez ebből?”

„Most nézd meg a harmadik példát.
A madrih két lábon stabilan áll,
a vállai lazák,
és mielőtt beszél, **végignéz** a csoporton.

Aztán röviden, érthetően mondja:
‘Sziasztok, ma arról fogunk beszélni, hogy…’.”",c5a4eeb2b563afaebaea828d9ca0a9c4aac8fd4820f06d3ae404f3c9e1aded87,"R2, R3"
M4.1-VID-02::ALTTEXT,M4.1-VID-02,alt-szöveg,M4,M4.1,02 Tervezet/Modulok/M4/Online leckék/M4.1 – Mit üzen a testem – Nonverbális kiállás.md,video,interactive,legyártandó,jogtisztázás alatt,,Interactive Video – 3 madrih-kiállás mini-jelenettel + beágyazott kérdések — alt-szöveg,AI-generált,,,,"R2, R3"
M4.1-VID-03,M4.1-VID-03,elsődleges,M4,M4.1,02 Tervezet/Modulok/M4/Online leckék/M4.1 – Mit üzen a testem – Nonverbális kiállás.md,video,explainer,legyártandó,jogtisztázás alatt,,Jelenet 1 karaktervideó – „Jegyzetbe bújó madrih”,AI-generált,M4.1-NAR-03-VO,"„Nézd meg ezt a madrihot.
A papírra koncentrál, a válla kicsit beesik,
a tekintete szinte végig lefelé van.

Ha hanih lennél,
mennyire éreznéd azt, hogy **neked beszél**,
és mennyire azt, hogy inkább a lapja mögé próbál bújni?”",a251aced0d05df02e3fcf9d72f876f601f5bf04a268be66a703cf7e9210da052,"R2, R3"
M4.1-VID-03::ALTTEXT,M4.1-VID-03,alt-szöveg,M4,M4.1,02 Tervezet/Modulok/M4/Online leckék/M4.1 – Mit üzen a testem – Nonverbális kiállás.md,video,explainer,legyártandó,jogtisztázás alatt,,Jelenet 1 karaktervideó – „Jegyzetbe bújó madrih” — alt-szöveg,AI-generált,,,,"R2, R3"
M4.1-VID-04,M4.1-VID-04,elsődleges,M4,M4.1,02 Tervezet/Modulok/M4/Online leckék/M4.1 – Mit üzen a testem – Nonverbális kiállás.md,video,explainer,legyártandó,jogtisztázás alatt,,Jelenet 2 karaktervideó – „Ideges topogó madrih”,AI-generált,M4.1-NAR-04-VO,"„Most nézd meg ezt a helyzetet.
A madrih sokat mozog, topog, gyorsan beszél,
a kezei állandóan járnak.

Lehet, hogy nagyon lelkes,
de vajon a kvuca mit érez ebből?”",c6fe3dc7021205b652d6d41a5cf85d15950b262dadc1c4bf812232ef8ccefb4d,"R2, R3"
M4.1-VID-04::ALTTEXT,M4.1-VID-04,alt-szöveg,M4,M4.1,02 Tervezet/Modulok/M4/Online leckék/M4.1 – Mit üzen a testem – Nonverbális kiállás.md,video,explainer,legyártandó,jogtisztázás alatt,,Jelenet 2 karaktervideó – „Ideges topogó madrih” — alt-szöveg,AI-generált,,,,"R2, R3"
M4.1-VID-05,M4.1-VID-05,elsődleges,M4,M4.1,02 Tervezet/Modulok/M4/Online leckék/M4.1 – Mit üzen a testem – Nonverbális kiállás.md,video,explainer,legyártandó,jogtisztázás alatt,,"Jelenet 3 karaktervideó – „Nyitott, stabil madrih”",AI-generált,M4.1-NAR-05-VO,"„Most nézd meg a harmadik példát.
A madrih két lábon stabilan áll,
a vállai lazák,
és mielőtt beszél, **végignéz** a csoporton.

Aztán röviden, érthetően mondja:
‘Sziasztok, ma arról fogunk beszélni, hogy…’.”",b7472130c708864b374c725ca63ead5beba53919ad532d26d0194fde84308b30,"R2, R3"
M4.1-VID-05::ALTTEXT,M4.1-VID-05,alt-szöveg,M4,M4.1,02 Tervezet/Modulok/M4/Online leckék/M4.1 – Mit üzen a testem – Nonverbális kiállás.md,video,explainer,legyártandó,jogtisztázás alatt,,"Jelenet 3 karaktervideó – „Nyitott, stabil madrih” — alt-szöveg",AI-generált,,,,"R2, R3"
M4.2-EGY-01,M4.2-EGY-01,elsődleges,M4,M4.2,02 Tervezet/Modulok/M4/Online leckék/M4.2 – Aktív hallgatás & visszatükrözés.md,other,h5p-interaction,legyártandó,specifikáció kész,,H5P Single Choice – „Mi lenne az első reakciód?” (helyzetfelmérés),vegyes,,,,
M4.2-EGY-02,M4.2-EGY-02,elsődleges,M4,M4.2,02 Tervezet/Modulok/M4/Online leckék/M4.2 – Aktív hallgatás & visszatükrözés.md,other,h5p-interaction,legyártandó,specifikáció kész,,H5P Dialog Cards készlet – „Melyik segít jobban?”,vegyes,,,,
M4.2-EGY-03,M4.2-EGY-03,elsődleges,M4,M4.2,02 Tervezet/Modulok/M4/Online leckék/M4.2 – Aktív hallgatás & visszatükrözés.md,other,h5p-interaction,legyártandó,specifikáció kész,,H5P Drag&Drop – „Lezáró vagy támogató?”,vegyes,,,,
M4.2-EGY-04,M4.2-EGY-04,elsődleges,M4,M4.2,02 Tervezet/Modulok/M4/Online leckék/M4.2 – Aktív hallgatás & visszatükrözés.md,other,h5p-interaction,legyártandó,specifikáció kész,,H5P mini-quiz – 2 Single Choice kérdés (Check),vegyes,,,,
M4.2-EGY-05,M4.2-EGY-05,elsődleges,M4,M4.2,02 Tervezet/Modulok/M4/Online leckék/M4.2 – Aktív hallgatás & visszatükrözés.md,other,h5p-interaction,legyártandó,specifikáció kész,,2× szabad szöveges mező – reflektív kérdések (visszatükröző mondat + elhagyandó mondat),vegyes,,,,
M4.2-IKO-01,M4.2-IKO-01,elsődleges,M4,M4.2,02 Tervezet/Modulok/M4/Online leckék/M4.2 – Aktív hallgatás & visszatükrözés.md,icon-set,,legyártandó,specifikáció kész,,Fogalom-ikonok: fejhallgató (aktív hallgatás) & körkörös nyíl (visszatükrözés),AI-generált,,,,
M4.2-ILL-01,M4.2-ILL-01,elsődleges,M4,M4.2,02 Tervezet/Modulok/M4/Online leckék/M4.2 – Aktív hallgatás & visszatükrözés.md,illustration,,legyártandó,specifikáció kész,,Hook chat-buborék: ideges peula-mondat,AI-generált,,,,
M4.2-ILL-01::ALTTEXT,M4.2-ILL-01,alt-szöveg,M4,M4.2,02 Tervezet/Modulok/M4/Online leckék/M4.2 – Aktív hallgatás & visszatükrözés.md,illustration,,legyártandó,specifikáció kész,,Hook chat-buborék: ideges peula-mondat — alt-szöveg,AI-generált,,,,
M4.2-ILL-02,M4.2-ILL-02,elsődleges,M4,M4.2,02 Tervezet/Modulok/M4/Online leckék/M4.2 – Aktív hallgatás & visszatükrözés.md,illustration,,legyártandó,specifikáció kész,,Két fogalom-doboz: Aktív hallgatás & Visszatükrözés,AI-generált,,,,
M4.2-ILL-02::ALTTEXT,M4.2-ILL-02,alt-szöveg,M4,M4.2,02 Tervezet/Modulok/M4/Online leckék/M4.2 – Aktív hallgatás & visszatükrözés.md,illustration,,legyártandó,specifikáció kész,,Két fogalom-doboz: Aktív hallgatás & Visszatükrözés — alt-szöveg,AI-generált,,,,
M4.2-ILL-03,M4.2-ILL-03,elsődleges,M4,M4.2,02 Tervezet/Modulok/M4/Online leckék/M4.2 – Aktív hallgatás & visszatükrözés.md,illustration,,legyártandó,specifikáció kész,,Outro összegző checklist vizuál,AI-generált,,,,
M4.2-ILL-03::ALTTEXT,M4.2-ILL-03,alt-szöveg,M4,M4.2,02 Tervezet/Modulok/M4/Online leckék/M4.2 – Aktív hallgatás & visszatükrözés.md,illustration,,legyártandó,specifikáció kész,,Outro összegző checklist vizuál — alt-szöveg,AI-generált,,,,
M4.2-NAR-01,M4.2-NAR-01,elsődleges,M4,M4.2,02 Tervezet/Modulok/M4/Online leckék/M4.2 – Aktív hallgatás & visszatükrözés.md,voiceover,narration,legyártandó,jogtisztázás alatt,,Slide 1 narráció – „Mit mondanál elsőre?”,AI-generált,M4.2-NAR-01-VO,"„Képzeld el, hogy egy képzős társad azt írja vagy mondja neked:
*‘Nagyon ideges vagyok, hogy holnap peulát kell tartanom…’*

Nincs sok időd, rögtön válaszolsz valamit.

Az első reakciód nagyon sokat számít abban,
hogy ő mit érez:
**tényleg rá figyelsz**,
vagy inkább gyorsan el akarod ütni a feszültségét.

Nézzük meg, mi lenne a legelső mondat,
ami eszedbe jutna.”",bd1f419e01f32f1b60d9dd443b2e5ce4f575003abba9354ce46fe0bf559881cd,"R2, R3"
M4.2-NAR-01::CAPTIONS,M4.2-NAR-01,felirat,M4,M4.2,02 Tervezet/Modulok/M4/Online leckék/M4.2 – Aktív hallgatás & visszatükrözés.md,voiceover,narration,legyártandó,jogtisztázás alatt,,Slide 1 narráció – „Mit mondanál elsőre?” — felirat,AI-generált,M4.2-NAR-01-VO,"„Képzeld el, hogy egy képzős társad azt írja vagy mondja neked:
*‘Nagyon ideges vagyok, hogy holnap peulát kell tartanom…’*

Nincs sok időd, rögtön válaszolsz valamit.

Az első reakciód nagyon sokat számít abban,
hogy ő mit érez:
**tényleg rá figyelsz**,
vagy inkább gyorsan el akarod ütni a feszültségét.

Nézzük meg, mi lenne a legelső mondat,
ami eszedbe jutna.”",bd1f419e01f32f1b60d9dd443b2e5ce4f575003abba9354ce46fe0bf559881cd,"R2, R3"
M4.2-NAR-01::TRANSCRIPT,M4.2-NAR-01,leirat,M4,M4.2,02 Tervezet/Modulok/M4/Online leckék/M4.2 – Aktív hallgatás & visszatükrözés.md,voiceover,narration,legyártandó,jogtisztázás alatt,,Slide 1 narráció – „Mit mondanál elsőre?” — leirat,AI-generált,M4.2-NAR-01-VO,"„Képzeld el, hogy egy képzős társad azt írja vagy mondja neked:
*‘Nagyon ideges vagyok, hogy holnap peulát kell tartanom…’*

Nincs sok időd, rögtön válaszolsz valamit.

Az első reakciód nagyon sokat számít abban,
hogy ő mit érez:
**tényleg rá figyelsz**,
vagy inkább gyorsan el akarod ütni a feszültségét.

Nézzük meg, mi lenne a legelső mondat,
ami eszedbe jutna.”",bd1f419e01f32f1b60d9dd443b2e5ce4f575003abba9354ce46fe0bf559881cd,"R2, R3"
M4.2-NAR-02,M4.2-NAR-02,elsődleges,M4,M4.2,02 Tervezet/Modulok/M4/Online leckék/M4.2 – Aktív hallgatás & visszatükrözés.md,voiceover,narration,legyártandó,jogtisztázás alatt,,Slide 2 narráció – aktív hallgatás és visszatükrözés definíciója,AI-generált,M4.2-NAR-02-VO,"„Az aktív hallgatás azt jelenti,
hogy tényleg a másikra figyelsz –
nem arra, hogy te mit fogsz mondani utána,
és nem csak egy kész tanácsot akarsz bedobni.

A visszatükrözés pedig az,
hogy a saját szavaiddal elmondod neki,
mit értettél abból, amit mondott vagy mutatott.

Például: *‘Azt hallom, hogy nagyon félsz attól,
hogy ciki lesz a peulád.’*

Nem kell megoldanod az életét,
és nem vagy terapeuta.

De azzal nagyon sokat tudsz adni,
ha azt érzi: **jelen vagy, figyelsz, érted**.”",b1c0b0237e3e64fcc036484eac8db99654889473796c9a5d444cc96235dceae0,"R2, R3"
M4.2-NAR-02::CAPTIONS,M4.2-NAR-02,felirat,M4,M4.2,02 Tervezet/Modulok/M4/Online leckék/M4.2 – Aktív hallgatás & visszatükrözés.md,voiceover,narration,legyártandó,jogtisztázás alatt,,Slide 2 narráció – aktív hallgatás és visszatükrözés definíciója — felirat,AI-generált,M4.2-NAR-02-VO,"„Az aktív hallgatás azt jelenti,
hogy tényleg a másikra figyelsz –
nem arra, hogy te mit fogsz mondani utána,
és nem csak egy kész tanácsot akarsz bedobni.

A visszatükrözés pedig az,
hogy a saját szavaiddal elmondod neki,
mit értettél abból, amit mondott vagy mutatott.

Például: *‘Azt hallom, hogy nagyon félsz attól,
hogy ciki lesz a peulád.’*

Nem kell megoldanod az életét,
és nem vagy terapeuta.

De azzal nagyon sokat tudsz adni,
ha azt érzi: **jelen vagy, figyelsz, érted**.”",b1c0b0237e3e64fcc036484eac8db99654889473796c9a5d444cc96235dceae0,"R2, R3"
M4.2-NAR-02::TRANSCRIPT,M4.2-NAR-02,leirat,M4,M4.2,02 Tervezet/Modulok/M4/Online leckék/M4.2 – Aktív hallgatás & visszatükrözés.md,voiceover,narration,legyártandó,jogtisztázás alatt,,Slide 2 narráció – aktív hallgatás és visszatükrözés definíciója — leirat,AI-generált,M4.2-NAR-02-VO,"„Az aktív hallgatás azt jelenti,
hogy tényleg a másikra figyelsz –
nem arra, hogy te mit fogsz mondani utána,
és nem csak egy kész tanácsot akarsz bedobni.

A visszatükrözés pedig az,
hogy a saját szavaiddal elmondod neki,
mit értettél abból, amit mondott vagy mutatott.

Például: *‘Azt hallom, hogy nagyon félsz attól,
hogy ciki lesz a peulád.’*

Nem kell megoldanod az életét,
és nem vagy terapeuta.

De azzal nagyon sokat tudsz adni,
ha azt érzi: **jelen vagy, figyelsz, érted**.”",b1c0b0237e3e64fcc036484eac8db99654889473796c9a5d444cc96235dceae0,"R2, R3"
M4.2-NAR-03,M4.2-NAR-03,elsődleges,M4,M4.2,02 Tervezet/Modulok/M4/Online leckék/M4.2 – Aktív hallgatás & visszatükrözés.md,voiceover,narration,legyártandó,jogtisztázás alatt,,Slide 3 narráció – Dialog Cards felvezetés,AI-generált,M4.2-NAR-03-VO,"„Most néhány tipikus mondatot nézünk meg,
amit egy képzős társad vagy később egy hanih mondhat neked.

A kártyák hátoldalán kétféle válasz lesz.

Gondold végig:
**melyik az, ami inkább lezár**,
és melyik az, ami segít abban,
hogy a másik érezze: figyelsz rá és érted.”",ce6604de9226b73d12fa53c7d59b33baed85b8170bcfc170a4176c7708c916a8,"R2, R3"
M4.2-NAR-03::CAPTIONS,M4.2-NAR-03,felirat,M4,M4.2,02 Tervezet/Modulok/M4/Online leckék/M4.2 – Aktív hallgatás & visszatükrözés.md,voiceover,narration,legyártandó,jogtisztázás alatt,,Slide 3 narráció – Dialog Cards felvezetés — felirat,AI-generált,M4.2-NAR-03-VO,"„Most néhány tipikus mondatot nézünk meg,
amit egy képzős társad vagy később egy hanih mondhat neked.

A kártyák hátoldalán kétféle válasz lesz.

Gondold végig:
**melyik az, ami inkább lezár**,
és melyik az, ami segít abban,
hogy a másik érezze: figyelsz rá és érted.”",ce6604de9226b73d12fa53c7d59b33baed85b8170bcfc170a4176c7708c916a8,"R2, R3"
M4.2-NAR-03::TRANSCRIPT,M4.2-NAR-03,leirat,M4,M4.2,02 Tervezet/Modulok/M4/Online leckék/M4.2 – Aktív hallgatás & visszatükrözés.md,voiceover,narration,legyártandó,jogtisztázás alatt,,Slide 3 narráció – Dialog Cards felvezetés — leirat,AI-generált,M4.2-NAR-03-VO,"„Most néhány tipikus mondatot nézünk meg,
amit egy képzős társad vagy később egy hanih mondhat neked.

A kártyák hátoldalán kétféle válasz lesz.

Gondold végig:
**melyik az, ami inkább lezár**,
és melyik az, ami segít abban,
hogy a másik érezze: figyelsz rá és érted.”",ce6604de9226b73d12fa53c7d59b33baed85b8170bcfc170a4176c7708c916a8,"R2, R3"
M4.2-NAR-04,M4.2-NAR-04,elsődleges,M4,M4.2,02 Tervezet/Modulok/M4/Online leckék/M4.2 – Aktív hallgatás & visszatükrözés.md,voiceover,narration,legyártandó,jogtisztázás alatt,,Slide 6 narráció – Outro „Mit mondok legközelebb?”,AI-generált,M4.2-NAR-04-VO,"„Köszi, hogy végigmentél ezen a leckén.

Nem az a cél, hogy soha többé ne mondj ügyetlen mondatokat –
ilyen mindenkivel előfordul.

A cél az, hogy legyen **legalább egy mondatod**,
amivel legközelebb nem tanácsot adsz,
hanem **visszatükrözöd**, amit a másik mond.

És legyen egy mondat,
amit tudatosan elengedsz,
mert inkább lezár, mint segít.”",89a9806d48b8e59a156deda78d1487c48f87217fd312b2d22bef3e7d4958ec07,"R2, R3"
M4.2-NAR-04::CAPTIONS,M4.2-NAR-04,felirat,M4,M4.2,02 Tervezet/Modulok/M4/Online leckék/M4.2 – Aktív hallgatás & visszatükrözés.md,voiceover,narration,legyártandó,jogtisztázás alatt,,Slide 6 narráció – Outro „Mit mondok legközelebb?” — felirat,AI-generált,M4.2-NAR-04-VO,"„Köszi, hogy végigmentél ezen a leckén.

Nem az a cél, hogy soha többé ne mondj ügyetlen mondatokat –
ilyen mindenkivel előfordul.

A cél az, hogy legyen **legalább egy mondatod**,
amivel legközelebb nem tanácsot adsz,
hanem **visszatükrözöd**, amit a másik mond.

És legyen egy mondat,
amit tudatosan elengedsz,
mert inkább lezár, mint segít.”",89a9806d48b8e59a156deda78d1487c48f87217fd312b2d22bef3e7d4958ec07,"R2, R3"
M4.2-NAR-04::TRANSCRIPT,M4.2-NAR-04,leirat,M4,M4.2,02 Tervezet/Modulok/M4/Online leckék/M4.2 – Aktív hallgatás & visszatükrözés.md,voiceover,narration,legyártandó,jogtisztázás alatt,,Slide 6 narráció – Outro „Mit mondok legközelebb?” — leirat,AI-generált,M4.2-NAR-04-VO,"„Köszi, hogy végigmentél ezen a leckén.

Nem az a cél, hogy soha többé ne mondj ügyetlen mondatokat –
ilyen mindenkivel előfordul.

A cél az, hogy legyen **legalább egy mondatod**,
amivel legközelebb nem tanácsot adsz,
hanem **visszatükrözöd**, amit a másik mond.

És legyen egy mondat,
amit tudatosan elengedsz,
mert inkább lezár, mint segít.”",89a9806d48b8e59a156deda78d1487c48f87217fd312b2d22bef3e7d4958ec07,"R2, R3"
M4.3-DIA-01,M4.3-DIA-01,elsődleges,M4,M4.3,"02 Tervezet/Modulok/M4/Online leckék/M4.3 – Kérdezési minták – nyitott, zárt, tisztázó, irányító kérdések.md",diagram,,legyártandó,specifikáció kész,,Négy kérdéstípus – színkódolt doboz-diagram,vegyes,,,,
M4.3-DIA-01::ALTTEXT,M4.3-DIA-01,alt-szöveg,M4,M4.3,"02 Tervezet/Modulok/M4/Online leckék/M4.3 – Kérdezési minták – nyitott, zárt, tisztázó, irányító kérdések.md",diagram,,legyártandó,specifikáció kész,,Négy kérdéstípus – színkódolt doboz-diagram — alt-szöveg,vegyes,,,,
M4.3-IKO-01,M4.3-IKO-01,elsődleges,M4,M4.3,"02 Tervezet/Modulok/M4/Online leckék/M4.3 – Kérdezési minták – nyitott, zárt, tisztázó, irányító kérdések.md",icon-set,,legyártandó,specifikáció kész,,Kérdéstípus szín-ikon készlet (4 db),AI-generált,,,,
M4.3-IKO-01::ALTTEXT,M4.3-IKO-01,alt-szöveg,M4,M4.3,"02 Tervezet/Modulok/M4/Online leckék/M4.3 – Kérdezési minták – nyitott, zárt, tisztázó, irányító kérdések.md",icon-set,,legyártandó,specifikáció kész,,Kérdéstípus szín-ikon készlet (4 db) — alt-szöveg,AI-generált,,,,
M4.3-ILL-01,M4.3-ILL-01,elsődleges,M4,M4.3,"02 Tervezet/Modulok/M4/Online leckék/M4.3 – Kérdezési minták – nyitott, zárt, tisztázó, irányító kérdések.md",illustration,,legyártandó,specifikáció kész,,"„Na, értitek?” – síri csend storyboard",AI-generált,,,,
M4.3-ILL-01::ALTTEXT,M4.3-ILL-01,alt-szöveg,M4,M4.3,"02 Tervezet/Modulok/M4/Online leckék/M4.3 – Kérdezési minták – nyitott, zárt, tisztázó, irányító kérdések.md",illustration,,legyártandó,specifikáció kész,,"„Na, értitek?” – síri csend storyboard — alt-szöveg",AI-generált,,,,
M4.3-NAR-01,M4.3-NAR-01,elsődleges,M4,M4.3,"02 Tervezet/Modulok/M4/Online leckék/M4.3 – Kérdezési minták – nyitott, zárt, tisztázó, irányító kérdések.md",voiceover,narration,legyártandó,jogtisztázás alatt,,SLIDE 1 narráció – Hook,AI-generált,M4.3-NAR-01-VO,"„Képzeld el, hogy peulán magyarázol valamit,
és a végén megkérdezed: *‘Na, értitek?’*

Síri csend. Senki nem szól vissza.

Ismerős?

Ez a lecke arról szól,
hogy **milyen kérdésekkel tudod jobban megnyitni, keretben tartani és lezárni** a beszélgetést,
mint a ‘Na, értitek?’-típusú kérdésekkel.”",9060e7eaece4684d14dc599eaac5b2c37a02eb216288c74471d4e9db6223c92b,"R2, R3"
M4.3-NAR-01::CAPTIONS,M4.3-NAR-01,felirat,M4,M4.3,"02 Tervezet/Modulok/M4/Online leckék/M4.3 – Kérdezési minták – nyitott, zárt, tisztázó, irányító kérdések.md",voiceover,narration,legyártandó,jogtisztázás alatt,,SLIDE 1 narráció – Hook — felirat,AI-generált,M4.3-NAR-01-VO,"„Képzeld el, hogy peulán magyarázol valamit,
és a végén megkérdezed: *‘Na, értitek?’*

Síri csend. Senki nem szól vissza.

Ismerős?

Ez a lecke arról szól,
hogy **milyen kérdésekkel tudod jobban megnyitni, keretben tartani és lezárni** a beszélgetést,
mint a ‘Na, értitek?’-típusú kérdésekkel.”",9060e7eaece4684d14dc599eaac5b2c37a02eb216288c74471d4e9db6223c92b,"R2, R3"
M4.3-NAR-01::TRANSCRIPT,M4.3-NAR-01,leirat,M4,M4.3,"02 Tervezet/Modulok/M4/Online leckék/M4.3 – Kérdezési minták – nyitott, zárt, tisztázó, irányító kérdések.md",voiceover,narration,legyártandó,jogtisztázás alatt,,SLIDE 1 narráció – Hook — leirat,AI-generált,M4.3-NAR-01-VO,"„Képzeld el, hogy peulán magyarázol valamit,
és a végén megkérdezed: *‘Na, értitek?’*

Síri csend. Senki nem szól vissza.

Ismerős?

Ez a lecke arról szól,
hogy **milyen kérdésekkel tudod jobban megnyitni, keretben tartani és lezárni** a beszélgetést,
mint a ‘Na, értitek?’-típusú kérdésekkel.”",9060e7eaece4684d14dc599eaac5b2c37a02eb216288c74471d4e9db6223c92b,"R2, R3"
M4.3-NAR-02,M4.3-NAR-02,elsődleges,M4,M4.3,"02 Tervezet/Modulok/M4/Online leckék/M4.3 – Kérdezési minták – nyitott, zárt, tisztázó, irányító kérdések.md",voiceover,narration,legyártandó,jogtisztázás alatt,,SLIDE 2 narráció – Négy kérdéstípus,AI-generált,M4.3-NAR-02-VO,"„Négy kérdéstípussal fogunk most dolgozni.

A **nyitott kérdés** megnyitja a beszélgetést.
Nem lehet rá csak annyit mondani, hogy ‘igen’ vagy ‘nem’.
Például: *‘Ti hogyan látjátok ezt a helyzetet a kvucában?’*

A **zárt kérdés** rövid, konkrét választ kér.
Igen vagy nem, egy szám vagy egy adat.
Például: *‘Voltál már valaha a kenben peulán?’*

A **tisztázó kérdés** arra való,
hogy ellenőrizd, jól érted-e, amit a másik mondott.
Például: *‘Jól értem, hogy az zavar, hogy mindig késve kezdünk?’*

Az **irányító kérdés** pedig a te véleményed felé tolja a beszélgetést.
Például: *‘Nem gondoljátok, hogy jobb lenne, ha mindig időben érkeznétek?’*

Mindegyiknek van helye –
a kérdés az, **mikor melyiket használod**.”",134d347d9479c018cec212108dfd6eef9f8505a3eec73bb70644302c5247e841,"R2, R3"
M4.3-NAR-02::CAPTIONS,M4.3-NAR-02,felirat,M4,M4.3,"02 Tervezet/Modulok/M4/Online leckék/M4.3 – Kérdezési minták – nyitott, zárt, tisztázó, irányító kérdések.md",voiceover,narration,legyártandó,jogtisztázás alatt,,SLIDE 2 narráció – Négy kérdéstípus — felirat,AI-generált,M4.3-NAR-02-VO,"„Négy kérdéstípussal fogunk most dolgozni.

A **nyitott kérdés** megnyitja a beszélgetést.
Nem lehet rá csak annyit mondani, hogy ‘igen’ vagy ‘nem’.
Például: *‘Ti hogyan látjátok ezt a helyzetet a kvucában?’*

A **zárt kérdés** rövid, konkrét választ kér.
Igen vagy nem, egy szám vagy egy adat.
Például: *‘Voltál már valaha a kenben peulán?’*

A **tisztázó kérdés** arra való,
hogy ellenőrizd, jól érted-e, amit a másik mondott.
Például: *‘Jól értem, hogy az zavar, hogy mindig késve kezdünk?’*

Az **irányító kérdés** pedig a te véleményed felé tolja a beszélgetést.
Például: *‘Nem gondoljátok, hogy jobb lenne, ha mindig időben érkeznétek?’*

Mindegyiknek van helye –
a kérdés az, **mikor melyiket használod**.”",134d347d9479c018cec212108dfd6eef9f8505a3eec73bb70644302c5247e841,"R2, R3"
M4.3-NAR-02::TRANSCRIPT,M4.3-NAR-02,leirat,M4,M4.3,"02 Tervezet/Modulok/M4/Online leckék/M4.3 – Kérdezési minták – nyitott, zárt, tisztázó, irányító kérdések.md",voiceover,narration,legyártandó,jogtisztázás alatt,,SLIDE 2 narráció – Négy kérdéstípus — leirat,AI-generált,M4.3-NAR-02-VO,"„Négy kérdéstípussal fogunk most dolgozni.

A **nyitott kérdés** megnyitja a beszélgetést.
Nem lehet rá csak annyit mondani, hogy ‘igen’ vagy ‘nem’.
Például: *‘Ti hogyan látjátok ezt a helyzetet a kvucában?’*

A **zárt kérdés** rövid, konkrét választ kér.
Igen vagy nem, egy szám vagy egy adat.
Például: *‘Voltál már valaha a kenben peulán?’*

A **tisztázó kérdés** arra való,
hogy ellenőrizd, jól érted-e, amit a másik mondott.
Például: *‘Jól értem, hogy az zavar, hogy mindig késve kezdünk?’*

Az **irányító kérdés** pedig a te véleményed felé tolja a beszélgetést.
Például: *‘Nem gondoljátok, hogy jobb lenne, ha mindig időben érkeznétek?’*

Mindegyiknek van helye –
a kérdés az, **mikor melyiket használod**.”",134d347d9479c018cec212108dfd6eef9f8505a3eec73bb70644302c5247e841,"R2, R3"
M4.3-NAR-03,M4.3-NAR-03,elsődleges,M4,M4.3,"02 Tervezet/Modulok/M4/Online leckék/M4.3 – Kérdezési minták – nyitott, zárt, tisztázó, irányító kérdések.md",voiceover,narration,legyártandó,jogtisztázás alatt,,SLIDE 6 narráció – Outro/reflexió,AI-generált,M4.3-NAR-03-VO,"„Köszi, hogy végigmentél ezen a leckén.

A peulákon nemcsak az számít,
hogy mit mondasz,
hanem az is, **hogyan kérdezel**.

Van, hogy nyitott kérdésre van szükség,
van, hogy egy tisztázó kérdés segít,
és van, amikor egy egyszerű zárt kérdés elég a lezáráshoz.

Most írd le magadnak röviden:
**melyik kérdéstípusból szeretnél tudatosan többet használni**,
és melyikből kevesebbet a következő peulákon.”",a5385923c885c94213befbd5b87c406109456096bda9ae541042b9bcdefc158c,"R2, R3"
M4.3-NAR-03::CAPTIONS,M4.3-NAR-03,felirat,M4,M4.3,"02 Tervezet/Modulok/M4/Online leckék/M4.3 – Kérdezési minták – nyitott, zárt, tisztázó, irányító kérdések.md",voiceover,narration,legyártandó,jogtisztázás alatt,,SLIDE 6 narráció – Outro/reflexió — felirat,AI-generált,M4.3-NAR-03-VO,"„Köszi, hogy végigmentél ezen a leckén.

A peulákon nemcsak az számít,
hogy mit mondasz,
hanem az is, **hogyan kérdezel**.

Van, hogy nyitott kérdésre van szükség,
van, hogy egy tisztázó kérdés segít,
és van, amikor egy egyszerű zárt kérdés elég a lezáráshoz.

Most írd le magadnak röviden:
**melyik kérdéstípusból szeretnél tudatosan többet használni**,
és melyikből kevesebbet a következő peulákon.”",a5385923c885c94213befbd5b87c406109456096bda9ae541042b9bcdefc158c,"R2, R3"
M4.3-NAR-03::TRANSCRIPT,M4.3-NAR-03,leirat,M4,M4.3,"02 Tervezet/Modulok/M4/Online leckék/M4.3 – Kérdezési minták – nyitott, zárt, tisztázó, irányító kérdések.md",voiceover,narration,legyártandó,jogtisztázás alatt,,SLIDE 6 narráció – Outro/reflexió — leirat,AI-generált,M4.3-NAR-03-VO,"„Köszi, hogy végigmentél ezen a leckén.

A peulákon nemcsak az számít,
hogy mit mondasz,
hanem az is, **hogyan kérdezel**.

Van, hogy nyitott kérdésre van szükség,
van, hogy egy tisztázó kérdés segít,
és van, amikor egy egyszerű zárt kérdés elég a lezáráshoz.

Most írd le magadnak röviden:
**melyik kérdéstípusból szeretnél tudatosan többet használni**,
és melyikből kevesebbet a következő peulákon.”",a5385923c885c94213befbd5b87c406109456096bda9ae541042b9bcdefc158c,"R2, R3"
M4.4-DIA-02,M4.4-DIA-02,elsődleges,M4,M4.4,02 Tervezet/Modulok/M4/Online leckék/M4.4 – 45 mp-es peulabemutató – vázlat egy konkrét kvucára.md,diagram,,legyártandó,specifikáció kész,,"Slide 2 definíciós bullet-vizuál: „Peulabemutató =""",AI-generált,,,,
M4.4-DIA-02::ALTTEXT,M4.4-DIA-02,alt-szöveg,M4,M4.4,02 Tervezet/Modulok/M4/Online leckék/M4.4 – 45 mp-es peulabemutató – vázlat egy konkrét kvucára.md,diagram,,legyártandó,specifikáció kész,,"Slide 2 definíciós bullet-vizuál: „Peulabemutató ="" — alt-szöveg",AI-generált,,,,
M4.4-DIA-03,M4.4-DIA-03,elsődleges,M4,M4.4,02 Tervezet/Modulok/M4/Online leckék/M4.4 – 45 mp-es peulabemutató – vázlat egy konkrét kvucára.md,diagram,,legyártandó,specifikáció kész,,Slide 3 sablon-vizuál: 5 kérdéses peulabemutató-sablon,AI-generált,,,,
M4.4-DIA-03::ALTTEXT,M4.4-DIA-03,alt-szöveg,M4,M4.4,02 Tervezet/Modulok/M4/Online leckék/M4.4 – 45 mp-es peulabemutató – vázlat egy konkrét kvucára.md,diagram,,legyártandó,specifikáció kész,,Slide 3 sablon-vizuál: 5 kérdéses peulabemutató-sablon — alt-szöveg,AI-generált,,,,
M4.4-DIA-05,M4.4-DIA-05,elsődleges,M4,M4.4,02 Tervezet/Modulok/M4/Online leckék/M4.4 – 45 mp-es peulabemutató – vázlat egy konkrét kvucára.md,diagram,,legyártandó,specifikáció kész,,Slide 5 sablon-vizuál + összefoglaló,AI-generált,,,,
M4.4-DIA-05::ALTTEXT,M4.4-DIA-05,alt-szöveg,M4,M4.4,02 Tervezet/Modulok/M4/Online leckék/M4.4 – 45 mp-es peulabemutató – vázlat egy konkrét kvucára.md,diagram,,legyártandó,specifikáció kész,,Slide 5 sablon-vizuál + összefoglaló — alt-szöveg,AI-generált,,,,
M4.4-ILL-01,M4.4-ILL-01,elsődleges,M4,M4.4,02 Tervezet/Modulok/M4/Online leckék/M4.4 – 45 mp-es peulabemutató – vázlat egy konkrét kvucára.md,illustration,,legyártandó,specifikáció kész,,"Hook-jelenet: madrih a kvuca előtt, 45 mp nyomás",AI-generált,,,,
M4.4-ILL-01::ALTTEXT,M4.4-ILL-01,alt-szöveg,M4,M4.4,02 Tervezet/Modulok/M4/Online leckék/M4.4 – 45 mp-es peulabemutató – vázlat egy konkrét kvucára.md,illustration,,legyártandó,specifikáció kész,,"Hook-jelenet: madrih a kvuca előtt, 45 mp nyomás — alt-szöveg",AI-generált,,,,
M4.4-MUNK-01,M4.4-MUNK-01,elsődleges,M4,M4.4,02 Tervezet/Modulok/M4/Online leckék/M4.4 – 45 mp-es peulabemutató – vázlat egy konkrét kvucára.md,worksheet,,legyártandó,specifikáció kész,,Letölthető „Peulabemutató-vázlat” kitölthető sablon (doc),emberi,,,,
M4.4-MUNK-01::PRINTPDF,M4.4-MUNK-01,nyomtatható PDF,M4,M4.4,02 Tervezet/Modulok/M4/Online leckék/M4.4 – 45 mp-es peulabemutató – vázlat egy konkrét kvucára.md,worksheet,,legyártandó,specifikáció kész,,Letölthető „Peulabemutató-vázlat” kitölthető sablon (doc) — nyomtatható PDF,emberi,,,,
M4.4-NAR-01,M4.4-NAR-01,elsődleges,M4,M4.4,02 Tervezet/Modulok/M4/Online leckék/M4.4 – 45 mp-es peulabemutató – vázlat egy konkrét kvucára.md,voiceover,narration,legyártandó,jogtisztázás alatt,,"Slide 1 narráció – „45 mp-ed van… Mit mondasz?""",AI-generált,M4.4-NAR-01-VO,"„Képzeld el, hogy peulát tartasz.
A kvucád ott ül veled szemben,
és érzed, hogy az első **fél perc–egy perc**
nagyon sokat számít.

Ennyi időd van arra, hogy
megértsék, miről lesz szó,
és miért pont nekik szól az egész.

Ez a rövid bevezető a te **peulabemutatód**.

Most megnézzük, hogyan lehet
**45 másodpercben is érthetően, röviden és rájuk szabva** beszélni.”",aec1c1991462508cc179d2f3d95941d8d2c5394ba8c1174a12bfe49785270ce9,"R2, R3"
M4.4-NAR-01::CAPTIONS,M4.4-NAR-01,felirat,M4,M4.4,02 Tervezet/Modulok/M4/Online leckék/M4.4 – 45 mp-es peulabemutató – vázlat egy konkrét kvucára.md,voiceover,narration,legyártandó,jogtisztázás alatt,,"Slide 1 narráció – „45 mp-ed van… Mit mondasz?"" — felirat",AI-generált,M4.4-NAR-01-VO,"„Képzeld el, hogy peulát tartasz.
A kvucád ott ül veled szemben,
és érzed, hogy az első **fél perc–egy perc**
nagyon sokat számít.

Ennyi időd van arra, hogy
megértsék, miről lesz szó,
és miért pont nekik szól az egész.

Ez a rövid bevezető a te **peulabemutatód**.

Most megnézzük, hogyan lehet
**45 másodpercben is érthetően, röviden és rájuk szabva** beszélni.”",aec1c1991462508cc179d2f3d95941d8d2c5394ba8c1174a12bfe49785270ce9,"R2, R3"
M4.4-NAR-01::TRANSCRIPT,M4.4-NAR-01,leirat,M4,M4.4,02 Tervezet/Modulok/M4/Online leckék/M4.4 – 45 mp-es peulabemutató – vázlat egy konkrét kvucára.md,voiceover,narration,legyártandó,jogtisztázás alatt,,"Slide 1 narráció – „45 mp-ed van… Mit mondasz?"" — leirat",AI-generált,M4.4-NAR-01-VO,"„Képzeld el, hogy peulát tartasz.
A kvucád ott ül veled szemben,
és érzed, hogy az első **fél perc–egy perc**
nagyon sokat számít.

Ennyi időd van arra, hogy
megértsék, miről lesz szó,
és miért pont nekik szól az egész.

Ez a rövid bevezető a te **peulabemutatód**.

Most megnézzük, hogyan lehet
**45 másodpercben is érthetően, röviden és rájuk szabva** beszélni.”",aec1c1991462508cc179d2f3d95941d8d2c5394ba8c1174a12bfe49785270ce9,"R2, R3"
M4.4-NAR-02,M4.4-NAR-02,elsődleges,M4,M4.4,02 Tervezet/Modulok/M4/Online leckék/M4.4 – 45 mp-es peulabemutató – vázlat egy konkrét kvucára.md,voiceover,narration,legyártandó,jogtisztázás alatt,,"Slide 2 narráció – „Mi az a rövid peulabemutató?""",AI-generált,M4.4-NAR-02-VO,"„A peulabemutató egy nagyon rövid bevezető,
nagyjából **fél perc, háromnegyed perc**.

A lényege nem az, hogy
‘ezer fokon pörögj’,
hanem hogy **világos legyen**:

– miről fog szólni a peula,
– miért pont ennek a kvucának szól,
– és nagyjából mire számíthatnak.

Ez nem reklám és nem fellépés,
hanem egy **érthető, rövid meghívás**:
‘gyertek, ez most rólatok szól, és ezért érdemes rá figyelni’.”",a5393f6dcd659caaac08da9483d7b0979df755d61ce516ff7d78fcffe791bcbe,"R2, R3"
M4.4-NAR-02::CAPTIONS,M4.4-NAR-02,felirat,M4,M4.4,02 Tervezet/Modulok/M4/Online leckék/M4.4 – 45 mp-es peulabemutató – vázlat egy konkrét kvucára.md,voiceover,narration,legyártandó,jogtisztázás alatt,,"Slide 2 narráció – „Mi az a rövid peulabemutató?"" — felirat",AI-generált,M4.4-NAR-02-VO,"„A peulabemutató egy nagyon rövid bevezető,
nagyjából **fél perc, háromnegyed perc**.

A lényege nem az, hogy
‘ezer fokon pörögj’,
hanem hogy **világos legyen**:

– miről fog szólni a peula,
– miért pont ennek a kvucának szól,
– és nagyjából mire számíthatnak.

Ez nem reklám és nem fellépés,
hanem egy **érthető, rövid meghívás**:
‘gyertek, ez most rólatok szól, és ezért érdemes rá figyelni’.”",a5393f6dcd659caaac08da9483d7b0979df755d61ce516ff7d78fcffe791bcbe,"R2, R3"
M4.4-NAR-02::TRANSCRIPT,M4.4-NAR-02,leirat,M4,M4.4,02 Tervezet/Modulok/M4/Online leckék/M4.4 – 45 mp-es peulabemutató – vázlat egy konkrét kvucára.md,voiceover,narration,legyártandó,jogtisztázás alatt,,"Slide 2 narráció – „Mi az a rövid peulabemutató?"" — leirat",AI-generált,M4.4-NAR-02-VO,"„A peulabemutató egy nagyon rövid bevezető,
nagyjából **fél perc, háromnegyed perc**.

A lényege nem az, hogy
‘ezer fokon pörögj’,
hanem hogy **világos legyen**:

– miről fog szólni a peula,
– miért pont ennek a kvucának szól,
– és nagyjából mire számíthatnak.

Ez nem reklám és nem fellépés,
hanem egy **érthető, rövid meghívás**:
‘gyertek, ez most rólatok szól, és ezért érdemes rá figyelni’.”",a5393f6dcd659caaac08da9483d7b0979df755d61ce516ff7d78fcffe791bcbe,"R2, R3"
M4.4-NAR-03,M4.4-NAR-03,elsődleges,M4,M4.4,02 Tervezet/Modulok/M4/Online leckék/M4.4 – 45 mp-es peulabemutató – vázlat egy konkrét kvucára.md,voiceover,narration,legyártandó,jogtisztázás alatt,,Slide 3 narráció – Az 5 kérdéses peulabemutató-sablon,AI-generált,M4.4-NAR-03-VO,"„Ahhoz, hogy összeálljon a rövid bemutatód,
elég, ha **5 rövid kérdésre válaszolsz**.

Először: *kihez beszélsz?*
Nem mindegy, hogy 10 évesekhez, 15 évesekhez
vagy egy képzős csoporthoz –
egy mondatban próbáld megfogalmazni, kik ők.

Második: *miről szól a peula?*
Egymondatos, egyszerű témamegfogalmazás.

Harmadik: *miért fontos ez nekik?*
Itt kapcsolod össze a témát az életükkel.
Mi az a konfliktus, kérdés, helyzet,
ami miatt tényleg releváns nekik?

Negyedik: *mit fogtok csinálni?*
Nem kell a teljes forgatókönyv,
csak 1 mondat arról,
hogy játék, vita, állomás stb.

Ötödik: *mit szeretnél, hogy hazavigyenek?*
Egy mondat arról az üzenetről vagy élményről,
amit tényleg szeretnél, hogy megmaradjon bennük.”",82a6366d867ec6228277459889cbbd1e9cdee9218bc7e6b46969973c80fbec85,"R2, R3"
M4.4-NAR-03::CAPTIONS,M4.4-NAR-03,felirat,M4,M4.4,02 Tervezet/Modulok/M4/Online leckék/M4.4 – 45 mp-es peulabemutató – vázlat egy konkrét kvucára.md,voiceover,narration,legyártandó,jogtisztázás alatt,,Slide 3 narráció – Az 5 kérdéses peulabemutató-sablon — felirat,AI-generált,M4.4-NAR-03-VO,"„Ahhoz, hogy összeálljon a rövid bemutatód,
elég, ha **5 rövid kérdésre válaszolsz**.

Először: *kihez beszélsz?*
Nem mindegy, hogy 10 évesekhez, 15 évesekhez
vagy egy képzős csoporthoz –
egy mondatban próbáld megfogalmazni, kik ők.

Második: *miről szól a peula?*
Egymondatos, egyszerű témamegfogalmazás.

Harmadik: *miért fontos ez nekik?*
Itt kapcsolod össze a témát az életükkel.
Mi az a konfliktus, kérdés, helyzet,
ami miatt tényleg releváns nekik?

Negyedik: *mit fogtok csinálni?*
Nem kell a teljes forgatókönyv,
csak 1 mondat arról,
hogy játék, vita, állomás stb.

Ötödik: *mit szeretnél, hogy hazavigyenek?*
Egy mondat arról az üzenetről vagy élményről,
amit tényleg szeretnél, hogy megmaradjon bennük.”",82a6366d867ec6228277459889cbbd1e9cdee9218bc7e6b46969973c80fbec85,"R2, R3"
M4.4-NAR-03::TRANSCRIPT,M4.4-NAR-03,leirat,M4,M4.4,02 Tervezet/Modulok/M4/Online leckék/M4.4 – 45 mp-es peulabemutató – vázlat egy konkrét kvucára.md,voiceover,narration,legyártandó,jogtisztázás alatt,,Slide 3 narráció – Az 5 kérdéses peulabemutató-sablon — leirat,AI-generált,M4.4-NAR-03-VO,"„Ahhoz, hogy összeálljon a rövid bemutatód,
elég, ha **5 rövid kérdésre válaszolsz**.

Először: *kihez beszélsz?*
Nem mindegy, hogy 10 évesekhez, 15 évesekhez
vagy egy képzős csoporthoz –
egy mondatban próbáld megfogalmazni, kik ők.

Második: *miről szól a peula?*
Egymondatos, egyszerű témamegfogalmazás.

Harmadik: *miért fontos ez nekik?*
Itt kapcsolod össze a témát az életükkel.
Mi az a konfliktus, kérdés, helyzet,
ami miatt tényleg releváns nekik?

Negyedik: *mit fogtok csinálni?*
Nem kell a teljes forgatókönyv,
csak 1 mondat arról,
hogy játék, vita, állomás stb.

Ötödik: *mit szeretnél, hogy hazavigyenek?*
Egy mondat arról az üzenetről vagy élményről,
amit tényleg szeretnél, hogy megmaradjon bennük.”",82a6366d867ec6228277459889cbbd1e9cdee9218bc7e6b46969973c80fbec85,"R2, R3"
M4.4-NAR-05,M4.4-NAR-05,elsődleges,M4,M4.4,02 Tervezet/Modulok/M4/Online leckék/M4.4 – 45 mp-es peulabemutató – vázlat egy konkrét kvucára.md,voiceover,narration,legyártandó,jogtisztázás alatt,,"Slide 5 narráció – „Írd meg a saját 45 mp-es peulabemutató-vázlatod""",AI-generált,M4.4-NAR-05-VO,"„Most jön a lényeg:
írd meg a saját peulabemutatód első változatát.

Válassz ki egy kvucát – lehet olyan,
akikkel már dolgozol,
vagy akikkel dolgozni fogsz.

Használd az öt kérdést,
és írj rá **rövid, egyszerű mondatokat**.

Nem kell szépnek, csak **érthetőnek és őszintének** lennie.
Ezt az M4.B peulán kipróbálod a társaiddal,
és a visszajelzésük alapján finomítva
adod be az ‘M4.4 – Peulabemutató-vázlat’ beadandóban.”",2fe2195d4b0af62fac8e5fb2b99a24cb63d2ec032911c65459fd266e82bd53df,"R2, R3"
M4.4-NAR-05::CAPTIONS,M4.4-NAR-05,felirat,M4,M4.4,02 Tervezet/Modulok/M4/Online leckék/M4.4 – 45 mp-es peulabemutató – vázlat egy konkrét kvucára.md,voiceover,narration,legyártandó,jogtisztázás alatt,,"Slide 5 narráció – „Írd meg a saját 45 mp-es peulabemutató-vázlatod"" — felirat",AI-generált,M4.4-NAR-05-VO,"„Most jön a lényeg:
írd meg a saját peulabemutatód első változatát.

Válassz ki egy kvucát – lehet olyan,
akikkel már dolgozol,
vagy akikkel dolgozni fogsz.

Használd az öt kérdést,
és írj rá **rövid, egyszerű mondatokat**.

Nem kell szépnek, csak **érthetőnek és őszintének** lennie.
Ezt az M4.B peulán kipróbálod a társaiddal,
és a visszajelzésük alapján finomítva
adod be az ‘M4.4 – Peulabemutató-vázlat’ beadandóban.”",2fe2195d4b0af62fac8e5fb2b99a24cb63d2ec032911c65459fd266e82bd53df,"R2, R3"
M4.4-NAR-05::TRANSCRIPT,M4.4-NAR-05,leirat,M4,M4.4,02 Tervezet/Modulok/M4/Online leckék/M4.4 – 45 mp-es peulabemutató – vázlat egy konkrét kvucára.md,voiceover,narration,legyártandó,jogtisztázás alatt,,"Slide 5 narráció – „Írd meg a saját 45 mp-es peulabemutató-vázlatod"" — leirat",AI-generált,M4.4-NAR-05-VO,"„Most jön a lényeg:
írd meg a saját peulabemutatód első változatát.

Válassz ki egy kvucát – lehet olyan,
akikkel már dolgozol,
vagy akikkel dolgozni fogsz.

Használd az öt kérdést,
és írj rá **rövid, egyszerű mondatokat**.

Nem kell szépnek, csak **érthetőnek és őszintének** lennie.
Ezt az M4.B peulán kipróbálod a társaiddal,
és a visszajelzésük alapján finomítva
adod be az ‘M4.4 – Peulabemutató-vázlat’ beadandóban.”",2fe2195d4b0af62fac8e5fb2b99a24cb63d2ec032911c65459fd266e82bd53df,"R2, R3"
M4.A-KART-01,M4.A-KART-01,elsődleges,M4,M4.A,02 Tervezet/Modulok/M4/Peulák/M4.A – Állj oda! – Kiállás & jelenlét a térben.md,card-set,,legyártandó,specifikáció kész,,Kiállás-szobrok szerepcímke-szett,vegyes,,,,
M4.A-KART-01::PRINTPDF,M4.A-KART-01,nyomtatható PDF,M4,M4.A,02 Tervezet/Modulok/M4/Peulák/M4.A – Állj oda! – Kiállás & jelenlét a térben.md,card-set,,legyártandó,specifikáció kész,,Kiállás-szobrok szerepcímke-szett — nyomtatható PDF,vegyes,,,,
M4.A-MUNK-01,M4.A-MUNK-01,elsődleges,M4,M4.A,02 Tervezet/Modulok/M4/Peulák/M4.A – Állj oda! – Kiállás & jelenlét a térben.md,worksheet,,legyártandó,specifikáció kész,,Exit-mondat post-it / fókuszmondat cédula,vegyes,,,,
M4.A-MUNK-01::PRINTPDF,M4.A-MUNK-01,nyomtatható PDF,M4,M4.A,02 Tervezet/Modulok/M4/Peulák/M4.A – Állj oda! – Kiállás & jelenlét a térben.md,worksheet,,legyártandó,specifikáció kész,,Exit-mondat post-it / fókuszmondat cédula — nyomtatható PDF,vegyes,,,,
M4.A-MUNK-02,M4.A-MUNK-02,elsődleges,M4,M4.A,02 Tervezet/Modulok/M4/Peulák/M4.A – Állj oda! – Kiállás & jelenlét a térben.md,worksheet,,legyártandó,specifikáció kész,,Képzői checklist – „Állj oda!” (1 A4),vegyes,,,,
M4.A-MUNK-02::PRINTPDF,M4.A-MUNK-02,nyomtatható PDF,M4,M4.A,02 Tervezet/Modulok/M4/Peulák/M4.A – Állj oda! – Kiállás & jelenlét a térben.md,worksheet,,legyártandó,specifikáció kész,,Képzői checklist – „Állj oda!” (1 A4) — nyomtatható PDF,vegyes,,,,
M4.A-MUNK-03,M4.A-MUNK-03,elsődleges,M4,M4.A,02 Tervezet/Modulok/M4/Peulák/M4.A – Állj oda! – Kiállás & jelenlét a térben.md,worksheet,,legyártandó,specifikáció kész,,Flipchart-előkészítő sablon – kulcsmondatok & megfigyelés-kulcsszavak (opcionális),vegyes,,,,
M4.A-MUNK-03::PRINTPDF,M4.A-MUNK-03,nyomtatható PDF,M4,M4.A,02 Tervezet/Modulok/M4/Peulák/M4.A – Állj oda! – Kiállás & jelenlét a térben.md,worksheet,,legyártandó,specifikáció kész,,Flipchart-előkészítő sablon – kulcsmondatok & megfigyelés-kulcsszavak (opcionális) — nyomtatható PDF,vegyes,,,,
M4.A-POSZ-01,M4.A-POSZ-01,elsődleges,M4,M4.A,02 Tervezet/Modulok/M4/Peulák/M4.A – Állj oda! – Kiállás & jelenlét a térben.md,poster,,legyártandó,specifikáció kész,,„M4 – kiállás” gyűjtő-boríték / fal-címke,vegyes,,,,
M4.A-POSZ-01::PRINTPDF,M4.A-POSZ-01,nyomtatható PDF,M4,M4.A,02 Tervezet/Modulok/M4/Peulák/M4.A – Állj oda! – Kiállás & jelenlét a térben.md,poster,,legyártandó,specifikáció kész,,„M4 – kiállás” gyűjtő-boríték / fal-címke — nyomtatható PDF,vegyes,,,,
M4.B-MUNK-01,M4.B-MUNK-01,elsődleges,M4,M4.B,02 Tervezet/Modulok/M4/Peulák/M4.B – Mit és hogyan kérdezek – Kérdezés & peulabemutató gyakorlása.md,worksheet,,legyártandó,specifikáció kész,,Kilépőkártya / öntapadós jegyzet sablon (2 kérdés),emberi,,,,
M4.B-MUNK-01::PRINTPDF,M4.B-MUNK-01,nyomtatható PDF,M4,M4.B,02 Tervezet/Modulok/M4/Peulák/M4.B – Mit és hogyan kérdezek – Kérdezés & peulabemutató gyakorlása.md,worksheet,,legyártandó,specifikáció kész,,Kilépőkártya / öntapadós jegyzet sablon (2 kérdés) — nyomtatható PDF,emberi,,,,
M4.B-MUNK-02,M4.B-MUNK-02,elsődleges,M4,M4.B,02 Tervezet/Modulok/M4/Peulák/M4.B – Mit és hogyan kérdezek – Kérdezés & peulabemutató gyakorlása.md,worksheet,,legyártandó,specifikáció kész,,Gyors peulabemutató-vázlat mini-sablon (B-terv munkalap),emberi,,,,
M4.B-MUNK-02::PRINTPDF,M4.B-MUNK-02,nyomtatható PDF,M4,M4.B,02 Tervezet/Modulok/M4/Peulák/M4.B – Mit és hogyan kérdezek – Kérdezés & peulabemutató gyakorlása.md,worksheet,,legyártandó,specifikáció kész,,Gyors peulabemutató-vázlat mini-sablon (B-terv munkalap) — nyomtatható PDF,emberi,,,,
M4.B-MUNK-03,M4.B-MUNK-03,elsődleges,M4,M4.B,02 Tervezet/Modulok/M4/Peulák/M4.B – Mit és hogyan kérdezek – Kérdezés & peulabemutató gyakorlása.md,worksheet,,legyártandó,specifikáció kész,,Képzői checklist (1 A4),emberi,,,,
M4.B-MUNK-03::PRINTPDF,M4.B-MUNK-03,nyomtatható PDF,M4,M4.B,02 Tervezet/Modulok/M4/Peulák/M4.B – Mit és hogyan kérdezek – Kérdezés & peulabemutató gyakorlása.md,worksheet,,legyártandó,specifikáció kész,,Képzői checklist (1 A4) — nyomtatható PDF,emberi,,,,
M4.B-POSZ-01,M4.B-POSZ-01,elsődleges,M4,M4.B,02 Tervezet/Modulok/M4/Peulák/M4.B – Mit és hogyan kérdezek – Kérdezés & peulabemutató gyakorlása.md,poster,,legyártandó,specifikáció kész,,Kérdéstípusok flipchart-/poszter-sablon (4 típus),vegyes,,,,
M4.B-POSZ-01::PRINTPDF,M4.B-POSZ-01,nyomtatható PDF,M4,M4.B,02 Tervezet/Modulok/M4/Peulák/M4.B – Mit és hogyan kérdezek – Kérdezés & peulabemutató gyakorlása.md,poster,,legyártandó,specifikáció kész,,Kérdéstípusok flipchart-/poszter-sablon (4 típus) — nyomtatható PDF,vegyes,,,,
M4.F-EGY-01,M4.F-EGY-01,elsődleges,M4,M4.F,"02 Tervezet/Modulok/M4/Peulák/M4.F – Felzárkóztató peula – Test, hang, kérdések & peulabemutató (Study Lab).md",print,consumable,külső forrás,specifikáció kész,,Cetli / post-it készlet a név nélküli témakérésekhez,stock,,,,
M4.F-EGY-02,M4.F-EGY-02,elsődleges,M4,M4.F,"02 Tervezet/Modulok/M4/Peulák/M4.F – Felzárkóztató peula – Test, hang, kérdések & peulabemutató (Study Lab).md",print,consumable,külső forrás,specifikáció kész,,Filc-/marker-készlet a fogalom-térkép táblához,stock,,,,
M4.F-MUNK-01,M4.F-MUNK-01,elsődleges,M4,M4.F,"02 Tervezet/Modulok/M4/Peulák/M4.F – Felzárkóztató peula – Test, hang, kérdések & peulabemutató (Study Lab).md",worksheet,,legyártandó,specifikáció kész,,Jegyzetlap – 1 gondolat / 1 kérdés leckénként (L1–L4),vegyes,,,,
M4.F-MUNK-01::PRINTPDF,M4.F-MUNK-01,nyomtatható PDF,M4,M4.F,"02 Tervezet/Modulok/M4/Peulák/M4.F – Felzárkóztató peula – Test, hang, kérdések & peulabemutató (Study Lab).md",worksheet,,legyártandó,specifikáció kész,,Jegyzetlap – 1 gondolat / 1 kérdés leckénként (L1–L4) — nyomtatható PDF,vegyes,,,,
M4.F-MUNK-02,M4.F-MUNK-02,elsődleges,M4,M4.F,"02 Tervezet/Modulok/M4/Peulák/M4.F – Felzárkóztató peula – Test, hang, kérdések & peulabemutató (Study Lab).md",worksheet,,legyártandó,specifikáció kész,,45 mp-es peulabemutató-vázlat sablon (eszközmentes javító feladat),vegyes,,,,
M4.F-MUNK-02::PRINTPDF,M4.F-MUNK-02,nyomtatható PDF,M4,M4.F,"02 Tervezet/Modulok/M4/Peulák/M4.F – Felzárkóztató peula – Test, hang, kérdések & peulabemutató (Study Lab).md",worksheet,,legyártandó,specifikáció kész,,45 mp-es peulabemutató-vázlat sablon (eszközmentes javító feladat) — nyomtatható PDF,vegyes,,,,
M4.F-POSZ-01,M4.F-POSZ-01,elsődleges,M4,M4.F,"02 Tervezet/Modulok/M4/Peulák/M4.F – Felzárkóztató peula – Test, hang, kérdések & peulabemutató (Study Lab).md",poster,,legyártandó,specifikáció kész,,Tájékozódó tábla – M4 leckelista + név nélküli témakérések,vegyes,,,,
M4.F-POSZ-01::PRINTPDF,M4.F-POSZ-01,nyomtatható PDF,M4,M4.F,"02 Tervezet/Modulok/M4/Peulák/M4.F – Felzárkóztató peula – Test, hang, kérdések & peulabemutató (Study Lab).md",poster,,legyártandó,specifikáció kész,,Tájékozódó tábla – M4 leckelista + név nélküli témakérések — nyomtatható PDF,vegyes,,,,
M4.F-POSZ-02,M4.F-POSZ-02,elsődleges,M4,M4.F,"02 Tervezet/Modulok/M4/Peulák/M4.F – Felzárkóztató peula – Test, hang, kérdések & peulabemutató (Study Lab).md",poster,,legyártandó,specifikáció kész,,Fogalom-térkép sablon – Test / Hang / Kérdések / Peulabemutató (4 buborék),vegyes,,,,
M4.F-POSZ-02::PRINTPDF,M4.F-POSZ-02,nyomtatható PDF,M4,M4.F,"02 Tervezet/Modulok/M4/Peulák/M4.F – Felzárkóztató peula – Test, hang, kérdések & peulabemutató (Study Lab).md",poster,,legyártandó,specifikáció kész,,Fogalom-térkép sablon – Test / Hang / Kérdések / Peulabemutató (4 buborék) — nyomtatható PDF,vegyes,,,,
M5-HUB-EGY-01,M5-HUB-EGY-01,elsődleges,M5,M5-HUB,"02 Tervezet/Modulok/M5/M5 – Ez most játék vagy tanulás – Nonformális nevelés, módszerválasztás & tanulástan.md",print,consumable,külső forrás,specifikáció kész,,Galériaséta reakció-eszközök (post-it / pötty-matrica),stock,,,,
M5.1-DIA-01,M5.1-DIA-01,elsődleges,M5,M5.1,"02 Tervezet/Modulok/M5/Online leckék/M5.1 – Mi a nonformális nevelés – Suli, Somer, random.md",diagram,,legyártandó,specifikáció kész,,Háromoszlopos formális/nonformális/informális grafika,AI-generált,,,,
M5.1-DIA-01::ALTTEXT,M5.1-DIA-01,alt-szöveg,M5,M5.1,"02 Tervezet/Modulok/M5/Online leckék/M5.1 – Mi a nonformális nevelés – Suli, Somer, random.md",diagram,,legyártandó,specifikáció kész,,Háromoszlopos formális/nonformális/informális grafika — alt-szöveg,AI-generált,M5.1-DIA-01-ALT,"Három oszlop egymás mellett: bal – formális tanulás, például a suli (tanterv, jegy, kötelező); közép – nonformális tanulás, például a Somer (szervezett, van nevelési cél, játék-élmény; a Somerben a részvétel önkéntes); jobb – informális tanulás, azaz hétköznapi, spontán helyzetek (spontán, nincs tervezett nevelési cél, sokszor észre sem veszed, hogy tanultál).",fb505e8eab599ba05f4f99af6e72eadca0d39fd69ecfa0723f269434313d4362,
M5.1-EGY-01,M5.1-EGY-01,elsődleges,M5,M5.1,"02 Tervezet/Modulok/M5/Online leckék/M5.1 – Mi a nonformális nevelés – Suli, Somer, random.md",other,ui-text,legyártandó,specifikáció kész,,Provenance-címke – kanonikus AI-jelölés a videók alá,emberi,,,,
M5.1-IKO-01,M5.1-IKO-01,elsődleges,M5,M5.1,"02 Tervezet/Modulok/M5/Online leckék/M5.1 – Mi a nonformális nevelés – Suli, Somer, random.md",icon-set,,legyártandó,specifikáció kész,,Három tanulástípus ikon-grafika,AI-generált,,,,
M5.1-NAR-02,M5.1-NAR-02,elsődleges,M5,M5.1,"02 Tervezet/Modulok/M5/Online leckék/M5.1 – Mi a nonformális nevelés – Suli, Somer, random.md",voiceover,narration,legyártandó,jogtisztázás alatt,,INPUT 2 narráció – három fogalom definíciója,AI-generált,M5.1-NAR-02-VO,"„Háromféle tanulási helyzetről beszélünk.

A **formális tanulás** az, amikor suliban vagy:
a keretet a tanterv és az intézmény adja, **jeggyel, bizonyítvánnyal** hitelesítik, jellemzően kötelező jelenléttel, tanár–diák szerepben.

A **nonformális tanulás** olyan, mint a Somer:
szervezett, megtervezett program a suli rendszerén kívül,
van **nevelési cél**, csak nem dolgozatban, hanem játékban, beszélgetésben, közös élményekben jelenik meg.
A Somerbe ráadásul **önként jössz** – nálunk a részvétel nem kötelező.

Az **informális tanulás** pedig **hétköznapi, spontán helyzetekben** történik:
amikor a barátaiddal beszélgetsz, nézel egy videót, hallasz valamit otthon –
nincs rá előre tervezett nevelési cél,
és **sokszor észre sem veszed, hogy közben tanultál** – mégis megragad belőle valami.

Jó tudni: a választóvonal **nem az önkéntesség**, hanem a **tudatos nevelési cél**. A someres programot az teszi nonformálissá, hogy **szándékosan, célzottan tervezzük**; az informális tanulás viszont menet közben, tervezés nélkül történik – gyakran anélkül, hogy tanulni akartál volna. Az önkéntesség a **Somer sajátja**, nem az informális tanulás ismertetőjegye.”",6ca88264ac481755172ce562d528c63d4b54d23516b5118a054ccaeff16c4fe2,"R2, R3"
M5.1-NAR-02::CAPTIONS,M5.1-NAR-02,felirat,M5,M5.1,"02 Tervezet/Modulok/M5/Online leckék/M5.1 – Mi a nonformális nevelés – Suli, Somer, random.md",voiceover,narration,legyártandó,jogtisztázás alatt,,INPUT 2 narráció – három fogalom definíciója — felirat,AI-generált,M5.1-NAR-02-VO,"„Háromféle tanulási helyzetről beszélünk.

A **formális tanulás** az, amikor suliban vagy:
a keretet a tanterv és az intézmény adja, **jeggyel, bizonyítvánnyal** hitelesítik, jellemzően kötelező jelenléttel, tanár–diák szerepben.

A **nonformális tanulás** olyan, mint a Somer:
szervezett, megtervezett program a suli rendszerén kívül,
van **nevelési cél**, csak nem dolgozatban, hanem játékban, beszélgetésben, közös élményekben jelenik meg.
A Somerbe ráadásul **önként jössz** – nálunk a részvétel nem kötelező.

Az **informális tanulás** pedig **hétköznapi, spontán helyzetekben** történik:
amikor a barátaiddal beszélgetsz, nézel egy videót, hallasz valamit otthon –
nincs rá előre tervezett nevelési cél,
és **sokszor észre sem veszed, hogy közben tanultál** – mégis megragad belőle valami.

Jó tudni: a választóvonal **nem az önkéntesség**, hanem a **tudatos nevelési cél**. A someres programot az teszi nonformálissá, hogy **szándékosan, célzottan tervezzük**; az informális tanulás viszont menet közben, tervezés nélkül történik – gyakran anélkül, hogy tanulni akartál volna. Az önkéntesség a **Somer sajátja**, nem az informális tanulás ismertetőjegye.”",6ca88264ac481755172ce562d528c63d4b54d23516b5118a054ccaeff16c4fe2,"R2, R3"
M5.1-NAR-02::TRANSCRIPT,M5.1-NAR-02,leirat,M5,M5.1,"02 Tervezet/Modulok/M5/Online leckék/M5.1 – Mi a nonformális nevelés – Suli, Somer, random.md",voiceover,narration,legyártandó,jogtisztázás alatt,,INPUT 2 narráció – három fogalom definíciója — leirat,AI-generált,M5.1-NAR-02-VO,"„Háromféle tanulási helyzetről beszélünk.

A **formális tanulás** az, amikor suliban vagy:
a keretet a tanterv és az intézmény adja, **jeggyel, bizonyítvánnyal** hitelesítik, jellemzően kötelező jelenléttel, tanár–diák szerepben.

A **nonformális tanulás** olyan, mint a Somer:
szervezett, megtervezett program a suli rendszerén kívül,
van **nevelési cél**, csak nem dolgozatban, hanem játékban, beszélgetésben, közös élményekben jelenik meg.
A Somerbe ráadásul **önként jössz** – nálunk a részvétel nem kötelező.

Az **informális tanulás** pedig **hétköznapi, spontán helyzetekben** történik:
amikor a barátaiddal beszélgetsz, nézel egy videót, hallasz valamit otthon –
nincs rá előre tervezett nevelési cél,
és **sokszor észre sem veszed, hogy közben tanultál** – mégis megragad belőle valami.

Jó tudni: a választóvonal **nem az önkéntesség**, hanem a **tudatos nevelési cél**. A someres programot az teszi nonformálissá, hogy **szándékosan, célzottan tervezzük**; az informális tanulás viszont menet közben, tervezés nélkül történik – gyakran anélkül, hogy tanulni akartál volna. Az önkéntesség a **Somer sajátja**, nem az informális tanulás ismertetőjegye.”",6ca88264ac481755172ce562d528c63d4b54d23516b5118a054ccaeff16c4fe2,"R2, R3"
M5.1-VID-01,M5.1-VID-01,elsődleges,M5,M5.1,"02 Tervezet/Modulok/M5/Online leckék/M5.1 – Mi a nonformális nevelés – Suli, Somer, random.md",video,ai-talking-head,legyártandó,jogtisztázás alatt,,nyitó beszélő fej – suli / Somer / hétköznapok,AI-generált,M5.1-VID-01-VO,"„Szia!
Gondolj vissza az elmúlt hetekre.
Voltál **suliban**, voltál **Somer-programon**, és voltak teljesen **más pillanatok** a barátaiddal.

Néha a tanár feleltet, néha a madrih sztorikat mesél a kvucának,
néha pedig csak TikTokokat küldötök egymásnak.

Ebben a leckében azt nézzük meg,
hogy ezek közül **mi számít formális, mi nonformális és mi informális tanulásnak**.

És azt is, hogy **a Somer hol van ebben a képben**.”",a461ce6828fbc62ccd916adee0377f165eb3256e9a704ca468ed91f57fd32783,"R2, R3"
M5.1-VID-01::VOICEOVER,M5.1-VID-01,felmondott hang,M5,M5.1,"02 Tervezet/Modulok/M5/Online leckék/M5.1 – Mi a nonformális nevelés – Suli, Somer, random.md",video,ai-talking-head,legyártandó,jogtisztázás alatt,,nyitó beszélő fej – suli / Somer / hétköznapok — felmondott hang,AI-generált,M5.1-VID-01-VO,"„Szia!
Gondolj vissza az elmúlt hetekre.
Voltál **suliban**, voltál **Somer-programon**, és voltak teljesen **más pillanatok** a barátaiddal.

Néha a tanár feleltet, néha a madrih sztorikat mesél a kvucának,
néha pedig csak TikTokokat küldötök egymásnak.

Ebben a leckében azt nézzük meg,
hogy ezek közül **mi számít formális, mi nonformális és mi informális tanulásnak**.

És azt is, hogy **a Somer hol van ebben a képben**.”",a461ce6828fbc62ccd916adee0377f165eb3256e9a704ca468ed91f57fd32783,"R2, R3"
M5.1-VID-01::CAPTIONS,M5.1-VID-01,felirat,M5,M5.1,"02 Tervezet/Modulok/M5/Online leckék/M5.1 – Mi a nonformális nevelés – Suli, Somer, random.md",video,ai-talking-head,legyártandó,jogtisztázás alatt,,nyitó beszélő fej – suli / Somer / hétköznapok — felirat,AI-generált,M5.1-VID-01-VO,"„Szia!
Gondolj vissza az elmúlt hetekre.
Voltál **suliban**, voltál **Somer-programon**, és voltak teljesen **más pillanatok** a barátaiddal.

Néha a tanár feleltet, néha a madrih sztorikat mesél a kvucának,
néha pedig csak TikTokokat küldötök egymásnak.

Ebben a leckében azt nézzük meg,
hogy ezek közül **mi számít formális, mi nonformális és mi informális tanulásnak**.

És azt is, hogy **a Somer hol van ebben a képben**.”",a461ce6828fbc62ccd916adee0377f165eb3256e9a704ca468ed91f57fd32783,"R2, R3"
M5.1-VID-01::TRANSCRIPT,M5.1-VID-01,leirat,M5,M5.1,"02 Tervezet/Modulok/M5/Online leckék/M5.1 – Mi a nonformális nevelés – Suli, Somer, random.md",video,ai-talking-head,legyártandó,jogtisztázás alatt,,nyitó beszélő fej – suli / Somer / hétköznapok — leirat,AI-generált,M5.1-VID-01-VO,"„Szia!
Gondolj vissza az elmúlt hetekre.
Voltál **suliban**, voltál **Somer-programon**, és voltak teljesen **más pillanatok** a barátaiddal.

Néha a tanár feleltet, néha a madrih sztorikat mesél a kvucának,
néha pedig csak TikTokokat küldötök egymásnak.

Ebben a leckében azt nézzük meg,
hogy ezek közül **mi számít formális, mi nonformális és mi informális tanulásnak**.

És azt is, hogy **a Somer hol van ebben a képben**.”",a461ce6828fbc62ccd916adee0377f165eb3256e9a704ca468ed91f57fd32783,"R2, R3"
M5.1-VID-02,M5.1-VID-02,elsődleges,M5,M5.1,"02 Tervezet/Modulok/M5/Online leckék/M5.1 – Mi a nonformális nevelés – Suli, Somer, random.md",video,ai-talking-head,legyártandó,jogtisztázás alatt,,OUTRO beszélő fej thumbnail (opcionális),AI-generált,M5.1-VID-02-VO,"„Köszi, hogy végigcsináltad ezt a leckét.
Mostanra látod, hogy a Somer **nem suli, de nem is csak közös lógás**:
nonformális nevelés, ahol kvucával, élményekkel tanulunk.

A következő leckében azt nézzük meg,
hogyan jutsz el egy peula tervezésekor a **feladattól a célon és a kvucán át a módszerig** –
és nem fordítva.”",6e308c759e01baa70a0cfec5db798d7a3255f220c3ff9370c6af0773c02334a4,"R2, R3"
M5.1-VID-02::VOICEOVER,M5.1-VID-02,felmondott hang,M5,M5.1,"02 Tervezet/Modulok/M5/Online leckék/M5.1 – Mi a nonformális nevelés – Suli, Somer, random.md",video,ai-talking-head,legyártandó,jogtisztázás alatt,,OUTRO beszélő fej thumbnail (opcionális) — felmondott hang,AI-generált,M5.1-VID-02-VO,"„Köszi, hogy végigcsináltad ezt a leckét.
Mostanra látod, hogy a Somer **nem suli, de nem is csak közös lógás**:
nonformális nevelés, ahol kvucával, élményekkel tanulunk.

A következő leckében azt nézzük meg,
hogyan jutsz el egy peula tervezésekor a **feladattól a célon és a kvucán át a módszerig** –
és nem fordítva.”",6e308c759e01baa70a0cfec5db798d7a3255f220c3ff9370c6af0773c02334a4,"R2, R3"
M5.1-VID-02::CAPTIONS,M5.1-VID-02,felirat,M5,M5.1,"02 Tervezet/Modulok/M5/Online leckék/M5.1 – Mi a nonformális nevelés – Suli, Somer, random.md",video,ai-talking-head,legyártandó,jogtisztázás alatt,,OUTRO beszélő fej thumbnail (opcionális) — felirat,AI-generált,M5.1-VID-02-VO,"„Köszi, hogy végigcsináltad ezt a leckét.
Mostanra látod, hogy a Somer **nem suli, de nem is csak közös lógás**:
nonformális nevelés, ahol kvucával, élményekkel tanulunk.

A következő leckében azt nézzük meg,
hogyan jutsz el egy peula tervezésekor a **feladattól a célon és a kvucán át a módszerig** –
és nem fordítva.”",6e308c759e01baa70a0cfec5db798d7a3255f220c3ff9370c6af0773c02334a4,"R2, R3"
M5.1-VID-02::TRANSCRIPT,M5.1-VID-02,leirat,M5,M5.1,"02 Tervezet/Modulok/M5/Online leckék/M5.1 – Mi a nonformális nevelés – Suli, Somer, random.md",video,ai-talking-head,legyártandó,jogtisztázás alatt,,OUTRO beszélő fej thumbnail (opcionális) — leirat,AI-generált,M5.1-VID-02-VO,"„Köszi, hogy végigcsináltad ezt a leckét.
Mostanra látod, hogy a Somer **nem suli, de nem is csak közös lógás**:
nonformális nevelés, ahol kvucával, élményekkel tanulunk.

A következő leckében azt nézzük meg,
hogyan jutsz el egy peula tervezésekor a **feladattól a célon és a kvucán át a módszerig** –
és nem fordítva.”",6e308c759e01baa70a0cfec5db798d7a3255f220c3ff9370c6af0773c02334a4,"R2, R3"
M5.2-DIA-01,M5.2-DIA-01,elsődleges,M5,M5.2,02 Tervezet/Modulok/M5/Online leckék/M5.2 – Feladat → módszer döntési fa – Mit választok először.md,diagram,,legyártandó,specifikáció kész,,Központi sorrend-folyamatábra: feladat → cél → kvuca → módszer,AI-generált,,,,
M5.2-DIA-01::ALTTEXT,M5.2-DIA-01,alt-szöveg,M5,M5.2,02 Tervezet/Modulok/M5/Online leckék/M5.2 – Feladat → módszer döntési fa – Mit választok először.md,diagram,,legyártandó,specifikáció kész,,Központi sorrend-folyamatábra: feladat → cél → kvuca → módszer — alt-szöveg,AI-generált,,,,
M5.2-DIA-02,M5.2-DIA-02,elsődleges,M5,M5.2,02 Tervezet/Modulok/M5/Online leckék/M5.2 – Feladat → módszer döntési fa – Mit választok először.md,diagram,,legyártandó,specifikáció kész,,Döntési fa térkép – 4 ág + közös visszacsatlakozás,AI-generált,,,,
M5.2-DIA-02::ALTTEXT,M5.2-DIA-02,alt-szöveg,M5,M5.2,02 Tervezet/Modulok/M5/Online leckék/M5.2 – Feladat → módszer döntési fa – Mit választok először.md,diagram,,legyártandó,specifikáció kész,,Döntési fa térkép – 4 ág + közös visszacsatlakozás — alt-szöveg,AI-generált,,,,
M5.2-IKO-01,M5.2-IKO-01,elsődleges,M5,M5.2,02 Tervezet/Modulok/M5/Online leckék/M5.2 – Feladat → módszer döntési fa – Mit választok először.md,icon-set,,legyártandó,specifikáció kész,,Ág-azonosító ikonkészlet (4 ikon),AI-generált,,,,
M5.2-IKO-01::ALTTEXT,M5.2-IKO-01,alt-szöveg,M5,M5.2,02 Tervezet/Modulok/M5/Online leckék/M5.2 – Feladat → módszer döntési fa – Mit választok először.md,icon-set,,legyártandó,specifikáció kész,,Ág-azonosító ikonkészlet (4 ikon) — alt-szöveg,AI-generált,,,,
M5.2-ILL-01,M5.2-ILL-01,elsődleges,M5,M5.2,02 Tervezet/Modulok/M5/Online leckék/M5.2 – Feladat → módszer döntési fa – Mit választok először.md,illustration,,legyártandó,specifikáció kész,,Bevezető jelenet-illusztráció: madrih a péntek esti felkérés előtt,AI-generált,,,,
M5.2-ILL-01::ALTTEXT,M5.2-ILL-01,alt-szöveg,M5,M5.2,02 Tervezet/Modulok/M5/Online leckék/M5.2 – Feladat → módszer döntési fa – Mit választok először.md,illustration,,legyártandó,specifikáció kész,,Bevezető jelenet-illusztráció: madrih a péntek esti felkérés előtt — alt-szöveg,AI-generált,,,,
M5.2-MUNK-01,M5.2-MUNK-01,elsődleges,M5,M5.2,02 Tervezet/Modulok/M5/Online leckék/M5.2 – Feladat → módszer döntési fa – Mit választok először.md,worksheet,,legyártandó,specifikáció kész,,Feladat–cél–kvuca–módszer mondatbefejező munkalap,AI-generált,,,,
M5.2-MUNK-01::PRINTPDF,M5.2-MUNK-01,nyomtatható PDF,M5,M5.2,02 Tervezet/Modulok/M5/Online leckék/M5.2 – Feladat → módszer döntési fa – Mit választok először.md,worksheet,,legyártandó,specifikáció kész,,Feladat–cél–kvuca–módszer mondatbefejező munkalap — nyomtatható PDF,AI-generált,,,,
M5.3-EGY-01,M5.3-EGY-01,elsődleges,M5,M5.3,"02 Tervezet/Modulok/M5/Online leckék/M5.3 – Hogyan tanulunk tényleg – Gyakorlás, aktív felidézés, időben elosztott gyakorlás.md",other,h5p-interaction,legyártandó,specifikáció kész,,Dialog Cards Leitner-pakli (Repetition mód) – akadálymentes interaktív elem,emberi,,,,
M5.3-IKO-01,M5.3-IKO-01,elsődleges,M5,M5.3,"02 Tervezet/Modulok/M5/Online leckék/M5.3 – Hogyan tanulunk tényleg – Gyakorlás, aktív felidézés, időben elosztott gyakorlás.md",icon-set,,legyártandó,specifikáció kész,,"Három kulcsfogalom ikon-trió (gyakorlás, aktív felidézés, időben elosztott gyakorlás)",AI-generált,,,,
M5.3-IKO-01::ALTTEXT,M5.3-IKO-01,alt-szöveg,M5,M5.3,"02 Tervezet/Modulok/M5/Online leckék/M5.3 – Hogyan tanulunk tényleg – Gyakorlás, aktív felidézés, időben elosztott gyakorlás.md",icon-set,,legyártandó,specifikáció kész,,"Három kulcsfogalom ikon-trió (gyakorlás, aktív felidézés, időben elosztott gyakorlás) — alt-szöveg",AI-generált,,,,
M5.3-ILL-01,M5.3-ILL-01,elsődleges,M5,M5.3,"02 Tervezet/Modulok/M5/Online leckék/M5.3 – Hogyan tanulunk tényleg – Gyakorlás, aktív felidézés, időben elosztott gyakorlás.md",illustration,,legyártandó,specifikáció kész,,Két tanulási történet – A vs. B szembeállítás (Hook),AI-generált,,,,
M5.3-ILL-01::ALTTEXT,M5.3-ILL-01,alt-szöveg,M5,M5.3,"02 Tervezet/Modulok/M5/Online leckék/M5.3 – Hogyan tanulunk tényleg – Gyakorlás, aktív felidézés, időben elosztott gyakorlás.md",illustration,,legyártandó,specifikáció kész,,Két tanulási történet – A vs. B szembeállítás (Hook) — alt-szöveg,AI-generált,,,,
M5.3-ILL-02,M5.3-ILL-02,elsődleges,M5,M5.3,"02 Tervezet/Modulok/M5/Online leckék/M5.3 – Hogyan tanulunk tényleg – Gyakorlás, aktív felidézés, időben elosztott gyakorlás.md",illustration,,legyártandó,specifikáció kész,,Somer-példák a három fogalomra – három mini-jelenet,AI-generált,,,,
M5.3-ILL-02::ALTTEXT,M5.3-ILL-02,alt-szöveg,M5,M5.3,"02 Tervezet/Modulok/M5/Online leckék/M5.3 – Hogyan tanulunk tényleg – Gyakorlás, aktív felidézés, időben elosztott gyakorlás.md",illustration,,legyártandó,specifikáció kész,,Somer-példák a három fogalomra – három mini-jelenet — alt-szöveg,AI-generált,,,,
M5.4-ILL-01,M5.4-ILL-01,elsődleges,M5,M5.4,02 Tervezet/Modulok/M5/Online leckék/M5.4 – Cél–kvuca–módszer mini-táblázat – saját adatbázisod madrihként.md,illustration,,legyártandó,specifikáció kész,,Minta-táblázat kártya-nézet (mobilbarát) – 3 helyzet blokk,AI-generált,,,,
M5.4-ILL-01::ALTTEXT,M5.4-ILL-01,alt-szöveg,M5,M5.4,02 Tervezet/Modulok/M5/Online leckék/M5.4 – Cél–kvuca–módszer mini-táblázat – saját adatbázisod madrihként.md,illustration,,legyártandó,specifikáció kész,,Minta-táblázat kártya-nézet (mobilbarát) – 3 helyzet blokk — alt-szöveg,AI-generált,,,,
M5.4-MUNK-01,M5.4-MUNK-01,elsődleges,M5,M5.4,02 Tervezet/Modulok/M5/Online leckék/M5.4 – Cél–kvuca–módszer mini-táblázat – saját adatbázisod madrihként.md,worksheet,,legyártandó,specifikáció kész,,Letölthető „Feladat–kvuca–módszer + tanulástan” kitölthető sablon (doc / sheet),emberi,,,,
M5.4-MUNK-01::PRINTPDF,M5.4-MUNK-01,nyomtatható PDF,M5,M5.4,02 Tervezet/Modulok/M5/Online leckék/M5.4 – Cél–kvuca–módszer mini-táblázat – saját adatbázisod madrihként.md,worksheet,,legyártandó,specifikáció kész,,Letölthető „Feladat–kvuca–módszer + tanulástan” kitölthető sablon (doc / sheet) — nyomtatható PDF,emberi,,,,
M5.A-KART-01,M5.A-KART-01,elsődleges,M5,M5.A,"02 Tervezet/Modulok/M5/Peulák/M5.A – Suli, Somer vagy random – Hol tanulunk és hogyan.md",card-set,,legyártandó,specifikáció kész,,"12 helyzetkártya – kétoldalas szett (front: sztori, hátlap: címke)",vegyes,,,,
M5.A-KART-01::PRINTPDF,M5.A-KART-01,nyomtatható PDF,M5,M5.A,"02 Tervezet/Modulok/M5/Peulák/M5.A – Suli, Somer vagy random – Hol tanulunk és hogyan.md",card-set,,legyártandó,specifikáció kész,,"12 helyzetkártya – kétoldalas szett (front: sztori, hátlap: címke) — nyomtatható PDF",vegyes,,,,
M5.A-MUNK-01,M5.A-MUNK-01,elsődleges,M5,M5.A,"02 Tervezet/Modulok/M5/Peulák/M5.A – Suli, Somer vagy random – Hol tanulunk és hogyan.md",worksheet,,legyártandó,specifikáció kész,,Poszter-sablon: 4 mezős „átöltöztetés” mini-táblázat,vegyes,,,,
M5.A-MUNK-01::PRINTPDF,M5.A-MUNK-01,nyomtatható PDF,M5,M5.A,"02 Tervezet/Modulok/M5/Peulák/M5.A – Suli, Somer vagy random – Hol tanulunk és hogyan.md",worksheet,,legyártandó,specifikáció kész,,Poszter-sablon: 4 mezős „átöltöztetés” mini-táblázat — nyomtatható PDF,vegyes,,,,
M5.A-MUNK-02,M5.A-MUNK-02,elsődleges,M5,M5.A,"02 Tervezet/Modulok/M5/Peulák/M5.A – Suli, Somer vagy random – Hol tanulunk és hogyan.md",worksheet,,legyártandó,specifikáció kész,,Flipchart-sablon: „Feladat / Cél → Kvuca → Módszer” lánc,vegyes,,,,
M5.A-MUNK-02::PRINTPDF,M5.A-MUNK-02,nyomtatható PDF,M5,M5.A,"02 Tervezet/Modulok/M5/Peulák/M5.A – Suli, Somer vagy random – Hol tanulunk és hogyan.md",worksheet,,legyártandó,specifikáció kész,,Flipchart-sablon: „Feladat / Cél → Kvuca → Módszer” lánc — nyomtatható PDF,vegyes,,,,
M5.A-POSZ-01,M5.A-POSZ-01,elsődleges,M5,M5.A,"02 Tervezet/Modulok/M5/Peulák/M5.A – Suli, Somer vagy random – Hol tanulunk és hogyan.md",poster,,legyártandó,specifikáció kész,,3 sarok-felirat: SULI / SOMER / HÉTKÖZNAPOK,vegyes,,,,
M5.A-POSZ-01::PRINTPDF,M5.A-POSZ-01,nyomtatható PDF,M5,M5.A,"02 Tervezet/Modulok/M5/Peulák/M5.A – Suli, Somer vagy random – Hol tanulunk és hogyan.md",poster,,legyártandó,specifikáció kész,,3 sarok-felirat: SULI / SOMER / HÉTKÖZNAPOK — nyomtatható PDF,vegyes,,,,
M5.B-KART-01,M5.B-KART-01,elsődleges,M5,M5.B,02 Tervezet/Modulok/M5/Peulák/M5.B – Tervezek egy nonformális peula-részletet – hogy tényleg tanuljunk is.md,card-set,,legyártandó,specifikáció kész,,Indítósor-kártyaszett (6-8 db kész táblázat-sor),emberi,,,,
M5.B-KART-01::PRINTPDF,M5.B-KART-01,nyomtatható PDF,M5,M5.B,02 Tervezet/Modulok/M5/Peulák/M5.B – Tervezek egy nonformális peula-részletet – hogy tényleg tanuljunk is.md,card-set,,legyártandó,specifikáció kész,,Indítósor-kártyaszett (6-8 db kész táblázat-sor) — nyomtatható PDF,emberi,,,,
M5.B-KART-02,M5.B-KART-02,elsődleges,M5,M5.B,02 Tervezet/Modulok/M5/Peulák/M5.B – Tervezek egy nonformális peula-részletet – hogy tényleg tanuljunk is.md,card-set,,legyártandó,specifikáció kész,,Élő kvíz – képzői állítás-kártyák (5 db igaz/hamis + súgó),emberi,,,,
M5.B-KART-02::PRINTPDF,M5.B-KART-02,nyomtatható PDF,M5,M5.B,02 Tervezet/Modulok/M5/Peulák/M5.B – Tervezek egy nonformális peula-részletet – hogy tényleg tanuljunk is.md,card-set,,legyártandó,specifikáció kész,,Élő kvíz – képzői állítás-kártyák (5 db igaz/hamis + súgó) — nyomtatható PDF,emberi,,,,
M5.B-MUNK-01,M5.B-MUNK-01,elsődleges,M5,M5.B,02 Tervezet/Modulok/M5/Peulák/M5.B – Tervezek egy nonformális peula-részletet – hogy tényleg tanuljunk is.md,worksheet,,legyártandó,specifikáció kész,,A3 / flipchart üres vázlatlap (3-4 blokkos peula-részlet),emberi,,,,
M5.B-MUNK-01::PRINTPDF,M5.B-MUNK-01,nyomtatható PDF,M5,M5.B,02 Tervezet/Modulok/M5/Peulák/M5.B – Tervezek egy nonformális peula-részletet – hogy tényleg tanuljunk is.md,worksheet,,legyártandó,specifikáció kész,,A3 / flipchart üres vázlatlap (3-4 blokkos peula-részlet) — nyomtatható PDF,emberi,,,,
M5.B-MUNK-02,M5.B-MUNK-02,elsődleges,M5,M5.B,02 Tervezet/Modulok/M5/Peulák/M5.B – Tervezek egy nonformális peula-részletet – hogy tényleg tanuljunk is.md,worksheet,,legyártandó,specifikáció kész,,"Mintatáblázat – „Cél–kvuca–módszer"" (2-3 db tartalék)",emberi,,,,
M5.B-MUNK-02::PRINTPDF,M5.B-MUNK-02,nyomtatható PDF,M5,M5.B,02 Tervezet/Modulok/M5/Peulák/M5.B – Tervezek egy nonformális peula-részletet – hogy tényleg tanuljunk is.md,worksheet,,legyártandó,specifikáció kész,,"Mintatáblázat – „Cél–kvuca–módszer"" (2-3 db tartalék) — nyomtatható PDF",emberi,,,,
M5.B-MUNK-03,M5.B-MUNK-03,elsődleges,M5,M5.B,02 Tervezet/Modulok/M5/Peulák/M5.B – Tervezek egy nonformális peula-részletet – hogy tényleg tanuljunk is.md,worksheet,,legyártandó,specifikáció kész,,Tábla/flipchart sablonlap – kulcsszó-panel + javasolt tervezési struktúra,emberi,,,,
M5.B-MUNK-03::PRINTPDF,M5.B-MUNK-03,nyomtatható PDF,M5,M5.B,02 Tervezet/Modulok/M5/Peulák/M5.B – Tervezek egy nonformális peula-részletet – hogy tényleg tanuljunk is.md,worksheet,,legyártandó,specifikáció kész,,Tábla/flipchart sablonlap – kulcsszó-panel + javasolt tervezési struktúra — nyomtatható PDF,emberi,,,,
M5.F-MUNK-01,M5.F-MUNK-01,elsődleges,M5,M5.F,"02 Tervezet/Modulok/M5/Peulák/M5.F – Felzárkóztató peula – Suli, Somer & tanulástan (Study Lab).md",worksheet,,legyártandó,specifikáció kész,,Jegyzetlap – „1 gondolat / 1 kérdés leckénként” (L1–L4),emberi,,,,
M5.F-MUNK-01::PRINTPDF,M5.F-MUNK-01,nyomtatható PDF,M5,M5.F,"02 Tervezet/Modulok/M5/Peulák/M5.F – Felzárkóztató peula – Suli, Somer & tanulástan (Study Lab).md",worksheet,,legyártandó,specifikáció kész,,Jegyzetlap – „1 gondolat / 1 kérdés leckénként” (L1–L4) — nyomtatható PDF,emberi,,,,
M5.F-POSZ-01,M5.F-POSZ-01,elsődleges,M5,M5.F,"02 Tervezet/Modulok/M5/Peulák/M5.F – Felzárkóztató peula – Suli, Somer & tanulástan (Study Lab).md",poster,,legyártandó,specifikáció kész,,Tájékozódó tábla – M5 leckelista + név nélküli témakérések,emberi,,,,
M5.F-POSZ-01::PRINTPDF,M5.F-POSZ-01,nyomtatható PDF,M5,M5.F,"02 Tervezet/Modulok/M5/Peulák/M5.F – Felzárkóztató peula – Suli, Somer & tanulástan (Study Lab).md",poster,,legyártandó,specifikáció kész,,Tájékozódó tábla – M5 leckelista + név nélküli témakérések — nyomtatható PDF,emberi,,,,
M5.F-POSZ-02,M5.F-POSZ-02,elsődleges,M5,M5.F,"02 Tervezet/Modulok/M5/Peulák/M5.F – Felzárkóztató peula – Suli, Somer & tanulástan (Study Lab).md",poster,,legyártandó,specifikáció kész,,Fogalom-térkép flipchart-sablon – 3 nagy rész + nyilak,emberi,,,,
M5.F-POSZ-02::PRINTPDF,M5.F-POSZ-02,nyomtatható PDF,M5,M5.F,"02 Tervezet/Modulok/M5/Peulák/M5.F – Felzárkóztató peula – Suli, Somer & tanulástan (Study Lab).md",poster,,legyártandó,specifikáció kész,,Fogalom-térkép flipchart-sablon – 3 nagy rész + nyilak — nyomtatható PDF,emberi,,,,
M6.1-DIA-01,M6.1-DIA-01,elsődleges,M6,M6.1,02 Tervezet/Modulok/M6/Online leckék/M6.1 – Játék-kategóriák 3 aktuális kvucára.md,diagram,,legyártandó,specifikáció kész,,Korosztály-táblázat – 3 aktuális kvuca-korosztály (tartalmi ábra),AI-generált,,,,
M6.1-DIA-01::ALTTEXT,M6.1-DIA-01,alt-szöveg,M6,M6.1,02 Tervezet/Modulok/M6/Online leckék/M6.1 – Játék-kategóriák 3 aktuális kvucára.md,diagram,,legyártandó,specifikáció kész,,Korosztály-táblázat – 3 aktuális kvuca-korosztály (tartalmi ábra) — alt-szöveg,AI-generált,,,,
M6.1-EGY-01,M6.1-EGY-01,elsődleges,M6,M6.1,02 Tervezet/Modulok/M6/Online leckék/M6.1 – Játék-kategóriák 3 aktuális kvucára.md,other,ui-text,legyártandó,specifikáció kész,,AI-provenance ember-olvasható sor (lecke alján/dián),emberi,,,,
M6.1-EGY-02,M6.1-EGY-02,elsődleges,M6,M6.1,02 Tervezet/Modulok/M6/Online leckék/M6.1 – Játék-kategóriák 3 aktuális kvucára.md,other,h5p-interaction,legyártandó,specifikáció kész,,Single Choice – önreflexió: „mi alapján döntesz?”,emberi,,,,
M6.1-EGY-03,M6.1-EGY-03,elsődleges,M6,M6.1,02 Tervezet/Modulok/M6/Online leckék/M6.1 – Játék-kategóriák 3 aktuális kvucára.md,other,h5p-interaction,legyártandó,specifikáció kész,,Single Choice – „Névkör labdával” korosztály,emberi,,,,
M6.1-EGY-04,M6.1-EGY-04,elsődleges,M6,M6.1,02 Tervezet/Modulok/M6/Online leckék/M6.1 – Játék-kategóriák 3 aktuális kvucára.md,other,h5p-interaction,legyártandó,specifikáció kész,,Single Choice – Kivsza (10–12) bizalomjáték forma,emberi,,,,
M6.1-EGY-05,M6.1-EGY-05,elsődleges,M6,M6.1,02 Tervezet/Modulok/M6/Online leckék/M6.1 – Játék-kategóriák 3 aktuális kvucára.md,other,h5p-interaction,legyártandó,specifikáció kész,,Szabad szöveges kérdés – kockázat bizalomjátékban,emberi,,,,
M6.1-EGY-06,M6.1-EGY-06,elsődleges,M6,M6.1,02 Tervezet/Modulok/M6/Online leckék/M6.1 – Játék-kategóriák 3 aktuális kvucára.md,other,h5p-interaction,legyártandó,specifikáció kész,,Single Choice – Parparim 6–9 reflexiós vs. mély,emberi,,,,
M6.1-EGY-07,M6.1-EGY-07,elsődleges,M6,M6.1,02 Tervezet/Modulok/M6/Online leckék/M6.1 – Játék-kategóriák 3 aktuális kvucára.md,other,h5p-interaction,legyártandó,specifikáció kész,,Single Choice – Szitu 1 korosztály-választás,emberi,,,,
M6.1-EGY-08,M6.1-EGY-08,elsődleges,M6,M6.1,02 Tervezet/Modulok/M6/Online leckék/M6.1 – Játék-kategóriák 3 aktuális kvucára.md,other,h5p-interaction,legyártandó,specifikáció kész,,Szabad szöveges kérdés – Szitu 2 futkosós energizer kockázata + biztonsági keret,emberi,,,,
M6.1-EGY-09,M6.1-EGY-09,elsődleges,M6,M6.1,02 Tervezet/Modulok/M6/Online leckék/M6.1 – Játék-kategóriák 3 aktuális kvucára.md,other,h5p-interaction,legyártandó,specifikáció kész,,Single Choice – miért hasznos kategóriákban gondolkodni,emberi,,,,
M6.1-EGY-10,M6.1-EGY-10,elsődleges,M6,M6.1,02 Tervezet/Modulok/M6/Online leckék/M6.1 – Játék-kategóriák 3 aktuális kvucára.md,other,h5p-interaction,legyártandó,specifikáció kész,,Single Choice – mikor ne hozz mély élményjátékot,emberi,,,,
M6.1-EGY-11,M6.1-EGY-11,elsődleges,M6,M6.1,02 Tervezet/Modulok/M6/Online leckék/M6.1 – Játék-kategóriák 3 aktuális kvucára.md,other,h5p-interaction,legyártandó,specifikáció kész,,Nyitott kérdés – záró mini-reflexió (kedvenc játék + kockázat),emberi,,,,
M6.1-IKO-01,M6.1-IKO-01,elsődleges,M6,M6.1,02 Tervezet/Modulok/M6/Online leckék/M6.1 – Játék-kategóriák 3 aktuális kvucára.md,icon-set,,legyártandó,specifikáció kész,,Játék-kategória ikonok – 5 kategória,AI-generált,,,,
M6.1-IKO-01::ALTTEXT,M6.1-IKO-01,alt-szöveg,M6,M6.1,02 Tervezet/Modulok/M6/Online leckék/M6.1 – Játék-kategóriák 3 aktuális kvucára.md,icon-set,,legyártandó,specifikáció kész,,Játék-kategória ikonok – 5 kategória — alt-szöveg,AI-generált,,,,
M6.1-ILL-01,M6.1-ILL-01,elsődleges,M6,M6.1,02 Tervezet/Modulok/M6/Online leckék/M6.1 – Játék-kategóriák 3 aktuális kvucára.md,illustration,,legyártandó,specifikáció kész,,Kategória-kártyák 1 – ismerkedős + energizer (2 kártya),AI-generált,,,,
M6.1-ILL-01::ALTTEXT,M6.1-ILL-01,alt-szöveg,M6,M6.1,02 Tervezet/Modulok/M6/Online leckék/M6.1 – Játék-kategóriák 3 aktuális kvucára.md,illustration,,legyártandó,specifikáció kész,,Kategória-kártyák 1 – ismerkedős + energizer (2 kártya) — alt-szöveg,AI-generált,,,,
M6.1-ILL-02,M6.1-ILL-02,elsődleges,M6,M6.1,02 Tervezet/Modulok/M6/Online leckék/M6.1 – Játék-kategóriák 3 aktuális kvucára.md,illustration,,legyártandó,specifikáció kész,,Kategória-kártya 2 – bizalomjáték „Csukott szemű vezetés”,AI-generált,,,,
M6.1-ILL-02::ALTTEXT,M6.1-ILL-02,alt-szöveg,M6,M6.1,02 Tervezet/Modulok/M6/Online leckék/M6.1 – Játék-kategóriák 3 aktuális kvucára.md,illustration,,legyártandó,specifikáció kész,,Kategória-kártya 2 – bizalomjáték „Csukott szemű vezetés” — alt-szöveg,AI-generált,,,,
M6.1-ILL-03,M6.1-ILL-03,elsődleges,M6,M6.1,02 Tervezet/Modulok/M6/Online leckék/M6.1 – Játék-kategóriák 3 aktuális kvucára.md,illustration,,legyártandó,specifikáció kész,,Kategória-kártya 3 – reflexiós vs. mély élmény (2 minisztori),AI-generált,,,,
M6.1-ILL-03::ALTTEXT,M6.1-ILL-03,alt-szöveg,M6,M6.1,02 Tervezet/Modulok/M6/Online leckék/M6.1 – Játék-kategóriák 3 aktuális kvucára.md,illustration,,legyártandó,specifikáció kész,,Kategória-kártya 3 – reflexiós vs. mély élmény (2 minisztori) — alt-szöveg,AI-generált,,,,
M6.1-NAR-02,M6.1-NAR-02,elsődleges,M6,M6.1,02 Tervezet/Modulok/M6/Online leckék/M6.1 – Játék-kategóriák 3 aktuális kvucára.md,voiceover,narration,legyártandó,jogtisztázás alatt,,Narráció – SLIDE 2: 3 aktuális korosztály bemutatása,AI-generált,M6.1-NAR-02-VO,"„Ebben a modulban három aktuális kvuca-korosztállyal dolgozunk.

**Parparimnál, 6–9 éveseknél** gyakran jó kiindulópont a rövid, világos instrukció, a mozgás és a konkrét példa – de figyeld, hogy a te kvucádnak mi működik.

**Kivszánál, 10–12 éveseknél** a kortársak és a státusz kérdése sok csoportban fontosabbá válhat. Ez nem szabály: nézd meg a tényleges dinamikát.

**Leviatánnál, 13–17 éveseknél** identitás, barátság és valahová tartozás sokaknál hangsúlyos téma lehet; az idősebbeknél több tér adható vitának, önálló döntésnek és reflexiónak. A magasabb életkor nem jelent automatikus érettséget vagy nagyobb terhelhetőséget.

Ugyanaz a játék mást jelent ezeknél a korosztályoknál.
Ezért fontos, hogy **ne csak játékban**,
hanem **a játék és a kvuca párosában** gondolkodj.”",3829694775a418417df5db63b3c1a0a472bc0d195bfc4ce92bbe534d4aaf6a45,"R2, R3"
M6.1-NAR-02::CAPTIONS,M6.1-NAR-02,felirat,M6,M6.1,02 Tervezet/Modulok/M6/Online leckék/M6.1 – Játék-kategóriák 3 aktuális kvucára.md,voiceover,narration,legyártandó,jogtisztázás alatt,,Narráció – SLIDE 2: 3 aktuális korosztály bemutatása — felirat,AI-generált,M6.1-NAR-02-VO,"„Ebben a modulban három aktuális kvuca-korosztállyal dolgozunk.

**Parparimnál, 6–9 éveseknél** gyakran jó kiindulópont a rövid, világos instrukció, a mozgás és a konkrét példa – de figyeld, hogy a te kvucádnak mi működik.

**Kivszánál, 10–12 éveseknél** a kortársak és a státusz kérdése sok csoportban fontosabbá válhat. Ez nem szabály: nézd meg a tényleges dinamikát.

**Leviatánnál, 13–17 éveseknél** identitás, barátság és valahová tartozás sokaknál hangsúlyos téma lehet; az idősebbeknél több tér adható vitának, önálló döntésnek és reflexiónak. A magasabb életkor nem jelent automatikus érettséget vagy nagyobb terhelhetőséget.

Ugyanaz a játék mást jelent ezeknél a korosztályoknál.
Ezért fontos, hogy **ne csak játékban**,
hanem **a játék és a kvuca párosában** gondolkodj.”",3829694775a418417df5db63b3c1a0a472bc0d195bfc4ce92bbe534d4aaf6a45,"R2, R3"
M6.1-NAR-02::TRANSCRIPT,M6.1-NAR-02,leirat,M6,M6.1,02 Tervezet/Modulok/M6/Online leckék/M6.1 – Játék-kategóriák 3 aktuális kvucára.md,voiceover,narration,legyártandó,jogtisztázás alatt,,Narráció – SLIDE 2: 3 aktuális korosztály bemutatása — leirat,AI-generált,M6.1-NAR-02-VO,"„Ebben a modulban három aktuális kvuca-korosztállyal dolgozunk.

**Parparimnál, 6–9 éveseknél** gyakran jó kiindulópont a rövid, világos instrukció, a mozgás és a konkrét példa – de figyeld, hogy a te kvucádnak mi működik.

**Kivszánál, 10–12 éveseknél** a kortársak és a státusz kérdése sok csoportban fontosabbá válhat. Ez nem szabály: nézd meg a tényleges dinamikát.

**Leviatánnál, 13–17 éveseknél** identitás, barátság és valahová tartozás sokaknál hangsúlyos téma lehet; az idősebbeknél több tér adható vitának, önálló döntésnek és reflexiónak. A magasabb életkor nem jelent automatikus érettséget vagy nagyobb terhelhetőséget.

Ugyanaz a játék mást jelent ezeknél a korosztályoknál.
Ezért fontos, hogy **ne csak játékban**,
hanem **a játék és a kvuca párosában** gondolkodj.”",3829694775a418417df5db63b3c1a0a472bc0d195bfc4ce92bbe534d4aaf6a45,"R2, R3"
M6.1-NAR-03,M6.1-NAR-03,elsődleges,M6,M6.1,02 Tervezet/Modulok/M6/Online leckék/M6.1 – Játék-kategóriák 3 aktuális kvucára.md,voiceover,narration,legyártandó,jogtisztázás alatt,,Narráció – SLIDE 3: 5 játék-kategória,AI-generált,M6.1-NAR-03-VO,"„A ‘játék’ szó nagyon sok mindent takar.

Vannak **ismerkedős, névtanulós játékok**.
Ezeknél az a cél, hogy *mindenki sorra kerüljön*,
biztonságosan, kis tét mellett.

Vannak **energizer, mozgásos játékok**.
Ezek felrázzák a fáradt kvucát,
levezetik a feszültséget,
adnak egy kis közös nevetést.

A **bizalom- vagy kontaktjátékok** már több kockázatot hoznak.
Testközelség, érintés,
‘rábízom-e magam a többiekre’ élmény.

A **reflexiós, beszélgetős játékok**
könnyebb kérdésekkel nyitnak témákat,
segítik, hogy a kvuca megossza, amit gondol.

A **mélyebb élményjátékok**
erős, emlékezetes helyzetet teremtenek,
és utána komolyabb feldolgozást igényelnek.
Ezeket inkább nagyobbaknál, kis létszámú kvucával érdemes használni.”",6a51801924a6f81164d2eec0fb277538b82adf932fb8481b7c25e1aaf270d751,"R2, R3"
M6.1-NAR-03::CAPTIONS,M6.1-NAR-03,felirat,M6,M6.1,02 Tervezet/Modulok/M6/Online leckék/M6.1 – Játék-kategóriák 3 aktuális kvucára.md,voiceover,narration,legyártandó,jogtisztázás alatt,,Narráció – SLIDE 3: 5 játék-kategória — felirat,AI-generált,M6.1-NAR-03-VO,"„A ‘játék’ szó nagyon sok mindent takar.

Vannak **ismerkedős, névtanulós játékok**.
Ezeknél az a cél, hogy *mindenki sorra kerüljön*,
biztonságosan, kis tét mellett.

Vannak **energizer, mozgásos játékok**.
Ezek felrázzák a fáradt kvucát,
levezetik a feszültséget,
adnak egy kis közös nevetést.

A **bizalom- vagy kontaktjátékok** már több kockázatot hoznak.
Testközelség, érintés,
‘rábízom-e magam a többiekre’ élmény.

A **reflexiós, beszélgetős játékok**
könnyebb kérdésekkel nyitnak témákat,
segítik, hogy a kvuca megossza, amit gondol.

A **mélyebb élményjátékok**
erős, emlékezetes helyzetet teremtenek,
és utána komolyabb feldolgozást igényelnek.
Ezeket inkább nagyobbaknál, kis létszámú kvucával érdemes használni.”",6a51801924a6f81164d2eec0fb277538b82adf932fb8481b7c25e1aaf270d751,"R2, R3"
M6.1-NAR-03::TRANSCRIPT,M6.1-NAR-03,leirat,M6,M6.1,02 Tervezet/Modulok/M6/Online leckék/M6.1 – Játék-kategóriák 3 aktuális kvucára.md,voiceover,narration,legyártandó,jogtisztázás alatt,,Narráció – SLIDE 3: 5 játék-kategória — leirat,AI-generált,M6.1-NAR-03-VO,"„A ‘játék’ szó nagyon sok mindent takar.

Vannak **ismerkedős, névtanulós játékok**.
Ezeknél az a cél, hogy *mindenki sorra kerüljön*,
biztonságosan, kis tét mellett.

Vannak **energizer, mozgásos játékok**.
Ezek felrázzák a fáradt kvucát,
levezetik a feszültséget,
adnak egy kis közös nevetést.

A **bizalom- vagy kontaktjátékok** már több kockázatot hoznak.
Testközelség, érintés,
‘rábízom-e magam a többiekre’ élmény.

A **reflexiós, beszélgetős játékok**
könnyebb kérdésekkel nyitnak témákat,
segítik, hogy a kvuca megossza, amit gondol.

A **mélyebb élményjátékok**
erős, emlékezetes helyzetet teremtenek,
és utána komolyabb feldolgozást igényelnek.
Ezeket inkább nagyobbaknál, kis létszámú kvucával érdemes használni.”",6a51801924a6f81164d2eec0fb277538b82adf932fb8481b7c25e1aaf270d751,"R2, R3"
M6.1-NAR-04,M6.1-NAR-04,elsődleges,M6,M6.1,02 Tervezet/Modulok/M6/Online leckék/M6.1 – Játék-kategóriák 3 aktuális kvucára.md,voiceover,narration,legyártandó,jogtisztázás alatt,,Narráció – SLIDE 4: ismerkedős + energizer,AI-generált,M6.1-NAR-04-VO,"„Kezdjük két ‘alap’ kategóriával.

Az **ismerkedős, névtanulós játékok**
akkor jók, amikor friss a kvuca,
és még senki nem tudja pontosan, ki kicsoda.

A ‘Névkör labdával’ egyszerű, átlátható,
mindenki sorra kerül,
és nincs nagy tétje annak, mit mond.

Az **energizer játékok**
inkább a pörgésről és a nevetésről szólnak.
Segítenek, ha a kvuca fáradt, vagy túl feszült.

Ezek a játékok általában nagyon jól működnek
egy 6–9 éves Parparim-kvucánál, illetve többnyire megfelelőek egy 10–12 éves Kivsza-kvucának is.
Nagyobbaknál már érdemes csavart, humort vinni bele,
hogy ne legyen ‘túl gyerekes’ érzésük.”",27dee1dd36da1cedf8586ee456844d3521ae31c8f6ed37b62cbf97987e3732c6,"R2, R3"
M6.1-NAR-04::CAPTIONS,M6.1-NAR-04,felirat,M6,M6.1,02 Tervezet/Modulok/M6/Online leckék/M6.1 – Játék-kategóriák 3 aktuális kvucára.md,voiceover,narration,legyártandó,jogtisztázás alatt,,Narráció – SLIDE 4: ismerkedős + energizer — felirat,AI-generált,M6.1-NAR-04-VO,"„Kezdjük két ‘alap’ kategóriával.

Az **ismerkedős, névtanulós játékok**
akkor jók, amikor friss a kvuca,
és még senki nem tudja pontosan, ki kicsoda.

A ‘Névkör labdával’ egyszerű, átlátható,
mindenki sorra kerül,
és nincs nagy tétje annak, mit mond.

Az **energizer játékok**
inkább a pörgésről és a nevetésről szólnak.
Segítenek, ha a kvuca fáradt, vagy túl feszült.

Ezek a játékok általában nagyon jól működnek
egy 6–9 éves Parparim-kvucánál, illetve többnyire megfelelőek egy 10–12 éves Kivsza-kvucának is.
Nagyobbaknál már érdemes csavart, humort vinni bele,
hogy ne legyen ‘túl gyerekes’ érzésük.”",27dee1dd36da1cedf8586ee456844d3521ae31c8f6ed37b62cbf97987e3732c6,"R2, R3"
M6.1-NAR-04::TRANSCRIPT,M6.1-NAR-04,leirat,M6,M6.1,02 Tervezet/Modulok/M6/Online leckék/M6.1 – Játék-kategóriák 3 aktuális kvucára.md,voiceover,narration,legyártandó,jogtisztázás alatt,,Narráció – SLIDE 4: ismerkedős + energizer — leirat,AI-generált,M6.1-NAR-04-VO,"„Kezdjük két ‘alap’ kategóriával.

Az **ismerkedős, névtanulós játékok**
akkor jók, amikor friss a kvuca,
és még senki nem tudja pontosan, ki kicsoda.

A ‘Névkör labdával’ egyszerű, átlátható,
mindenki sorra kerül,
és nincs nagy tétje annak, mit mond.

Az **energizer játékok**
inkább a pörgésről és a nevetésről szólnak.
Segítenek, ha a kvuca fáradt, vagy túl feszült.

Ezek a játékok általában nagyon jól működnek
egy 6–9 éves Parparim-kvucánál, illetve többnyire megfelelőek egy 10–12 éves Kivsza-kvucának is.
Nagyobbaknál már érdemes csavart, humort vinni bele,
hogy ne legyen ‘túl gyerekes’ érzésük.”",27dee1dd36da1cedf8586ee456844d3521ae31c8f6ed37b62cbf97987e3732c6,"R2, R3"
M6.1-NAR-05,M6.1-NAR-05,elsődleges,M6,M6.1,02 Tervezet/Modulok/M6/Online leckék/M6.1 – Játék-kategóriák 3 aktuális kvucára.md,voiceover,narration,legyártandó,jogtisztázás alatt,,Narráció – SLIDE 5: bizalom-/kontaktjáték + kockázat,AI-generált,M6.1-NAR-05-VO,"„A **bizalom- és kontaktjátékok** már egy másik szint.

A ‘Csukott szemű vezetés’-nél
valakinek szó szerint rá kell bíznia magát a társára.
Nem látja, merre megy.
A másik felel a biztonságáért.

Ez nagyon erős élmény lehet.
És közben nagy a **fizikai és érzelmi kockázat** is.

Ilyen játékoknál mindig nézd:
hány évesek, mennyire ismerik egymást,
mennyire tudják jelezni, ha **valami sok** nekik.

Idősebb kvucáknál is csak akkor használd,
ha a konkrét csoport és a helyzet ezt indokolja.
Fiatalabbaknál pedig különösen egyszerű, rövid,
jól szabályozott változatban gondolkodj.”",7c7fd142c05ea108e99ce2b21f97a2509688731b7db9b83bd8767ec723d36ca2,"R2, R3"
M6.1-NAR-05::CAPTIONS,M6.1-NAR-05,felirat,M6,M6.1,02 Tervezet/Modulok/M6/Online leckék/M6.1 – Játék-kategóriák 3 aktuális kvucára.md,voiceover,narration,legyártandó,jogtisztázás alatt,,Narráció – SLIDE 5: bizalom-/kontaktjáték + kockázat — felirat,AI-generált,M6.1-NAR-05-VO,"„A **bizalom- és kontaktjátékok** már egy másik szint.

A ‘Csukott szemű vezetés’-nél
valakinek szó szerint rá kell bíznia magát a társára.
Nem látja, merre megy.
A másik felel a biztonságáért.

Ez nagyon erős élmény lehet.
És közben nagy a **fizikai és érzelmi kockázat** is.

Ilyen játékoknál mindig nézd:
hány évesek, mennyire ismerik egymást,
mennyire tudják jelezni, ha **valami sok** nekik.

Idősebb kvucáknál is csak akkor használd,
ha a konkrét csoport és a helyzet ezt indokolja.
Fiatalabbaknál pedig különösen egyszerű, rövid,
jól szabályozott változatban gondolkodj.”",7c7fd142c05ea108e99ce2b21f97a2509688731b7db9b83bd8767ec723d36ca2,"R2, R3"
M6.1-NAR-05::TRANSCRIPT,M6.1-NAR-05,leirat,M6,M6.1,02 Tervezet/Modulok/M6/Online leckék/M6.1 – Játék-kategóriák 3 aktuális kvucára.md,voiceover,narration,legyártandó,jogtisztázás alatt,,Narráció – SLIDE 5: bizalom-/kontaktjáték + kockázat — leirat,AI-generált,M6.1-NAR-05-VO,"„A **bizalom- és kontaktjátékok** már egy másik szint.

A ‘Csukott szemű vezetés’-nél
valakinek szó szerint rá kell bíznia magát a társára.
Nem látja, merre megy.
A másik felel a biztonságáért.

Ez nagyon erős élmény lehet.
És közben nagy a **fizikai és érzelmi kockázat** is.

Ilyen játékoknál mindig nézd:
hány évesek, mennyire ismerik egymást,
mennyire tudják jelezni, ha **valami sok** nekik.

Idősebb kvucáknál is csak akkor használd,
ha a konkrét csoport és a helyzet ezt indokolja.
Fiatalabbaknál pedig különösen egyszerű, rövid,
jól szabályozott változatban gondolkodj.”",7c7fd142c05ea108e99ce2b21f97a2509688731b7db9b83bd8767ec723d36ca2,"R2, R3"
M6.1-NAR-06,M6.1-NAR-06,elsődleges,M6,M6.1,02 Tervezet/Modulok/M6/Online leckék/M6.1 – Játék-kategóriák 3 aktuális kvucára.md,voiceover,narration,legyártandó,jogtisztázás alatt,,Narráció – SLIDE 6: reflexiós vs. mély élmény,AI-generált,M6.1-NAR-06-VO,"„A **reflexiós játékok**
és a **mélyebb élményjátékok** között is van különbség.

Egy beszélgetőkártyás játék
könnyebben emészthető.
Egyszerű kérdések, rövid válaszok,
mindenki maga dönti el, mennyire megy mélyre.

A kirekesztésről is lehet komolyan gondolkodni,
de ehhez nem kell senkit ténylegesen kirekeszteni.
Használj fiktív, nem beazonosítható esetet,
és a kvucával kívülről nézzétek meg a szereplők döntéseit.

Ilyen érzékeny témánál fontos,
hogy legyen rá idő, tér és utólagos megbeszélés,
és hogy a kérdések illeszkedjenek a konkrét kvucához.
Nem az életkor önmagában dönti el, mi fér bele.”",bc24a04420ed059d3133439a96395fffd86aeb8e08c6529a49d29c71e1d289a5,"R2, R3"
M6.1-NAR-06::CAPTIONS,M6.1-NAR-06,felirat,M6,M6.1,02 Tervezet/Modulok/M6/Online leckék/M6.1 – Játék-kategóriák 3 aktuális kvucára.md,voiceover,narration,legyártandó,jogtisztázás alatt,,Narráció – SLIDE 6: reflexiós vs. mély élmény — felirat,AI-generált,M6.1-NAR-06-VO,"„A **reflexiós játékok**
és a **mélyebb élményjátékok** között is van különbség.

Egy beszélgetőkártyás játék
könnyebben emészthető.
Egyszerű kérdések, rövid válaszok,
mindenki maga dönti el, mennyire megy mélyre.

A kirekesztésről is lehet komolyan gondolkodni,
de ehhez nem kell senkit ténylegesen kirekeszteni.
Használj fiktív, nem beazonosítható esetet,
és a kvucával kívülről nézzétek meg a szereplők döntéseit.

Ilyen érzékeny témánál fontos,
hogy legyen rá idő, tér és utólagos megbeszélés,
és hogy a kérdések illeszkedjenek a konkrét kvucához.
Nem az életkor önmagában dönti el, mi fér bele.”",bc24a04420ed059d3133439a96395fffd86aeb8e08c6529a49d29c71e1d289a5,"R2, R3"
M6.1-NAR-06::TRANSCRIPT,M6.1-NAR-06,leirat,M6,M6.1,02 Tervezet/Modulok/M6/Online leckék/M6.1 – Játék-kategóriák 3 aktuális kvucára.md,voiceover,narration,legyártandó,jogtisztázás alatt,,Narráció – SLIDE 6: reflexiós vs. mély élmény — leirat,AI-generált,M6.1-NAR-06-VO,"„A **reflexiós játékok**
és a **mélyebb élményjátékok** között is van különbség.

Egy beszélgetőkártyás játék
könnyebben emészthető.
Egyszerű kérdések, rövid válaszok,
mindenki maga dönti el, mennyire megy mélyre.

A kirekesztésről is lehet komolyan gondolkodni,
de ehhez nem kell senkit ténylegesen kirekeszteni.
Használj fiktív, nem beazonosítható esetet,
és a kvucával kívülről nézzétek meg a szereplők döntéseit.

Ilyen érzékeny témánál fontos,
hogy legyen rá idő, tér és utólagos megbeszélés,
és hogy a kérdések illeszkedjenek a konkrét kvucához.
Nem az életkor önmagában dönti el, mi fér bele.”",bc24a04420ed059d3133439a96395fffd86aeb8e08c6529a49d29c71e1d289a5,"R2, R3"
M6.1-NAR-07,M6.1-NAR-07,elsődleges,M6,M6.1,02 Tervezet/Modulok/M6/Online leckék/M6.1 – Játék-kategóriák 3 aktuális kvucára.md,voiceover,narration,legyártandó,jogtisztázás alatt,,Narráció – SLIDE 8 outro (opcionális rövid videóhoz),AI-generált,M6.1-NAR-07-VO,"„Zárásként nézzük meg, mire emlékszel.

Tudod-e, miért hasznos **kategóriákban gondolkodni**,
és mikor nem jó **túl mély** játékot hozni?

A végén egy mondatban írd le azt is,
hogy egy saját kedvenc játékodat
melyik korosztálynál használnád inkább,
és mi az az egy kockázat, amire figyelnél benne.”",ca46104110ba2aedf88e51761c7df57d66f5fc95493acee15c1a4dea46a64235,"R2, R3"
M6.1-NAR-07::CAPTIONS,M6.1-NAR-07,felirat,M6,M6.1,02 Tervezet/Modulok/M6/Online leckék/M6.1 – Játék-kategóriák 3 aktuális kvucára.md,voiceover,narration,legyártandó,jogtisztázás alatt,,Narráció – SLIDE 8 outro (opcionális rövid videóhoz) — felirat,AI-generált,M6.1-NAR-07-VO,"„Zárásként nézzük meg, mire emlékszel.

Tudod-e, miért hasznos **kategóriákban gondolkodni**,
és mikor nem jó **túl mély** játékot hozni?

A végén egy mondatban írd le azt is,
hogy egy saját kedvenc játékodat
melyik korosztálynál használnád inkább,
és mi az az egy kockázat, amire figyelnél benne.”",ca46104110ba2aedf88e51761c7df57d66f5fc95493acee15c1a4dea46a64235,"R2, R3"
M6.1-NAR-07::TRANSCRIPT,M6.1-NAR-07,leirat,M6,M6.1,02 Tervezet/Modulok/M6/Online leckék/M6.1 – Játék-kategóriák 3 aktuális kvucára.md,voiceover,narration,legyártandó,jogtisztázás alatt,,Narráció – SLIDE 8 outro (opcionális rövid videóhoz) — leirat,AI-generált,M6.1-NAR-07-VO,"„Zárásként nézzük meg, mire emlékszel.

Tudod-e, miért hasznos **kategóriákban gondolkodni**,
és mikor nem jó **túl mély** játékot hozni?

A végén egy mondatban írd le azt is,
hogy egy saját kedvenc játékodat
melyik korosztálynál használnád inkább,
és mi az az egy kockázat, amire figyelnél benne.”",ca46104110ba2aedf88e51761c7df57d66f5fc95493acee15c1a4dea46a64235,"R2, R3"
M6.1-VID-01,M6.1-VID-01,elsődleges,M6,M6.1,02 Tervezet/Modulok/M6/Online leckék/M6.1 – Játék-kategóriák 3 aktuális kvucára.md,video,ai-talking-head,legyártandó,jogtisztázás alatt,,"Hook beszélőfej-videó – „Volt már olyan, hogy nem ült a játék?”",AI-generált,M6.1-VID-01-VO,"„Szia!
Volt már olyan, hogy bedobtál egy játékot,
és azt érezted: *‘ez most nagyon nem működik’*?

Lehet, hogy túlpörgette a kvucát.
Lehet, hogy mindenki unta.
Lehet, hogy valaki teljesen kiesett belőle.

Maga a játék ettől még lehet jó.
Csak **nem annak a korosztálynak**.
Vagy **nem abban a hangulatban**.
Vagy **nem ebben a térben**.

Ebben a leckében azt nézzük meg,
hogyan gondolkodhatsz **játék-kategóriákban**
és **három aktuális korosztályban**,
hogy tudatosabban válassz a kvucádnak.”",b750e8d307086e3a46389f3663a6eb5866292cb2bfc2f6b495e4a88f22cf3659,"R2, R3"
M6.1-VID-01::VOICEOVER,M6.1-VID-01,felmondott hang,M6,M6.1,02 Tervezet/Modulok/M6/Online leckék/M6.1 – Játék-kategóriák 3 aktuális kvucára.md,video,ai-talking-head,legyártandó,jogtisztázás alatt,,"Hook beszélőfej-videó – „Volt már olyan, hogy nem ült a játék?” — felmondott hang",AI-generált,M6.1-VID-01-VO,"„Szia!
Volt már olyan, hogy bedobtál egy játékot,
és azt érezted: *‘ez most nagyon nem működik’*?

Lehet, hogy túlpörgette a kvucát.
Lehet, hogy mindenki unta.
Lehet, hogy valaki teljesen kiesett belőle.

Maga a játék ettől még lehet jó.
Csak **nem annak a korosztálynak**.
Vagy **nem abban a hangulatban**.
Vagy **nem ebben a térben**.

Ebben a leckében azt nézzük meg,
hogyan gondolkodhatsz **játék-kategóriákban**
és **három aktuális korosztályban**,
hogy tudatosabban válassz a kvucádnak.”",b750e8d307086e3a46389f3663a6eb5866292cb2bfc2f6b495e4a88f22cf3659,"R2, R3"
M6.1-VID-01::CAPTIONS,M6.1-VID-01,felirat,M6,M6.1,02 Tervezet/Modulok/M6/Online leckék/M6.1 – Játék-kategóriák 3 aktuális kvucára.md,video,ai-talking-head,legyártandó,jogtisztázás alatt,,"Hook beszélőfej-videó – „Volt már olyan, hogy nem ült a játék?” — felirat",AI-generált,M6.1-VID-01-VO,"„Szia!
Volt már olyan, hogy bedobtál egy játékot,
és azt érezted: *‘ez most nagyon nem működik’*?

Lehet, hogy túlpörgette a kvucát.
Lehet, hogy mindenki unta.
Lehet, hogy valaki teljesen kiesett belőle.

Maga a játék ettől még lehet jó.
Csak **nem annak a korosztálynak**.
Vagy **nem abban a hangulatban**.
Vagy **nem ebben a térben**.

Ebben a leckében azt nézzük meg,
hogyan gondolkodhatsz **játék-kategóriákban**
és **három aktuális korosztályban**,
hogy tudatosabban válassz a kvucádnak.”",b750e8d307086e3a46389f3663a6eb5866292cb2bfc2f6b495e4a88f22cf3659,"R2, R3"
M6.1-VID-01::TRANSCRIPT,M6.1-VID-01,leirat,M6,M6.1,02 Tervezet/Modulok/M6/Online leckék/M6.1 – Játék-kategóriák 3 aktuális kvucára.md,video,ai-talking-head,legyártandó,jogtisztázás alatt,,"Hook beszélőfej-videó – „Volt már olyan, hogy nem ült a játék?” — leirat",AI-generált,M6.1-VID-01-VO,"„Szia!
Volt már olyan, hogy bedobtál egy játékot,
és azt érezted: *‘ez most nagyon nem működik’*?

Lehet, hogy túlpörgette a kvucát.
Lehet, hogy mindenki unta.
Lehet, hogy valaki teljesen kiesett belőle.

Maga a játék ettől még lehet jó.
Csak **nem annak a korosztálynak**.
Vagy **nem abban a hangulatban**.
Vagy **nem ebben a térben**.

Ebben a leckében azt nézzük meg,
hogyan gondolkodhatsz **játék-kategóriákban**
és **három aktuális korosztályban**,
hogy tudatosabban válassz a kvucádnak.”",b750e8d307086e3a46389f3663a6eb5866292cb2bfc2f6b495e4a88f22cf3659,"R2, R3"
M6.2-DIA-01,M6.2-DIA-01,elsődleges,M6,M6.2,"02 Tervezet/Modulok/M6/Online leckék/M6.2 – Történet, mint tükör.md",diagram,,legyártandó,specifikáció kész,,Kétoszlopos „Oké / Figyelj rá” táblázat-ábra,AI-generált,,,,
M6.2-DIA-01::ALTTEXT,M6.2-DIA-01,alt-szöveg,M6,M6.2,"02 Tervezet/Modulok/M6/Online leckék/M6.2 – Történet, mint tükör.md",diagram,,legyártandó,specifikáció kész,,Kétoszlopos „Oké / Figyelj rá” táblázat-ábra — alt-szöveg,AI-generált,,,,
M6.2-IKO-01,M6.2-IKO-01,elsődleges,M6,M6.2,"02 Tervezet/Modulok/M6/Online leckék/M6.2 – Történet, mint tükör.md",icon-set,,legyártandó,specifikáció kész,,"Tartalmi ikonok – „Miért mesélünk?” (szív, tükör, kérdőjel)",AI-generált,,,,
M6.2-IKO-01::ALTTEXT,M6.2-IKO-01,alt-szöveg,M6,M6.2,"02 Tervezet/Modulok/M6/Online leckék/M6.2 – Történet, mint tükör.md",icon-set,,legyártandó,specifikáció kész,,"Tartalmi ikonok – „Miért mesélünk?” (szív, tükör, kérdőjel) — alt-szöveg",AI-generált,,,,
M6.2-NAR-02,M6.2-NAR-02,elsődleges,M6,M6.2,"02 Tervezet/Modulok/M6/Online leckék/M6.2 – Történet, mint tükör.md",voiceover,narration,legyártandó,jogtisztázás alatt,,Narráció – SLIDE 2 „Miért mesélünk történeteket?” (40–50 mp),AI-generált,M6.2-NAR-02-VO,"„Peulán nemcsak azért mesélünk történetet,
mert ‘jól hangzik’, hanem mert **eszköz**.

Egy történet segít, hogy ne csak gondolkodjanak,
hanem **érezzenek is valamit**.
Lássanak egy konkrét helyzetet,
amiben akár magukra ismerhetnek.

Sokszor könnyebb egy **kitalált szereplőről** beszélni,
mint rögtön saját élményről.
Kisebb a bevonódás, esetleg a szégyen, így kisebb a tét.

Ha utána **jól kérdezel**,
a történet nemcsak ‘szép sztori’ lesz,
hanem **tükröt tart** a kvucának:
‘Hol vagyok én ebben? Mit csinálnék másképp?’”",6d84d13fcacef0079cbdff95ddc2b72846c3acf78c6997f4e2f0190992006a2a,"R2, R3"
M6.2-NAR-02::CAPTIONS,M6.2-NAR-02,felirat,M6,M6.2,"02 Tervezet/Modulok/M6/Online leckék/M6.2 – Történet, mint tükör.md",voiceover,narration,legyártandó,jogtisztázás alatt,,Narráció – SLIDE 2 „Miért mesélünk történeteket?” (40–50 mp) — felirat,AI-generált,M6.2-NAR-02-VO,"„Peulán nemcsak azért mesélünk történetet,
mert ‘jól hangzik’, hanem mert **eszköz**.

Egy történet segít, hogy ne csak gondolkodjanak,
hanem **érezzenek is valamit**.
Lássanak egy konkrét helyzetet,
amiben akár magukra ismerhetnek.

Sokszor könnyebb egy **kitalált szereplőről** beszélni,
mint rögtön saját élményről.
Kisebb a bevonódás, esetleg a szégyen, így kisebb a tét.

Ha utána **jól kérdezel**,
a történet nemcsak ‘szép sztori’ lesz,
hanem **tükröt tart** a kvucának:
‘Hol vagyok én ebben? Mit csinálnék másképp?’”",6d84d13fcacef0079cbdff95ddc2b72846c3acf78c6997f4e2f0190992006a2a,"R2, R3"
M6.2-NAR-02::TRANSCRIPT,M6.2-NAR-02,leirat,M6,M6.2,"02 Tervezet/Modulok/M6/Online leckék/M6.2 – Történet, mint tükör.md",voiceover,narration,legyártandó,jogtisztázás alatt,,Narráció – SLIDE 2 „Miért mesélünk történeteket?” (40–50 mp) — leirat,AI-generált,M6.2-NAR-02-VO,"„Peulán nemcsak azért mesélünk történetet,
mert ‘jól hangzik’, hanem mert **eszköz**.

Egy történet segít, hogy ne csak gondolkodjanak,
hanem **érezzenek is valamit**.
Lássanak egy konkrét helyzetet,
amiben akár magukra ismerhetnek.

Sokszor könnyebb egy **kitalált szereplőről** beszélni,
mint rögtön saját élményről.
Kisebb a bevonódás, esetleg a szégyen, így kisebb a tét.

Ha utána **jól kérdezel**,
a történet nemcsak ‘szép sztori’ lesz,
hanem **tükröt tart** a kvucának:
‘Hol vagyok én ebben? Mit csinálnék másképp?’”",6d84d13fcacef0079cbdff95ddc2b72846c3acf78c6997f4e2f0190992006a2a,"R2, R3"
M6.2-NAR-04,M6.2-NAR-04,elsődleges,M6,M6.2,"02 Tervezet/Modulok/M6/Online leckék/M6.2 – Történet, mint tükör.md",voiceover,narration,legyártandó,jogtisztázás alatt,,Narráció – SLIDE 4 történet 2. rész (40–50 mp),AI-generált,M6.2-NAR-04-VO,"„A beszólás után Lili elhallgat.
Lehajtja a fejét, hátradől.

A madrih hallja, mi történt.
Látszik rajta, hogy gondolkodik,
de végül csak megköszöni Lilinek a megosztást,
és megy tovább a kör.

A peula véget ér.
Lili szinte végig csendben marad.

A végén két hanih odamegy a madrihhoz,
és azt mondják:
‘Figyi, szerintünk ez nem volt oké.
Lehetett volna valamit csinálni?’

Most jön az a rész,
ahol **a történet tükröt tarthat a kvucának**.”",f78f0c8b737f2434ee9f8025e63134936359d43d8b83a1018be5fe0061add7a0,"R2, R3"
M6.2-NAR-04::CAPTIONS,M6.2-NAR-04,felirat,M6,M6.2,"02 Tervezet/Modulok/M6/Online leckék/M6.2 – Történet, mint tükör.md",voiceover,narration,legyártandó,jogtisztázás alatt,,Narráció – SLIDE 4 történet 2. rész (40–50 mp) — felirat,AI-generált,M6.2-NAR-04-VO,"„A beszólás után Lili elhallgat.
Lehajtja a fejét, hátradől.

A madrih hallja, mi történt.
Látszik rajta, hogy gondolkodik,
de végül csak megköszöni Lilinek a megosztást,
és megy tovább a kör.

A peula véget ér.
Lili szinte végig csendben marad.

A végén két hanih odamegy a madrihhoz,
és azt mondják:
‘Figyi, szerintünk ez nem volt oké.
Lehetett volna valamit csinálni?’

Most jön az a rész,
ahol **a történet tükröt tarthat a kvucának**.”",f78f0c8b737f2434ee9f8025e63134936359d43d8b83a1018be5fe0061add7a0,"R2, R3"
M6.2-NAR-04::TRANSCRIPT,M6.2-NAR-04,leirat,M6,M6.2,"02 Tervezet/Modulok/M6/Online leckék/M6.2 – Történet, mint tükör.md",voiceover,narration,legyártandó,jogtisztázás alatt,,Narráció – SLIDE 4 történet 2. rész (40–50 mp) — leirat,AI-generált,M6.2-NAR-04-VO,"„A beszólás után Lili elhallgat.
Lehajtja a fejét, hátradől.

A madrih hallja, mi történt.
Látszik rajta, hogy gondolkodik,
de végül csak megköszöni Lilinek a megosztást,
és megy tovább a kör.

A peula véget ér.
Lili szinte végig csendben marad.

A végén két hanih odamegy a madrihhoz,
és azt mondják:
‘Figyi, szerintünk ez nem volt oké.
Lehetett volna valamit csinálni?’

Most jön az a rész,
ahol **a történet tükröt tarthat a kvucának**.”",f78f0c8b737f2434ee9f8025e63134936359d43d8b83a1018be5fe0061add7a0,"R2, R3"
M6.2-NAR-05,M6.2-NAR-05,elsődleges,M6,M6.2,"02 Tervezet/Modulok/M6/Online leckék/M6.2 – Történet, mint tükör.md",voiceover,narration,legyártandó,jogtisztázás alatt,,"Narráció – SLIDE 5 „Történet, mint tükör – kérdések” (45–60 mp)",AI-generált,M6.2-NAR-05-VO,"„Ahhoz, hogy a történet **tükör** legyen,
nem elég elmesélni és továbbmenni.

Az segít, ha olyan kérdéseket teszel fel,
amelyekben a hanihok **magukra ismerhetnek**,
de **nem szégyenülnek meg**.

Ilyenek lehetnek például:

– ‘Melyik szereplő nézőpontját érted a legjobban, és miért?’
– ‘Milyen hasonló helyzet volt már nálatok?
Nem kell nevet mondani.’
– ‘Te mit tettél volna a madrih helyében?’
– ‘Mit szeretnél, mit tegyen a kvuca,
ha legközelebb valakit kinevetnek?’

Ezek **nyitott kérdések**.
Nincs egyetlen jó válasz.
És nem azt kérdezik:
‘Na, ki szokott így beszólni közületek?’”",f219beea277d1473e160e2153ff6479aedbed7e815431be6f74333d3525b34c7,"R2, R3"
M6.2-NAR-05::CAPTIONS,M6.2-NAR-05,felirat,M6,M6.2,"02 Tervezet/Modulok/M6/Online leckék/M6.2 – Történet, mint tükör.md",voiceover,narration,legyártandó,jogtisztázás alatt,,"Narráció – SLIDE 5 „Történet, mint tükör – kérdések” (45–60 mp) — felirat",AI-generált,M6.2-NAR-05-VO,"„Ahhoz, hogy a történet **tükör** legyen,
nem elég elmesélni és továbbmenni.

Az segít, ha olyan kérdéseket teszel fel,
amelyekben a hanihok **magukra ismerhetnek**,
de **nem szégyenülnek meg**.

Ilyenek lehetnek például:

– ‘Melyik szereplő nézőpontját érted a legjobban, és miért?’
– ‘Milyen hasonló helyzet volt már nálatok?
Nem kell nevet mondani.’
– ‘Te mit tettél volna a madrih helyében?’
– ‘Mit szeretnél, mit tegyen a kvuca,
ha legközelebb valakit kinevetnek?’

Ezek **nyitott kérdések**.
Nincs egyetlen jó válasz.
És nem azt kérdezik:
‘Na, ki szokott így beszólni közületek?’”",f219beea277d1473e160e2153ff6479aedbed7e815431be6f74333d3525b34c7,"R2, R3"
M6.2-NAR-05::TRANSCRIPT,M6.2-NAR-05,leirat,M6,M6.2,"02 Tervezet/Modulok/M6/Online leckék/M6.2 – Történet, mint tükör.md",voiceover,narration,legyártandó,jogtisztázás alatt,,"Narráció – SLIDE 5 „Történet, mint tükör – kérdések” (45–60 mp) — leirat",AI-generált,M6.2-NAR-05-VO,"„Ahhoz, hogy a történet **tükör** legyen,
nem elég elmesélni és továbbmenni.

Az segít, ha olyan kérdéseket teszel fel,
amelyekben a hanihok **magukra ismerhetnek**,
de **nem szégyenülnek meg**.

Ilyenek lehetnek például:

– ‘Melyik szereplő nézőpontját érted a legjobban, és miért?’
– ‘Milyen hasonló helyzet volt már nálatok?
Nem kell nevet mondani.’
– ‘Te mit tettél volna a madrih helyében?’
– ‘Mit szeretnél, mit tegyen a kvuca,
ha legközelebb valakit kinevetnek?’

Ezek **nyitott kérdések**.
Nincs egyetlen jó válasz.
És nem azt kérdezik:
‘Na, ki szokott így beszólni közületek?’”",f219beea277d1473e160e2153ff6479aedbed7e815431be6f74333d3525b34c7,"R2, R3"
M6.2-NAR-06,M6.2-NAR-06,elsődleges,M6,M6.2,"02 Tervezet/Modulok/M6/Online leckék/M6.2 – Történet, mint tükör.md",voiceover,narration,legyártandó,jogtisztázás alatt,,Narráció – SLIDE 6 „Nem minden téma és nyelv jó” (45–60 mp),AI-generált,M6.2-NAR-06-VO,"„Fontos, hogy **nem minden történet jó minden korosztálynak**.

Kisebbeknél (Parparim 6–9, Kivsza 10–12)
jobbak az egyszerű, hétköznapi helyzetek:
kinevetés, bátorság, együttműködés.

Rövid sztori, kevés szereplő,
érthető, konkrét nyelv.

Arra viszont nagyon figyelj,
hogy ne hozz be túl sötét, traumatikus történeteket
pusztán ‘drámai hatásból’.

Ha valaki épp most él át hasonlót,
ez **túl sok** lehet neki.

Ugyanígy: vallási vagy politikai kérdéseknél
fontos, hogy értsd a kvucádat, a kontextust,
és hogy legyen idő, tér a feldolgozásra.

A cél nem az, hogy elrettentsük vagy megijesszük a hanihokat,
hanem hogy segítő **tükröt** adjunk nekik.”",e58dd7b746d44654201672b8ff90b5021d249da677434b5cbfdcc00e3a8b203e,"R2, R3"
M6.2-NAR-06::CAPTIONS,M6.2-NAR-06,felirat,M6,M6.2,"02 Tervezet/Modulok/M6/Online leckék/M6.2 – Történet, mint tükör.md",voiceover,narration,legyártandó,jogtisztázás alatt,,Narráció – SLIDE 6 „Nem minden téma és nyelv jó” (45–60 mp) — felirat,AI-generált,M6.2-NAR-06-VO,"„Fontos, hogy **nem minden történet jó minden korosztálynak**.

Kisebbeknél (Parparim 6–9, Kivsza 10–12)
jobbak az egyszerű, hétköznapi helyzetek:
kinevetés, bátorság, együttműködés.

Rövid sztori, kevés szereplő,
érthető, konkrét nyelv.

Arra viszont nagyon figyelj,
hogy ne hozz be túl sötét, traumatikus történeteket
pusztán ‘drámai hatásból’.

Ha valaki épp most él át hasonlót,
ez **túl sok** lehet neki.

Ugyanígy: vallási vagy politikai kérdéseknél
fontos, hogy értsd a kvucádat, a kontextust,
és hogy legyen idő, tér a feldolgozásra.

A cél nem az, hogy elrettentsük vagy megijesszük a hanihokat,
hanem hogy segítő **tükröt** adjunk nekik.”",e58dd7b746d44654201672b8ff90b5021d249da677434b5cbfdcc00e3a8b203e,"R2, R3"
M6.2-NAR-06::TRANSCRIPT,M6.2-NAR-06,leirat,M6,M6.2,"02 Tervezet/Modulok/M6/Online leckék/M6.2 – Történet, mint tükör.md",voiceover,narration,legyártandó,jogtisztázás alatt,,Narráció – SLIDE 6 „Nem minden téma és nyelv jó” (45–60 mp) — leirat,AI-generált,M6.2-NAR-06-VO,"„Fontos, hogy **nem minden történet jó minden korosztálynak**.

Kisebbeknél (Parparim 6–9, Kivsza 10–12)
jobbak az egyszerű, hétköznapi helyzetek:
kinevetés, bátorság, együttműködés.

Rövid sztori, kevés szereplő,
érthető, konkrét nyelv.

Arra viszont nagyon figyelj,
hogy ne hozz be túl sötét, traumatikus történeteket
pusztán ‘drámai hatásból’.

Ha valaki épp most él át hasonlót,
ez **túl sok** lehet neki.

Ugyanígy: vallási vagy politikai kérdéseknél
fontos, hogy értsd a kvucádat, a kontextust,
és hogy legyen idő, tér a feldolgozásra.

A cél nem az, hogy elrettentsük vagy megijesszük a hanihokat,
hanem hogy segítő **tükröt** adjunk nekik.”",e58dd7b746d44654201672b8ff90b5021d249da677434b5cbfdcc00e3a8b203e,"R2, R3"
M6.2-NAR-07,M6.2-NAR-07,elsődleges,M6,M6.2,"02 Tervezet/Modulok/M6/Online leckék/M6.2 – Történet, mint tükör.md",voiceover,narration,legyártandó,jogtisztázás alatt,,Narráció – SLIDE 7 Activity „Te hogyan tennéd tükörré?” (30–40 mp),AI-generált,M6.2-NAR-07-VO,"„Most rajtad a sor.

Képzeld el, hogy ezt a történetet
a saját kvucádnak meséled el.

Milyen kérdéseket tennél fel utána,
hogy segítsd a gondolkodást?

És milyen kérdést **nem** tennél fel,
mert tudod, hogy szégyenítő lehet, vagy túlságosan irányító?

Írj le **két nyitott kérdést**,
és egy olyat, amit inkább nem használnál.”",453015a874561ee4d2fe3d20a19da232c98081d1804ce823b43861f29db2fd6b,"R2, R3"
M6.2-NAR-07::CAPTIONS,M6.2-NAR-07,felirat,M6,M6.2,"02 Tervezet/Modulok/M6/Online leckék/M6.2 – Történet, mint tükör.md",voiceover,narration,legyártandó,jogtisztázás alatt,,Narráció – SLIDE 7 Activity „Te hogyan tennéd tükörré?” (30–40 mp) — felirat,AI-generált,M6.2-NAR-07-VO,"„Most rajtad a sor.

Képzeld el, hogy ezt a történetet
a saját kvucádnak meséled el.

Milyen kérdéseket tennél fel utána,
hogy segítsd a gondolkodást?

És milyen kérdést **nem** tennél fel,
mert tudod, hogy szégyenítő lehet, vagy túlságosan irányító?

Írj le **két nyitott kérdést**,
és egy olyat, amit inkább nem használnál.”",453015a874561ee4d2fe3d20a19da232c98081d1804ce823b43861f29db2fd6b,"R2, R3"
M6.2-NAR-07::TRANSCRIPT,M6.2-NAR-07,leirat,M6,M6.2,"02 Tervezet/Modulok/M6/Online leckék/M6.2 – Történet, mint tükör.md",voiceover,narration,legyártandó,jogtisztázás alatt,,Narráció – SLIDE 7 Activity „Te hogyan tennéd tükörré?” (30–40 mp) — leirat,AI-generált,M6.2-NAR-07-VO,"„Most rajtad a sor.

Képzeld el, hogy ezt a történetet
a saját kvucádnak meséled el.

Milyen kérdéseket tennél fel utána,
hogy segítsd a gondolkodást?

És milyen kérdést **nem** tennél fel,
mert tudod, hogy szégyenítő lehet, vagy túlságosan irányító?

Írj le **két nyitott kérdést**,
és egy olyat, amit inkább nem használnál.”",453015a874561ee4d2fe3d20a19da232c98081d1804ce823b43861f29db2fd6b,"R2, R3"
M6.2-VID-01,M6.2-VID-01,elsődleges,M6,M6.2,"02 Tervezet/Modulok/M6/Online leckék/M6.2 – Történet, mint tükör.md",video,ai-talking-head,legyártandó,jogtisztázás alatt,,Hook – AI beszélő fej: „kínos csend lett a sztori után?”,AI-generált,M6.2-VID-01-VO,"„Szia!
Történt már veled olyan, hogy elmeséltél a kvucádnak egy sztorit,
és utána **kínos csend lett**?

Te lelkesedtél,
de a többiek néztek rád,
mintha nem értenék, miről beszélsz.

Vagy fordítva:
egy nagyon személyes történetet mondtál,
valakit láthatóan felkavart,
és utána nem tudtad, hogyan folytasd.

A történetek nagyon erős eszközök.
Tudnak **összekapcsolni**,
de lehetnek **túl megterhelők** is.

Ebben a leckében azt nézzük meg,
hogyan lehet egy történet **tükör** a kvucának,
és milyen kérdésekkel segítheted a reflektálást.”",17dc133911aaf884dbc35bde23e213b4eee084e64ff7c6a6d6fca1a1b60fc746,"R2, R3"
M6.2-VID-01::VOICEOVER,M6.2-VID-01,felmondott hang,M6,M6.2,"02 Tervezet/Modulok/M6/Online leckék/M6.2 – Történet, mint tükör.md",video,ai-talking-head,legyártandó,jogtisztázás alatt,,Hook – AI beszélő fej: „kínos csend lett a sztori után?” — felmondott hang,AI-generált,M6.2-VID-01-VO,"„Szia!
Történt már veled olyan, hogy elmeséltél a kvucádnak egy sztorit,
és utána **kínos csend lett**?

Te lelkesedtél,
de a többiek néztek rád,
mintha nem értenék, miről beszélsz.

Vagy fordítva:
egy nagyon személyes történetet mondtál,
valakit láthatóan felkavart,
és utána nem tudtad, hogyan folytasd.

A történetek nagyon erős eszközök.
Tudnak **összekapcsolni**,
de lehetnek **túl megterhelők** is.

Ebben a leckében azt nézzük meg,
hogyan lehet egy történet **tükör** a kvucának,
és milyen kérdésekkel segítheted a reflektálást.”",17dc133911aaf884dbc35bde23e213b4eee084e64ff7c6a6d6fca1a1b60fc746,"R2, R3"
M6.2-VID-01::CAPTIONS,M6.2-VID-01,felirat,M6,M6.2,"02 Tervezet/Modulok/M6/Online leckék/M6.2 – Történet, mint tükör.md",video,ai-talking-head,legyártandó,jogtisztázás alatt,,Hook – AI beszélő fej: „kínos csend lett a sztori után?” — felirat,AI-generált,M6.2-VID-01-VO,"„Szia!
Történt már veled olyan, hogy elmeséltél a kvucádnak egy sztorit,
és utána **kínos csend lett**?

Te lelkesedtél,
de a többiek néztek rád,
mintha nem értenék, miről beszélsz.

Vagy fordítva:
egy nagyon személyes történetet mondtál,
valakit láthatóan felkavart,
és utána nem tudtad, hogyan folytasd.

A történetek nagyon erős eszközök.
Tudnak **összekapcsolni**,
de lehetnek **túl megterhelők** is.

Ebben a leckében azt nézzük meg,
hogyan lehet egy történet **tükör** a kvucának,
és milyen kérdésekkel segítheted a reflektálást.”",17dc133911aaf884dbc35bde23e213b4eee084e64ff7c6a6d6fca1a1b60fc746,"R2, R3"
M6.2-VID-01::TRANSCRIPT,M6.2-VID-01,leirat,M6,M6.2,"02 Tervezet/Modulok/M6/Online leckék/M6.2 – Történet, mint tükör.md",video,ai-talking-head,legyártandó,jogtisztázás alatt,,Hook – AI beszélő fej: „kínos csend lett a sztori után?” — leirat,AI-generált,M6.2-VID-01-VO,"„Szia!
Történt már veled olyan, hogy elmeséltél a kvucádnak egy sztorit,
és utána **kínos csend lett**?

Te lelkesedtél,
de a többiek néztek rád,
mintha nem értenék, miről beszélsz.

Vagy fordítva:
egy nagyon személyes történetet mondtál,
valakit láthatóan felkavart,
és utána nem tudtad, hogyan folytasd.

A történetek nagyon erős eszközök.
Tudnak **összekapcsolni**,
de lehetnek **túl megterhelők** is.

Ebben a leckében azt nézzük meg,
hogyan lehet egy történet **tükör** a kvucának,
és milyen kérdésekkel segítheted a reflektálást.”",17dc133911aaf884dbc35bde23e213b4eee084e64ff7c6a6d6fca1a1b60fc746,"R2, R3"
M6.2-VID-02,M6.2-VID-02,elsődleges,M6,M6.2,"02 Tervezet/Modulok/M6/Online leckék/M6.2 – Történet, mint tükör.md",video,ai-talking-head,legyártandó,jogtisztázás alatt,,Opcionális beszélő fej / narrációs videó – „Az új lány a körben” (1. rész),AI-generált,M6.2-VID-02-VO,"„Hallgass meg egy rövid történetet egy kvuca-alkalomról.

Tizenhárom évesek ülnek körben.
Régi barátok, régi poénok.
Most először jön egy új lány, Lili.

A madrih kéri őket,
hogy mondjanak egy jó dolgot a hetükről.

Lili kicsit zavarban van,
de azt mondja: az jó,
hogy anyukája elengedte ide.

Valaki halkan odaszól:
‘Na, még egy kocka…’
és a kör egy része kuncog.

Nézd meg, mi történik ezután.”",419886dc2fc50c7d6ed8121ebc46f9bf64eff9c6e9312852190a7a76591d35bc,"R2, R3"
M6.2-VID-02::VOICEOVER,M6.2-VID-02,felmondott hang,M6,M6.2,"02 Tervezet/Modulok/M6/Online leckék/M6.2 – Történet, mint tükör.md",video,ai-talking-head,legyártandó,jogtisztázás alatt,,Opcionális beszélő fej / narrációs videó – „Az új lány a körben” (1. rész) — felmondott hang,AI-generált,M6.2-VID-02-VO,"„Hallgass meg egy rövid történetet egy kvuca-alkalomról.

Tizenhárom évesek ülnek körben.
Régi barátok, régi poénok.
Most először jön egy új lány, Lili.

A madrih kéri őket,
hogy mondjanak egy jó dolgot a hetükről.

Lili kicsit zavarban van,
de azt mondja: az jó,
hogy anyukája elengedte ide.

Valaki halkan odaszól:
‘Na, még egy kocka…’
és a kör egy része kuncog.

Nézd meg, mi történik ezután.”",419886dc2fc50c7d6ed8121ebc46f9bf64eff9c6e9312852190a7a76591d35bc,"R2, R3"
M6.2-VID-02::CAPTIONS,M6.2-VID-02,felirat,M6,M6.2,"02 Tervezet/Modulok/M6/Online leckék/M6.2 – Történet, mint tükör.md",video,ai-talking-head,legyártandó,jogtisztázás alatt,,Opcionális beszélő fej / narrációs videó – „Az új lány a körben” (1. rész) — felirat,AI-generált,M6.2-VID-02-VO,"„Hallgass meg egy rövid történetet egy kvuca-alkalomról.

Tizenhárom évesek ülnek körben.
Régi barátok, régi poénok.
Most először jön egy új lány, Lili.

A madrih kéri őket,
hogy mondjanak egy jó dolgot a hetükről.

Lili kicsit zavarban van,
de azt mondja: az jó,
hogy anyukája elengedte ide.

Valaki halkan odaszól:
‘Na, még egy kocka…’
és a kör egy része kuncog.

Nézd meg, mi történik ezután.”",419886dc2fc50c7d6ed8121ebc46f9bf64eff9c6e9312852190a7a76591d35bc,"R2, R3"
M6.2-VID-02::TRANSCRIPT,M6.2-VID-02,leirat,M6,M6.2,"02 Tervezet/Modulok/M6/Online leckék/M6.2 – Történet, mint tükör.md",video,ai-talking-head,legyártandó,jogtisztázás alatt,,Opcionális beszélő fej / narrációs videó – „Az új lány a körben” (1. rész) — leirat,AI-generált,M6.2-VID-02-VO,"„Hallgass meg egy rövid történetet egy kvuca-alkalomról.

Tizenhárom évesek ülnek körben.
Régi barátok, régi poénok.
Most először jön egy új lány, Lili.

A madrih kéri őket,
hogy mondjanak egy jó dolgot a hetükről.

Lili kicsit zavarban van,
de azt mondja: az jó,
hogy anyukája elengedte ide.

Valaki halkan odaszól:
‘Na, még egy kocka…’
és a kör egy része kuncog.

Nézd meg, mi történik ezután.”",419886dc2fc50c7d6ed8121ebc46f9bf64eff9c6e9312852190a7a76591d35bc,"R2, R3"
M6.3-DIA-01,M6.3-DIA-01,elsődleges,M6,M6.3,"02 Tervezet/Modulok/M6/Online leckék/M6.3 – Kézműves, ami tanít is.md",diagram,,legyártandó,specifikáció kész,,Három-kérdés keret – ikon/box diagram (Cél–Inkluzivitás–Variációk),AI-generált,,,,
M6.3-DIA-01::ALTTEXT,M6.3-DIA-01,alt-szöveg,M6,M6.3,"02 Tervezet/Modulok/M6/Online leckék/M6.3 – Kézműves, ami tanít is.md",diagram,,legyártandó,specifikáció kész,,Három-kérdés keret – ikon/box diagram (Cél–Inkluzivitás–Variációk) — alt-szöveg,AI-generált,,,,
M6.3-FOTO-01,M6.3-FOTO-01,elsődleges,M6,M6.3,"02 Tervezet/Modulok/M6/Online leckék/M6.3 – Kézműves, ami tanít is.md",illustration,,legyártandó,specifikáció kész,,HOOK – Unottan színezgető gyerekek (bal kép),AI-generált,,,,
M6.3-FOTO-01::ALTTEXT,M6.3-FOTO-01,alt-szöveg,M6,M6.3,"02 Tervezet/Modulok/M6/Online leckék/M6.3 – Kézműves, ami tanít is.md",illustration,,legyártandó,specifikáció kész,,HOOK – Unottan színezgető gyerekek (bal kép) — alt-szöveg,AI-generált,,,,
M6.3-FOTO-03,M6.3-FOTO-03,elsődleges,M6,M6.3,"02 Tervezet/Modulok/M6/Online leckék/M6.3 – Kézműves, ami tanít is.md",illustration,,legyártandó,specifikáció kész,,Közös kvuca-plakát – sok kéz dolgozik rajta,AI-generált,,,,
M6.3-FOTO-03::ALTTEXT,M6.3-FOTO-03,alt-szöveg,M6,M6.3,"02 Tervezet/Modulok/M6/Online leckék/M6.3 – Kézműves, ami tanít is.md",illustration,,legyártandó,specifikáció kész,,Közös kvuca-plakát – sok kéz dolgozik rajta — alt-szöveg,AI-generált,M6.3-FOTO-03-ALT,"Nagy csomagolópapírból készült közös plakát, sok kéz dolgozik rajta egyszerre, tele rajzokkal és szavakkal – mindenki nyomot hagy rajta.",b747d25628b4a25ef411764dcc7193f16018d1d585a2d0bf1086b2f2d9d57dc7,
M6.3-FOTO-04,M6.3-FOTO-04,elsődleges,M6,M6.3,"02 Tervezet/Modulok/M6/Online leckék/M6.3 – Kézműves, ami tanít is.md",illustration,,legyártandó,specifikáció kész,,Személyes szimbólum-karkötő – gyöngyfűzés,AI-generált,,,,
M6.3-FOTO-04::ALTTEXT,M6.3-FOTO-04,alt-szöveg,M6,M6.3,"02 Tervezet/Modulok/M6/Online leckék/M6.3 – Kézműves, ami tanít is.md",illustration,,legyártandó,specifikáció kész,,Személyes szimbólum-karkötő – gyöngyfűzés — alt-szöveg,AI-generált,M6.3-FOTO-04-ALT,"Kezek színes gyöngyöket fűznek zsinórra, egy személyes karkötő készül – minden szín és gyöngy jelent valamit a viselőjének.",e5c2d34d7a7af68a4dd4b37b0fa8241434847f0895e463e92d72b4705b5db261,
M6.3-FOTO-05,M6.3-FOTO-05,elsődleges,M6,M6.3,"02 Tervezet/Modulok/M6/Online leckék/M6.3 – Kézműves, ami tanít is.md",illustration,,legyártandó,specifikáció kész,,Kvuca-zászló – közös festés,AI-generált,,,,
M6.3-FOTO-05::ALTTEXT,M6.3-FOTO-05,alt-szöveg,M6,M6.3,"02 Tervezet/Modulok/M6/Online leckék/M6.3 – Kézműves, ami tanít is.md",illustration,,legyártandó,specifikáció kész,,Kvuca-zászló – közös festés — alt-szöveg,AI-generált,M6.3-FOTO-05-ALT,"Egy kvuca közösen fest egy zászlót, rajta a csoportot jelképező közös színekkel, jelekkel és szavakkal.",702e1d6990882601840cc7aeba3b15984c32208dbff7c2e4b8a7ebfeff1bbc20,
M6.3-IKO-01,M6.3-IKO-01,elsődleges,M6,M6.3,"02 Tervezet/Modulok/M6/Online leckék/M6.3 – Kézműves, ami tanít is.md",icon-set,,legyártandó,specifikáció kész,,Ikon-készlet – Cél / Inkluzivitás / Variációk,AI-generált,,,,
M6.3-NAR-01,M6.3-NAR-01,elsődleges,M6,M6.3,"02 Tervezet/Modulok/M6/Online leckék/M6.3 – Kézműves, ami tanít is.md",voiceover,narration,legyártandó,jogtisztázás alatt,,Narráció – SLIDE 1 HOOK (35–45 mp),AI-generált,M6.3-NAR-01-VO,"„Szia!
A peulákban sokszor van **kézműves** rész is.

Néha ez olyan, mintha csak **időt töltenénk**:
mindenki színez valamit, beszélgetünk,
közben telik az este.

Máskor viszont a kézműveskedés
**valami fontosat tanít**:
együttműködést, közösségi felelősséget,
vagy azt, hogy *mindenki hozzátesz valamit*.

Ebben a leckében azt nézzük,
hogyan tudsz tudatosan **kézműves tevékenységet választani**,
hogy ne csak szép legyen a végeredmény,
hanem **jelentése is legyen**.”",0bfa28ac73ba9e94d0da8cf08a795083216c42466f1c59cc3def7ac39ab59b91,"R2, R3"
M6.3-NAR-01::CAPTIONS,M6.3-NAR-01,felirat,M6,M6.3,"02 Tervezet/Modulok/M6/Online leckék/M6.3 – Kézműves, ami tanít is.md",voiceover,narration,legyártandó,jogtisztázás alatt,,Narráció – SLIDE 1 HOOK (35–45 mp) — felirat,AI-generált,M6.3-NAR-01-VO,"„Szia!
A peulákban sokszor van **kézműves** rész is.

Néha ez olyan, mintha csak **időt töltenénk**:
mindenki színez valamit, beszélgetünk,
közben telik az este.

Máskor viszont a kézműveskedés
**valami fontosat tanít**:
együttműködést, közösségi felelősséget,
vagy azt, hogy *mindenki hozzátesz valamit*.

Ebben a leckében azt nézzük,
hogyan tudsz tudatosan **kézműves tevékenységet választani**,
hogy ne csak szép legyen a végeredmény,
hanem **jelentése is legyen**.”",0bfa28ac73ba9e94d0da8cf08a795083216c42466f1c59cc3def7ac39ab59b91,"R2, R3"
M6.3-NAR-01::TRANSCRIPT,M6.3-NAR-01,leirat,M6,M6.3,"02 Tervezet/Modulok/M6/Online leckék/M6.3 – Kézműves, ami tanít is.md",voiceover,narration,legyártandó,jogtisztázás alatt,,Narráció – SLIDE 1 HOOK (35–45 mp) — leirat,AI-generált,M6.3-NAR-01-VO,"„Szia!
A peulákban sokszor van **kézműves** rész is.

Néha ez olyan, mintha csak **időt töltenénk**:
mindenki színez valamit, beszélgetünk,
közben telik az este.

Máskor viszont a kézműveskedés
**valami fontosat tanít**:
együttműködést, közösségi felelősséget,
vagy azt, hogy *mindenki hozzátesz valamit*.

Ebben a leckében azt nézzük,
hogyan tudsz tudatosan **kézműves tevékenységet választani**,
hogy ne csak szép legyen a végeredmény,
hanem **jelentése is legyen**.”",0bfa28ac73ba9e94d0da8cf08a795083216c42466f1c59cc3def7ac39ab59b91,"R2, R3"
M6.3-NAR-02,M6.3-NAR-02,elsődleges,M6,M6.3,"02 Tervezet/Modulok/M6/Online leckék/M6.3 – Kézműves, ami tanít is.md",voiceover,narration,legyártandó,jogtisztázás alatt,,Narráció – SLIDE 2 INPUT 1 (45–55 mp),AI-generált,M6.3-NAR-02-VO,"„Mielőtt kézműves feladatot hozol egy kvucának,
érdemes három egyszerű kérdést feltenni.

**Első: Mi a cél?**
Mit szeretnél, hogy tanuljanak közben?
Együttműködést?
Azt, hogy ‘mindenki hozzátesz valamit’?
Vagy valamit az identitásukról?

**Második: Kinek lehet ez nehéz?**
Valakinek gond lehet a finommotorika?
Valaki érzékeny az anyagokra, szagokra?
Van, akinek gond a költség,
ha drága alapanyagot várunk tőle?
Valakinek nehéz az instrukció **nyelve**,
vagy **szorong** attól, hogy körben elmondja,
mit jelent neki, amit készített?

**Harmadik: Milyen variációt tudok kínálni?**
Tudom-e úgy csinálni,
hogy aki nem tud vagy nem akar rajzolni,
az matricával, szavakkal, más formában kapcsolódhat?

Ezek a kérdések segítenek abban,
hogy a kézműveskedés **ne kirekesszen**,
hanem **bevonjon** mindenkit.”",6e3c681ab31a6e650d74292513010764d62ccfc405e961663044f16aff574d81,"R2, R3"
M6.3-NAR-02::CAPTIONS,M6.3-NAR-02,felirat,M6,M6.3,"02 Tervezet/Modulok/M6/Online leckék/M6.3 – Kézműves, ami tanít is.md",voiceover,narration,legyártandó,jogtisztázás alatt,,Narráció – SLIDE 2 INPUT 1 (45–55 mp) — felirat,AI-generált,M6.3-NAR-02-VO,"„Mielőtt kézműves feladatot hozol egy kvucának,
érdemes három egyszerű kérdést feltenni.

**Első: Mi a cél?**
Mit szeretnél, hogy tanuljanak közben?
Együttműködést?
Azt, hogy ‘mindenki hozzátesz valamit’?
Vagy valamit az identitásukról?

**Második: Kinek lehet ez nehéz?**
Valakinek gond lehet a finommotorika?
Valaki érzékeny az anyagokra, szagokra?
Van, akinek gond a költség,
ha drága alapanyagot várunk tőle?
Valakinek nehéz az instrukció **nyelve**,
vagy **szorong** attól, hogy körben elmondja,
mit jelent neki, amit készített?

**Harmadik: Milyen variációt tudok kínálni?**
Tudom-e úgy csinálni,
hogy aki nem tud vagy nem akar rajzolni,
az matricával, szavakkal, más formában kapcsolódhat?

Ezek a kérdések segítenek abban,
hogy a kézműveskedés **ne kirekesszen**,
hanem **bevonjon** mindenkit.”",6e3c681ab31a6e650d74292513010764d62ccfc405e961663044f16aff574d81,"R2, R3"
M6.3-NAR-02::TRANSCRIPT,M6.3-NAR-02,leirat,M6,M6.3,"02 Tervezet/Modulok/M6/Online leckék/M6.3 – Kézműves, ami tanít is.md",voiceover,narration,legyártandó,jogtisztázás alatt,,Narráció – SLIDE 2 INPUT 1 (45–55 mp) — leirat,AI-generált,M6.3-NAR-02-VO,"„Mielőtt kézműves feladatot hozol egy kvucának,
érdemes három egyszerű kérdést feltenni.

**Első: Mi a cél?**
Mit szeretnél, hogy tanuljanak közben?
Együttműködést?
Azt, hogy ‘mindenki hozzátesz valamit’?
Vagy valamit az identitásukról?

**Második: Kinek lehet ez nehéz?**
Valakinek gond lehet a finommotorika?
Valaki érzékeny az anyagokra, szagokra?
Van, akinek gond a költség,
ha drága alapanyagot várunk tőle?
Valakinek nehéz az instrukció **nyelve**,
vagy **szorong** attól, hogy körben elmondja,
mit jelent neki, amit készített?

**Harmadik: Milyen variációt tudok kínálni?**
Tudom-e úgy csinálni,
hogy aki nem tud vagy nem akar rajzolni,
az matricával, szavakkal, más formában kapcsolódhat?

Ezek a kérdések segítenek abban,
hogy a kézműveskedés **ne kirekesszen**,
hanem **bevonjon** mindenkit.”",6e3c681ab31a6e650d74292513010764d62ccfc405e961663044f16aff574d81,"R2, R3"
M6.3-NAR-03,M6.3-NAR-03,elsődleges,M6,M6.3,"02 Tervezet/Modulok/M6/Online leckék/M6.3 – Kézműves, ami tanít is.md",voiceover,narration,legyártandó,jogtisztázás alatt,,Narráció – SLIDE 3 PÉLDA 1 Közös plakát (45–60 mp),AI-generált,M6.3-NAR-03-VO,"„Nézzünk egy konkrét példát.

A ‘Közös kvuca-plakát’-nál
egy nagy lapra mindenki tesz valamit,
ami szerinte a kvucát jelképezi.

Ez taníthat **együttműködést**,
azt, hogy ‘ez a plakát mindannyiunké’.
És azt is, hogy a kvucáról szóló kép
nem egy ember fejéből jön,
hanem **sokféle nézőpontból**.

Az inkluzivitás szempontjából fontos,
hogy ne legyen művészeti verseny.
Ne legyen az az üzenet,
hogy ‘csak az számít, aki szépen rajzol’.

Tegyél ki matricákat, kivágott formákat,
ragasztót, színes papírt, szavakat.
Aki nem szeret rajzolni,
ragaszthat, írhat, választhat szimbólumot.

Így a foglalkozás **nem azt tanítja**,
hogy ‘nézd, ki mennyire ügyes’,
hanem azt, hogy **mindenki hozzátesz valamit**.”",534f1fe438dd7d1249e1f4c0ea04eb8b2b8568dad69291955883f8380d9a0c3f,"R2, R3"
M6.3-NAR-03::CAPTIONS,M6.3-NAR-03,felirat,M6,M6.3,"02 Tervezet/Modulok/M6/Online leckék/M6.3 – Kézműves, ami tanít is.md",voiceover,narration,legyártandó,jogtisztázás alatt,,Narráció – SLIDE 3 PÉLDA 1 Közös plakát (45–60 mp) — felirat,AI-generált,M6.3-NAR-03-VO,"„Nézzünk egy konkrét példát.

A ‘Közös kvuca-plakát’-nál
egy nagy lapra mindenki tesz valamit,
ami szerinte a kvucát jelképezi.

Ez taníthat **együttműködést**,
azt, hogy ‘ez a plakát mindannyiunké’.
És azt is, hogy a kvucáról szóló kép
nem egy ember fejéből jön,
hanem **sokféle nézőpontból**.

Az inkluzivitás szempontjából fontos,
hogy ne legyen művészeti verseny.
Ne legyen az az üzenet,
hogy ‘csak az számít, aki szépen rajzol’.

Tegyél ki matricákat, kivágott formákat,
ragasztót, színes papírt, szavakat.
Aki nem szeret rajzolni,
ragaszthat, írhat, választhat szimbólumot.

Így a foglalkozás **nem azt tanítja**,
hogy ‘nézd, ki mennyire ügyes’,
hanem azt, hogy **mindenki hozzátesz valamit**.”",534f1fe438dd7d1249e1f4c0ea04eb8b2b8568dad69291955883f8380d9a0c3f,"R2, R3"
M6.3-NAR-03::TRANSCRIPT,M6.3-NAR-03,leirat,M6,M6.3,"02 Tervezet/Modulok/M6/Online leckék/M6.3 – Kézműves, ami tanít is.md",voiceover,narration,legyártandó,jogtisztázás alatt,,Narráció – SLIDE 3 PÉLDA 1 Közös plakát (45–60 mp) — leirat,AI-generált,M6.3-NAR-03-VO,"„Nézzünk egy konkrét példát.

A ‘Közös kvuca-plakát’-nál
egy nagy lapra mindenki tesz valamit,
ami szerinte a kvucát jelképezi.

Ez taníthat **együttműködést**,
azt, hogy ‘ez a plakát mindannyiunké’.
És azt is, hogy a kvucáról szóló kép
nem egy ember fejéből jön,
hanem **sokféle nézőpontból**.

Az inkluzivitás szempontjából fontos,
hogy ne legyen művészeti verseny.
Ne legyen az az üzenet,
hogy ‘csak az számít, aki szépen rajzol’.

Tegyél ki matricákat, kivágott formákat,
ragasztót, színes papírt, szavakat.
Aki nem szeret rajzolni,
ragaszthat, írhat, választhat szimbólumot.

Így a foglalkozás **nem azt tanítja**,
hogy ‘nézd, ki mennyire ügyes’,
hanem azt, hogy **mindenki hozzátesz valamit**.”",534f1fe438dd7d1249e1f4c0ea04eb8b2b8568dad69291955883f8380d9a0c3f,"R2, R3"
M6.3-NAR-04,M6.3-NAR-04,elsődleges,M6,M6.3,"02 Tervezet/Modulok/M6/Online leckék/M6.3 – Kézműves, ami tanít is.md",voiceover,narration,legyártandó,jogtisztázás alatt,,Narráció – SLIDE 4 PÉLDA 2 Karkötő (kb. 55–75 mp),AI-generált,M6.3-NAR-04-VO,"„A ‘Személyes szimbólum-karkötő’
egy klasszikus kézműves feladat.

Nemcsak az a kérdés,
hogy ‘szép lett-e a karkötő’,
hanem hogy **mit jelentenek** az elemei.

Mit taníthat ez?
Önkifejezést: mi fontos nekem.
Identitást: milyen színek, jelek kapcsolódnak hozzám.
És megosztást: el merem-e mondani, mit raktam rá.

Az inkluzivitás szempontjából viszont
több dologra is figyelni kell.

Finommotorika:
a nagyon apró gyöngyöket
nem mindenki tudja kényelmesen fűzni.
Jó, ha van vastagabb zsinór, nagyobb gyöngy is.

Anyagok:
lehet valaki fémallergiás,
vagy zavarja bizonyos anyag tapintása.

Költség:
ha a kézműves feladat eredménye azon is múlik,
hogy ki milyen drága dolgot hoz otthonról,
akkor könnyen lesz belőle **státuszverseny**.

Ezért fontosak a **variációk** is:
ha valakinek nem megy a fűzés, vagy nem akarja,
készíthet helyette egy rajzos **szimbólumkártyát**,
vagy dolgozhat **párban** egy társával:
egyik fűz, másik segít kitalálni a jelentést.”",7b73f86cea8b9e2bbe73f3ca0c08b29b836418027dce57dd04ed03fb31bb6d6a,"R2, R3"
M6.3-NAR-04::CAPTIONS,M6.3-NAR-04,felirat,M6,M6.3,"02 Tervezet/Modulok/M6/Online leckék/M6.3 – Kézműves, ami tanít is.md",voiceover,narration,legyártandó,jogtisztázás alatt,,Narráció – SLIDE 4 PÉLDA 2 Karkötő (kb. 55–75 mp) — felirat,AI-generált,M6.3-NAR-04-VO,"„A ‘Személyes szimbólum-karkötő’
egy klasszikus kézműves feladat.

Nemcsak az a kérdés,
hogy ‘szép lett-e a karkötő’,
hanem hogy **mit jelentenek** az elemei.

Mit taníthat ez?
Önkifejezést: mi fontos nekem.
Identitást: milyen színek, jelek kapcsolódnak hozzám.
És megosztást: el merem-e mondani, mit raktam rá.

Az inkluzivitás szempontjából viszont
több dologra is figyelni kell.

Finommotorika:
a nagyon apró gyöngyöket
nem mindenki tudja kényelmesen fűzni.
Jó, ha van vastagabb zsinór, nagyobb gyöngy is.

Anyagok:
lehet valaki fémallergiás,
vagy zavarja bizonyos anyag tapintása.

Költség:
ha a kézműves feladat eredménye azon is múlik,
hogy ki milyen drága dolgot hoz otthonról,
akkor könnyen lesz belőle **státuszverseny**.

Ezért fontosak a **variációk** is:
ha valakinek nem megy a fűzés, vagy nem akarja,
készíthet helyette egy rajzos **szimbólumkártyát**,
vagy dolgozhat **párban** egy társával:
egyik fűz, másik segít kitalálni a jelentést.”",7b73f86cea8b9e2bbe73f3ca0c08b29b836418027dce57dd04ed03fb31bb6d6a,"R2, R3"
M6.3-NAR-04::TRANSCRIPT,M6.3-NAR-04,leirat,M6,M6.3,"02 Tervezet/Modulok/M6/Online leckék/M6.3 – Kézműves, ami tanít is.md",voiceover,narration,legyártandó,jogtisztázás alatt,,Narráció – SLIDE 4 PÉLDA 2 Karkötő (kb. 55–75 mp) — leirat,AI-generált,M6.3-NAR-04-VO,"„A ‘Személyes szimbólum-karkötő’
egy klasszikus kézműves feladat.

Nemcsak az a kérdés,
hogy ‘szép lett-e a karkötő’,
hanem hogy **mit jelentenek** az elemei.

Mit taníthat ez?
Önkifejezést: mi fontos nekem.
Identitást: milyen színek, jelek kapcsolódnak hozzám.
És megosztást: el merem-e mondani, mit raktam rá.

Az inkluzivitás szempontjából viszont
több dologra is figyelni kell.

Finommotorika:
a nagyon apró gyöngyöket
nem mindenki tudja kényelmesen fűzni.
Jó, ha van vastagabb zsinór, nagyobb gyöngy is.

Anyagok:
lehet valaki fémallergiás,
vagy zavarja bizonyos anyag tapintása.

Költség:
ha a kézműves feladat eredménye azon is múlik,
hogy ki milyen drága dolgot hoz otthonról,
akkor könnyen lesz belőle **státuszverseny**.

Ezért fontosak a **variációk** is:
ha valakinek nem megy a fűzés, vagy nem akarja,
készíthet helyette egy rajzos **szimbólumkártyát**,
vagy dolgozhat **párban** egy társával:
egyik fűz, másik segít kitalálni a jelentést.”",7b73f86cea8b9e2bbe73f3ca0c08b29b836418027dce57dd04ed03fb31bb6d6a,"R2, R3"
M6.3-NAR-05,M6.3-NAR-05,elsődleges,M6,M6.3,"02 Tervezet/Modulok/M6/Online leckék/M6.3 – Kézműves, ami tanít is.md",voiceover,narration,legyártandó,jogtisztázás alatt,,Narráció – SLIDE 5 PÉLDA 3 Kvuca-zászló (45–60 mp),AI-generált,M6.3-NAR-05-VO,"„A ‘Kvuca-zászló’ egy
nagyon hatékony kézműves program lehet.

Nemcsak egy ‘szép tárgy’ a falon,
hanem arról szól,
hogy **kik vagyunk mi együtt**.

Tanít közös döntést:
mit teszünk rá, mit nem.
Tanít felelősséget:
amit kiteszünk, azt vállaljuk,
az minket képvisel.

Inkluzivitásnál itt a **szimbólumokra** kell nagyon figyelni.

Milyen jeleket teszünk rá?
Nem bánt-e ez valakit a kvucából?
Nem csinálunk-e viccet valaki identitásából,
kinézetéből, hátteréből?

A zászló akkor tanít jól,
ha mindenki talál benne **saját részletet**,
és senki nem érzi azt,
hogy rajta röhög a kvuca.”",2db3e67b6430b8b2154a17221905bbd5df601306880c174a1662401dcabd3a14,"R2, R3"
M6.3-NAR-05::CAPTIONS,M6.3-NAR-05,felirat,M6,M6.3,"02 Tervezet/Modulok/M6/Online leckék/M6.3 – Kézműves, ami tanít is.md",voiceover,narration,legyártandó,jogtisztázás alatt,,Narráció – SLIDE 5 PÉLDA 3 Kvuca-zászló (45–60 mp) — felirat,AI-generált,M6.3-NAR-05-VO,"„A ‘Kvuca-zászló’ egy
nagyon hatékony kézműves program lehet.

Nemcsak egy ‘szép tárgy’ a falon,
hanem arról szól,
hogy **kik vagyunk mi együtt**.

Tanít közös döntést:
mit teszünk rá, mit nem.
Tanít felelősséget:
amit kiteszünk, azt vállaljuk,
az minket képvisel.

Inkluzivitásnál itt a **szimbólumokra** kell nagyon figyelni.

Milyen jeleket teszünk rá?
Nem bánt-e ez valakit a kvucából?
Nem csinálunk-e viccet valaki identitásából,
kinézetéből, hátteréből?

A zászló akkor tanít jól,
ha mindenki talál benne **saját részletet**,
és senki nem érzi azt,
hogy rajta röhög a kvuca.”",2db3e67b6430b8b2154a17221905bbd5df601306880c174a1662401dcabd3a14,"R2, R3"
M6.3-NAR-05::TRANSCRIPT,M6.3-NAR-05,leirat,M6,M6.3,"02 Tervezet/Modulok/M6/Online leckék/M6.3 – Kézműves, ami tanít is.md",voiceover,narration,legyártandó,jogtisztázás alatt,,Narráció – SLIDE 5 PÉLDA 3 Kvuca-zászló (45–60 mp) — leirat,AI-generált,M6.3-NAR-05-VO,"„A ‘Kvuca-zászló’ egy
nagyon hatékony kézműves program lehet.

Nemcsak egy ‘szép tárgy’ a falon,
hanem arról szól,
hogy **kik vagyunk mi együtt**.

Tanít közös döntést:
mit teszünk rá, mit nem.
Tanít felelősséget:
amit kiteszünk, azt vállaljuk,
az minket képvisel.

Inkluzivitásnál itt a **szimbólumokra** kell nagyon figyelni.

Milyen jeleket teszünk rá?
Nem bánt-e ez valakit a kvucából?
Nem csinálunk-e viccet valaki identitásából,
kinézetéből, hátteréből?

A zászló akkor tanít jól,
ha mindenki talál benne **saját részletet**,
és senki nem érzi azt,
hogy rajta röhög a kvuca.”",2db3e67b6430b8b2154a17221905bbd5df601306880c174a1662401dcabd3a14,"R2, R3"
M6.3-NAR-06,M6.3-NAR-06,elsődleges,M6,M6.3,"02 Tervezet/Modulok/M6/Online leckék/M6.3 – Kézműves, ami tanít is.md",voiceover,narration,legyártandó,jogtisztázás alatt,,Narráció – SLIDE 6 ACTIVITY (30–40 mp),AI-generált,M6.3-NAR-06-VO,"„Most rajtad a sor.

Válassz ki egy kézműves feladatot
– akár a példák közül, akár a saját ötleteid közül –,
és nézz rá a három kérdéssel:

– Mit tanítson?
– Kinek lehet nehéz, miért?
– Hogyan tudnád variálni,
hogy senki ne maradjon ki?

A cél az, hogy a kézműveskedés
**ne csak időkitöltő legyen**,
hanem **tudatosan tanítson** valamit
egy konkrét kvucának.”",3e0013892038168a216d14421d8ebd238f85090aa36bea6f02f0ac8cf5f59a70,"R2, R3"
M6.3-NAR-06::CAPTIONS,M6.3-NAR-06,felirat,M6,M6.3,"02 Tervezet/Modulok/M6/Online leckék/M6.3 – Kézműves, ami tanít is.md",voiceover,narration,legyártandó,jogtisztázás alatt,,Narráció – SLIDE 6 ACTIVITY (30–40 mp) — felirat,AI-generált,M6.3-NAR-06-VO,"„Most rajtad a sor.

Válassz ki egy kézműves feladatot
– akár a példák közül, akár a saját ötleteid közül –,
és nézz rá a három kérdéssel:

– Mit tanítson?
– Kinek lehet nehéz, miért?
– Hogyan tudnád variálni,
hogy senki ne maradjon ki?

A cél az, hogy a kézműveskedés
**ne csak időkitöltő legyen**,
hanem **tudatosan tanítson** valamit
egy konkrét kvucának.”",3e0013892038168a216d14421d8ebd238f85090aa36bea6f02f0ac8cf5f59a70,"R2, R3"
M6.3-NAR-06::TRANSCRIPT,M6.3-NAR-06,leirat,M6,M6.3,"02 Tervezet/Modulok/M6/Online leckék/M6.3 – Kézműves, ami tanít is.md",voiceover,narration,legyártandó,jogtisztázás alatt,,Narráció – SLIDE 6 ACTIVITY (30–40 mp) — leirat,AI-generált,M6.3-NAR-06-VO,"„Most rajtad a sor.

Válassz ki egy kézműves feladatot
– akár a példák közül, akár a saját ötleteid közül –,
és nézz rá a három kérdéssel:

– Mit tanítson?
– Kinek lehet nehéz, miért?
– Hogyan tudnád variálni,
hogy senki ne maradjon ki?

A cél az, hogy a kézműveskedés
**ne csak időkitöltő legyen**,
hanem **tudatosan tanítson** valamit
egy konkrét kvucának.”",3e0013892038168a216d14421d8ebd238f85090aa36bea6f02f0ac8cf5f59a70,"R2, R3"
M6.4-IKO-01,M6.4-IKO-01,elsődleges,M6,M6.4,02 Tervezet/Modulok/M6/Online leckék/M6.4 – Döntési szcenáriók – mit választanál.md,icon-set,,legyártandó,specifikáció kész,,Szcenárió- és visszajelzés-szekció ikonkészlet (9 szemantikus jelölő),AI-generált,,,,
M6.4-IKO-01::ALTTEXT,M6.4-IKO-01,alt-szöveg,M6,M6.4,02 Tervezet/Modulok/M6/Online leckék/M6.4 – Döntési szcenáriók – mit választanál.md,icon-set,,legyártandó,specifikáció kész,,Szcenárió- és visszajelzés-szekció ikonkészlet (9 szemantikus jelölő) — alt-szöveg,AI-generált,,,,
M6.A-MUNK-01,M6.A-MUNK-01,elsődleges,M6,M6.A,02 Tervezet/Modulok/M6/Peulák/M6.A – Peula – Játék-labor 3 aktuális kvucára (45’).md,worksheet,,legyártandó,specifikáció kész,,"Kilépőkártya – „1 játék, amiről játéklapot készítenél”",AI-generált,,,,
M6.A-MUNK-01::PRINTPDF,M6.A-MUNK-01,nyomtatható PDF,M6,M6.A,02 Tervezet/Modulok/M6/Peulák/M6.A – Peula – Játék-labor 3 aktuális kvucára (45’).md,worksheet,,legyártandó,specifikáció kész,,"Kilépőkártya – „1 játék, amiről játéklapot készítenél” — nyomtatható PDF",AI-generált,,,,
M6.A-MUNK-02,M6.A-MUNK-02,elsődleges,M6,M6.A,02 Tervezet/Modulok/M6/Peulák/M6.A – Peula – Játék-labor 3 aktuális kvucára (45’).md,worksheet,,legyártandó,specifikáció kész,,Képzői ellenőrző lista – „Játék-labor 3 aktuális kvucára” (1 oldalas gyorssegédlet),AI-generált,,,,
M6.A-MUNK-02::PRINTPDF,M6.A-MUNK-02,nyomtatható PDF,M6,M6.A,02 Tervezet/Modulok/M6/Peulák/M6.A – Peula – Játék-labor 3 aktuális kvucára (45’).md,worksheet,,legyártandó,specifikáció kész,,Képzői ellenőrző lista – „Játék-labor 3 aktuális kvucára” (1 oldalas gyorssegédlet) — nyomtatható PDF,AI-generált,,,,
M6.A-POSZ-01,M6.A-POSZ-01,elsődleges,M6,M6.A,02 Tervezet/Modulok/M6/Peulák/M6.A – Peula – Játék-labor 3 aktuális kvucára (45’).md,poster,,legyártandó,specifikáció kész,,3 kvuca-sarok korosztály-lapok (szett),AI-generált,,,,
M6.A-POSZ-01::PRINTPDF,M6.A-POSZ-01,nyomtatható PDF,M6,M6.A,02 Tervezet/Modulok/M6/Peulák/M6.A – Peula – Játék-labor 3 aktuális kvucára (45’).md,poster,,legyártandó,specifikáció kész,,3 kvuca-sarok korosztály-lapok (szett) — nyomtatható PDF,AI-generált,,,,
M6.A-POSZ-02,M6.A-POSZ-02,elsődleges,M6,M6.A,02 Tervezet/Modulok/M6/Peulák/M6.A – Peula – Játék-labor 3 aktuális kvucára (45’).md,poster,,legyártandó,specifikáció kész,,CÉL–KVUCA–RIZIKÓ–VARIÁCIÓ mátrix flipchart-sablon,AI-generált,,,,
M6.A-POSZ-02::PRINTPDF,M6.A-POSZ-02,nyomtatható PDF,M6,M6.A,02 Tervezet/Modulok/M6/Peulák/M6.A – Peula – Játék-labor 3 aktuális kvucára (45’).md,poster,,legyártandó,specifikáció kész,,CÉL–KVUCA–RIZIKÓ–VARIÁCIÓ mátrix flipchart-sablon — nyomtatható PDF,AI-generált,,,,
M6.A-POSZ-03,M6.A-POSZ-03,elsődleges,M6,M6.A,02 Tervezet/Modulok/M6/Peulák/M6.A – Peula – Játék-labor 3 aktuális kvucára (45’).md,poster,,legyártandó,specifikáció kész,,Inkluzivitás-elemző tábla-sablon (4 oszlop),AI-generált,,,,
M6.A-POSZ-03::PRINTPDF,M6.A-POSZ-03,nyomtatható PDF,M6,M6.A,02 Tervezet/Modulok/M6/Peulák/M6.A – Peula – Játék-labor 3 aktuális kvucára (45’).md,poster,,legyártandó,specifikáció kész,,Inkluzivitás-elemző tábla-sablon (4 oszlop) — nyomtatható PDF,AI-generált,,,,
M6.B-MUNK-01,M6.B-MUNK-01,elsődleges,M6,M6.B,02 Tervezet/Modulok/M6/Peulák/M6.B – Peula – Játéklap-műhely – saját eszköz tervezése (45’).md,worksheet,,legyártandó,specifikáció kész,,Játéklap-sablon (üres kitölthető munkalap),emberi,,,,
M6.B-MUNK-01::PRINTPDF,M6.B-MUNK-01,nyomtatható PDF,M6,M6.B,02 Tervezet/Modulok/M6/Peulák/M6.B – Peula – Játéklap-műhely – saját eszköz tervezése (45’).md,worksheet,,legyártandó,specifikáció kész,,Játéklap-sablon (üres kitölthető munkalap) — nyomtatható PDF,emberi,,,,
M6.B-MUNK-01::EDITABLE,M6.B-MUNK-01,"szerkeszthető, kitölthető változat",M6,M6.B,02 Tervezet/Modulok/M6/Peulák/M6.B – Peula – Játéklap-műhely – saját eszköz tervezése (45’).md,worksheet,,legyártandó,specifikáció kész,,"Játéklap-sablon (üres kitölthető munkalap) — szerkeszthető, kitölthető változat",emberi,,,,
M6.B-MUNK-02,M6.B-MUNK-02,elsődleges,M6,M6.B,02 Tervezet/Modulok/M6/Peulák/M6.B – Peula – Játéklap-műhely – saját eszköz tervezése (45’).md,worksheet,,legyártandó,specifikáció kész,,Rubrika / minimum-checklista (értékelő lap),emberi,,,,
M6.B-MUNK-02::PRINTPDF,M6.B-MUNK-02,nyomtatható PDF,M6,M6.B,02 Tervezet/Modulok/M6/Peulák/M6.B – Peula – Játéklap-műhely – saját eszköz tervezése (45’).md,worksheet,,legyártandó,specifikáció kész,,Rubrika / minimum-checklista (értékelő lap) — nyomtatható PDF,emberi,,,,
M6.B-MUNK-03,M6.B-MUNK-03,elsődleges,M6,M6.B,02 Tervezet/Modulok/M6/Peulák/M6.B – Peula – Játéklap-műhely – saját eszköz tervezése (45’).md,worksheet,,legyártandó,specifikáció kész,,Kész minta-játéklap – JÁTÉK példa (képzői mintalap),emberi,,,,
M6.B-MUNK-03::PRINTPDF,M6.B-MUNK-03,nyomtatható PDF,M6,M6.B,02 Tervezet/Modulok/M6/Peulák/M6.B – Peula – Játéklap-műhely – saját eszköz tervezése (45’).md,worksheet,,legyártandó,specifikáció kész,,Kész minta-játéklap – JÁTÉK példa (képzői mintalap) — nyomtatható PDF,emberi,,,,
M6.B-MUNK-04,M6.B-MUNK-04,elsődleges,M6,M6.B,02 Tervezet/Modulok/M6/Peulák/M6.B – Peula – Játéklap-műhely – saját eszköz tervezése (45’).md,worksheet,,legyártandó,specifikáció kész,,Kész minta-játéklap – TÖRTÉNET példa (képzői mintalap),emberi,,,,
M6.B-MUNK-04::PRINTPDF,M6.B-MUNK-04,nyomtatható PDF,M6,M6.B,02 Tervezet/Modulok/M6/Peulák/M6.B – Peula – Játéklap-műhely – saját eszköz tervezése (45’).md,worksheet,,legyártandó,specifikáció kész,,Kész minta-játéklap – TÖRTÉNET példa (képzői mintalap) — nyomtatható PDF,emberi,,,,
M6.B-MUNK-05,M6.B-MUNK-05,elsődleges,M6,M6.B,02 Tervezet/Modulok/M6/Peulák/M6.B – Peula – Játéklap-műhely – saját eszköz tervezése (45’).md,worksheet,,legyártandó,specifikáció kész,,Kész minta-játéklap – KÉZMŰVES példa (képzői mintalap),emberi,,,,
M6.B-MUNK-05::PRINTPDF,M6.B-MUNK-05,nyomtatható PDF,M6,M6.B,02 Tervezet/Modulok/M6/Peulák/M6.B – Peula – Játéklap-műhely – saját eszköz tervezése (45’).md,worksheet,,legyártandó,specifikáció kész,,Kész minta-játéklap – KÉZMŰVES példa (képzői mintalap) — nyomtatható PDF,emberi,,,,
M6.B-MUNK-06,M6.B-MUNK-06,elsődleges,M6,M6.B,02 Tervezet/Modulok/M6/Peulák/M6.B – Peula – Játéklap-műhely – saját eszköz tervezése (45’).md,worksheet,,legyártandó,specifikáció kész,,Képzői ellenőrző lista (1 A4 – peula előtt/közben),emberi,,,,
M6.B-MUNK-06::PRINTPDF,M6.B-MUNK-06,nyomtatható PDF,M6,M6.B,02 Tervezet/Modulok/M6/Peulák/M6.B – Peula – Játéklap-műhely – saját eszköz tervezése (45’).md,worksheet,,legyártandó,specifikáció kész,,Képzői ellenőrző lista (1 A4 – peula előtt/közben) — nyomtatható PDF,emberi,,,,
M6.B-POSZ-01,M6.B-POSZ-01,elsődleges,M6,M6.B,02 Tervezet/Modulok/M6/Peulák/M6.B – Peula – Játéklap-műhely – saját eszköz tervezése (45’).md,poster,,legyártandó,specifikáció kész,,Produktum-visszajelzés flipchart-sablon (Megfigyelés → Hatás → Következő lépés),emberi,,,,
M6.B-POSZ-01::PRINTPDF,M6.B-POSZ-01,nyomtatható PDF,M6,M6.B,02 Tervezet/Modulok/M6/Peulák/M6.B – Peula – Játéklap-műhely – saját eszköz tervezése (45’).md,poster,,legyártandó,specifikáció kész,,Produktum-visszajelzés flipchart-sablon (Megfigyelés → Hatás → Következő lépés) — nyomtatható PDF,emberi,,,,
M6.F-EGY-01,M6.F-EGY-01,elsődleges,M6,M6.F,02 Tervezet/Modulok/M6/Peulák/M6.F – Felzárkóztató peula – Eszköztár & játéklap (Study Lab).md,print,consumable,külső forrás,specifikáció kész,,Cetli / post-it készlet a név nélküli témakérésekhez (beszerzendő irodaszer),stock,,,,
M6.F-MUNK-01,M6.F-MUNK-01,elsődleges,M6,M6.F,02 Tervezet/Modulok/M6/Peulák/M6.F – Felzárkóztató peula – Eszköztár & játéklap (Study Lab).md,worksheet,,legyártandó,specifikáció kész,,Jegyzetlap – „1 gondolat / 1 kérdés leckénként + játéklap”,AI-generált,,,,
M6.F-MUNK-01::PRINTPDF,M6.F-MUNK-01,nyomtatható PDF,M6,M6.F,02 Tervezet/Modulok/M6/Peulák/M6.F – Felzárkóztató peula – Eszköztár & játéklap (Study Lab).md,worksheet,,legyártandó,specifikáció kész,,Jegyzetlap – „1 gondolat / 1 kérdés leckénként + játéklap” — nyomtatható PDF,AI-generált,,,,
M6.F-MUNK-03,M6.F-MUNK-03,elsődleges,M6,M6.F,02 Tervezet/Modulok/M6/Peulák/M6.F – Felzárkóztató peula – Eszköztár & játéklap (Study Lab).md,worksheet,,legyártandó,specifikáció kész,,"Lecke-összefoglalók M6.1–M6.4 (offline B-terv, 1–1 oldal)",AI-generált,,,,
M6.F-MUNK-03::PRINTPDF,M6.F-MUNK-03,nyomtatható PDF,M6,M6.F,02 Tervezet/Modulok/M6/Peulák/M6.F – Felzárkóztató peula – Eszköztár & játéklap (Study Lab).md,worksheet,,legyártandó,specifikáció kész,,"Lecke-összefoglalók M6.1–M6.4 (offline B-terv, 1–1 oldal) — nyomtatható PDF",AI-generált,,,,
M6.F-MUNK-04,M6.F-MUNK-04,elsődleges,M6,M6.F,02 Tervezet/Modulok/M6/Peulák/M6.F – Felzárkóztató peula – Eszköztár & játéklap (Study Lab).md,worksheet,,legyártandó,specifikáció kész,,Képzői ellenőrző lista – 1 A4 (peula előtt/közben/után),AI-generált,,,,
M6.F-MUNK-04::PRINTPDF,M6.F-MUNK-04,nyomtatható PDF,M6,M6.F,02 Tervezet/Modulok/M6/Peulák/M6.F – Felzárkóztató peula – Eszköztár & játéklap (Study Lab).md,worksheet,,legyártandó,specifikáció kész,,Képzői ellenőrző lista – 1 A4 (peula előtt/közben/után) — nyomtatható PDF,AI-generált,,,,
M6.F-POSZ-01,M6.F-POSZ-01,elsődleges,M6,M6.F,02 Tervezet/Modulok/M6/Peulák/M6.F – Felzárkóztató peula – Eszköztár & játéklap (Study Lab).md,poster,,legyártandó,specifikáció kész,,Tájékozódó tábla – M6 leckelista + játéklap + név nélküli témakérések,AI-generált,,,,
M6.F-POSZ-01::PRINTPDF,M6.F-POSZ-01,nyomtatható PDF,M6,M6.F,02 Tervezet/Modulok/M6/Peulák/M6.F – Felzárkóztató peula – Eszköztár & játéklap (Study Lab).md,poster,,legyártandó,specifikáció kész,,Tájékozódó tábla – M6 leckelista + játéklap + név nélküli témakérések — nyomtatható PDF,AI-generált,,,,
M6.F-POSZ-02,M6.F-POSZ-02,elsődleges,M6,M6.F,02 Tervezet/Modulok/M6/Peulák/M6.F – Felzárkóztató peula – Eszköztár & játéklap (Study Lab).md,poster,,legyártandó,specifikáció kész,,Fogalom-térkép sablon – 5–6 buborék (az eszköztár nagy képe),AI-generált,,,,
M6.F-POSZ-02::PRINTPDF,M6.F-POSZ-02,nyomtatható PDF,M6,M6.F,02 Tervezet/Modulok/M6/Peulák/M6.F – Felzárkóztató peula – Eszköztár & játéklap (Study Lab).md,poster,,legyártandó,specifikáció kész,,Fogalom-térkép sablon – 5–6 buborék (az eszköztár nagy képe) — nyomtatható PDF,AI-generált,,,,
M7-HUB-DIA-01,M7-HUB-DIA-01,elsődleges,M7,M7-HUB,"02 Tervezet/Modulok/M7/M7 – Peula a papírtól a valóságig – Programírás, Zmán Kvucá & AI-támogatott tervezés.md",diagram,,legyártandó,specifikáció kész,,Modul-fogalomtérkép: SMART – Peula 11 pont – Zmán Kvucá – Peula v2,AI-generált,,,,
M7-HUB-DIA-01::ALTTEXT,M7-HUB-DIA-01,alt-szöveg,M7,M7-HUB,"02 Tervezet/Modulok/M7/M7 – Peula a papírtól a valóságig – Programírás, Zmán Kvucá & AI-támogatott tervezés.md",diagram,,legyártandó,specifikáció kész,,Modul-fogalomtérkép: SMART – Peula 11 pont – Zmán Kvucá – Peula v2 — alt-szöveg,AI-generált,,,,
M7-HUB-DIA-02,M7-HUB-DIA-02,elsődleges,M7,M7-HUB,"02 Tervezet/Modulok/M7/M7 – Peula a papírtól a valóságig – Programírás, Zmán Kvucá & AI-támogatott tervezés.md",diagram,,legyártandó,specifikáció kész,,Kétlépcsős félévzáró idővonal: v1 első vázlat → köztes fejlesztés → v2 teljesítési kapu,AI-generált,,,,
M7-HUB-DIA-02::ALTTEXT,M7-HUB-DIA-02,alt-szöveg,M7,M7-HUB,"02 Tervezet/Modulok/M7/M7 – Peula a papírtól a valóságig – Programírás, Zmán Kvucá & AI-támogatott tervezés.md",diagram,,legyártandó,specifikáció kész,,Kétlépcsős félévzáró idővonal: v1 első vázlat → köztes fejlesztés → v2 teljesítési kapu — alt-szöveg,AI-generált,,,,
M7-HUB-DIA-03,M7-HUB-DIA-03,elsődleges,M7,M7-HUB,"02 Tervezet/Modulok/M7/M7 – Peula a papírtól a valóságig – Programírás, Zmán Kvucá & AI-támogatott tervezés.md",diagram,,legyártandó,specifikáció kész,,Portfólió-átkötés / félévzáró összegzés: M1 SBI … M6 játéklap → 1 Peula v2,AI-generált,,,,
M7-HUB-DIA-03::ALTTEXT,M7-HUB-DIA-03,alt-szöveg,M7,M7-HUB,"02 Tervezet/Modulok/M7/M7 – Peula a papírtól a valóságig – Programírás, Zmán Kvucá & AI-támogatott tervezés.md",diagram,,legyártandó,specifikáció kész,,Portfólió-átkötés / félévzáró összegzés: M1 SBI … M6 játéklap → 1 Peula v2 — alt-szöveg,AI-generált,,,,
M7-HUB-MUNK-01,M7-HUB-MUNK-01,elsődleges,M7,M7-HUB,"02 Tervezet/Modulok/M7/M7 – Peula a papírtól a valóságig – Programírás, Zmán Kvucá & AI-támogatott tervezés.md",worksheet,,legyártandó,specifikáció kész,,1 perces kilépőkártya-munkalap (M7.A/M7.B/M7.F utáni offline visszajelzés),vegyes,,,,
M7-HUB-MUNK-01::PRINTPDF,M7-HUB-MUNK-01,nyomtatható PDF,M7,M7-HUB,"02 Tervezet/Modulok/M7/M7 – Peula a papírtól a valóságig – Programírás, Zmán Kvucá & AI-támogatott tervezés.md",worksheet,,legyártandó,specifikáció kész,,1 perces kilépőkártya-munkalap (M7.A/M7.B/M7.F utáni offline visszajelzés) — nyomtatható PDF,vegyes,,,,
M7.1-IKO-01,M7.1-IKO-01,elsődleges,M7,M7.1,"02 Tervezet/Modulok/M7/Online leckék/M7.1 – Ez még csak vágy, nem cél – SMART nevelési cél someres módra.md",icon-set,,legyártandó,specifikáció kész,,SMART 5 elem ikon-készlet (S-M-A-R-T),AI-generált,,,,
M7.1-IKO-01::ALTTEXT,M7.1-IKO-01,alt-szöveg,M7,M7.1,"02 Tervezet/Modulok/M7/Online leckék/M7.1 – Ez még csak vágy, nem cél – SMART nevelési cél someres módra.md",icon-set,,legyártandó,specifikáció kész,,SMART 5 elem ikon-készlet (S-M-A-R-T) — alt-szöveg,AI-generált,,,,
M7.1-ILL-01,M7.1-ILL-01,elsődleges,M7,M7.1,"02 Tervezet/Modulok/M7/Online leckék/M7.1 – Ez még csak vágy, nem cél – SMART nevelési cél someres módra.md",illustration,,legyártandó,specifikáció kész,,Hook – 3 vágy-mondat kártya,AI-generált,,,,
M7.1-ILL-01::ALTTEXT,M7.1-ILL-01,alt-szöveg,M7,M7.1,"02 Tervezet/Modulok/M7/Online leckék/M7.1 – Ez még csak vágy, nem cél – SMART nevelési cél someres módra.md",illustration,,legyártandó,specifikáció kész,,Hook – 3 vágy-mondat kártya — alt-szöveg,AI-generált,,,,
M7.1-ILL-02,M7.1-ILL-02,elsődleges,M7,M7.1,"02 Tervezet/Modulok/M7/Online leckék/M7.1 – Ez még csak vágy, nem cél – SMART nevelési cél someres módra.md",illustration,,legyártandó,specifikáció kész,,Someres SMART példa – 2 kártya (szolidaritás / biztonság),AI-generált,,,,
M7.1-ILL-02::ALTTEXT,M7.1-ILL-02,alt-szöveg,M7,M7.1,"02 Tervezet/Modulok/M7/Online leckék/M7.1 – Ez még csak vágy, nem cél – SMART nevelési cél someres módra.md",illustration,,legyártandó,specifikáció kész,,Someres SMART példa – 2 kártya (szolidaritás / biztonság) — alt-szöveg,AI-generált,,,,
M7.1-ILL-03,M7.1-ILL-03,elsődleges,M7,M7.1,"02 Tervezet/Modulok/M7/Online leckék/M7.1 – Ez még csak vágy, nem cél – SMART nevelési cél someres módra.md",illustration,,legyártandó,specifikáció kész,,Példa prompt-kártya (AI-blokk),AI-generált,,,,
M7.1-ILL-03::ALTTEXT,M7.1-ILL-03,alt-szöveg,M7,M7.1,"02 Tervezet/Modulok/M7/Online leckék/M7.1 – Ez még csak vágy, nem cél – SMART nevelési cél someres módra.md",illustration,,legyártandó,specifikáció kész,,Példa prompt-kártya (AI-blokk) — alt-szöveg,AI-generált,,,,
M7.1-NAR-01,M7.1-NAR-01,elsődleges,M7,M7.1,"02 Tervezet/Modulok/M7/Online leckék/M7.1 – Ez még csak vágy, nem cél – SMART nevelési cél someres módra.md",voiceover,narration,legyártandó,jogtisztázás alatt,,Narráció – SMART madrih-nyelven (opcionális),AI-generált,M7.1-NAR-01-VO,"„A SMART igazából csak egy emlékeztető arra, hogy a célod legyen **konkrét és ellenőrizhető**.

Specifikus: pontosan miről szól a peula?
Mérhető: miből fogod látni, hogy tényleg megtörtént valami?
Elérhető: reális ez ebben a kvucában, ebben az időkeretben?
Releváns: van köze someres értékhez vagy a kvucátok helyzetéhez?
És időhöz kötött: meddigre szeretnéd, hogy megvalósuljon – a peula végéig, hónap végéig, félév végéig?”",ef495f92066556f7210dad7f6a7ed45eef9e876d6c8dc7f2aded235afc0bcd34,"R2, R3"
M7.1-NAR-01::CAPTIONS,M7.1-NAR-01,felirat,M7,M7.1,"02 Tervezet/Modulok/M7/Online leckék/M7.1 – Ez még csak vágy, nem cél – SMART nevelési cél someres módra.md",voiceover,narration,legyártandó,jogtisztázás alatt,,Narráció – SMART madrih-nyelven (opcionális) — felirat,AI-generált,M7.1-NAR-01-VO,"„A SMART igazából csak egy emlékeztető arra, hogy a célod legyen **konkrét és ellenőrizhető**.

Specifikus: pontosan miről szól a peula?
Mérhető: miből fogod látni, hogy tényleg megtörtént valami?
Elérhető: reális ez ebben a kvucában, ebben az időkeretben?
Releváns: van köze someres értékhez vagy a kvucátok helyzetéhez?
És időhöz kötött: meddigre szeretnéd, hogy megvalósuljon – a peula végéig, hónap végéig, félév végéig?”",ef495f92066556f7210dad7f6a7ed45eef9e876d6c8dc7f2aded235afc0bcd34,"R2, R3"
M7.1-NAR-01::TRANSCRIPT,M7.1-NAR-01,leirat,M7,M7.1,"02 Tervezet/Modulok/M7/Online leckék/M7.1 – Ez még csak vágy, nem cél – SMART nevelési cél someres módra.md",voiceover,narration,legyártandó,jogtisztázás alatt,,Narráció – SMART madrih-nyelven (opcionális) — leirat,AI-generált,M7.1-NAR-01-VO,"„A SMART igazából csak egy emlékeztető arra, hogy a célod legyen **konkrét és ellenőrizhető**.

Specifikus: pontosan miről szól a peula?
Mérhető: miből fogod látni, hogy tényleg megtörtént valami?
Elérhető: reális ez ebben a kvucában, ebben az időkeretben?
Releváns: van köze someres értékhez vagy a kvucátok helyzetéhez?
És időhöz kötött: meddigre szeretnéd, hogy megvalósuljon – a peula végéig, hónap végéig, félév végéig?”",ef495f92066556f7210dad7f6a7ed45eef9e876d6c8dc7f2aded235afc0bcd34,"R2, R3"
M7.2-DIA-01,M7.2-DIA-01,elsődleges,M7,M7.2,"02 Tervezet/Modulok/M7/Online leckék/M7.2 – Nemcsak játék, hanem peula – 11 tervezési pont & AI-támogatás.md",diagram,,legyártandó,specifikáció kész,,Peula 11 pontja – 3 fázisú térkép diagram,AI-generált,,,,
M7.2-DIA-01::ALTTEXT,M7.2-DIA-01,alt-szöveg,M7,M7.2,"02 Tervezet/Modulok/M7/Online leckék/M7.2 – Nemcsak játék, hanem peula – 11 tervezési pont & AI-támogatás.md",diagram,,legyártandó,specifikáció kész,,Peula 11 pontja – 3 fázisú térkép diagram — alt-szöveg,AI-generált,M7.2-DIA-01-ALT,"A Peula 11 pontja három egymást követő fázisra bontva. 1. fázis – Előkészítés (4 pont): téma és modul; háttér és altémák; kvuca, idő és helyszín; SMART nevelési cél. 2. fázis – Megírás (4 pont): módszerek és élmény-blokk; felépítés (bevezetés–élmény–feldolgozás–zárás); realitás-check; kelléklista. 3. fázis – Biztonság és továbbfejlesztés (3 pont): biztonság és gyermekvédelem; visszajelzés és finomhangolás; utóreflexió és továbbfejlesztés. A nyilak a fázisok sorrendjét jelzik: előbb az Előkészítés, aztán a Megírás, végül a Biztonság és továbbfejlesztés.",79bab2e21b2f0fdfed14d62abec4ff31ef2ed4fc21564b6d0aca233e5248f548,
M7.2-IKO-01,M7.2-IKO-01,elsődleges,M7,M7.2,"02 Tervezet/Modulok/M7/Online leckék/M7.2 – Nemcsak játék, hanem peula – 11 tervezési pont & AI-támogatás.md",icon-set,,legyártandó,specifikáció kész,,"Ikon-készlet – Megírás 4 pontja (játék, idővonal, óra, doboz)",AI-generált,,,,
M7.2-IKO-01::ALTTEXT,M7.2-IKO-01,alt-szöveg,M7,M7.2,"02 Tervezet/Modulok/M7/Online leckék/M7.2 – Nemcsak játék, hanem peula – 11 tervezési pont & AI-támogatás.md",icon-set,,legyártandó,specifikáció kész,,"Ikon-készlet – Megírás 4 pontja (játék, idővonal, óra, doboz) — alt-szöveg",AI-generált,,,,
M7.2-ILL-01,M7.2-ILL-01,elsődleges,M7,M7.2,"02 Tervezet/Modulok/M7/Online leckék/M7.2 – Nemcsak játék, hanem peula – 11 tervezési pont & AI-támogatás.md",illustration,,legyártandó,specifikáció kész,,Illusztráció – madrih tervez (laptopnál/jegyzetfüzettel),AI-generált,,,,
M7.2-ILL-01::ALTTEXT,M7.2-ILL-01,alt-szöveg,M7,M7.2,"02 Tervezet/Modulok/M7/Online leckék/M7.2 – Nemcsak játék, hanem peula – 11 tervezési pont & AI-támogatás.md",illustration,,legyártandó,specifikáció kész,,Illusztráció – madrih tervez (laptopnál/jegyzetfüzettel) — alt-szöveg,AI-generált,,,,
M7.2-NAR-02,M7.2-NAR-02,elsődleges,M7,M7.2,"02 Tervezet/Modulok/M7/Online leckék/M7.2 – Nemcsak játék, hanem peula – 11 tervezési pont & AI-támogatás.md",voiceover,narration,legyártandó,jogtisztázás alatt,,SLIDE 2 narráció – „A Peula 11 pontjának térképe”,AI-generált,M7.2-NAR-02-VO,"„Ez itt a **Peula 11 pontjának térképe**.

Az első blokk az, amit **peula előtt** csinálsz:
megnézed a **témát és modult**,
picit utánanézel a **háttérnek**,
átgondolod, **melyik kvucának, mennyi időre, milyen helyszínre** írod a peulát,
és írsz egy **SMART nevelési célt**.

A második blokk az, amikor **megírod a peulát**:
kitalálod a **módszereket és az élmény-blokkot**,
összerakod a **felépítést**,
megnézed, hogy **reális-e** időben és a kvucának,
és írsz egy egyszerű **kelléklistát**.

A harmadik blokk arról szól, hogy a peula **biztonságos legyen és fejlődni tudjon**:
előre gondolsz a **biztonságra és a gyermekvédelemre**,
még a megtartás előtt kérsz **visszajelzést és finomítasz**,
utána pedig visszanézed, **mi működött, mi nem, és min változtatnál legközelebb**.”",6738f0e89b7db0d0e8f8e8bbe099b1b4d4b02f2e71f657aede1edc77588d3583,"R2, R3"
M7.2-NAR-02::CAPTIONS,M7.2-NAR-02,felirat,M7,M7.2,"02 Tervezet/Modulok/M7/Online leckék/M7.2 – Nemcsak játék, hanem peula – 11 tervezési pont & AI-támogatás.md",voiceover,narration,legyártandó,jogtisztázás alatt,,SLIDE 2 narráció – „A Peula 11 pontjának térképe” — felirat,AI-generált,M7.2-NAR-02-VO,"„Ez itt a **Peula 11 pontjának térképe**.

Az első blokk az, amit **peula előtt** csinálsz:
megnézed a **témát és modult**,
picit utánanézel a **háttérnek**,
átgondolod, **melyik kvucának, mennyi időre, milyen helyszínre** írod a peulát,
és írsz egy **SMART nevelési célt**.

A második blokk az, amikor **megírod a peulát**:
kitalálod a **módszereket és az élmény-blokkot**,
összerakod a **felépítést**,
megnézed, hogy **reális-e** időben és a kvucának,
és írsz egy egyszerű **kelléklistát**.

A harmadik blokk arról szól, hogy a peula **biztonságos legyen és fejlődni tudjon**:
előre gondolsz a **biztonságra és a gyermekvédelemre**,
még a megtartás előtt kérsz **visszajelzést és finomítasz**,
utána pedig visszanézed, **mi működött, mi nem, és min változtatnál legközelebb**.”",6738f0e89b7db0d0e8f8e8bbe099b1b4d4b02f2e71f657aede1edc77588d3583,"R2, R3"
M7.2-NAR-02::TRANSCRIPT,M7.2-NAR-02,leirat,M7,M7.2,"02 Tervezet/Modulok/M7/Online leckék/M7.2 – Nemcsak játék, hanem peula – 11 tervezési pont & AI-támogatás.md",voiceover,narration,legyártandó,jogtisztázás alatt,,SLIDE 2 narráció – „A Peula 11 pontjának térképe” — leirat,AI-generált,M7.2-NAR-02-VO,"„Ez itt a **Peula 11 pontjának térképe**.

Az első blokk az, amit **peula előtt** csinálsz:
megnézed a **témát és modult**,
picit utánanézel a **háttérnek**,
átgondolod, **melyik kvucának, mennyi időre, milyen helyszínre** írod a peulát,
és írsz egy **SMART nevelési célt**.

A második blokk az, amikor **megírod a peulát**:
kitalálod a **módszereket és az élmény-blokkot**,
összerakod a **felépítést**,
megnézed, hogy **reális-e** időben és a kvucának,
és írsz egy egyszerű **kelléklistát**.

A harmadik blokk arról szól, hogy a peula **biztonságos legyen és fejlődni tudjon**:
előre gondolsz a **biztonságra és a gyermekvédelemre**,
még a megtartás előtt kérsz **visszajelzést és finomítasz**,
utána pedig visszanézed, **mi működött, mi nem, és min változtatnál legközelebb**.”",6738f0e89b7db0d0e8f8e8bbe099b1b4d4b02f2e71f657aede1edc77588d3583,"R2, R3"
M7.2-NAR-03,M7.2-NAR-03,elsődleges,M7,M7.2,"02 Tervezet/Modulok/M7/Online leckék/M7.2 – Nemcsak játék, hanem peula – 11 tervezési pont & AI-támogatás.md",voiceover,narration,legyártandó,jogtisztázás alatt,,SLIDE 3 narráció – Előkészítés (4 pont),AI-generált,M7.2-NAR-03-VO,"„Az **előkészítés** arról szól, hogy ne vakon lőj.

Először megnézed, mi a **téma és modul**.
Utána pár percet rászánsz, hogy megértsd a téma **hátterét és altémáit**.
Átgondolod, **melyik kvucának, mennyi időre, milyen helyszínre** írod a peulát.
És írsz egy **SMART nevelési célt**, ami nemcsak annyi, hogy
‘legyen jó hangulat’, hanem valami konkrét változás.

AI-t megkérhetsz, hogy segítsen altémákat kitalálni
vagy egyszerűen elmagyarázni a fogalmat –
de neveket, konkrét sztorikat akkor sem írsz be.”",89423b67eae633e003b2661313f01e25ed002cbc794a7baf385d1a3a6d4d23a5,"R2, R3"
M7.2-NAR-03::CAPTIONS,M7.2-NAR-03,felirat,M7,M7.2,"02 Tervezet/Modulok/M7/Online leckék/M7.2 – Nemcsak játék, hanem peula – 11 tervezési pont & AI-támogatás.md",voiceover,narration,legyártandó,jogtisztázás alatt,,SLIDE 3 narráció – Előkészítés (4 pont) — felirat,AI-generált,M7.2-NAR-03-VO,"„Az **előkészítés** arról szól, hogy ne vakon lőj.

Először megnézed, mi a **téma és modul**.
Utána pár percet rászánsz, hogy megértsd a téma **hátterét és altémáit**.
Átgondolod, **melyik kvucának, mennyi időre, milyen helyszínre** írod a peulát.
És írsz egy **SMART nevelési célt**, ami nemcsak annyi, hogy
‘legyen jó hangulat’, hanem valami konkrét változás.

AI-t megkérhetsz, hogy segítsen altémákat kitalálni
vagy egyszerűen elmagyarázni a fogalmat –
de neveket, konkrét sztorikat akkor sem írsz be.”",89423b67eae633e003b2661313f01e25ed002cbc794a7baf385d1a3a6d4d23a5,"R2, R3"
M7.2-NAR-03::TRANSCRIPT,M7.2-NAR-03,leirat,M7,M7.2,"02 Tervezet/Modulok/M7/Online leckék/M7.2 – Nemcsak játék, hanem peula – 11 tervezési pont & AI-támogatás.md",voiceover,narration,legyártandó,jogtisztázás alatt,,SLIDE 3 narráció – Előkészítés (4 pont) — leirat,AI-generált,M7.2-NAR-03-VO,"„Az **előkészítés** arról szól, hogy ne vakon lőj.

Először megnézed, mi a **téma és modul**.
Utána pár percet rászánsz, hogy megértsd a téma **hátterét és altémáit**.
Átgondolod, **melyik kvucának, mennyi időre, milyen helyszínre** írod a peulát.
És írsz egy **SMART nevelési célt**, ami nemcsak annyi, hogy
‘legyen jó hangulat’, hanem valami konkrét változás.

AI-t megkérhetsz, hogy segítsen altémákat kitalálni
vagy egyszerűen elmagyarázni a fogalmat –
de neveket, konkrét sztorikat akkor sem írsz be.”",89423b67eae633e003b2661313f01e25ed002cbc794a7baf385d1a3a6d4d23a5,"R2, R3"
M7.2-NAR-04,M7.2-NAR-04,elsődleges,M7,M7.2,"02 Tervezet/Modulok/M7/Online leckék/M7.2 – Nemcsak játék, hanem peula – 11 tervezési pont & AI-támogatás.md",voiceover,narration,legyártandó,jogtisztázás alatt,,SLIDE 4 narráció – Megírás (4 pont) + 4 fázis,AI-generált,M7.2-NAR-04-VO,"„Amikor a peulát **megírod**, négy dolgot érdemes végiggondolni.

Először: milyen **módszer és élmény-blokk** segíti a célodat?
Utána: hogyan néz ki a **felépítés** időben? Itt mindig
ugyanaz a **4 fázis** segít: **első a bevezetés vagy ráhangolás,
második az élmény vagy fő tevékenység, harmadik a feldolgozás vagy beszélgetés, negyedik a zárás.**
Ez a 4 lépcső a peula gerince – a játék az élmény-fázis,
de a **cél a feldolgozásban** válik tudatossá, ezért egyik fázist sem hagyod ki.

A **realitás-check** arról szól, hogy őszintén ránézel:
működni fog ez ennyi időben, ezzel a kvucával, ebben a térben?

Végül egy egyszerű **kelléklista** – mire lesz szükséged,
ki hozza, hol lesz.

AI-t használhatsz ötletelésre,
de az, hogy mi illik a kvucádhoz,
akkor is a te döntésed marad.”",935abce0a9d5811f2ce1942be89610f03e11061052e161d8fe0725a3219450f4,"R2, R3"
M7.2-NAR-04::CAPTIONS,M7.2-NAR-04,felirat,M7,M7.2,"02 Tervezet/Modulok/M7/Online leckék/M7.2 – Nemcsak játék, hanem peula – 11 tervezési pont & AI-támogatás.md",voiceover,narration,legyártandó,jogtisztázás alatt,,SLIDE 4 narráció – Megírás (4 pont) + 4 fázis — felirat,AI-generált,M7.2-NAR-04-VO,"„Amikor a peulát **megírod**, négy dolgot érdemes végiggondolni.

Először: milyen **módszer és élmény-blokk** segíti a célodat?
Utána: hogyan néz ki a **felépítés** időben? Itt mindig
ugyanaz a **4 fázis** segít: **első a bevezetés vagy ráhangolás,
második az élmény vagy fő tevékenység, harmadik a feldolgozás vagy beszélgetés, negyedik a zárás.**
Ez a 4 lépcső a peula gerince – a játék az élmény-fázis,
de a **cél a feldolgozásban** válik tudatossá, ezért egyik fázist sem hagyod ki.

A **realitás-check** arról szól, hogy őszintén ránézel:
működni fog ez ennyi időben, ezzel a kvucával, ebben a térben?

Végül egy egyszerű **kelléklista** – mire lesz szükséged,
ki hozza, hol lesz.

AI-t használhatsz ötletelésre,
de az, hogy mi illik a kvucádhoz,
akkor is a te döntésed marad.”",935abce0a9d5811f2ce1942be89610f03e11061052e161d8fe0725a3219450f4,"R2, R3"
M7.2-NAR-04::TRANSCRIPT,M7.2-NAR-04,leirat,M7,M7.2,"02 Tervezet/Modulok/M7/Online leckék/M7.2 – Nemcsak játék, hanem peula – 11 tervezési pont & AI-támogatás.md",voiceover,narration,legyártandó,jogtisztázás alatt,,SLIDE 4 narráció – Megírás (4 pont) + 4 fázis — leirat,AI-generált,M7.2-NAR-04-VO,"„Amikor a peulát **megírod**, négy dolgot érdemes végiggondolni.

Először: milyen **módszer és élmény-blokk** segíti a célodat?
Utána: hogyan néz ki a **felépítés** időben? Itt mindig
ugyanaz a **4 fázis** segít: **első a bevezetés vagy ráhangolás,
második az élmény vagy fő tevékenység, harmadik a feldolgozás vagy beszélgetés, negyedik a zárás.**
Ez a 4 lépcső a peula gerince – a játék az élmény-fázis,
de a **cél a feldolgozásban** válik tudatossá, ezért egyik fázist sem hagyod ki.

A **realitás-check** arról szól, hogy őszintén ránézel:
működni fog ez ennyi időben, ezzel a kvucával, ebben a térben?

Végül egy egyszerű **kelléklista** – mire lesz szükséged,
ki hozza, hol lesz.

AI-t használhatsz ötletelésre,
de az, hogy mi illik a kvucádhoz,
akkor is a te döntésed marad.”",935abce0a9d5811f2ce1942be89610f03e11061052e161d8fe0725a3219450f4,"R2, R3"
M7.2-NAR-05,M7.2-NAR-05,elsődleges,M7,M7.2,"02 Tervezet/Modulok/M7/Online leckék/M7.2 – Nemcsak játék, hanem peula – 11 tervezési pont & AI-támogatás.md",voiceover,narration,legyártandó,jogtisztázás alatt,,SLIDE 5 narráció – Biztonság & továbbfejlesztés (3 pont),AI-generált,M7.2-NAR-05-VO,"„A peula nem akkor ér véget, amikor szétszeditek a kört.

A **biztonság és gyermekvédelem** arról szól, hogy előre végiggondolod,
milyen határhelyzetek, red flag-ek jöhetnek elő,
és hogy ilyenkor az M3-ban tanult ötlépéses jelzési út szerint jársz el –
például azonnal bevonod a Memunát, és nem maradsz egyedül a helyzetben.

A **visszajelzés és finomhangolás** még a megtartás előtt segít, hogy ne egyedül gondolkodj,
hanem kapj másik nézőpontot is.

Az **utóreflexió és továbbfejlesztés** már a peula után jön:
leírod, mi történt, mi működött, mi nem,
és mit változtatnál a következő alkalomra.
Így a tapasztalat tényleg visszakerül a következő tervedbe.”",85e1c4d1cf75bc5c480bac63d25f27483be829376d3d80b97525f74da5eee71e,"R2, R3"
M7.2-NAR-05::CAPTIONS,M7.2-NAR-05,felirat,M7,M7.2,"02 Tervezet/Modulok/M7/Online leckék/M7.2 – Nemcsak játék, hanem peula – 11 tervezési pont & AI-támogatás.md",voiceover,narration,legyártandó,jogtisztázás alatt,,SLIDE 5 narráció – Biztonság & továbbfejlesztés (3 pont) — felirat,AI-generált,M7.2-NAR-05-VO,"„A peula nem akkor ér véget, amikor szétszeditek a kört.

A **biztonság és gyermekvédelem** arról szól, hogy előre végiggondolod,
milyen határhelyzetek, red flag-ek jöhetnek elő,
és hogy ilyenkor az M3-ban tanult ötlépéses jelzési út szerint jársz el –
például azonnal bevonod a Memunát, és nem maradsz egyedül a helyzetben.

A **visszajelzés és finomhangolás** még a megtartás előtt segít, hogy ne egyedül gondolkodj,
hanem kapj másik nézőpontot is.

Az **utóreflexió és továbbfejlesztés** már a peula után jön:
leírod, mi történt, mi működött, mi nem,
és mit változtatnál a következő alkalomra.
Így a tapasztalat tényleg visszakerül a következő tervedbe.”",85e1c4d1cf75bc5c480bac63d25f27483be829376d3d80b97525f74da5eee71e,"R2, R3"
M7.2-NAR-05::TRANSCRIPT,M7.2-NAR-05,leirat,M7,M7.2,"02 Tervezet/Modulok/M7/Online leckék/M7.2 – Nemcsak játék, hanem peula – 11 tervezési pont & AI-támogatás.md",voiceover,narration,legyártandó,jogtisztázás alatt,,SLIDE 5 narráció – Biztonság & továbbfejlesztés (3 pont) — leirat,AI-generált,M7.2-NAR-05-VO,"„A peula nem akkor ér véget, amikor szétszeditek a kört.

A **biztonság és gyermekvédelem** arról szól, hogy előre végiggondolod,
milyen határhelyzetek, red flag-ek jöhetnek elő,
és hogy ilyenkor az M3-ban tanult ötlépéses jelzési út szerint jársz el –
például azonnal bevonod a Memunát, és nem maradsz egyedül a helyzetben.

A **visszajelzés és finomhangolás** még a megtartás előtt segít, hogy ne egyedül gondolkodj,
hanem kapj másik nézőpontot is.

Az **utóreflexió és továbbfejlesztés** már a peula után jön:
leírod, mi történt, mi működött, mi nem,
és mit változtatnál a következő alkalomra.
Így a tapasztalat tényleg visszakerül a következő tervedbe.”",85e1c4d1cf75bc5c480bac63d25f27483be829376d3d80b97525f74da5eee71e,"R2, R3"
M7.2-VID-01,M7.2-VID-01,elsődleges,M7,M7.2,"02 Tervezet/Modulok/M7/Online leckék/M7.2 – Nemcsak játék, hanem peula – 11 tervezési pont & AI-támogatás.md",video,ai-talking-head,legyártandó,jogtisztázás alatt,,HOOK – AI beszélő fej: „Csak játék maradt a peula?”,AI-generált,M7.2-VID-01-VO,"„Szia!
Volt már olyan, hogy tartottál egy **nagyon jó, élvezetes játékot Zmán Kvucán**,
de a végén nem nagyon tudtad megfogalmazni,
hogy **mit értél el vele**?

Vagy olyan, hogy valaki hozott egy szuper játékot,
de közben nem volt igazán **nevelési célja**,
és **biztonság** szempontjából sem voltatok biztosak benne?

Ez a lecke arról szól, hogy **milyen 11 ponton érdemes végigmenni**,
amikor peulát írsz –
és hogy **hol segíthet ebben az AI**,
anélkül, hogy átvenné a helyedet.”",6e25eb488337bc35d878d82eba93a6ce84bee850488f8638a5ec901e62fd787e,"R2, R3"
M7.2-VID-01::VOICEOVER,M7.2-VID-01,felmondott hang,M7,M7.2,"02 Tervezet/Modulok/M7/Online leckék/M7.2 – Nemcsak játék, hanem peula – 11 tervezési pont & AI-támogatás.md",video,ai-talking-head,legyártandó,jogtisztázás alatt,,HOOK – AI beszélő fej: „Csak játék maradt a peula?” — felmondott hang,AI-generált,M7.2-VID-01-VO,"„Szia!
Volt már olyan, hogy tartottál egy **nagyon jó, élvezetes játékot Zmán Kvucán**,
de a végén nem nagyon tudtad megfogalmazni,
hogy **mit értél el vele**?

Vagy olyan, hogy valaki hozott egy szuper játékot,
de közben nem volt igazán **nevelési célja**,
és **biztonság** szempontjából sem voltatok biztosak benne?

Ez a lecke arról szól, hogy **milyen 11 ponton érdemes végigmenni**,
amikor peulát írsz –
és hogy **hol segíthet ebben az AI**,
anélkül, hogy átvenné a helyedet.”",6e25eb488337bc35d878d82eba93a6ce84bee850488f8638a5ec901e62fd787e,"R2, R3"
M7.2-VID-01::CAPTIONS,M7.2-VID-01,felirat,M7,M7.2,"02 Tervezet/Modulok/M7/Online leckék/M7.2 – Nemcsak játék, hanem peula – 11 tervezési pont & AI-támogatás.md",video,ai-talking-head,legyártandó,jogtisztázás alatt,,HOOK – AI beszélő fej: „Csak játék maradt a peula?” — felirat,AI-generált,M7.2-VID-01-VO,"„Szia!
Volt már olyan, hogy tartottál egy **nagyon jó, élvezetes játékot Zmán Kvucán**,
de a végén nem nagyon tudtad megfogalmazni,
hogy **mit értél el vele**?

Vagy olyan, hogy valaki hozott egy szuper játékot,
de közben nem volt igazán **nevelési célja**,
és **biztonság** szempontjából sem voltatok biztosak benne?

Ez a lecke arról szól, hogy **milyen 11 ponton érdemes végigmenni**,
amikor peulát írsz –
és hogy **hol segíthet ebben az AI**,
anélkül, hogy átvenné a helyedet.”",6e25eb488337bc35d878d82eba93a6ce84bee850488f8638a5ec901e62fd787e,"R2, R3"
M7.2-VID-01::TRANSCRIPT,M7.2-VID-01,leirat,M7,M7.2,"02 Tervezet/Modulok/M7/Online leckék/M7.2 – Nemcsak játék, hanem peula – 11 tervezési pont & AI-támogatás.md",video,ai-talking-head,legyártandó,jogtisztázás alatt,,HOOK – AI beszélő fej: „Csak játék maradt a peula?” — leirat,AI-generált,M7.2-VID-01-VO,"„Szia!
Volt már olyan, hogy tartottál egy **nagyon jó, élvezetes játékot Zmán Kvucán**,
de a végén nem nagyon tudtad megfogalmazni,
hogy **mit értél el vele**?

Vagy olyan, hogy valaki hozott egy szuper játékot,
de közben nem volt igazán **nevelési célja**,
és **biztonság** szempontjából sem voltatok biztosak benne?

Ez a lecke arról szól, hogy **milyen 11 ponton érdemes végigmenni**,
amikor peulát írsz –
és hogy **hol segíthet ebben az AI**,
anélkül, hogy átvenné a helyedet.”",6e25eb488337bc35d878d82eba93a6ce84bee850488f8638a5ec901e62fd787e,"R2, R3"
M7.3-DIA-01,M7.3-DIA-01,elsődleges,M7,M7.3,"02 Tervezet/Modulok/M7/Online leckék/M7.3 – Zmán Kvucá-checklist – idő, tér, felelősség.md",diagram,,legyártandó,specifikáció kész,,Zmán Kvucá-checklist 5 fő terület – kattintható diagram/kártyaszett,AI-generált,,,,
M7.3-DIA-01::ALTTEXT,M7.3-DIA-01,alt-szöveg,M7,M7.3,"02 Tervezet/Modulok/M7/Online leckék/M7.3 – Zmán Kvucá-checklist – idő, tér, felelősség.md",diagram,,legyártandó,specifikáció kész,,Zmán Kvucá-checklist 5 fő terület – kattintható diagram/kártyaszett — alt-szöveg,AI-generált,,,,
M7.3-IKO-01,M7.3-IKO-01,elsődleges,M7,M7.3,"02 Tervezet/Modulok/M7/Online leckék/M7.3 – Zmán Kvucá-checklist – idő, tér, felelősség.md",icon-set,,legyártandó,specifikáció kész,,Ikon-készlet – Zmán Kvucá 5 területe,AI-generált,,,,
M7.3-IKO-01::ALTTEXT,M7.3-IKO-01,alt-szöveg,M7,M7.3,"02 Tervezet/Modulok/M7/Online leckék/M7.3 – Zmán Kvucá-checklist – idő, tér, felelősség.md",icon-set,,legyártandó,specifikáció kész,,Ikon-készlet – Zmán Kvucá 5 területe — alt-szöveg,AI-generált,,,,
M7.3-ILL-01,M7.3-ILL-01,elsődleges,M7,M7.3,"02 Tervezet/Modulok/M7/Online leckék/M7.3 – Zmán Kvucá-checklist – idő, tér, felelősség.md",illustration,,legyártandó,specifikáció kész,,Kéthasábos kontraszt-vizuál: „Csak játékban” vs. „Zmán Kvucában gondolkozunk”,AI-generált,,,,
M7.3-ILL-01::ALTTEXT,M7.3-ILL-01,alt-szöveg,M7,M7.3,"02 Tervezet/Modulok/M7/Online leckék/M7.3 – Zmán Kvucá-checklist – idő, tér, felelősség.md",illustration,,legyártandó,specifikáció kész,,Kéthasábos kontraszt-vizuál: „Csak játékban” vs. „Zmán Kvucában gondolkozunk” — alt-szöveg,AI-generált,,,,
M7.3-ILL-02,M7.3-ILL-02,elsődleges,M7,M7.3,"02 Tervezet/Modulok/M7/Online leckék/M7.3 – Zmán Kvucá-checklist – idő, tér, felelősség.md",illustration,,legyártandó,specifikáció kész,,Illusztrált mintaprogram-kártya: „Péntek esti Zmán Kvucá a kenben”,AI-generált,,,,
M7.3-ILL-02::ALTTEXT,M7.3-ILL-02,alt-szöveg,M7,M7.3,"02 Tervezet/Modulok/M7/Online leckék/M7.3 – Zmán Kvucá-checklist – idő, tér, felelősség.md",illustration,,legyártandó,specifikáció kész,,Illusztrált mintaprogram-kártya: „Péntek esti Zmán Kvucá a kenben” — alt-szöveg,AI-generált,,,,
M7.3-NAR-02,M7.3-NAR-02,elsődleges,M7,M7.3,"02 Tervezet/Modulok/M7/Online leckék/M7.3 – Zmán Kvucá-checklist – idő, tér, felelősség.md",voiceover,narration,legyártandó,jogtisztázás alatt,,INPUT 1 narráció (SLIDE 2),AI-generált,M7.3-NAR-02-VO,"„Amikor csak játékban gondolkozol,
elég annyi, hogy van egy jó ötleted,
és az majd csak jó lesz valamikor egy peulára vagy időkitöltésre.

Zmán Kvucánál viszont arról van szó,
hogy egy **konkrét idősávban** egy **konkrét kvucával dolgozol**.
Tudnod kell, mikor kezdtek, mikor végeztek,
hol lesztek, hányan lesztek,
és mi a cél, amire figyelsz madrihként.

Ezért nem elég egy jó játék –
**keret is kell köré**.”",88acf1e32421ec627dc8b7247c9ba183dadfee3455e3ebe9bd3ef250cbac3145,"R2, R3"
M7.3-NAR-02::CAPTIONS,M7.3-NAR-02,felirat,M7,M7.3,"02 Tervezet/Modulok/M7/Online leckék/M7.3 – Zmán Kvucá-checklist – idő, tér, felelősség.md",voiceover,narration,legyártandó,jogtisztázás alatt,,INPUT 1 narráció (SLIDE 2) — felirat,AI-generált,M7.3-NAR-02-VO,"„Amikor csak játékban gondolkozol,
elég annyi, hogy van egy jó ötleted,
és az majd csak jó lesz valamikor egy peulára vagy időkitöltésre.

Zmán Kvucánál viszont arról van szó,
hogy egy **konkrét idősávban** egy **konkrét kvucával dolgozol**.
Tudnod kell, mikor kezdtek, mikor végeztek,
hol lesztek, hányan lesztek,
és mi a cél, amire figyelsz madrihként.

Ezért nem elég egy jó játék –
**keret is kell köré**.”",88acf1e32421ec627dc8b7247c9ba183dadfee3455e3ebe9bd3ef250cbac3145,"R2, R3"
M7.3-NAR-02::TRANSCRIPT,M7.3-NAR-02,leirat,M7,M7.3,"02 Tervezet/Modulok/M7/Online leckék/M7.3 – Zmán Kvucá-checklist – idő, tér, felelősség.md",voiceover,narration,legyártandó,jogtisztázás alatt,,INPUT 1 narráció (SLIDE 2) — leirat,AI-generált,M7.3-NAR-02-VO,"„Amikor csak játékban gondolkozol,
elég annyi, hogy van egy jó ötleted,
és az majd csak jó lesz valamikor egy peulára vagy időkitöltésre.

Zmán Kvucánál viszont arról van szó,
hogy egy **konkrét idősávban** egy **konkrét kvucával dolgozol**.
Tudnod kell, mikor kezdtek, mikor végeztek,
hol lesztek, hányan lesztek,
és mi a cél, amire figyelsz madrihként.

Ezért nem elég egy jó játék –
**keret is kell köré**.”",88acf1e32421ec627dc8b7247c9ba183dadfee3455e3ebe9bd3ef250cbac3145,"R2, R3"
M7.3-NAR-03,M7.3-NAR-03,elsődleges,M7,M7.3,"02 Tervezet/Modulok/M7/Online leckék/M7.3 – Zmán Kvucá-checklist – idő, tér, felelősség.md",voiceover,narration,legyártandó,jogtisztázás alatt,,INPUT 2 narráció – mintaprogram (SLIDE 3),AI-generált,M7.3-NAR-03-VO,"„Nézzünk egy konkrét példát.

Péntek este, 18-tól 19 óráig Zmán Kvucát tartunk a kenben.
A kvuca: Kivsza, 10–12 évesek, 12 hanih, 2 madrih.
A cél: ismerkedés és someres hangulat az év elején.

A programváz: névtanulós játék, kiscsoportos beszélgetés,
majd közös kör és zárás.
Közben a folyosó másik végén egy másik kvuca is tart Zmán Kvucát.

Első ránézésre ez akár jól is hangozhat –
de nézzük meg a checklist segítségével,
hol vannak benne kérdőjelek.”",3cc1ed43d7295b604e8f389e9073aeed05c07c240a62c056c9ade5deb86f88d9,"R2, R3"
M7.3-NAR-03::CAPTIONS,M7.3-NAR-03,felirat,M7,M7.3,"02 Tervezet/Modulok/M7/Online leckék/M7.3 – Zmán Kvucá-checklist – idő, tér, felelősség.md",voiceover,narration,legyártandó,jogtisztázás alatt,,INPUT 2 narráció – mintaprogram (SLIDE 3) — felirat,AI-generált,M7.3-NAR-03-VO,"„Nézzünk egy konkrét példát.

Péntek este, 18-tól 19 óráig Zmán Kvucát tartunk a kenben.
A kvuca: Kivsza, 10–12 évesek, 12 hanih, 2 madrih.
A cél: ismerkedés és someres hangulat az év elején.

A programváz: névtanulós játék, kiscsoportos beszélgetés,
majd közös kör és zárás.
Közben a folyosó másik végén egy másik kvuca is tart Zmán Kvucát.

Első ránézésre ez akár jól is hangozhat –
de nézzük meg a checklist segítségével,
hol vannak benne kérdőjelek.”",3cc1ed43d7295b604e8f389e9073aeed05c07c240a62c056c9ade5deb86f88d9,"R2, R3"
M7.3-NAR-03::TRANSCRIPT,M7.3-NAR-03,leirat,M7,M7.3,"02 Tervezet/Modulok/M7/Online leckék/M7.3 – Zmán Kvucá-checklist – idő, tér, felelősség.md",voiceover,narration,legyártandó,jogtisztázás alatt,,INPUT 2 narráció – mintaprogram (SLIDE 3) — leirat,AI-generált,M7.3-NAR-03-VO,"„Nézzünk egy konkrét példát.

Péntek este, 18-tól 19 óráig Zmán Kvucát tartunk a kenben.
A kvuca: Kivsza, 10–12 évesek, 12 hanih, 2 madrih.
A cél: ismerkedés és someres hangulat az év elején.

A programváz: névtanulós játék, kiscsoportos beszélgetés,
majd közös kör és zárás.
Közben a folyosó másik végén egy másik kvuca is tart Zmán Kvucát.

Első ránézésre ez akár jól is hangozhat –
de nézzük meg a checklist segítségével,
hol vannak benne kérdőjelek.”",3cc1ed43d7295b604e8f389e9073aeed05c07c240a62c056c9ade5deb86f88d9,"R2, R3"
M7.3-NAR-04,M7.3-NAR-04,elsődleges,M7,M7.3,"02 Tervezet/Modulok/M7/Online leckék/M7.3 – Zmán Kvucá-checklist – idő, tér, felelősség.md",voiceover,narration,legyártandó,jogtisztázás alatt,,ACTIVITY narráció – 5 terület végigvétele (SLIDE 4),AI-generált,M7.3-NAR-04-VO,"„A Zmán Kvucá-checklist 5 fő területet néz végig.

**Idő és helyszín** – mikor vagytok, meddig maradtok,
hol vagytok, mennyire átlátható a tér.

**Létszám és madrih–hanih arány** – hány gyerekre hány madrih jut,
elfér-e mindenki és minden, amit tervezel.

**Anyagok, technika és B-terv** – megvannak-e az eszközeid,
és mi a B-terv, ha valami nem úgy alakul, ahogy tervezted.

**Hozzáférhetőség és inkluzivitás** – mindenki be tud-e jutni,
és nem marad-e ki valaki azért, mert a tér vagy a program nem neki való.

**Gyermekvédelem és határok** – ki a jelen lévő, 18 év feletti felnőtt, akié a gyermekvédelmi felelősség,
hogyan lesz biztonságos a Zmán Kvucád, és mit teszel, ha red flag-et látsz.”",b730866347ee3af342926294347b5ced4ababa43992505e70bb178b9baf21a82,"R2, R3"
M7.3-NAR-04::CAPTIONS,M7.3-NAR-04,felirat,M7,M7.3,"02 Tervezet/Modulok/M7/Online leckék/M7.3 – Zmán Kvucá-checklist – idő, tér, felelősség.md",voiceover,narration,legyártandó,jogtisztázás alatt,,ACTIVITY narráció – 5 terület végigvétele (SLIDE 4) — felirat,AI-generált,M7.3-NAR-04-VO,"„A Zmán Kvucá-checklist 5 fő területet néz végig.

**Idő és helyszín** – mikor vagytok, meddig maradtok,
hol vagytok, mennyire átlátható a tér.

**Létszám és madrih–hanih arány** – hány gyerekre hány madrih jut,
elfér-e mindenki és minden, amit tervezel.

**Anyagok, technika és B-terv** – megvannak-e az eszközeid,
és mi a B-terv, ha valami nem úgy alakul, ahogy tervezted.

**Hozzáférhetőség és inkluzivitás** – mindenki be tud-e jutni,
és nem marad-e ki valaki azért, mert a tér vagy a program nem neki való.

**Gyermekvédelem és határok** – ki a jelen lévő, 18 év feletti felnőtt, akié a gyermekvédelmi felelősség,
hogyan lesz biztonságos a Zmán Kvucád, és mit teszel, ha red flag-et látsz.”",b730866347ee3af342926294347b5ced4ababa43992505e70bb178b9baf21a82,"R2, R3"
M7.3-NAR-04::TRANSCRIPT,M7.3-NAR-04,leirat,M7,M7.3,"02 Tervezet/Modulok/M7/Online leckék/M7.3 – Zmán Kvucá-checklist – idő, tér, felelősség.md",voiceover,narration,legyártandó,jogtisztázás alatt,,ACTIVITY narráció – 5 terület végigvétele (SLIDE 4) — leirat,AI-generált,M7.3-NAR-04-VO,"„A Zmán Kvucá-checklist 5 fő területet néz végig.

**Idő és helyszín** – mikor vagytok, meddig maradtok,
hol vagytok, mennyire átlátható a tér.

**Létszám és madrih–hanih arány** – hány gyerekre hány madrih jut,
elfér-e mindenki és minden, amit tervezel.

**Anyagok, technika és B-terv** – megvannak-e az eszközeid,
és mi a B-terv, ha valami nem úgy alakul, ahogy tervezted.

**Hozzáférhetőség és inkluzivitás** – mindenki be tud-e jutni,
és nem marad-e ki valaki azért, mert a tér vagy a program nem neki való.

**Gyermekvédelem és határok** – ki a jelen lévő, 18 év feletti felnőtt, akié a gyermekvédelmi felelősség,
hogyan lesz biztonságos a Zmán Kvucád, és mit teszel, ha red flag-et látsz.”",b730866347ee3af342926294347b5ced4ababa43992505e70bb178b9baf21a82,"R2, R3"
M7.3-NAR-05,M7.3-NAR-05,elsődleges,M7,M7.3,"02 Tervezet/Modulok/M7/Online leckék/M7.3 – Zmán Kvucá-checklist – idő, tér, felelősség.md",voiceover,narration,legyártandó,jogtisztázás alatt,,"OUTRO narráció – híd a Moodle Checklistre (SLIDE 6, opcionális)",AI-generált,M7.3-NAR-05-VO,"„Most egy Moodle Checklistben fogod végignézni
a péntek esti mintaprogramot a Zmán Kvucá-checklist 5 területe mentén.

Csak azt pipáld ki, ami **ténylegesen kiderül** a leírásból.
Ami nem derül ki vagy kérdéses, azt hagyd üresen,
és nyugodtan jelöld kérdésként a vezetőd felé.

Ez még csak gyakorlás –
ugyanezt a szemléletet fogod használni
a **saját Zmán Kvucáidnál** is.”",350be51ad2e61ec4600c0387a6020e11a500973caf113f40767cd7a7260b4dd9,"R2, R3"
M7.3-NAR-05::CAPTIONS,M7.3-NAR-05,felirat,M7,M7.3,"02 Tervezet/Modulok/M7/Online leckék/M7.3 – Zmán Kvucá-checklist – idő, tér, felelősség.md",voiceover,narration,legyártandó,jogtisztázás alatt,,"OUTRO narráció – híd a Moodle Checklistre (SLIDE 6, opcionális) — felirat",AI-generált,M7.3-NAR-05-VO,"„Most egy Moodle Checklistben fogod végignézni
a péntek esti mintaprogramot a Zmán Kvucá-checklist 5 területe mentén.

Csak azt pipáld ki, ami **ténylegesen kiderül** a leírásból.
Ami nem derül ki vagy kérdéses, azt hagyd üresen,
és nyugodtan jelöld kérdésként a vezetőd felé.

Ez még csak gyakorlás –
ugyanezt a szemléletet fogod használni
a **saját Zmán Kvucáidnál** is.”",350be51ad2e61ec4600c0387a6020e11a500973caf113f40767cd7a7260b4dd9,"R2, R3"
M7.3-NAR-05::TRANSCRIPT,M7.3-NAR-05,leirat,M7,M7.3,"02 Tervezet/Modulok/M7/Online leckék/M7.3 – Zmán Kvucá-checklist – idő, tér, felelősség.md",voiceover,narration,legyártandó,jogtisztázás alatt,,"OUTRO narráció – híd a Moodle Checklistre (SLIDE 6, opcionális) — leirat",AI-generált,M7.3-NAR-05-VO,"„Most egy Moodle Checklistben fogod végignézni
a péntek esti mintaprogramot a Zmán Kvucá-checklist 5 területe mentén.

Csak azt pipáld ki, ami **ténylegesen kiderül** a leírásból.
Ami nem derül ki vagy kérdéses, azt hagyd üresen,
és nyugodtan jelöld kérdésként a vezetőd felé.

Ez még csak gyakorlás –
ugyanezt a szemléletet fogod használni
a **saját Zmán Kvucáidnál** is.”",350be51ad2e61ec4600c0387a6020e11a500973caf113f40767cd7a7260b4dd9,"R2, R3"
M7.3-VID-01,M7.3-VID-01,elsődleges,M7,M7.3,"02 Tervezet/Modulok/M7/Online leckék/M7.3 – Zmán Kvucá-checklist – idő, tér, felelősség.md",video,ai-talking-head,legyártandó,jogtisztázás alatt,,HOOK beszélő-fej: „Zmán Kvucá = csak programidő…?”,AI-generált,M7.3-VID-01-VO,"„Szia!
A Somerben sokszor mondjuk azt, hogy **Zmán Kvucá**.

Sokszor úgy használjuk, hogy
*„amikor program van a kvucával”* –
de valójában ez **több, mint ötletszerű játékidő**.

A Zmán Kvucá az az **idő**, amikor madrihként
**egy kvucával dolgozol** – de nem egyedül:
a helyszínen ott van vagy azonnal elérhető egy felkészített, 18 év feletti felnőtt is,
és a gyermekvédelmi felelősség az övé.
Itt fontos, hogy hol vagytok, mennyien vagytok, mi a cél,
és mi történik, ha valami gáz van.

Nézzük meg, mit jelent ez a gyakorlatban.”",47a74316715f6d39675345e68814520a49ddacedf29e403779558870df669bf9,"R2, R3"
M7.3-VID-01::VOICEOVER,M7.3-VID-01,felmondott hang,M7,M7.3,"02 Tervezet/Modulok/M7/Online leckék/M7.3 – Zmán Kvucá-checklist – idő, tér, felelősség.md",video,ai-talking-head,legyártandó,jogtisztázás alatt,,HOOK beszélő-fej: „Zmán Kvucá = csak programidő…?” — felmondott hang,AI-generált,M7.3-VID-01-VO,"„Szia!
A Somerben sokszor mondjuk azt, hogy **Zmán Kvucá**.

Sokszor úgy használjuk, hogy
*„amikor program van a kvucával”* –
de valójában ez **több, mint ötletszerű játékidő**.

A Zmán Kvucá az az **idő**, amikor madrihként
**egy kvucával dolgozol** – de nem egyedül:
a helyszínen ott van vagy azonnal elérhető egy felkészített, 18 év feletti felnőtt is,
és a gyermekvédelmi felelősség az övé.
Itt fontos, hogy hol vagytok, mennyien vagytok, mi a cél,
és mi történik, ha valami gáz van.

Nézzük meg, mit jelent ez a gyakorlatban.”",47a74316715f6d39675345e68814520a49ddacedf29e403779558870df669bf9,"R2, R3"
M7.3-VID-01::CAPTIONS,M7.3-VID-01,felirat,M7,M7.3,"02 Tervezet/Modulok/M7/Online leckék/M7.3 – Zmán Kvucá-checklist – idő, tér, felelősség.md",video,ai-talking-head,legyártandó,jogtisztázás alatt,,HOOK beszélő-fej: „Zmán Kvucá = csak programidő…?” — felirat,AI-generált,M7.3-VID-01-VO,"„Szia!
A Somerben sokszor mondjuk azt, hogy **Zmán Kvucá**.

Sokszor úgy használjuk, hogy
*„amikor program van a kvucával”* –
de valójában ez **több, mint ötletszerű játékidő**.

A Zmán Kvucá az az **idő**, amikor madrihként
**egy kvucával dolgozol** – de nem egyedül:
a helyszínen ott van vagy azonnal elérhető egy felkészített, 18 év feletti felnőtt is,
és a gyermekvédelmi felelősség az övé.
Itt fontos, hogy hol vagytok, mennyien vagytok, mi a cél,
és mi történik, ha valami gáz van.

Nézzük meg, mit jelent ez a gyakorlatban.”",47a74316715f6d39675345e68814520a49ddacedf29e403779558870df669bf9,"R2, R3"
M7.3-VID-01::TRANSCRIPT,M7.3-VID-01,leirat,M7,M7.3,"02 Tervezet/Modulok/M7/Online leckék/M7.3 – Zmán Kvucá-checklist – idő, tér, felelősség.md",video,ai-talking-head,legyártandó,jogtisztázás alatt,,HOOK beszélő-fej: „Zmán Kvucá = csak programidő…?” — leirat,AI-generált,M7.3-VID-01-VO,"„Szia!
A Somerben sokszor mondjuk azt, hogy **Zmán Kvucá**.

Sokszor úgy használjuk, hogy
*„amikor program van a kvucával”* –
de valójában ez **több, mint ötletszerű játékidő**.

A Zmán Kvucá az az **idő**, amikor madrihként
**egy kvucával dolgozol** – de nem egyedül:
a helyszínen ott van vagy azonnal elérhető egy felkészített, 18 év feletti felnőtt is,
és a gyermekvédelmi felelősség az övé.
Itt fontos, hogy hol vagytok, mennyien vagytok, mi a cél,
és mi történik, ha valami gáz van.

Nézzük meg, mit jelent ez a gyakorlatban.”",47a74316715f6d39675345e68814520a49ddacedf29e403779558870df669bf9,"R2, R3"
M7.4-DIA-01,M7.4-DIA-01,elsődleges,M7,M7.4,02 Tervezet/Modulok/M7/Online leckék/M7.4 – Peula v1 + AI – első modulproduktum-vázlat.md,diagram,,legyártandó,specifikáció kész,,3 építőkocka diagram – SMART cél / Peula 11 pontja / Zmán Kvucá,AI-generált,,,,
M7.4-DIA-01::ALTTEXT,M7.4-DIA-01,alt-szöveg,M7,M7.4,02 Tervezet/Modulok/M7/Online leckék/M7.4 – Peula v1 + AI – első modulproduktum-vázlat.md,diagram,,legyártandó,specifikáció kész,,3 építőkocka diagram – SMART cél / Peula 11 pontja / Zmán Kvucá — alt-szöveg,AI-generált,,,,
M7.4-MUNK-01,M7.4-MUNK-01,elsődleges,M7,M7.4,02 Tervezet/Modulok/M7/Online leckék/M7.4 – Peula v1 + AI – első modulproduktum-vázlat.md,worksheet,,legyártandó,specifikáció kész,,Letölthető „Peula v1 – első vázlat” kitölthető sablon (doc),emberi,,,,
M7.4-MUNK-01::PRINTPDF,M7.4-MUNK-01,nyomtatható PDF,M7,M7.4,02 Tervezet/Modulok/M7/Online leckék/M7.4 – Peula v1 + AI – első modulproduktum-vázlat.md,worksheet,,legyártandó,specifikáció kész,,Letölthető „Peula v1 – első vázlat” kitölthető sablon (doc) — nyomtatható PDF,emberi,,,,
M7.4-NAR-01,M7.4-NAR-01,elsődleges,M7,M7.4,02 Tervezet/Modulok/M7/Online leckék/M7.4 – Peula v1 + AI – első modulproduktum-vázlat.md,voiceover,narration,legyártandó,jogtisztázás alatt,,Opcionális narráció – GYAKORLAT 1 (kvuca-típus + meta + SMART cél),AI-generált,M7.4-NAR-01-VO,"„Most kiválasztasz egy kvucát,
megírod hozzá a kvuca-infókat és a SMART célt.
Nem dolgozatot kérünk – a lényeg, hogy **érthető legyen**,
milyen kvucára és milyen változást tervezel.”",bc95c2f093cdd06c39d8ab7701c5c6dba44def2f7b3a1ac0437bb023ef1cadcc,"R2, R3"
M7.4-NAR-01::CAPTIONS,M7.4-NAR-01,felirat,M7,M7.4,02 Tervezet/Modulok/M7/Online leckék/M7.4 – Peula v1 + AI – első modulproduktum-vázlat.md,voiceover,narration,legyártandó,jogtisztázás alatt,,Opcionális narráció – GYAKORLAT 1 (kvuca-típus + meta + SMART cél) — felirat,AI-generált,M7.4-NAR-01-VO,"„Most kiválasztasz egy kvucát,
megírod hozzá a kvuca-infókat és a SMART célt.
Nem dolgozatot kérünk – a lényeg, hogy **érthető legyen**,
milyen kvucára és milyen változást tervezel.”",bc95c2f093cdd06c39d8ab7701c5c6dba44def2f7b3a1ac0437bb023ef1cadcc,"R2, R3"
M7.4-NAR-01::TRANSCRIPT,M7.4-NAR-01,leirat,M7,M7.4,02 Tervezet/Modulok/M7/Online leckék/M7.4 – Peula v1 + AI – első modulproduktum-vázlat.md,voiceover,narration,legyártandó,jogtisztázás alatt,,Opcionális narráció – GYAKORLAT 1 (kvuca-típus + meta + SMART cél) — leirat,AI-generált,M7.4-NAR-01-VO,"„Most kiválasztasz egy kvucát,
megírod hozzá a kvuca-infókat és a SMART célt.
Nem dolgozatot kérünk – a lényeg, hogy **érthető legyen**,
milyen kvucára és milyen változást tervezel.”",bc95c2f093cdd06c39d8ab7701c5c6dba44def2f7b3a1ac0437bb023ef1cadcc,"R2, R3"
M7.4-NAR-02,M7.4-NAR-02,elsődleges,M7,M7.4,02 Tervezet/Modulok/M7/Online leckék/M7.4 – Peula v1 + AI – első modulproduktum-vázlat.md,voiceover,narration,legyártandó,jogtisztázás alatt,,Opcionális narráció – zárás (gratuláció + következő lépés),AI-generált,M7.4-NAR-02-VO,"„Gratulálok, készen állsz a Peula v1-edre.
Most írd meg a Moodle-beadandóban.
Az M7.B műhelyben visszajelzések alapján tovább dolgozol rajta, és ebből készül a végleges, terepre vihető Peula v2.”",50509520364058e39e604106d3801969ed525b0b03eaf8d31defc61d9c868f0f,"R2, R3"
M7.4-NAR-02::CAPTIONS,M7.4-NAR-02,felirat,M7,M7.4,02 Tervezet/Modulok/M7/Online leckék/M7.4 – Peula v1 + AI – első modulproduktum-vázlat.md,voiceover,narration,legyártandó,jogtisztázás alatt,,Opcionális narráció – zárás (gratuláció + következő lépés) — felirat,AI-generált,M7.4-NAR-02-VO,"„Gratulálok, készen állsz a Peula v1-edre.
Most írd meg a Moodle-beadandóban.
Az M7.B műhelyben visszajelzések alapján tovább dolgozol rajta, és ebből készül a végleges, terepre vihető Peula v2.”",50509520364058e39e604106d3801969ed525b0b03eaf8d31defc61d9c868f0f,"R2, R3"
M7.4-NAR-02::TRANSCRIPT,M7.4-NAR-02,leirat,M7,M7.4,02 Tervezet/Modulok/M7/Online leckék/M7.4 – Peula v1 + AI – első modulproduktum-vázlat.md,voiceover,narration,legyártandó,jogtisztázás alatt,,Opcionális narráció – zárás (gratuláció + következő lépés) — leirat,AI-generált,M7.4-NAR-02-VO,"„Gratulálok, készen állsz a Peula v1-edre.
Most írd meg a Moodle-beadandóban.
Az M7.B műhelyben visszajelzések alapján tovább dolgozol rajta, és ebből készül a végleges, terepre vihető Peula v2.”",50509520364058e39e604106d3801969ed525b0b03eaf8d31defc61d9c868f0f,"R2, R3"
M7.4-VID-01,M7.4-VID-01,elsődleges,M7,M7.4,02 Tervezet/Modulok/M7/Online leckék/M7.4 – Peula v1 + AI – első modulproduktum-vázlat.md,video,ai-talking-head,legyártandó,jogtisztázás alatt,,HOOK – AI beszélő fej: papíron szép vs. vállalható peula,AI-generált,M7.4-VID-01-VO,"„Szia!
Lehet, hogy már láttál olyan peulatervet,
ami **papíron gyönyörű volt** –
de 45 percbe nem fért bele,
nem volt B-terv,
és a biztonsági szempontok is bizonytalanok voltak.

És olyan peulát is,
ami papíron nem volt ‘tökéletes’,
de a cél világos volt,
a lépések reálisak,
és **madrihként vállalhatónak érezted**.

Ebben a leckében egy ilyen,
**vállalható peulavázat** rakunk össze –
olyat, amit tényleg el tudnál képzelni, hogy megtartod Zmán Kvucában.”",cb74bb01a7864ca34fa39e0222fa05a050dead22a90bcb9822e583660af72be3,"R2, R3"
M7.4-VID-01::VOICEOVER,M7.4-VID-01,felmondott hang,M7,M7.4,02 Tervezet/Modulok/M7/Online leckék/M7.4 – Peula v1 + AI – első modulproduktum-vázlat.md,video,ai-talking-head,legyártandó,jogtisztázás alatt,,HOOK – AI beszélő fej: papíron szép vs. vállalható peula — felmondott hang,AI-generált,M7.4-VID-01-VO,"„Szia!
Lehet, hogy már láttál olyan peulatervet,
ami **papíron gyönyörű volt** –
de 45 percbe nem fért bele,
nem volt B-terv,
és a biztonsági szempontok is bizonytalanok voltak.

És olyan peulát is,
ami papíron nem volt ‘tökéletes’,
de a cél világos volt,
a lépések reálisak,
és **madrihként vállalhatónak érezted**.

Ebben a leckében egy ilyen,
**vállalható peulavázat** rakunk össze –
olyat, amit tényleg el tudnál képzelni, hogy megtartod Zmán Kvucában.”",cb74bb01a7864ca34fa39e0222fa05a050dead22a90bcb9822e583660af72be3,"R2, R3"
M7.4-VID-01::CAPTIONS,M7.4-VID-01,felirat,M7,M7.4,02 Tervezet/Modulok/M7/Online leckék/M7.4 – Peula v1 + AI – első modulproduktum-vázlat.md,video,ai-talking-head,legyártandó,jogtisztázás alatt,,HOOK – AI beszélő fej: papíron szép vs. vállalható peula — felirat,AI-generált,M7.4-VID-01-VO,"„Szia!
Lehet, hogy már láttál olyan peulatervet,
ami **papíron gyönyörű volt** –
de 45 percbe nem fért bele,
nem volt B-terv,
és a biztonsági szempontok is bizonytalanok voltak.

És olyan peulát is,
ami papíron nem volt ‘tökéletes’,
de a cél világos volt,
a lépések reálisak,
és **madrihként vállalhatónak érezted**.

Ebben a leckében egy ilyen,
**vállalható peulavázat** rakunk össze –
olyat, amit tényleg el tudnál képzelni, hogy megtartod Zmán Kvucában.”",cb74bb01a7864ca34fa39e0222fa05a050dead22a90bcb9822e583660af72be3,"R2, R3"
M7.4-VID-01::TRANSCRIPT,M7.4-VID-01,leirat,M7,M7.4,02 Tervezet/Modulok/M7/Online leckék/M7.4 – Peula v1 + AI – első modulproduktum-vázlat.md,video,ai-talking-head,legyártandó,jogtisztázás alatt,,HOOK – AI beszélő fej: papíron szép vs. vállalható peula — leirat,AI-generált,M7.4-VID-01-VO,"„Szia!
Lehet, hogy már láttál olyan peulatervet,
ami **papíron gyönyörű volt** –
de 45 percbe nem fért bele,
nem volt B-terv,
és a biztonsági szempontok is bizonytalanok voltak.

És olyan peulát is,
ami papíron nem volt ‘tökéletes’,
de a cél világos volt,
a lépések reálisak,
és **madrihként vállalhatónak érezted**.

Ebben a leckében egy ilyen,
**vállalható peulavázat** rakunk össze –
olyat, amit tényleg el tudnál képzelni, hogy megtartod Zmán Kvucában.”",cb74bb01a7864ca34fa39e0222fa05a050dead22a90bcb9822e583660af72be3,"R2, R3"
M7.A-KART-01,M7.A-KART-01,elsődleges,M7,M7.A,02 Tervezet/Modulok/M7/Peulák/M7.A – Célból peula – SMART & 11 pont élőben.md,card-set,,legyártandó,specifikáció kész,,„Szétfolyó cél” kártyaszett a sarok-játékhoz,emberi,,,,
M7.A-KART-01::PRINTPDF,M7.A-KART-01,nyomtatható PDF,M7,M7.A,02 Tervezet/Modulok/M7/Peulák/M7.A – Célból peula – SMART & 11 pont élőben.md,card-set,,legyártandó,specifikáció kész,,„Szétfolyó cél” kártyaszett a sarok-játékhoz — nyomtatható PDF,emberi,,,,
M7.A-KART-02,M7.A-KART-02,elsődleges,M7,M7.A,02 Tervezet/Modulok/M7/Peulák/M7.A – Célból peula – SMART & 11 pont élőben.md,card-set,,legyártandó,specifikáció kész,,"Minta-peula-ötlet kártyák (tartalék, ha valaki elakad)",emberi,,,,
M7.A-KART-02::PRINTPDF,M7.A-KART-02,nyomtatható PDF,M7,M7.A,02 Tervezet/Modulok/M7/Peulák/M7.A – Célból peula – SMART & 11 pont élőben.md,card-set,,legyártandó,specifikáció kész,,"Minta-peula-ötlet kártyák (tartalék, ha valaki elakad) — nyomtatható PDF",emberi,,,,
M7.A-MUNK-01,M7.A-MUNK-01,elsődleges,M7,M7.A,02 Tervezet/Modulok/M7/Peulák/M7.A – Célból peula – SMART & 11 pont élőben.md,worksheet,,legyártandó,specifikáció kész,,Képzői ellenőrző lista (1 A4) – peula előtti átfutó,emberi,,,,
M7.A-MUNK-01::PRINTPDF,M7.A-MUNK-01,nyomtatható PDF,M7,M7.A,02 Tervezet/Modulok/M7/Peulák/M7.A – Célból peula – SMART & 11 pont élőben.md,worksheet,,legyártandó,specifikáció kész,,Képzői ellenőrző lista (1 A4) – peula előtti átfutó — nyomtatható PDF,emberi,,,,
M7.A-MUNK-02,M7.A-MUNK-02,elsődleges,M7,M7.A,02 Tervezet/Modulok/M7/Peulák/M7.A – Célból peula – SMART & 11 pont élőben.md,worksheet,,legyártandó,specifikáció kész,,Képzői felolvasó-kulcs a sarok-játékhoz (besorolás + indok),emberi,,,,
M7.A-MUNK-02::PRINTPDF,M7.A-MUNK-02,nyomtatható PDF,M7,M7.A,02 Tervezet/Modulok/M7/Peulák/M7.A – Célból peula – SMART & 11 pont élőben.md,worksheet,,legyártandó,specifikáció kész,,Képzői felolvasó-kulcs a sarok-játékhoz (besorolás + indok) — nyomtatható PDF,emberi,,,,
M7.A-POSZ-01,M7.A-POSZ-01,elsődleges,M7,M7.A,02 Tervezet/Modulok/M7/Peulák/M7.A – Célból peula – SMART & 11 pont élőben.md,poster,,legyártandó,specifikáció kész,,„Peula 11 pontja” flipchart / poszter – kanonikus pont-lista,emberi,,,,
M7.A-POSZ-01::PRINTPDF,M7.A-POSZ-01,nyomtatható PDF,M7,M7.A,02 Tervezet/Modulok/M7/Peulák/M7.A – Célból peula – SMART & 11 pont élőben.md,poster,,legyártandó,specifikáció kész,,„Peula 11 pontja” flipchart / poszter – kanonikus pont-lista — nyomtatható PDF,emberi,,,,
M7.A-POSZ-02,M7.A-POSZ-02,elsődleges,M7,M7.A,02 Tervezet/Modulok/M7/Peulák/M7.A – Célból peula – SMART & 11 pont élőben.md,poster,,legyártandó,specifikáció kész,,Tábla / flipchart-sablon – kulcsszavak és SMART irányító-kérdések,emberi,,,,
M7.A-POSZ-02::PRINTPDF,M7.A-POSZ-02,nyomtatható PDF,M7,M7.A,02 Tervezet/Modulok/M7/Peulák/M7.A – Célból peula – SMART & 11 pont élőben.md,poster,,legyártandó,specifikáció kész,,Tábla / flipchart-sablon – kulcsszavak és SMART irányító-kérdések — nyomtatható PDF,emberi,,,,
M7.A-POSZ-03,M7.A-POSZ-03,elsődleges,M7,M7.A,02 Tervezet/Modulok/M7/Peulák/M7.A – Célból peula – SMART & 11 pont élőben.md,poster,,legyártandó,specifikáció kész,,Társas visszajelzés – két mondatkezdő tábla / flipchart-sablon,emberi,,,,
M7.A-POSZ-03::PRINTPDF,M7.A-POSZ-03,nyomtatható PDF,M7,M7.A,02 Tervezet/Modulok/M7/Peulák/M7.A – Célból peula – SMART & 11 pont élőben.md,poster,,legyártandó,specifikáció kész,,Társas visszajelzés – két mondatkezdő tábla / flipchart-sablon — nyomtatható PDF,emberi,,,,
M7.B-EGY-01,M7.B-EGY-01,elsődleges,M7,M7.B,02 Tervezet/Modulok/M7/Peulák/M7.B – Peula v2 & Zmán Kvucá – amikor a papír találkozik a valósággal.md,card-set,,legyártandó,specifikáció kész,,A/B sarok-kvíz 5 állítása (felolvasandó kártyaszett / képzői segédlap),emberi,,,,
M7.B-EGY-01::PRINTPDF,M7.B-EGY-01,nyomtatható PDF,M7,M7.B,02 Tervezet/Modulok/M7/Peulák/M7.B – Peula v2 & Zmán Kvucá – amikor a papír találkozik a valósággal.md,card-set,,legyártandó,specifikáció kész,,A/B sarok-kvíz 5 állítása (felolvasandó kártyaszett / képzői segédlap) — nyomtatható PDF,emberi,,,,
M7.B-MUNK-01,M7.B-MUNK-01,elsődleges,M7,M7.B,02 Tervezet/Modulok/M7/Peulák/M7.B – Peula v2 & Zmán Kvucá – amikor a papír találkozik a valósággal.md,worksheet,,legyártandó,specifikáció kész,,Zmán Kvucá-mini-checklist (kiscsoportos munkalap),emberi,,,,
M7.B-MUNK-01::PRINTPDF,M7.B-MUNK-01,nyomtatható PDF,M7,M7.B,02 Tervezet/Modulok/M7/Peulák/M7.B – Peula v2 & Zmán Kvucá – amikor a papír találkozik a valósággal.md,worksheet,,legyártandó,specifikáció kész,,Zmán Kvucá-mini-checklist (kiscsoportos munkalap) — nyomtatható PDF,emberi,,,,
M7.B-MUNK-02,M7.B-MUNK-02,elsődleges,M7,M7.B,02 Tervezet/Modulok/M7/Peulák/M7.B – Peula v2 & Zmán Kvucá – amikor a papír találkozik a valósággal.md,worksheet,,legyártandó,specifikáció kész,,"""Előtte–utána""-lap (galériaséta artefaktum-sablon)",emberi,,,,
M7.B-MUNK-02::PRINTPDF,M7.B-MUNK-02,nyomtatható PDF,M7,M7.B,02 Tervezet/Modulok/M7/Peulák/M7.B – Peula v2 & Zmán Kvucá – amikor a papír találkozik a valósággal.md,worksheet,,legyártandó,specifikáció kész,,"""Előtte–utána""-lap (galériaséta artefaktum-sablon) — nyomtatható PDF",emberi,,,,
M7.B-MUNK-03,M7.B-MUNK-03,elsődleges,M7,M7.B,02 Tervezet/Modulok/M7/Peulák/M7.B – Peula v2 & Zmán Kvucá – amikor a papír találkozik a valósággal.md,worksheet,,legyártandó,specifikáció kész,,Minta-Peula v1 (B-terv tartalék vázlat),emberi,,,,
M7.B-MUNK-03::PRINTPDF,M7.B-MUNK-03,nyomtatható PDF,M7,M7.B,02 Tervezet/Modulok/M7/Peulák/M7.B – Peula v2 & Zmán Kvucá – amikor a papír találkozik a valósággal.md,worksheet,,legyártandó,specifikáció kész,,Minta-Peula v1 (B-terv tartalék vázlat) — nyomtatható PDF,emberi,,,,
M7.B-MUNK-04,M7.B-MUNK-04,elsődleges,M7,M7.B,02 Tervezet/Modulok/M7/Peulák/M7.B – Peula v2 & Zmán Kvucá – amikor a papír találkozik a valósággal.md,worksheet,,legyártandó,specifikáció kész,,Kilépőkártya – mini visszajelző cetli,emberi,,,,
M7.B-MUNK-04::PRINTPDF,M7.B-MUNK-04,nyomtatható PDF,M7,M7.B,02 Tervezet/Modulok/M7/Peulák/M7.B – Peula v2 & Zmán Kvucá – amikor a papír találkozik a valósággal.md,worksheet,,legyártandó,specifikáció kész,,Kilépőkártya – mini visszajelző cetli — nyomtatható PDF,emberi,,,,
M7.B-MUNK-05,M7.B-MUNK-05,elsődleges,M7,M7.B,02 Tervezet/Modulok/M7/Peulák/M7.B – Peula v2 & Zmán Kvucá – amikor a papír találkozik a valósággal.md,worksheet,,legyártandó,specifikáció kész,,Kipróbálási kötelezettségvállalás – ha–akkor mini sablon (3 sor),emberi,,,,
M7.B-MUNK-05::PRINTPDF,M7.B-MUNK-05,nyomtatható PDF,M7,M7.B,02 Tervezet/Modulok/M7/Peulák/M7.B – Peula v2 & Zmán Kvucá – amikor a papír találkozik a valósággal.md,worksheet,,legyártandó,specifikáció kész,,Kipróbálási kötelezettségvállalás – ha–akkor mini sablon (3 sor) — nyomtatható PDF,emberi,,,,
M7.B-MUNK-06,M7.B-MUNK-06,elsődleges,M7,M7.B,02 Tervezet/Modulok/M7/Peulák/M7.B – Peula v2 & Zmán Kvucá – amikor a papír találkozik a valósággal.md,worksheet,,legyártandó,specifikáció kész,,Képzői ellenőrző lista (1 A4 – gyors átfutásra),emberi,,,,
M7.B-MUNK-06::PRINTPDF,M7.B-MUNK-06,nyomtatható PDF,M7,M7.B,02 Tervezet/Modulok/M7/Peulák/M7.B – Peula v2 & Zmán Kvucá – amikor a papír találkozik a valósággal.md,worksheet,,legyártandó,specifikáció kész,,Képzői ellenőrző lista (1 A4 – gyors átfutásra) — nyomtatható PDF,emberi,,,,
M7.B-POSZ-01,M7.B-POSZ-01,elsődleges,M7,M7.B,02 Tervezet/Modulok/M7/Peulák/M7.B – Peula v2 & Zmán Kvucá – amikor a papír találkozik a valósággal.md,poster,,legyártandó,specifikáció kész,,"Flipchart-poszter: ""Zmán Kvucá = …"" definíció + ""AI-határok""",emberi,,,,
M7.B-POSZ-01::PRINTPDF,M7.B-POSZ-01,nyomtatható PDF,M7,M7.B,02 Tervezet/Modulok/M7/Peulák/M7.B – Peula v2 & Zmán Kvucá – amikor a papír találkozik a valósággal.md,poster,,legyártandó,specifikáció kész,,"Flipchart-poszter: ""Zmán Kvucá = …"" definíció + ""AI-határok"" — nyomtatható PDF",emberi,,,,
M7.B-POSZ-02,M7.B-POSZ-02,elsődleges,M7,M7.B,02 Tervezet/Modulok/M7/Peulák/M7.B – Peula v2 & Zmán Kvucá – amikor a papír találkozik a valósággal.md,poster,,legyártandó,specifikáció kész,,Falra kifüggesztett poszter: a Zmán Kvucá-checklist 5 területe nagyban,emberi,,,,
M7.B-POSZ-02::PRINTPDF,M7.B-POSZ-02,nyomtatható PDF,M7,M7.B,02 Tervezet/Modulok/M7/Peulák/M7.B – Peula v2 & Zmán Kvucá – amikor a papír találkozik a valósággal.md,poster,,legyártandó,specifikáció kész,,Falra kifüggesztett poszter: a Zmán Kvucá-checklist 5 területe nagyban — nyomtatható PDF,emberi,,,,
M7.F-MUNK-01,M7.F-MUNK-01,elsődleges,M7,M7.F,02 Tervezet/Modulok/M7/Peulák/M7.F – Felzárkóztató peula – Peula & Zmán Kvucá (Study Lab).md,worksheet,,legyártandó,specifikáció kész,,Jegyzetlap – '1 gondolat / 1 kérdés leckénként' (L1–L4) + opcionális javítási terv,emberi,,,,
M7.F-MUNK-01::PRINTPDF,M7.F-MUNK-01,nyomtatható PDF,M7,M7.F,02 Tervezet/Modulok/M7/Peulák/M7.F – Felzárkóztató peula – Peula & Zmán Kvucá (Study Lab).md,worksheet,,legyártandó,specifikáció kész,,Jegyzetlap – '1 gondolat / 1 kérdés leckénként' (L1–L4) + opcionális javítási terv — nyomtatható PDF,emberi,,,,
M7.F-MUNK-01::EDITABLE,M7.F-MUNK-01,"szerkeszthető, kitölthető változat",M7,M7.F,02 Tervezet/Modulok/M7/Peulák/M7.F – Felzárkóztató peula – Peula & Zmán Kvucá (Study Lab).md,worksheet,,legyártandó,specifikáció kész,,"Jegyzetlap – '1 gondolat / 1 kérdés leckénként' (L1–L4) + opcionális javítási terv — szerkeszthető, kitölthető változat",emberi,,,,
M7.F-MUNK-02,M7.F-MUNK-02,elsődleges,M7,M7.F,02 Tervezet/Modulok/M7/Peulák/M7.F – Felzárkóztató peula – Peula & Zmán Kvucá (Study Lab).md,worksheet,,legyártandó,specifikáció kész,,Képzői ellenőrző lista (1 A4) – peula előtt/közben/után,emberi,,,,
M7.F-MUNK-02::PRINTPDF,M7.F-MUNK-02,nyomtatható PDF,M7,M7.F,02 Tervezet/Modulok/M7/Peulák/M7.F – Felzárkóztató peula – Peula & Zmán Kvucá (Study Lab).md,worksheet,,legyártandó,specifikáció kész,,Képzői ellenőrző lista (1 A4) – peula előtt/közben/után — nyomtatható PDF,emberi,,,,
M7.F-POSZ-01,M7.F-POSZ-01,elsődleges,M7,M7.F,02 Tervezet/Modulok/M7/Peulák/M7.F – Felzárkóztató peula – Peula & Zmán Kvucá (Study Lab).md,poster,,legyártandó,specifikáció kész,,Tájékozódó tábla – M7 leckelista + név nélküli témakérések,emberi,,,,
M7.F-POSZ-01::PRINTPDF,M7.F-POSZ-01,nyomtatható PDF,M7,M7.F,02 Tervezet/Modulok/M7/Peulák/M7.F – Felzárkóztató peula – Peula & Zmán Kvucá (Study Lab).md,poster,,legyártandó,specifikáció kész,,Tájékozódó tábla – M7 leckelista + név nélküli témakérések — nyomtatható PDF,emberi,,,,
M7.F-POSZ-02,M7.F-POSZ-02,elsődleges,M7,M7.F,02 Tervezet/Modulok/M7/Peulák/M7.F – Felzárkóztató peula – Peula & Zmán Kvucá (Study Lab).md,poster,,legyártandó,specifikáció kész,,"Fogalomtérkép-sablon – 4 buborék (SMART, 11 pont, Zmán Kvucá, Peula v1/v2 & AI)",emberi,,,,
M7.F-POSZ-02::PRINTPDF,M7.F-POSZ-02,nyomtatható PDF,M7,M7.F,02 Tervezet/Modulok/M7/Peulák/M7.F – Felzárkóztató peula – Peula & Zmán Kvucá (Study Lab).md,poster,,legyártandó,specifikáció kész,,"Fogalomtérkép-sablon – 4 buborék (SMART, 11 pont, Zmán Kvucá, Peula v1/v2 & AI) — nyomtatható PDF",emberi,,,,
Z.1-DIA-01,Z.1-DIA-01,elsődleges,Z,Z.1,02 Tervezet/Modulok/Z/Online leckék/Z.1 – Visszanéző tükör – M0–M7 idővonal.md,diagram,,legyártandó,specifikáció kész,,Vízszintes féléves idővonal M0→M7,AI-generált,,,,
Z.1-DIA-01::ALTTEXT,Z.1-DIA-01,alt-szöveg,Z,Z.1,02 Tervezet/Modulok/Z/Online leckék/Z.1 – Visszanéző tükör – M0–M7 idővonal.md,diagram,,legyártandó,specifikáció kész,,Vízszintes féléves idővonal M0→M7 — alt-szöveg,AI-generált,Z.1-DIA-01-ALT,"Vízszintes idővonal M0-tól M7-ig: nyolc állomás balról jobbra, mindegyiknél a modul kódja és egy rövid kulcsmondat – az önismerettől és visszajelzéstől a kvucán, gyermekvédelmen és módszereken át a saját peuláig.",1cb7f6d2a05a34c409062a157dcc108813a949237e170699199c9a0a9e25c230,
Z.1-IKO-01,Z.1-IKO-01,elsődleges,Z,Z.1,02 Tervezet/Modulok/Z/Online leckék/Z.1 – Visszanéző tükör – M0–M7 idővonal.md,icon-set,,legyártandó,specifikáció kész,,Napló-ikon a highlight-esszéhez,AI-generált,,,,
Z.1-IKO-01::ALTTEXT,Z.1-IKO-01,alt-szöveg,Z,Z.1,02 Tervezet/Modulok/Z/Online leckék/Z.1 – Visszanéző tükör – M0–M7 idővonal.md,icon-set,,legyártandó,specifikáció kész,,Napló-ikon a highlight-esszéhez — alt-szöveg,AI-generált,,,,
Z.1-ILL-01,Z.1-ILL-01,elsődleges,Z,Z.1,02 Tervezet/Modulok/Z/Online leckék/Z.1 – Visszanéző tükör – M0–M7 idővonal.md,illustration,,legyártandó,specifikáció kész,,Sorozatplakát-ikon M0–M7 epizódokkal,AI-generált,,,,
Z.1-ILL-01::ALTTEXT,Z.1-ILL-01,alt-szöveg,Z,Z.1,02 Tervezet/Modulok/Z/Online leckék/Z.1 – Visszanéző tükör – M0–M7 idővonal.md,illustration,,legyártandó,specifikáció kész,,Sorozatplakát-ikon M0–M7 epizódokkal — alt-szöveg,AI-generált,Z.1-ILL-01-ALT,"Sorozatplakát stílusú ikon, rajta az M0–M7 modulok nyolc kis téglalapként, mint egy nyolcrészes sorozat epizódjai.",1edfc7ef3624011e03d01f31d9f5b6604e66561784a5702997de627dd2c82200,
Z.1-NAR-01,Z.1-NAR-01,elsődleges,Z,Z.1,02 Tervezet/Modulok/Z/Online leckék/Z.1 – Visszanéző tükör – M0–M7 idővonal.md,voiceover,narration,legyártandó,jogtisztázás alatt,,Opcionális narráció – idővonal (kb. 15–20 mp),AI-generált,Z.1-NAR-01-VO,"„Ez itt a féléved idővonala.
Látod, honnan indultunk M0-ban, és hova jutottunk el M7-re.

Közben az önismerettől és a visszajelzéstől a kvucán, a gyermekvédelmen és a módszereken át eljutottunk a **saját peulád** megírásáig.”",9bcc9f6d7b62601a9315b820db254c08a9d568ca5ae9b1cebfb87f27838add7b,"R2, R3"
Z.1-NAR-01::CAPTIONS,Z.1-NAR-01,felirat,Z,Z.1,02 Tervezet/Modulok/Z/Online leckék/Z.1 – Visszanéző tükör – M0–M7 idővonal.md,voiceover,narration,legyártandó,jogtisztázás alatt,,Opcionális narráció – idővonal (kb. 15–20 mp) — felirat,AI-generált,Z.1-NAR-01-VO,"„Ez itt a féléved idővonala.
Látod, honnan indultunk M0-ban, és hova jutottunk el M7-re.

Közben az önismerettől és a visszajelzéstől a kvucán, a gyermekvédelmen és a módszereken át eljutottunk a **saját peulád** megírásáig.”",9bcc9f6d7b62601a9315b820db254c08a9d568ca5ae9b1cebfb87f27838add7b,"R2, R3"
Z.1-NAR-01::TRANSCRIPT,Z.1-NAR-01,leirat,Z,Z.1,02 Tervezet/Modulok/Z/Online leckék/Z.1 – Visszanéző tükör – M0–M7 idővonal.md,voiceover,narration,legyártandó,jogtisztázás alatt,,Opcionális narráció – idővonal (kb. 15–20 mp) — leirat,AI-generált,Z.1-NAR-01-VO,"„Ez itt a féléved idővonala.
Látod, honnan indultunk M0-ban, és hova jutottunk el M7-re.

Közben az önismerettől és a visszajelzéstől a kvucán, a gyermekvédelmen és a módszereken át eljutottunk a **saját peulád** megírásáig.”",9bcc9f6d7b62601a9315b820db254c08a9d568ca5ae9b1cebfb87f27838add7b,"R2, R3"
Z.1-NAR-02,Z.1-NAR-02,elsődleges,Z,Z.1,02 Tervezet/Modulok/Z/Online leckék/Z.1 – Visszanéző tükör – M0–M7 idővonal.md,voiceover,narration,legyártandó,jogtisztázás alatt,,Opcionális záró narráció – outro (20–30 mp),AI-generált,Z.1-NAR-02-VO,"„Köszi, hogy végigmentél a visszanéző tükör leckén.
A következő leckében (Z.2) már kifejezetten a saját **tanulási pillanataidról** fogunk beszélni –
de ez az 1 mondat, amit most leírsz, jó kapaszkodó lesz ahhoz is.”",8de6ff17f593cb94e2debc439d7069d807eae1e25fa7770e61f66c834de1c6fd,"R2, R3"
Z.1-NAR-02::CAPTIONS,Z.1-NAR-02,felirat,Z,Z.1,02 Tervezet/Modulok/Z/Online leckék/Z.1 – Visszanéző tükör – M0–M7 idővonal.md,voiceover,narration,legyártandó,jogtisztázás alatt,,Opcionális záró narráció – outro (20–30 mp) — felirat,AI-generált,Z.1-NAR-02-VO,"„Köszi, hogy végigmentél a visszanéző tükör leckén.
A következő leckében (Z.2) már kifejezetten a saját **tanulási pillanataidról** fogunk beszélni –
de ez az 1 mondat, amit most leírsz, jó kapaszkodó lesz ahhoz is.”",8de6ff17f593cb94e2debc439d7069d807eae1e25fa7770e61f66c834de1c6fd,"R2, R3"
Z.1-NAR-02::TRANSCRIPT,Z.1-NAR-02,leirat,Z,Z.1,02 Tervezet/Modulok/Z/Online leckék/Z.1 – Visszanéző tükör – M0–M7 idővonal.md,voiceover,narration,legyártandó,jogtisztázás alatt,,Opcionális záró narráció – outro (20–30 mp) — leirat,AI-generált,Z.1-NAR-02-VO,"„Köszi, hogy végigmentél a visszanéző tükör leckén.
A következő leckében (Z.2) már kifejezetten a saját **tanulási pillanataidról** fogunk beszélni –
de ez az 1 mondat, amit most leírsz, jó kapaszkodó lesz ahhoz is.”",8de6ff17f593cb94e2debc439d7069d807eae1e25fa7770e61f66c834de1c6fd,"R2, R3"
Z.2-ILL-01,Z.2-ILL-01,elsődleges,Z,Z.2,02 Tervezet/Modulok/Z/Online leckék/Z.2 – Tanultam valamit! – saját tanulási pillanataim.md,illustration,,legyártandó,specifikáció kész,,Hook-illusztráció: gondolkodó figura villanykörtével,AI-generált,,,,
Z.2-ILL-01::ALTTEXT,Z.2-ILL-01,alt-szöveg,Z,Z.2,02 Tervezet/Modulok/Z/Online leckék/Z.2 – Tanultam valamit! – saját tanulási pillanataim.md,illustration,,legyártandó,specifikáció kész,,Hook-illusztráció: gondolkodó figura villanykörtével — alt-szöveg,AI-generált,,,,
Z.3-IKO-01,Z.3-IKO-01,elsődleges,Z,Z.3,02 Tervezet/Modulok/Z/Online leckék/Z.3 – Híd a terepre – következő lépések.md,icon-set,,legyártandó,specifikáció kész,,Óriáslépés vs. apró lépések ikonpár,AI-generált,,,,
Z.3-IKO-01::ALTTEXT,Z.3-IKO-01,alt-szöveg,Z,Z.3,02 Tervezet/Modulok/Z/Online leckék/Z.3 – Híd a terepre – következő lépések.md,icon-set,,legyártandó,specifikáció kész,,Óriáslépés vs. apró lépések ikonpár — alt-szöveg,AI-generált,,,,
Z.A-KART-01,Z.A-KART-01,elsődleges,Z,Z.A,02 Tervezet/Modulok/Z/Peulák/Z.A – Mit viszek magammal – Záró kvuca-peula.md,card-set,,legyártandó,specifikáció kész,,Előhívó kérdések kártya – „üres kézzel” érkezőknek,vegyes,,,,
Z.A-KART-01::PRINTPDF,Z.A-KART-01,nyomtatható PDF,Z,Z.A,02 Tervezet/Modulok/Z/Peulák/Z.A – Mit viszek magammal – Záró kvuca-peula.md,card-set,,legyártandó,specifikáció kész,,Előhívó kérdések kártya – „üres kézzel” érkezőknek — nyomtatható PDF,vegyes,,,,
Z.A-KART-02,Z.A-KART-02,elsődleges,Z,Z.A,02 Tervezet/Modulok/Z/Peulák/Z.A – Mit viszek magammal – Záró kvuca-peula.md,card-set,,legyártandó,specifikáció kész,,Poszter seed-példák kártya – ha egy csoport megakad,vegyes,,,,
Z.A-KART-02::PRINTPDF,Z.A-KART-02,nyomtatható PDF,Z,Z.A,02 Tervezet/Modulok/Z/Peulák/Z.A – Mit viszek magammal – Záró kvuca-peula.md,card-set,,legyártandó,specifikáció kész,,Poszter seed-példák kártya – ha egy csoport megakad — nyomtatható PDF,vegyes,,,,
Z.A-KART-03,Z.A-KART-03,elsődleges,Z,Z.A,02 Tervezet/Modulok/Z/Peulák/Z.A – Mit viszek magammal – Záró kvuca-peula.md,card-set,,legyártandó,specifikáció kész,,SBI-elismerés mintamondat kártya – párcseréhez,vegyes,,,,
Z.A-KART-03::PRINTPDF,Z.A-KART-03,nyomtatható PDF,Z,Z.A,02 Tervezet/Modulok/Z/Peulák/Z.A – Mit viszek magammal – Záró kvuca-peula.md,card-set,,legyártandó,specifikáció kész,,SBI-elismerés mintamondat kártya – párcseréhez — nyomtatható PDF,vegyes,,,,
Z.A-KART-04,Z.A-KART-04,elsődleges,Z,Z.A,02 Tervezet/Modulok/Z/Peulák/Z.A – Mit viszek magammal – Záró kvuca-peula.md,card-set,,legyártandó,specifikáció kész,,M0-tükör név nélküli idézet-kártyák (M0.A kickoff visszakötés),vegyes,,,,
Z.A-KART-04::PRINTPDF,Z.A-KART-04,nyomtatható PDF,Z,Z.A,02 Tervezet/Modulok/Z/Peulák/Z.A – Mit viszek magammal – Záró kvuca-peula.md,card-set,,legyártandó,specifikáció kész,,M0-tükör név nélküli idézet-kártyák (M0.A kickoff visszakötés) — nyomtatható PDF,vegyes,,,,
Z.A-MUNK-01,Z.A-MUNK-01,elsődleges,Z,Z.A,02 Tervezet/Modulok/Z/Peulák/Z.A – Mit viszek magammal – Záró kvuca-peula.md,worksheet,,legyártandó,specifikáció kész,,Híd a terepre – kétoszlopos poszter-sablon,vegyes,,,,
Z.A-MUNK-01::PRINTPDF,Z.A-MUNK-01,nyomtatható PDF,Z,Z.A,02 Tervezet/Modulok/Z/Peulák/Z.A – Mit viszek magammal – Záró kvuca-peula.md,worksheet,,legyártandó,specifikáció kész,,Híd a terepre – kétoszlopos poszter-sablon — nyomtatható PDF,vegyes,,,,
Z.A-MUNK-02,Z.A-MUNK-02,elsődleges,Z,Z.A,02 Tervezet/Modulok/Z/Peulák/Z.A – Mit viszek magammal – Záró kvuca-peula.md,worksheet,,legyártandó,specifikáció kész,,"Képzői ellenőrző lista – 1 oldalas, a peula előtti előkészülethez",vegyes,,,,
Z.A-MUNK-02::PRINTPDF,Z.A-MUNK-02,nyomtatható PDF,Z,Z.A,02 Tervezet/Modulok/Z/Peulák/Z.A – Mit viszek magammal – Záró kvuca-peula.md,worksheet,,legyártandó,specifikáció kész,,"Képzői ellenőrző lista – 1 oldalas, a peula előtti előkészülethez — nyomtatható PDF",vegyes,,,,
Z.A-POSZ-01,Z.A-POSZ-01,elsődleges,Z,Z.A,02 Tervezet/Modulok/Z/Peulák/Z.A – Mit viszek magammal – Záró kvuca-peula.md,poster,,legyártandó,specifikáció kész,,„Mit viszek magammal?” – szófelhő fejléc-poszter,vegyes,,,,
Z.A-POSZ-01::PRINTPDF,Z.A-POSZ-01,nyomtatható PDF,Z,Z.A,02 Tervezet/Modulok/Z/Peulák/Z.A – Mit viszek magammal – Záró kvuca-peula.md,poster,,legyártandó,specifikáció kész,,„Mit viszek magammal?” – szófelhő fejléc-poszter — nyomtatható PDF,vegyes,,,,
