Köteg,Köteg neve,Függőség,Deliverable ID,Asset ID,Szerep,Modul,Egység,Típus,Altípus,Produkciós mód,Státusz,Kapuk,Szín-függés,Pilot,Cím,Forrásfájl
B0,BATCH 0 — MOST GYÁRTHATÓ,nincs nyitott kapu,M0.1-DIA-01,M0.1-DIA-01,elsődleges,M0,M0.1,diagram,,legyártandó,specifikáció kész,,nincs kimondva,,Éves útiterv idővonal (M0→M7→Z),02 Tervezet/Modulok/M0/Online leckék/M0.1 – Üdv a képzésben! – Éves útiterv & mi köze hozzám.md
B0,BATCH 0 — MOST GYÁRTHATÓ,nincs nyitott kapu,M0.1-DIA-01::ALTTEXT,M0.1-DIA-01,alt-szöveg,M0,M0.1,diagram,,legyártandó,specifikáció kész,,nincs kimondva,,Éves útiterv idővonal (M0→M7→Z) — alt-szöveg,02 Tervezet/Modulok/M0/Online leckék/M0.1 – Üdv a képzésben! – Éves útiterv & mi köze hozzám.md
B0,BATCH 0 — MOST GYÁRTHATÓ,nincs nyitott kapu,M0.1-IKO-01,M0.1-IKO-01,elsődleges,M0,M0.1,icon-set,,legyártandó,specifikáció kész,,nincs kimondva,,Hook-ikon: útiterv / térkép / lépcső,02 Tervezet/Modulok/M0/Online leckék/M0.1 – Üdv a képzésben! – Éves útiterv & mi köze hozzám.md
B0,BATCH 0 — MOST GYÁRTHATÓ,nincs nyitott kapu,M0.1-IKO-01::ALTTEXT,M0.1-IKO-01,alt-szöveg,M0,M0.1,icon-set,,legyártandó,specifikáció kész,,nincs kimondva,,Hook-ikon: útiterv / térkép / lépcső — alt-szöveg,02 Tervezet/Modulok/M0/Online leckék/M0.1 – Üdv a képzésben! – Éves útiterv & mi köze hozzám.md
B0,BATCH 0 — MOST GYÁRTHATÓ,nincs nyitott kapu,M0.1-IKO-02,M0.1-IKO-02,elsődleges,M0,M0.1,icon-set,,legyártandó,specifikáció kész,,nincs kimondva,,"3 ígéret-ikon (kézfogás, létra, pajzs)",02 Tervezet/Modulok/M0/Online leckék/M0.1 – Üdv a képzésben! – Éves útiterv & mi köze hozzám.md
B0,BATCH 0 — MOST GYÁRTHATÓ,nincs nyitott kapu,M0.1-IKO-02::ALTTEXT,M0.1-IKO-02,alt-szöveg,M0,M0.1,icon-set,,legyártandó,specifikáció kész,,nincs kimondva,,"3 ígéret-ikon (kézfogás, létra, pajzs) — alt-szöveg",02 Tervezet/Modulok/M0/Online leckék/M0.1 – Üdv a képzésben! – Éves útiterv & mi köze hozzám.md
B0,BATCH 0 — MOST GYÁRTHATÓ,nincs nyitott kapu,M0.2-DIA-01,M0.2-DIA-01,elsődleges,M0,M0.2,diagram,,legyártandó,specifikáció kész,,nincs kimondva,,SLIDE 4 jelzési folyamatábra: az ötlépéses jelzési út (észreveszem → meghallgatom → nem nyomozok → bevonom a Memunát → közvetlen veszélynél 112),"02 Tervezet/Modulok/M0/Online leckék/M0.2 – Madrih, nem terapeuta – szerepek és elvárások.md"
B0,BATCH 0 — MOST GYÁRTHATÓ,nincs nyitott kapu,M0.2-DIA-01::ALTTEXT,M0.2-DIA-01,alt-szöveg,M0,M0.2,diagram,,legyártandó,specifikáció kész,,nincs kimondva,,SLIDE 4 jelzési folyamatábra: az ötlépéses jelzési út (észreveszem → meghallgatom → nem nyomozok → bevonom a Memunát → közvetlen veszélynél 112) — alt-szöveg,"02 Tervezet/Modulok/M0/Online leckék/M0.2 – Madrih, nem terapeuta – szerepek és elvárások.md"
B0,BATCH 0 — MOST GYÁRTHATÓ,nincs nyitott kapu,M0.2-DIA-02,M0.2-DIA-02,elsődleges,M0,M0.2,diagram,,legyártandó,specifikáció kész,,nincs kimondva,,SLIDE 2 kétoszlopos összevetés: „Madrihként csinálom” vs. „Nem (csak) az én feladatom”,"02 Tervezet/Modulok/M0/Online leckék/M0.2 – Madrih, nem terapeuta – szerepek és elvárások.md"
B0,BATCH 0 — MOST GYÁRTHATÓ,nincs nyitott kapu,M0.2-DIA-02::ALTTEXT,M0.2-DIA-02,alt-szöveg,M0,M0.2,diagram,,legyártandó,specifikáció kész,,nincs kimondva,,SLIDE 2 kétoszlopos összevetés: „Madrihként csinálom” vs. „Nem (csak) az én feladatom” — alt-szöveg,"02 Tervezet/Modulok/M0/Online leckék/M0.2 – Madrih, nem terapeuta – szerepek és elvárások.md"
B0,BATCH 0 — MOST GYÁRTHATÓ,nincs nyitott kapu,M0.2-EGY-01,M0.2-EGY-01,elsődleges,M0,M0.2,other,h5p-interaction,legyártandó,specifikáció kész,,nincs kimondva,,Akadálymentes iframe-cím és fókusz-spec a SLIDE 3 interakcióhoz,"02 Tervezet/Modulok/M0/Online leckék/M0.2 – Madrih, nem terapeuta – szerepek és elvárások.md"
B0,BATCH 0 — MOST GYÁRTHATÓ,nincs nyitott kapu,M0.2-IKO-01,M0.2-IKO-01,elsődleges,M0,M0.2,icon-set,,legyártandó,specifikáció kész,,nincs kimondva,,SLIDE 1 hook-ikonok: barát / tanár / szuperhős,"02 Tervezet/Modulok/M0/Online leckék/M0.2 – Madrih, nem terapeuta – szerepek és elvárások.md"
B0,BATCH 0 — MOST GYÁRTHATÓ,nincs nyitott kapu,M0.2-IKO-01::ALTTEXT,M0.2-IKO-01,alt-szöveg,M0,M0.2,icon-set,,legyártandó,specifikáció kész,,nincs kimondva,,SLIDE 1 hook-ikonok: barát / tanár / szuperhős — alt-szöveg,"02 Tervezet/Modulok/M0/Online leckék/M0.2 – Madrih, nem terapeuta – szerepek és elvárások.md"
B0,BATCH 0 — MOST GYÁRTHATÓ,nincs nyitott kapu,M0.2-IKO-02,M0.2-IKO-02,elsődleges,M0,M0.2,icon-set,,legyártandó,specifikáció kész,,nincs kimondva,,SLIDE 5 dugma isit ikonok: kör / chat / kulissza,"02 Tervezet/Modulok/M0/Online leckék/M0.2 – Madrih, nem terapeuta – szerepek és elvárások.md"
B0,BATCH 0 — MOST GYÁRTHATÓ,nincs nyitott kapu,M0.2-IKO-02::ALTTEXT,M0.2-IKO-02,alt-szöveg,M0,M0.2,icon-set,,legyártandó,specifikáció kész,,nincs kimondva,,SLIDE 5 dugma isit ikonok: kör / chat / kulissza — alt-szöveg,"02 Tervezet/Modulok/M0/Online leckék/M0.2 – Madrih, nem terapeuta – szerepek és elvárások.md"
B0,BATCH 0 — MOST GYÁRTHATÓ,nincs nyitott kapu,M0.4-DIA-01,M0.4-DIA-01,elsődleges,M0,M0.4,diagram,,legyártandó,specifikáció kész,,nincs kimondva,,3 egyszerű online szabály – kártyás összegző diagram,02 Tervezet/Modulok/M0/Online leckék/M0.4 – Dugma isit az online térben + bemutatkozó fórum.md
B0,BATCH 0 — MOST GYÁRTHATÓ,nincs nyitott kapu,M0.4-DIA-01::ALTTEXT,M0.4-DIA-01,alt-szöveg,M0,M0.4,diagram,,legyártandó,specifikáció kész,,nincs kimondva,,3 egyszerű online szabály – kártyás összegző diagram — alt-szöveg,02 Tervezet/Modulok/M0/Online leckék/M0.4 – Dugma isit az online térben + bemutatkozó fórum.md
B0,BATCH 0 — MOST GYÁRTHATÓ,nincs nyitott kapu,M0.4-IKO-01,M0.4-IKO-01,elsődleges,M0,M0.4,icon-set,,legyártandó,specifikáció kész,,nincs kimondva,,Online-felület ikonkészlet (chat / insta / messenger / Moodle-komment),02 Tervezet/Modulok/M0/Online leckék/M0.4 – Dugma isit az online térben + bemutatkozó fórum.md
B0,BATCH 0 — MOST GYÁRTHATÓ,nincs nyitott kapu,M0.4-IKO-01::ALTTEXT,M0.4-IKO-01,alt-szöveg,M0,M0.4,icon-set,,legyártandó,specifikáció kész,,nincs kimondva,,Online-felület ikonkészlet (chat / insta / messenger / Moodle-komment) — alt-szöveg,02 Tervezet/Modulok/M0/Online leckék/M0.4 – Dugma isit az online térben + bemutatkozó fórum.md
B0,BATCH 0 — MOST GYÁRTHATÓ,nincs nyitott kapu,M0.4-ILL-01,M0.4-ILL-01,elsődleges,M0,M0.4,illustration,,legyártandó,specifikáció kész,,nincs kimondva,,Hook-vizuál: a kvuca online terei a telefonon,02 Tervezet/Modulok/M0/Online leckék/M0.4 – Dugma isit az online térben + bemutatkozó fórum.md
B0,BATCH 0 — MOST GYÁRTHATÓ,nincs nyitott kapu,M0.4-ILL-01::ALTTEXT,M0.4-ILL-01,alt-szöveg,M0,M0.4,illustration,,legyártandó,specifikáció kész,,nincs kimondva,,Hook-vizuál: a kvuca online terei a telefonon — alt-szöveg,02 Tervezet/Modulok/M0/Online leckék/M0.4 – Dugma isit az online térben + bemutatkozó fórum.md
B0,BATCH 0 — MOST GYÁRTHATÓ,nincs nyitott kapu,M0.4-ILL-02,M0.4-ILL-02,elsődleges,M0,M0.4,illustration,,legyártandó,specifikáció kész,,nincs kimondva,,Online szituációk – 4 problémahelyzet jelenetképe,02 Tervezet/Modulok/M0/Online leckék/M0.4 – Dugma isit az online térben + bemutatkozó fórum.md
B0,BATCH 0 — MOST GYÁRTHATÓ,nincs nyitott kapu,M0.4-ILL-02::ALTTEXT,M0.4-ILL-02,alt-szöveg,M0,M0.4,illustration,,legyártandó,specifikáció kész,,nincs kimondva,,Online szituációk – 4 problémahelyzet jelenetképe — alt-szöveg,02 Tervezet/Modulok/M0/Online leckék/M0.4 – Dugma isit az online térben + bemutatkozó fórum.md
B0,BATCH 0 — MOST GYÁRTHATÓ,nincs nyitott kapu,M0.4-ILL-03,M0.4-ILL-03,elsődleges,M0,M0.4,illustration,,legyártandó,specifikáció kész,,nincs kimondva,,„Dugma isit vagy sem?” – 3 döntéshelyzet vizuál,02 Tervezet/Modulok/M0/Online leckék/M0.4 – Dugma isit az online térben + bemutatkozó fórum.md
B0,BATCH 0 — MOST GYÁRTHATÓ,nincs nyitott kapu,M0.4-ILL-03::ALTTEXT,M0.4-ILL-03,alt-szöveg,M0,M0.4,illustration,,legyártandó,specifikáció kész,,nincs kimondva,,„Dugma isit vagy sem?” – 3 döntéshelyzet vizuál — alt-szöveg,02 Tervezet/Modulok/M0/Online leckék/M0.4 – Dugma isit az online térben + bemutatkozó fórum.md
B0,BATCH 0 — MOST GYÁRTHATÓ,nincs nyitott kapu,M0.4-POSZ-01,M0.4-POSZ-01,elsődleges,M0,M0.4,poster,,legyártandó,specifikáció kész,,nincs kimondva,,„3 egyszerű szabály online” – nyomtatható poszter/kártya,02 Tervezet/Modulok/M0/Online leckék/M0.4 – Dugma isit az online térben + bemutatkozó fórum.md
B0,BATCH 0 — MOST GYÁRTHATÓ,nincs nyitott kapu,M0.4-POSZ-01::PRINTPDF,M0.4-POSZ-01,nyomtatható PDF,M0,M0.4,poster,,legyártandó,specifikáció kész,,nincs kimondva,,„3 egyszerű szabály online” – nyomtatható poszter/kártya — nyomtatható PDF,02 Tervezet/Modulok/M0/Online leckék/M0.4 – Dugma isit az online térben + bemutatkozó fórum.md
B0,BATCH 0 — MOST GYÁRTHATÓ,nincs nyitott kapu,M0.A-KART-01,M0.A-KART-01,elsődleges,M0,M0.A,card-set,,legyártandó,specifikáció kész,,nincs kimondva,,Red-flag mini-protokoll kártya a képzőnek,02 Tervezet/Modulok/M0/Peulák/M0.A – Kickoff & ismerkedés + közös keret.md
B0,BATCH 0 — MOST GYÁRTHATÓ,nincs nyitott kapu,M0.A-KART-01::PRINTPDF,M0.A-KART-01,nyomtatható PDF,M0,M0.A,card-set,,legyártandó,specifikáció kész,,nincs kimondva,,Red-flag mini-protokoll kártya a képzőnek — nyomtatható PDF,02 Tervezet/Modulok/M0/Peulák/M0.A – Kickoff & ismerkedés + közös keret.md
B0,BATCH 0 — MOST GYÁRTHATÓ,nincs nyitott kapu,M0.A-KART-02,M0.A-KART-02,elsődleges,M0,M0.A,card-set,,legyártandó,specifikáció kész,,nincs kimondva,,Képzői kártya biztonsági mondatokkal,02 Tervezet/Modulok/M0/Peulák/M0.A – Kickoff & ismerkedés + közös keret.md
B0,BATCH 0 — MOST GYÁRTHATÓ,nincs nyitott kapu,M0.A-KART-02::PRINTPDF,M0.A-KART-02,nyomtatható PDF,M0,M0.A,card-set,,legyártandó,specifikáció kész,,nincs kimondva,,Képzői kártya biztonsági mondatokkal — nyomtatható PDF,02 Tervezet/Modulok/M0/Peulák/M0.A – Kickoff & ismerkedés + közös keret.md
B0,BATCH 0 — MOST GYÁRTHATÓ,nincs nyitott kapu,M0.A-MUNK-01,M0.A-MUNK-01,elsődleges,M0,M0.A,worksheet,,legyártandó,specifikáció kész,,nincs kimondva,,Kvuca-plakát 3 rubrikás sablon (Mit várok / Mitől félek / Mit hozok),02 Tervezet/Modulok/M0/Peulák/M0.A – Kickoff & ismerkedés + közös keret.md
B0,BATCH 0 — MOST GYÁRTHATÓ,nincs nyitott kapu,M0.A-MUNK-01::PRINTPDF,M0.A-MUNK-01,nyomtatható PDF,M0,M0.A,worksheet,,legyártandó,specifikáció kész,,nincs kimondva,,Kvuca-plakát 3 rubrikás sablon (Mit várok / Mitől félek / Mit hozok) — nyomtatható PDF,02 Tervezet/Modulok/M0/Peulák/M0.A – Kickoff & ismerkedés + közös keret.md
B0,BATCH 0 — MOST GYÁRTHATÓ,nincs nyitott kapu,M0.A-MUNK-02,M0.A-MUNK-02,elsődleges,M0,M0.A,worksheet,,legyártandó,specifikáció kész,,nincs kimondva,,Kilépőkártya – 2 kérdéses sablon,02 Tervezet/Modulok/M0/Peulák/M0.A – Kickoff & ismerkedés + közös keret.md
B0,BATCH 0 — MOST GYÁRTHATÓ,nincs nyitott kapu,M0.A-MUNK-02::PRINTPDF,M0.A-MUNK-02,nyomtatható PDF,M0,M0.A,worksheet,,legyártandó,specifikáció kész,,nincs kimondva,,Kilépőkártya – 2 kérdéses sablon — nyomtatható PDF,02 Tervezet/Modulok/M0/Peulák/M0.A – Kickoff & ismerkedés + közös keret.md
B0,BATCH 0 — MOST GYÁRTHATÓ,nincs nyitott kapu,M0.A-MUNK-03,M0.A-MUNK-03,elsődleges,M0,M0.A,worksheet,,legyártandó,specifikáció kész,,nincs kimondva,,"Moodle-belépési segédlet (papíron, a technikai segítségponthoz)",02 Tervezet/Modulok/M0/Peulák/M0.A – Kickoff & ismerkedés + közös keret.md
B0,BATCH 0 — MOST GYÁRTHATÓ,nincs nyitott kapu,M0.A-MUNK-03::PRINTPDF,M0.A-MUNK-03,nyomtatható PDF,M0,M0.A,worksheet,,legyártandó,specifikáció kész,,nincs kimondva,,"Moodle-belépési segédlet (papíron, a technikai segítségponthoz) — nyomtatható PDF",02 Tervezet/Modulok/M0/Peulák/M0.A – Kickoff & ismerkedés + közös keret.md
B0,BATCH 0 — MOST GYÁRTHATÓ,nincs nyitott kapu,M0.A-POSZ-01,M0.A-POSZ-01,elsődleges,M0,M0.A,poster,,legyártandó,specifikáció kész,,nincs kimondva,,„KÖZÖS KERET” 2 oszlopos flipchart-sablon,02 Tervezet/Modulok/M0/Peulák/M0.A – Kickoff & ismerkedés + közös keret.md
B0,BATCH 0 — MOST GYÁRTHATÓ,nincs nyitott kapu,M0.A-POSZ-01::PRINTPDF,M0.A-POSZ-01,nyomtatható PDF,M0,M0.A,poster,,legyártandó,specifikáció kész,,nincs kimondva,,„KÖZÖS KERET” 2 oszlopos flipchart-sablon — nyomtatható PDF,02 Tervezet/Modulok/M0/Peulák/M0.A – Kickoff & ismerkedés + közös keret.md
B0,BATCH 0 — MOST GYÁRTHATÓ,nincs nyitott kapu,M0.A-POSZ-02,M0.A-POSZ-02,elsődleges,M0,M0.A,poster,,legyártandó,specifikáció kész,,nincs kimondva,,„Kihez fordulhatok?” támasz-térkép sablon (buborékábra),02 Tervezet/Modulok/M0/Peulák/M0.A – Kickoff & ismerkedés + közös keret.md
B0,BATCH 0 — MOST GYÁRTHATÓ,nincs nyitott kapu,M0.A-POSZ-02::PRINTPDF,M0.A-POSZ-02,nyomtatható PDF,M0,M0.A,poster,,legyártandó,specifikáció kész,,nincs kimondva,,„Kihez fordulhatok?” támasz-térkép sablon (buborékábra) — nyomtatható PDF,02 Tervezet/Modulok/M0/Peulák/M0.A – Kickoff & ismerkedés + közös keret.md
B0,BATCH 0 — MOST GYÁRTHATÓ,nincs nyitott kapu,M1-HUB-POSZ-02,M1-HUB-POSZ-02,elsődleges,M1,M1-HUB,poster,,legyártandó,specifikáció kész,,nincs kimondva,,M1.F Közös fogalom-térkép sablon,"02 Tervezet/Modulok/M1/M1 – Vakfolt, tükör, visszajelzés – Önismeret & visszajelzés – Johari + SBI.md"
B0,BATCH 0 — MOST GYÁRTHATÓ,nincs nyitott kapu,M1-HUB-POSZ-02::PRINTPDF,M1-HUB-POSZ-02,nyomtatható PDF,M1,M1-HUB,poster,,legyártandó,specifikáció kész,,nincs kimondva,,M1.F Közös fogalom-térkép sablon — nyomtatható PDF,"02 Tervezet/Modulok/M1/M1 – Vakfolt, tükör, visszajelzés – Önismeret & visszajelzés – Johari + SBI.md"
B0,BATCH 0 — MOST GYÁRTHATÓ,nincs nyitott kapu,M1.1-DIA-01,M1.1-DIA-01,elsődleges,M1,M1.1,diagram,,legyártandó,specifikáció kész,,nincs kimondva,,Animált Johari-ablak diagram (4 mező felvillan),02 Tervezet/Modulok/M1/Online leckék/M1.1 – Johari-ablak – vakfoltjaim felismerése.md
B0,BATCH 0 — MOST GYÁRTHATÓ,nincs nyitott kapu,M1.1-DIA-01::ALTTEXT,M1.1-DIA-01,alt-szöveg,M1,M1.1,diagram,,legyártandó,specifikáció kész,,nincs kimondva,,Animált Johari-ablak diagram (4 mező felvillan) — alt-szöveg,02 Tervezet/Modulok/M1/Online leckék/M1.1 – Johari-ablak – vakfoltjaim felismerése.md
B0,BATCH 0 — MOST GYÁRTHATÓ,nincs nyitott kapu,M1.1-IKO-01,M1.1-IKO-01,elsődleges,M1,M1.1,icon-set,,legyártandó,specifikáció kész,,nincs kimondva,,4 mező-ikon a példa-gridhez (dekoratív),02 Tervezet/Modulok/M1/Online leckék/M1.1 – Johari-ablak – vakfoltjaim felismerése.md
B0,BATCH 0 — MOST GYÁRTHATÓ,nincs nyitott kapu,M1.1-IKO-02,M1.1-IKO-02,elsődleges,M1,M1.1,icon-set,,legyártandó,specifikáció kész,,nincs kimondva,,Önreflexió-ikon (gondolkodó figura / napló),02 Tervezet/Modulok/M1/Online leckék/M1.1 – Johari-ablak – vakfoltjaim felismerése.md
B0,BATCH 0 — MOST GYÁRTHATÓ,nincs nyitott kapu,M1.1-IKO-02::ALTTEXT,M1.1-IKO-02,alt-szöveg,M1,M1.1,icon-set,,legyártandó,specifikáció kész,,nincs kimondva,,Önreflexió-ikon (gondolkodó figura / napló) — alt-szöveg,02 Tervezet/Modulok/M1/Online leckék/M1.1 – Johari-ablak – vakfoltjaim felismerése.md
B0,BATCH 0 — MOST GYÁRTHATÓ,nincs nyitott kapu,M1.1-ILL-01,M1.1-ILL-01,elsődleges,M1,M1.1,illustration,,legyártandó,specifikáció kész,,nincs kimondva,,Üres 4 ablakos Johari-váz grafika (címke nélkül),02 Tervezet/Modulok/M1/Online leckék/M1.1 – Johari-ablak – vakfoltjaim felismerése.md
B0,BATCH 0 — MOST GYÁRTHATÓ,nincs nyitott kapu,M1.1-ILL-01::ALTTEXT,M1.1-ILL-01,alt-szöveg,M1,M1.1,illustration,,legyártandó,specifikáció kész,,nincs kimondva,,Üres 4 ablakos Johari-váz grafika (címke nélkül) — alt-szöveg,02 Tervezet/Modulok/M1/Online leckék/M1.1 – Johari-ablak – vakfoltjaim felismerése.md
B0,BATCH 0 — MOST GYÁRTHATÓ,nincs nyitott kapu,M1.1-ILL-02,M1.1-ILL-02,elsődleges,M1,M1.1,illustration,,legyártandó,specifikáció kész,,nincs kimondva,,Példa-grid (4 mező) ikonokkal – 4 hétköznapi példa,02 Tervezet/Modulok/M1/Online leckék/M1.1 – Johari-ablak – vakfoltjaim felismerése.md
B0,BATCH 0 — MOST GYÁRTHATÓ,nincs nyitott kapu,M1.2-DIA-01,M1.2-DIA-01,elsődleges,M1,M1.2,diagram,,legyártandó,specifikáció kész,,nincs kimondva,,Megfigyelés vs. értelmezés – kétoszlopos animált grafika,02 Tervezet/Modulok/M1/Online leckék/M1.2 – Megfigyelés ≠ értelmezés.md
B0,BATCH 0 — MOST GYÁRTHATÓ,nincs nyitott kapu,M1.2-DIA-01::ALTTEXT,M1.2-DIA-01,alt-szöveg,M1,M1.2,diagram,,legyártandó,specifikáció kész,,nincs kimondva,,Megfigyelés vs. értelmezés – kétoszlopos animált grafika — alt-szöveg,02 Tervezet/Modulok/M1/Online leckék/M1.2 – Megfigyelés ≠ értelmezés.md
B0,BATCH 0 — MOST GYÁRTHATÓ,nincs nyitott kapu,M1.2-IKO-01,M1.2-IKO-01,elsődleges,M1,M1.2,icon-set,,legyártandó,specifikáció kész,,nincs kimondva,,Ikonok a megfigyelés/értelmezés példákhoz,02 Tervezet/Modulok/M1/Online leckék/M1.2 – Megfigyelés ≠ értelmezés.md
B0,BATCH 0 — MOST GYÁRTHATÓ,nincs nyitott kapu,M1.2-IKO-01::ALTTEXT,M1.2-IKO-01,alt-szöveg,M1,M1.2,icon-set,,legyártandó,specifikáció kész,,nincs kimondva,,Ikonok a megfigyelés/értelmezés példákhoz — alt-szöveg,02 Tervezet/Modulok/M1/Online leckék/M1.2 – Megfigyelés ≠ értelmezés.md
B0,BATCH 0 — MOST GYÁRTHATÓ,nincs nyitott kapu,M1.2-IKO-02,M1.2-IKO-02,elsődleges,M1,M1.2,icon-set,,legyártandó,specifikáció kész,,nincs kimondva,,Helyzet-piktogramok – iskola / ken / család,02 Tervezet/Modulok/M1/Online leckék/M1.2 – Megfigyelés ≠ értelmezés.md
B0,BATCH 0 — MOST GYÁRTHATÓ,nincs nyitott kapu,M1.2-IKO-02::ALTTEXT,M1.2-IKO-02,alt-szöveg,M1,M1.2,icon-set,,legyártandó,specifikáció kész,,nincs kimondva,,Helyzet-piktogramok – iskola / ken / család — alt-szöveg,02 Tervezet/Modulok/M1/Online leckék/M1.2 – Megfigyelés ≠ értelmezés.md
B0,BATCH 0 — MOST GYÁRTHATÓ,nincs nyitott kapu,M1.2-IKO-03,M1.2-IKO-03,elsődleges,M1,M1.2,icon-set,,legyártandó,specifikáció kész,,nincs kimondva,,Drop-zóna ikonok – szem (megfigyelés) / maszk (értelmezés),02 Tervezet/Modulok/M1/Online leckék/M1.2 – Megfigyelés ≠ értelmezés.md
B0,BATCH 0 — MOST GYÁRTHATÓ,nincs nyitott kapu,M1.2-ILL-01,M1.2-ILL-01,elsődleges,M1,M1.2,illustration,,legyártandó,specifikáció kész,,nincs kimondva,,"Két chat-buborék – ""Bunkó voltál"" / ""Háromszor közbevágtál""",02 Tervezet/Modulok/M1/Online leckék/M1.2 – Megfigyelés ≠ értelmezés.md
B0,BATCH 0 — MOST GYÁRTHATÓ,nincs nyitott kapu,M1.2-ILL-01::ALTTEXT,M1.2-ILL-01,alt-szöveg,M1,M1.2,illustration,,legyártandó,specifikáció kész,,nincs kimondva,,"Két chat-buborék – ""Bunkó voltál"" / ""Háromszor közbevágtál"" — alt-szöveg",02 Tervezet/Modulok/M1/Online leckék/M1.2 – Megfigyelés ≠ értelmezés.md
B0,BATCH 0 — MOST GYÁRTHATÓ,nincs nyitott kapu,M1.2-ILL-02,M1.2-ILL-02,elsődleges,M1,M1.2,illustration,,legyártandó,specifikáció kész,,nincs kimondva,,Storyboard – 3 kontextus kártya (iskola / ken / család),02 Tervezet/Modulok/M1/Online leckék/M1.2 – Megfigyelés ≠ értelmezés.md
B0,BATCH 0 — MOST GYÁRTHATÓ,nincs nyitott kapu,M1.2-ILL-02::ALTTEXT,M1.2-ILL-02,alt-szöveg,M1,M1.2,illustration,,legyártandó,specifikáció kész,,nincs kimondva,,Storyboard – 3 kontextus kártya (iskola / ken / család) — alt-szöveg,02 Tervezet/Modulok/M1/Online leckék/M1.2 – Megfigyelés ≠ értelmezés.md
B0,BATCH 0 — MOST GYÁRTHATÓ,nincs nyitott kapu,M1.3-DIA-01,M1.3-DIA-01,elsődleges,M1,M1.3,diagram,,legyártandó,specifikáció kész,,színfüggő,,S = Situation magyarázó grafika,02 Tervezet/Modulok/M1/Online leckék/M1.3 – SBI-modell – hogyan adjak korrekt visszajelzést.md
B0,BATCH 0 — MOST GYÁRTHATÓ,nincs nyitott kapu,M1.3-DIA-01::ALTTEXT,M1.3-DIA-01,alt-szöveg,M1,M1.3,diagram,,legyártandó,specifikáció kész,,színfüggő,,S = Situation magyarázó grafika — alt-szöveg,02 Tervezet/Modulok/M1/Online leckék/M1.3 – SBI-modell – hogyan adjak korrekt visszajelzést.md
B0,BATCH 0 — MOST GYÁRTHATÓ,nincs nyitott kapu,M1.3-DIA-02,M1.3-DIA-02,elsődleges,M1,M1.3,diagram,,legyártandó,specifikáció kész,,színfüggő,,B = Behavior magyarázó grafika,02 Tervezet/Modulok/M1/Online leckék/M1.3 – SBI-modell – hogyan adjak korrekt visszajelzést.md
B0,BATCH 0 — MOST GYÁRTHATÓ,nincs nyitott kapu,M1.3-DIA-02::ALTTEXT,M1.3-DIA-02,alt-szöveg,M1,M1.3,diagram,,legyártandó,specifikáció kész,,színfüggő,,B = Behavior magyarázó grafika — alt-szöveg,02 Tervezet/Modulok/M1/Online leckék/M1.3 – SBI-modell – hogyan adjak korrekt visszajelzést.md
B0,BATCH 0 — MOST GYÁRTHATÓ,nincs nyitott kapu,M1.3-DIA-03,M1.3-DIA-03,elsődleges,M1,M1.3,diagram,,legyártandó,specifikáció kész,,színfüggő,,I = Impact magyarázó grafika (+ pozitív SBI keret),02 Tervezet/Modulok/M1/Online leckék/M1.3 – SBI-modell – hogyan adjak korrekt visszajelzést.md
B0,BATCH 0 — MOST GYÁRTHATÓ,nincs nyitott kapu,M1.3-DIA-03::ALTTEXT,M1.3-DIA-03,alt-szöveg,M1,M1.3,diagram,,legyártandó,specifikáció kész,,színfüggő,,I = Impact magyarázó grafika (+ pozitív SBI keret) — alt-szöveg,02 Tervezet/Modulok/M1/Online leckék/M1.3 – SBI-modell – hogyan adjak korrekt visszajelzést.md
B0,BATCH 0 — MOST GYÁRTHATÓ,nincs nyitott kapu,M1.3-EGY-01,M1.3-EGY-01,elsődleges,M1,M1.3,other,,legyártandó,specifikáció kész,,színfüggő,,Videó-belső verziócímkék overlay (1. verzió / 2. verzió),02 Tervezet/Modulok/M1/Online leckék/M1.3 – SBI-modell – hogyan adjak korrekt visszajelzést.md
B0,BATCH 0 — MOST GYÁRTHATÓ,nincs nyitott kapu,M1.3-IKO-01,M1.3-IKO-01,elsődleges,M1,M1.3,icon-set,,legyártandó,specifikáció kész,,színfüggő,,SBI vizuális kód ikon-készlet (S/B/I),02 Tervezet/Modulok/M1/Online leckék/M1.3 – SBI-modell – hogyan adjak korrekt visszajelzést.md
B0,BATCH 0 — MOST GYÁRTHATÓ,nincs nyitott kapu,M1.3-IKO-01::ALTTEXT,M1.3-IKO-01,alt-szöveg,M1,M1.3,icon-set,,legyártandó,specifikáció kész,,színfüggő,,SBI vizuális kód ikon-készlet (S/B/I) — alt-szöveg,02 Tervezet/Modulok/M1/Online leckék/M1.3 – SBI-modell – hogyan adjak korrekt visszajelzést.md
B0,BATCH 0 — MOST GYÁRTHATÓ,nincs nyitott kapu,M1.4-DIA-01,M1.4-DIA-01,elsődleges,M1,M1.4,diagram,,legyártandó,specifikáció kész,,színfüggő,,Slide 2 – S/B/I emlékeztető diagram ikonokkal,02 Tervezet/Modulok/M1/Online leckék/M1.4 – Miniszituációk – Mondd el SBI-ben.md
B0,BATCH 0 — MOST GYÁRTHATÓ,nincs nyitott kapu,M1.4-DIA-01::ALTTEXT,M1.4-DIA-01,alt-szöveg,M1,M1.4,diagram,,legyártandó,specifikáció kész,,színfüggő,,Slide 2 – S/B/I emlékeztető diagram ikonokkal — alt-szöveg,02 Tervezet/Modulok/M1/Online leckék/M1.4 – Miniszituációk – Mondd el SBI-ben.md
B0,BATCH 0 — MOST GYÁRTHATÓ,nincs nyitott kapu,M1.4-ILL-01,M1.4-ILL-01,elsődleges,M1,M1.4,illustration,,legyártandó,specifikáció kész,,nincs kimondva,,Slide 1 – 3 szituáció-kártya vizuál,02 Tervezet/Modulok/M1/Online leckék/M1.4 – Miniszituációk – Mondd el SBI-ben.md
B0,BATCH 0 — MOST GYÁRTHATÓ,nincs nyitott kapu,M1.4-ILL-01::ALTTEXT,M1.4-ILL-01,alt-szöveg,M1,M1.4,illustration,,legyártandó,specifikáció kész,,nincs kimondva,,Slide 1 – 3 szituáció-kártya vizuál — alt-szöveg,02 Tervezet/Modulok/M1/Online leckék/M1.4 – Miniszituációk – Mondd el SBI-ben.md
B0,BATCH 0 — MOST GYÁRTHATÓ,nincs nyitott kapu,M1.A-MUNK-01,M1.A-MUNK-01,elsődleges,M1,M1.A,worksheet,,legyártandó,specifikáció kész,,nincs kimondva,,Képzői segédlet: „Megfigyelés vagy címkézés?” – 8 példamondat + várt besorolás,02 Tervezet/Modulok/M1/Peulák/M1.A – Önismeret & Johari + megfigyelés vs. címkézés (45’).md
B0,BATCH 0 — MOST GYÁRTHATÓ,nincs nyitott kapu,M1.A-MUNK-01::PRINTPDF,M1.A-MUNK-01,nyomtatható PDF,M1,M1.A,worksheet,,legyártandó,specifikáció kész,,nincs kimondva,,Képzői segédlet: „Megfigyelés vagy címkézés?” – 8 példamondat + várt besorolás — nyomtatható PDF,02 Tervezet/Modulok/M1/Peulák/M1.A – Önismeret & Johari + megfigyelés vs. címkézés (45’).md
B0,BATCH 0 — MOST GYÁRTHATÓ,nincs nyitott kapu,M1.A-MUNK-02,M1.A-MUNK-02,elsődleges,M1,M1.A,worksheet,,legyártandó,specifikáció kész,,nincs kimondva,,Képzői segédlet: „Magunkat is címkézzük?” – saját-cetli példák + megfigyeléssé átírás,02 Tervezet/Modulok/M1/Peulák/M1.A – Önismeret & Johari + megfigyelés vs. címkézés (45’).md
B0,BATCH 0 — MOST GYÁRTHATÓ,nincs nyitott kapu,M1.A-MUNK-02::PRINTPDF,M1.A-MUNK-02,nyomtatható PDF,M1,M1.A,worksheet,,legyártandó,specifikáció kész,,nincs kimondva,,Képzői segédlet: „Magunkat is címkézzük?” – saját-cetli példák + megfigyeléssé átírás — nyomtatható PDF,02 Tervezet/Modulok/M1/Peulák/M1.A – Önismeret & Johari + megfigyelés vs. címkézés (45’).md
B0,BATCH 0 — MOST GYÁRTHATÓ,nincs nyitott kapu,M1.A-POSZ-01,M1.A-POSZ-01,elsődleges,M1,M1.A,poster,,legyártandó,specifikáció kész,,nincs kimondva,,Johari-ablak nagy tábla-/flipchart-sablon,02 Tervezet/Modulok/M1/Peulák/M1.A – Önismeret & Johari + megfigyelés vs. címkézés (45’).md
B0,BATCH 0 — MOST GYÁRTHATÓ,nincs nyitott kapu,M1.A-POSZ-01::PRINTPDF,M1.A-POSZ-01,nyomtatható PDF,M1,M1.A,poster,,legyártandó,specifikáció kész,,nincs kimondva,,Johari-ablak nagy tábla-/flipchart-sablon — nyomtatható PDF,02 Tervezet/Modulok/M1/Peulák/M1.A – Önismeret & Johari + megfigyelés vs. címkézés (45’).md
B0,BATCH 0 — MOST GYÁRTHATÓ,nincs nyitott kapu,M1.A-POSZ-02,M1.A-POSZ-02,elsődleges,M1,M1.A,poster,,legyártandó,specifikáció kész,,nincs kimondva,,„MEGFIGYELÉS” sarok-poszter (👁️),02 Tervezet/Modulok/M1/Peulák/M1.A – Önismeret & Johari + megfigyelés vs. címkézés (45’).md
B0,BATCH 0 — MOST GYÁRTHATÓ,nincs nyitott kapu,M1.A-POSZ-02::PRINTPDF,M1.A-POSZ-02,nyomtatható PDF,M1,M1.A,poster,,legyártandó,specifikáció kész,,nincs kimondva,,„MEGFIGYELÉS” sarok-poszter (👁️) — nyomtatható PDF,02 Tervezet/Modulok/M1/Peulák/M1.A – Önismeret & Johari + megfigyelés vs. címkézés (45’).md
B0,BATCH 0 — MOST GYÁRTHATÓ,nincs nyitott kapu,M1.A-POSZ-03,M1.A-POSZ-03,elsődleges,M1,M1.A,poster,,legyártandó,specifikáció kész,,nincs kimondva,,„CÍMKE / ÉRTELMEZÉS” sarok-poszter (🎭),02 Tervezet/Modulok/M1/Peulák/M1.A – Önismeret & Johari + megfigyelés vs. címkézés (45’).md
B0,BATCH 0 — MOST GYÁRTHATÓ,nincs nyitott kapu,M1.A-POSZ-03::PRINTPDF,M1.A-POSZ-03,nyomtatható PDF,M1,M1.A,poster,,legyártandó,specifikáció kész,,nincs kimondva,,„CÍMKE / ÉRTELMEZÉS” sarok-poszter (🎭) — nyomtatható PDF,02 Tervezet/Modulok/M1/Peulák/M1.A – Önismeret & Johari + megfigyelés vs. címkézés (45’).md
B0,BATCH 0 — MOST GYÁRTHATÓ,nincs nyitott kapu,M1.B-DIA-01,M1.B-DIA-01,elsődleges,M1,M1.B,diagram,,legyártandó,specifikáció kész,,nincs kimondva,diagram,"Szerepcsere-ábra (A→C, C→B, B→A forgás)",02 Tervezet/Modulok/M1/Peulák/M1.B – SBI-lab – Smiley-tól a használható visszajelzésig (45’).md
B0,BATCH 0 — MOST GYÁRTHATÓ,nincs nyitott kapu,M1.B-DIA-01::ALTTEXT,M1.B-DIA-01,alt-szöveg,M1,M1.B,diagram,,legyártandó,specifikáció kész,,nincs kimondva,diagram,"Szerepcsere-ábra (A→C, C→B, B→A forgás) — alt-szöveg",02 Tervezet/Modulok/M1/Peulák/M1.B – SBI-lab – Smiley-tól a használható visszajelzésig (45’).md
B0,BATCH 0 — MOST GYÁRTHATÓ,nincs nyitott kapu,M1.B-KART-01,M1.B-KART-01,elsődleges,M1,M1.B,card-set,,legyártandó,specifikáció kész,,nincs kimondva,,Helyzetkártya-szett (SBI szerepjáték),02 Tervezet/Modulok/M1/Peulák/M1.B – SBI-lab – Smiley-tól a használható visszajelzésig (45’).md
B0,BATCH 0 — MOST GYÁRTHATÓ,nincs nyitott kapu,M1.B-KART-01::PRINTPDF,M1.B-KART-01,nyomtatható PDF,M1,M1.B,card-set,,legyártandó,specifikáció kész,,nincs kimondva,,Helyzetkártya-szett (SBI szerepjáték) — nyomtatható PDF,02 Tervezet/Modulok/M1/Peulák/M1.B – SBI-lab – Smiley-tól a használható visszajelzésig (45’).md
B0,BATCH 0 — MOST GYÁRTHATÓ,nincs nyitott kapu,M1.B-KART-02,M1.B-KART-02,elsődleges,M1,M1.B,card-set,,legyártandó,specifikáció kész,,nincs kimondva,,Smiley-kártyák (😃 / 😐 / 😬),02 Tervezet/Modulok/M1/Peulák/M1.B – SBI-lab – Smiley-tól a használható visszajelzésig (45’).md
B0,BATCH 0 — MOST GYÁRTHATÓ,nincs nyitott kapu,M1.B-KART-02::PRINTPDF,M1.B-KART-02,nyomtatható PDF,M1,M1.B,card-set,,legyártandó,specifikáció kész,,nincs kimondva,,Smiley-kártyák (😃 / 😐 / 😬) — nyomtatható PDF,02 Tervezet/Modulok/M1/Peulák/M1.B – SBI-lab – Smiley-tól a használható visszajelzésig (45’).md
B0,BATCH 0 — MOST GYÁRTHATÓ,nincs nyitott kapu,M1.B-MUNK-01,M1.B-MUNK-01,elsődleges,M1,M1.B,worksheet,,legyártandó,specifikáció kész,,nincs kimondva,,Trió-checklist lap a megfigyelőnek (C),02 Tervezet/Modulok/M1/Peulák/M1.B – SBI-lab – Smiley-tól a használható visszajelzésig (45’).md
B0,BATCH 0 — MOST GYÁRTHATÓ,nincs nyitott kapu,M1.B-MUNK-01::PRINTPDF,M1.B-MUNK-01,nyomtatható PDF,M1,M1.B,worksheet,,legyártandó,specifikáció kész,,nincs kimondva,,Trió-checklist lap a megfigyelőnek (C) — nyomtatható PDF,02 Tervezet/Modulok/M1/Peulák/M1.B – SBI-lab – Smiley-tól a használható visszajelzésig (45’).md
B0,BATCH 0 — MOST GYÁRTHATÓ,nincs nyitott kapu,M1.F-MUNK-01,M1.F-MUNK-01,elsődleges,M1,M1.F,worksheet,,legyártandó,specifikáció kész,,fekete-fehér is elég,,Offline B-terv – 1 oldalas M1.1–M1.4 összefoglaló kártya,"02 Tervezet/Modulok/M1/Peulák/M1.F – Felzárkóztató peula – Johari, megfigyelés és SBI egyben (45’).md"
B0,BATCH 0 — MOST GYÁRTHATÓ,nincs nyitott kapu,M1.F-MUNK-01::PRINTPDF,M1.F-MUNK-01,nyomtatható PDF,M1,M1.F,worksheet,,legyártandó,specifikáció kész,,fekete-fehér is elég,,Offline B-terv – 1 oldalas M1.1–M1.4 összefoglaló kártya — nyomtatható PDF,"02 Tervezet/Modulok/M1/Peulák/M1.F – Felzárkóztató peula – Johari, megfigyelés és SBI egyben (45’).md"
B0,BATCH 0 — MOST GYÁRTHATÓ,nincs nyitott kapu,M1.F-MUNK-02,M1.F-MUNK-02,elsődleges,M1,M1.F,worksheet,,legyártandó,specifikáció kész,,fekete-fehér is elég,,Jegyzetlap – „1 mondat + 1 kérdés”,"02 Tervezet/Modulok/M1/Peulák/M1.F – Felzárkóztató peula – Johari, megfigyelés és SBI egyben (45’).md"
B0,BATCH 0 — MOST GYÁRTHATÓ,nincs nyitott kapu,M1.F-MUNK-02::PRINTPDF,M1.F-MUNK-02,nyomtatható PDF,M1,M1.F,worksheet,,legyártandó,specifikáció kész,,fekete-fehér is elég,,Jegyzetlap – „1 mondat + 1 kérdés” — nyomtatható PDF,"02 Tervezet/Modulok/M1/Peulák/M1.F – Felzárkóztató peula – Johari, megfigyelés és SBI egyben (45’).md"
B0,BATCH 0 — MOST GYÁRTHATÓ,nincs nyitott kapu,M1.F-MUNK-03,M1.F-MUNK-03,elsődleges,M1,M1.F,worksheet,,legyártandó,specifikáció kész,,fekete-fehér is elég,,Képzői ellenőrző lista – „Peula előtt / közben / után” (1 A4),"02 Tervezet/Modulok/M1/Peulák/M1.F – Felzárkóztató peula – Johari, megfigyelés és SBI egyben (45’).md"
B0,BATCH 0 — MOST GYÁRTHATÓ,nincs nyitott kapu,M1.F-MUNK-03::PRINTPDF,M1.F-MUNK-03,nyomtatható PDF,M1,M1.F,worksheet,,legyártandó,specifikáció kész,,fekete-fehér is elég,,Képzői ellenőrző lista – „Peula előtt / közben / után” (1 A4) — nyomtatható PDF,"02 Tervezet/Modulok/M1/Peulák/M1.F – Felzárkóztató peula – Johari, megfigyelés és SBI egyben (45’).md"
B0,BATCH 0 — MOST GYÁRTHATÓ,nincs nyitott kapu,M1.F-POSZ-01,M1.F-POSZ-01,elsődleges,M1,M1.F,poster,,legyártandó,specifikáció kész,,nincs kimondva,,Tájékozódó tábla – M1 leckelista + név nélküli témakérések,"02 Tervezet/Modulok/M1/Peulák/M1.F – Felzárkóztató peula – Johari, megfigyelés és SBI egyben (45’).md"
B0,BATCH 0 — MOST GYÁRTHATÓ,nincs nyitott kapu,M1.F-POSZ-01::PRINTPDF,M1.F-POSZ-01,nyomtatható PDF,M1,M1.F,poster,,legyártandó,specifikáció kész,,nincs kimondva,,Tájékozódó tábla – M1 leckelista + név nélküli témakérések — nyomtatható PDF,"02 Tervezet/Modulok/M1/Peulák/M1.F – Felzárkóztató peula – Johari, megfigyelés és SBI egyben (45’).md"
B0,BATCH 0 — MOST GYÁRTHATÓ,nincs nyitott kapu,M2-HUB-DIA-01,M2-HUB-DIA-01,elsődleges,M2,M2-HUB,diagram,,legyártandó,specifikáció kész,,nincs kimondva,,M2 modul fogalom-térkép (identitás–értékek–pillérek–határok & személyes példamutatás),"02 Tervezet/Modulok/M2/M2 – Ki vagyok madrihként – Identitás, Somer-értékek és dugma isit.md"
B0,BATCH 0 — MOST GYÁRTHATÓ,nincs nyitott kapu,M2-HUB-DIA-01::ALTTEXT,M2-HUB-DIA-01,alt-szöveg,M2,M2-HUB,diagram,,legyártandó,specifikáció kész,,nincs kimondva,,M2 modul fogalom-térkép (identitás–értékek–pillérek–határok & személyes példamutatás) — alt-szöveg,"02 Tervezet/Modulok/M2/M2 – Ki vagyok madrihként – Identitás, Somer-értékek és dugma isit.md"
B0,BATCH 0 — MOST GYÁRTHATÓ,nincs nyitott kapu,M2.1-DIA-01,M2.1-DIA-01,elsődleges,M2,M2.1,diagram,,legyártandó,specifikáció kész,,nincs kimondva,,Identitás-körök koncentrikus diagram (animált),02 Tervezet/Modulok/M2/Online leckék/M2.1 – Ki vagyok én madrihként – identitás-körök.md
B0,BATCH 0 — MOST GYÁRTHATÓ,nincs nyitott kapu,M2.1-DIA-01::ALTTEXT,M2.1-DIA-01,alt-szöveg,M2,M2.1,diagram,,legyártandó,specifikáció kész,,nincs kimondva,,Identitás-körök koncentrikus diagram (animált) — alt-szöveg,02 Tervezet/Modulok/M2/Online leckék/M2.1 – Ki vagyok én madrihként – identitás-körök.md
B0,BATCH 0 — MOST GYÁRTHATÓ,nincs nyitott kapu,M2.1-IKO-01,M2.1-IKO-01,elsődleges,M2,M2.1,icon-set,,legyártandó,specifikáció kész,,nincs kimondva,,Outro ikon – kvuca-kör + next nyíl,02 Tervezet/Modulok/M2/Online leckék/M2.1 – Ki vagyok én madrihként – identitás-körök.md
B0,BATCH 0 — MOST GYÁRTHATÓ,nincs nyitott kapu,M2.1-IKO-01::ALTTEXT,M2.1-IKO-01,alt-szöveg,M2,M2.1,icon-set,,legyártandó,specifikáció kész,,nincs kimondva,,Outro ikon – kvuca-kör + next nyíl — alt-szöveg,02 Tervezet/Modulok/M2/Online leckék/M2.1 – Ki vagyok én madrihként – identitás-körök.md
B0,BATCH 0 — MOST GYÁRTHATÓ,nincs nyitott kapu,M2.1-ILL-01,M2.1-ILL-01,elsődleges,M2,M2.1,illustration,,legyártandó,specifikáció kész,,nincs kimondva,,Három jelenet – helyzetek illusztráció (SLIDE 3),02 Tervezet/Modulok/M2/Online leckék/M2.1 – Ki vagyok én madrihként – identitás-körök.md
B0,BATCH 0 — MOST GYÁRTHATÓ,nincs nyitott kapu,M2.1-ILL-01::ALTTEXT,M2.1-ILL-01,alt-szöveg,M2,M2.1,illustration,,legyártandó,specifikáció kész,,nincs kimondva,,Három jelenet – helyzetek illusztráció (SLIDE 3) — alt-szöveg,02 Tervezet/Modulok/M2/Online leckék/M2.1 – Ki vagyok én madrihként – identitás-körök.md
B0,BATCH 0 — MOST GYÁRTHATÓ,nincs nyitott kapu,M2.2-IKO-01,M2.2-IKO-01,elsődleges,M2,M2.2,icon-set,,legyártandó,specifikáció kész,,nincs kimondva,,"Ikonkészlet – „Mi az, hogy érték?” bulletpontokhoz",02 Tervezet/Modulok/M2/Online leckék/M2.2 – Értékeim mint iránytű.md
B0,BATCH 0 — MOST GYÁRTHATÓ,nincs nyitott kapu,M2.2-ILL-01,M2.2-ILL-01,elsődleges,M2,M2.2,illustration,,legyártandó,specifikáció kész,,nincs kimondva,,"Statikus illusztráció (videó-alternatíva) – késő, szétesett kvuca",02 Tervezet/Modulok/M2/Online leckék/M2.2 – Értékeim mint iránytű.md
B0,BATCH 0 — MOST GYÁRTHATÓ,nincs nyitott kapu,M2.2-ILL-01::ALTTEXT,M2.2-ILL-01,alt-szöveg,M2,M2.2,illustration,,legyártandó,specifikáció kész,,nincs kimondva,,"Statikus illusztráció (videó-alternatíva) – késő, szétesett kvuca — alt-szöveg",02 Tervezet/Modulok/M2/Online leckék/M2.2 – Értékeim mint iránytű.md
B0,BATCH 0 — MOST GYÁRTHATÓ,nincs nyitott kapu,M2.2-ILL-02,M2.2-ILL-02,elsődleges,M2,M2.2,illustration,,legyártandó,specifikáció kész,,nincs kimondva,,Értékszófelhő (14 értékkel),02 Tervezet/Modulok/M2/Online leckék/M2.2 – Értékeim mint iránytű.md
B0,BATCH 0 — MOST GYÁRTHATÓ,nincs nyitott kapu,M2.2-ILL-02::ALTTEXT,M2.2-ILL-02,alt-szöveg,M2,M2.2,illustration,,legyártandó,specifikáció kész,,nincs kimondva,,Értékszófelhő (14 értékkel) — alt-szöveg,02 Tervezet/Modulok/M2/Online leckék/M2.2 – Értékeim mint iránytű.md
B0,BATCH 0 — MOST GYÁRTHATÓ,nincs nyitott kapu,M2.2-ILL-03,M2.2-ILL-03,elsődleges,M2,M2.2,illustration,,legyártandó,specifikáció kész,,nincs kimondva,,"Köszönőkártya (outro, videó-alternatíva)",02 Tervezet/Modulok/M2/Online leckék/M2.2 – Értékeim mint iránytű.md
B0,BATCH 0 — MOST GYÁRTHATÓ,nincs nyitott kapu,M2.2-ILL-03::ALTTEXT,M2.2-ILL-03,alt-szöveg,M2,M2.2,illustration,,legyártandó,specifikáció kész,,nincs kimondva,,"Köszönőkártya (outro, videó-alternatíva) — alt-szöveg",02 Tervezet/Modulok/M2/Online leckék/M2.2 – Értékeim mint iránytű.md
B0,BATCH 0 — MOST GYÁRTHATÓ,nincs nyitott kapu,M2.3-EGY-01,M2.3-EGY-01,elsődleges,M2,M2.3,other,ui-text,legyártandó,specifikáció kész,,nincs kimondva,,"Hook önreflexiós kérdés, rögzítés nélkül – ""Melyik pillérhez érzed a legerősebb kapcsolatot?""",02 Tervezet/Modulok/M2/Online leckék/M2.3 – Somer 3 pillére – mini-kapszula.md
B0,BATCH 0 — MOST GYÁRTHATÓ,nincs nyitott kapu,M2.3-EGY-02,M2.3-EGY-02,elsődleges,M2,M2.3,other,h5p-interaction,legyártandó,specifikáció kész,,színfüggő,,H5P Branching Scenario – 3 pillér döntési fa (a lecke magja),02 Tervezet/Modulok/M2/Online leckék/M2.3 – Somer 3 pillére – mini-kapszula.md
B0,BATCH 0 — MOST GYÁRTHATÓ,nincs nyitott kapu,M2.3-EGY-03,M2.3-EGY-03,elsődleges,M2,M2.3,other,h5p-interaction,legyártandó,specifikáció kész,,nincs kimondva,,SLIDE CHECK mini-kvíz – 2 kérdés (fogalmi rögzítés),02 Tervezet/Modulok/M2/Online leckék/M2.3 – Somer 3 pillére – mini-kapszula.md
B0,BATCH 0 — MOST GYÁRTHATÓ,nincs nyitott kapu,M2.3-FOTO-01,M2.3-FOTO-01,elsődleges,M2,M2.3,photo,,legyártandó,specifikáció kész,,színfüggő,foto,Hook háttér – someres/kvuca-vizuál,02 Tervezet/Modulok/M2/Online leckék/M2.3 – Somer 3 pillére – mini-kapszula.md
B0,BATCH 0 — MOST GYÁRTHATÓ,nincs nyitott kapu,M2.3-FOTO-01::ALTTEXT,M2.3-FOTO-01,alt-szöveg,M2,M2.3,photo,,legyártandó,specifikáció kész,,színfüggő,foto,Hook háttér – someres/kvuca-vizuál — alt-szöveg,02 Tervezet/Modulok/M2/Online leckék/M2.3 – Somer 3 pillére – mini-kapszula.md
B0,BATCH 0 — MOST GYÁRTHATÓ,nincs nyitott kapu,M2.3-IKO-01,M2.3-IKO-01,elsődleges,M2,M2.3,icon-set,,legyártandó,specifikáció kész,,színfüggő,,3 pillér ikonkészlet (cionizmus / szocializmus / humanista zsidóság),02 Tervezet/Modulok/M2/Online leckék/M2.3 – Somer 3 pillére – mini-kapszula.md
B0,BATCH 0 — MOST GYÁRTHATÓ,nincs nyitott kapu,M2.3-IKO-01::ALTTEXT,M2.3-IKO-01,alt-szöveg,M2,M2.3,icon-set,,legyártandó,specifikáció kész,,színfüggő,,3 pillér ikonkészlet (cionizmus / szocializmus / humanista zsidóság) — alt-szöveg,02 Tervezet/Modulok/M2/Online leckék/M2.3 – Somer 3 pillére – mini-kapszula.md
B0,BATCH 0 — MOST GYÁRTHATÓ,nincs nyitott kapu,M2.4-DIA-01,M2.4-DIA-01,elsődleges,M2,M2.4,diagram,,legyártandó,specifikáció kész,,színfüggő,,Privát – Személyes – Szakmai 3 oszlopos vizuál,02 Tervezet/Modulok/M2/Online leckék/M2.4 – Reflektív napló & határok – A dugma isit nem terapeuta.md
B0,BATCH 0 — MOST GYÁRTHATÓ,nincs nyitott kapu,M2.4-DIA-01::ALTTEXT,M2.4-DIA-01,alt-szöveg,M2,M2.4,diagram,,legyártandó,specifikáció kész,,színfüggő,,Privát – Személyes – Szakmai 3 oszlopos vizuál — alt-szöveg,02 Tervezet/Modulok/M2/Online leckék/M2.4 – Reflektív napló & határok – A dugma isit nem terapeuta.md
B0,BATCH 0 — MOST GYÁRTHATÓ,nincs nyitott kapu,M2.4-DIA-02,M2.4-DIA-02,elsődleges,M2,M2.4,diagram,,legyártandó,specifikáció kész,,nincs kimondva,,3 oszlopos „kinek mit mondok el” tábla-vizuál,02 Tervezet/Modulok/M2/Online leckék/M2.4 – Reflektív napló & határok – A dugma isit nem terapeuta.md
B0,BATCH 0 — MOST GYÁRTHATÓ,nincs nyitott kapu,M2.4-DIA-02::ALTTEXT,M2.4-DIA-02,alt-szöveg,M2,M2.4,diagram,,legyártandó,specifikáció kész,,nincs kimondva,,3 oszlopos „kinek mit mondok el” tábla-vizuál — alt-szöveg,02 Tervezet/Modulok/M2/Online leckék/M2.4 – Reflektív napló & határok – A dugma isit nem terapeuta.md
B0,BATCH 0 — MOST GYÁRTHATÓ,nincs nyitott kapu,M2.4-IKO-01,M2.4-IKO-01,elsődleges,M2,M2.4,icon-set,,legyártandó,specifikáció kész,,nincs kimondva,,Madrih + felnőtt/szervezet támogató ikon,02 Tervezet/Modulok/M2/Online leckék/M2.4 – Reflektív napló & határok – A dugma isit nem terapeuta.md
B0,BATCH 0 — MOST GYÁRTHATÓ,nincs nyitott kapu,M2.4-IKO-01::ALTTEXT,M2.4-IKO-01,alt-szöveg,M2,M2.4,icon-set,,legyártandó,specifikáció kész,,nincs kimondva,,Madrih + felnőtt/szervezet támogató ikon — alt-szöveg,02 Tervezet/Modulok/M2/Online leckék/M2.4 – Reflektív napló & határok – A dugma isit nem terapeuta.md
B0,BATCH 0 — MOST GYÁRTHATÓ,nincs nyitott kapu,M2.4-IKO-02,M2.4-IKO-02,elsődleges,M2,M2.4,icon-set,,legyártandó,specifikáció kész,,nincs kimondva,,Napló ikon (Activity 1),02 Tervezet/Modulok/M2/Online leckék/M2.4 – Reflektív napló & határok – A dugma isit nem terapeuta.md
B0,BATCH 0 — MOST GYÁRTHATÓ,nincs nyitott kapu,M2.4-IKO-02::ALTTEXT,M2.4-IKO-02,alt-szöveg,M2,M2.4,icon-set,,legyártandó,specifikáció kész,,nincs kimondva,,Napló ikon (Activity 1) — alt-szöveg,02 Tervezet/Modulok/M2/Online leckék/M2.4 – Reflektív napló & határok – A dugma isit nem terapeuta.md
B0,BATCH 0 — MOST GYÁRTHATÓ,nincs nyitott kapu,M2.4-ILL-01,M2.4-ILL-01,elsődleges,M2,M2.4,illustration,,legyártandó,specifikáció kész,,nincs kimondva,,Chat-buborékok háttér (hook),02 Tervezet/Modulok/M2/Online leckék/M2.4 – Reflektív napló & határok – A dugma isit nem terapeuta.md
B0,BATCH 0 — MOST GYÁRTHATÓ,nincs nyitott kapu,M2.4-ILL-01::ALTTEXT,M2.4-ILL-01,alt-szöveg,M2,M2.4,illustration,,legyártandó,specifikáció kész,,nincs kimondva,,Chat-buborékok háttér (hook) — alt-szöveg,02 Tervezet/Modulok/M2/Online leckék/M2.4 – Reflektív napló & határok – A dugma isit nem terapeuta.md
B0,BATCH 0 — MOST GYÁRTHATÓ,nincs nyitott kapu,M2.4-ILL-02,M2.4-ILL-02,elsődleges,M2,M2.4,illustration,,legyártandó,specifikáció kész,,nincs kimondva,,Chat-buborék illusztráció (Activity 2 – vissza az üzenethez),02 Tervezet/Modulok/M2/Online leckék/M2.4 – Reflektív napló & határok – A dugma isit nem terapeuta.md
B0,BATCH 0 — MOST GYÁRTHATÓ,nincs nyitott kapu,M2.4-ILL-02::ALTTEXT,M2.4-ILL-02,alt-szöveg,M2,M2.4,illustration,,legyártandó,specifikáció kész,,nincs kimondva,,Chat-buborék illusztráció (Activity 2 – vissza az üzenethez) — alt-szöveg,02 Tervezet/Modulok/M2/Online leckék/M2.4 – Reflektív napló & határok – A dugma isit nem terapeuta.md
B0,BATCH 0 — MOST GYÁRTHATÓ,nincs nyitott kapu,M2.A-KART-01,M2.A-KART-01,elsődleges,M2,M2.A,card-set,,legyártandó,specifikáció kész,,nincs kimondva,,Identitás-vonal állítás-kártyák (8 db szett),02 Tervezet/Modulok/M2/Peulák/M2.A – Identitás-körök élőben – mit mutatok magamból (45’).md
B0,BATCH 0 — MOST GYÁRTHATÓ,nincs nyitott kapu,M2.A-KART-01::PRINTPDF,M2.A-KART-01,nyomtatható PDF,M2,M2.A,card-set,,legyártandó,specifikáció kész,,nincs kimondva,,Identitás-vonal állítás-kártyák (8 db szett) — nyomtatható PDF,02 Tervezet/Modulok/M2/Peulák/M2.A – Identitás-körök élőben – mit mutatok magamból (45’).md
B0,BATCH 0 — MOST GYÁRTHATÓ,nincs nyitott kapu,M2.A-KART-03,M2.A-KART-03,elsődleges,M2,M2.A,card-set,,legyártandó,specifikáció kész,,nincs kimondva,,Kiscsoportos feldolgozás – beszélgetőkérdés-kártya / facilitátor-segédlet (4 kérdés),02 Tervezet/Modulok/M2/Peulák/M2.A – Identitás-körök élőben – mit mutatok magamból (45’).md
B0,BATCH 0 — MOST GYÁRTHATÓ,nincs nyitott kapu,M2.A-KART-03::PRINTPDF,M2.A-KART-03,nyomtatható PDF,M2,M2.A,card-set,,legyártandó,specifikáció kész,,nincs kimondva,,Kiscsoportos feldolgozás – beszélgetőkérdés-kártya / facilitátor-segédlet (4 kérdés) — nyomtatható PDF,02 Tervezet/Modulok/M2/Peulák/M2.A – Identitás-körök élőben – mit mutatok magamból (45’).md
B0,BATCH 0 — MOST GYÁRTHATÓ,nincs nyitott kapu,M2.A-MUNK-01,M2.A-MUNK-01,elsődleges,M2,M2.A,worksheet,,legyártandó,specifikáció kész,,fekete-fehér is elég,,Identitás-térkép munkalap (ÉN + körök),02 Tervezet/Modulok/M2/Peulák/M2.A – Identitás-körök élőben – mit mutatok magamból (45’).md
B0,BATCH 0 — MOST GYÁRTHATÓ,nincs nyitott kapu,M2.A-MUNK-01::PRINTPDF,M2.A-MUNK-01,nyomtatható PDF,M2,M2.A,worksheet,,legyártandó,specifikáció kész,,fekete-fehér is elég,,Identitás-térkép munkalap (ÉN + körök) — nyomtatható PDF,02 Tervezet/Modulok/M2/Peulák/M2.A – Identitás-körök élőben – mit mutatok magamból (45’).md
B0,BATCH 0 — MOST GYÁRTHATÓ,nincs nyitott kapu,M2.A-MUNK-01::EDITABLE,M2.A-MUNK-01,"szerkeszthető, kitölthető változat",M2,M2.A,worksheet,,legyártandó,specifikáció kész,,fekete-fehér is elég,,"Identitás-térkép munkalap (ÉN + körök) — szerkeszthető, kitölthető változat",02 Tervezet/Modulok/M2/Peulák/M2.A – Identitás-körök élőben – mit mutatok magamból (45’).md
B0,BATCH 0 — MOST GYÁRTHATÓ,nincs nyitott kapu,M2.A-POSZ-01,M2.A-POSZ-01,elsődleges,M2,M2.A,poster,,legyártandó,specifikáció kész,,nincs kimondva,,Megosztási szabályok flipchart-sablon (kettős funkció: közös minták gyűjtéséhez is),02 Tervezet/Modulok/M2/Peulák/M2.A – Identitás-körök élőben – mit mutatok magamból (45’).md
B0,BATCH 0 — MOST GYÁRTHATÓ,nincs nyitott kapu,M2.A-POSZ-01::PRINTPDF,M2.A-POSZ-01,nyomtatható PDF,M2,M2.A,poster,,legyártandó,specifikáció kész,,nincs kimondva,,Megosztási szabályok flipchart-sablon (kettős funkció: közös minták gyűjtéséhez is) — nyomtatható PDF,02 Tervezet/Modulok/M2/Peulák/M2.A – Identitás-körök élőben – mit mutatok magamból (45’).md
B0,BATCH 0 — MOST GYÁRTHATÓ,nincs nyitott kapu,M2.B-KART-01,M2.B-KART-01,elsődleges,M2,M2.B,card-set,,legyártandó,specifikáció kész,,nincs kimondva,,Érték-sziget kártyaszett (4 db A3),"02 Tervezet/Modulok/M2/Peulák/M2.B – Somer-értékek a gyakorlatban – döntések, amelyek tanítanak.md"
B0,BATCH 0 — MOST GYÁRTHATÓ,nincs nyitott kapu,M2.B-KART-01::PRINTPDF,M2.B-KART-01,nyomtatható PDF,M2,M2.B,card-set,,legyártandó,specifikáció kész,,nincs kimondva,,Érték-sziget kártyaszett (4 db A3) — nyomtatható PDF,"02 Tervezet/Modulok/M2/Peulák/M2.B – Somer-értékek a gyakorlatban – döntések, amelyek tanítanak.md"
B0,BATCH 0 — MOST GYÁRTHATÓ,nincs nyitott kapu,M2.B-KART-02,M2.B-KART-02,elsődleges,M2,M2.B,card-set,,legyártandó,specifikáció kész,,nincs kimondva,,Storyboard-feladat instrukciós kártya,"02 Tervezet/Modulok/M2/Peulák/M2.B – Somer-értékek a gyakorlatban – döntések, amelyek tanítanak.md"
B0,BATCH 0 — MOST GYÁRTHATÓ,nincs nyitott kapu,M2.B-KART-02::PRINTPDF,M2.B-KART-02,nyomtatható PDF,M2,M2.B,card-set,,legyártandó,specifikáció kész,,nincs kimondva,,Storyboard-feladat instrukciós kártya — nyomtatható PDF,"02 Tervezet/Modulok/M2/Peulák/M2.B – Somer-értékek a gyakorlatban – döntések, amelyek tanítanak.md"
B0,BATCH 0 — MOST GYÁRTHATÓ,nincs nyitott kapu,M2.B-MUNK-01,M2.B-MUNK-01,elsődleges,M2,M2.B,worksheet,,legyártandó,specifikáció kész,,nincs kimondva,,A/B kép storyboard nagylap-sablon (flipchart),"02 Tervezet/Modulok/M2/Peulák/M2.B – Somer-értékek a gyakorlatban – döntések, amelyek tanítanak.md"
B0,BATCH 0 — MOST GYÁRTHATÓ,nincs nyitott kapu,M2.B-MUNK-01::PRINTPDF,M2.B-MUNK-01,nyomtatható PDF,M2,M2.B,worksheet,,legyártandó,specifikáció kész,,nincs kimondva,,A/B kép storyboard nagylap-sablon (flipchart) — nyomtatható PDF,"02 Tervezet/Modulok/M2/Peulák/M2.B – Somer-értékek a gyakorlatban – döntések, amelyek tanítanak.md"
B0,BATCH 0 — MOST GYÁRTHATÓ,nincs nyitott kapu,M2.B-MUNK-02,M2.B-MUNK-02,elsődleges,M2,M2.B,worksheet,,legyártandó,specifikáció kész,,nincs kimondva,,Képzői ellenőrző lista – 1 A4 sablon,"02 Tervezet/Modulok/M2/Peulák/M2.B – Somer-értékek a gyakorlatban – döntések, amelyek tanítanak.md"
B0,BATCH 0 — MOST GYÁRTHATÓ,nincs nyitott kapu,M2.B-MUNK-02::PRINTPDF,M2.B-MUNK-02,nyomtatható PDF,M2,M2.B,worksheet,,legyártandó,specifikáció kész,,nincs kimondva,,Képzői ellenőrző lista – 1 A4 sablon — nyomtatható PDF,"02 Tervezet/Modulok/M2/Peulák/M2.B – Somer-értékek a gyakorlatban – döntések, amelyek tanítanak.md"
B0,BATCH 0 — MOST GYÁRTHATÓ,nincs nyitott kapu,M2.B-MUNK-03,M2.B-MUNK-03,elsődleges,M2,M2.B,worksheet,,legyártandó,specifikáció kész,,nincs kimondva,,Egyéni reflexió + commit munkalap (A5),"02 Tervezet/Modulok/M2/Peulák/M2.B – Somer-értékek a gyakorlatban – döntések, amelyek tanítanak.md"
B0,BATCH 0 — MOST GYÁRTHATÓ,nincs nyitott kapu,M2.B-MUNK-03::PRINTPDF,M2.B-MUNK-03,nyomtatható PDF,M2,M2.B,worksheet,,legyártandó,specifikáció kész,,nincs kimondva,,Egyéni reflexió + commit munkalap (A5) — nyomtatható PDF,"02 Tervezet/Modulok/M2/Peulák/M2.B – Somer-értékek a gyakorlatban – döntések, amelyek tanítanak.md"
B0,BATCH 0 — MOST GYÁRTHATÓ,nincs nyitott kapu,M2.B-POSZ-01,M2.B-POSZ-01,elsődleges,M2,M2.B,poster,,legyártandó,specifikáció kész,,nincs kimondva,,Somer-pillér poszterszett (3 db A3),"02 Tervezet/Modulok/M2/Peulák/M2.B – Somer-értékek a gyakorlatban – döntések, amelyek tanítanak.md"
B0,BATCH 0 — MOST GYÁRTHATÓ,nincs nyitott kapu,M2.B-POSZ-01::PRINTPDF,M2.B-POSZ-01,nyomtatható PDF,M2,M2.B,poster,,legyártandó,specifikáció kész,,nincs kimondva,,Somer-pillér poszterszett (3 db A3) — nyomtatható PDF,"02 Tervezet/Modulok/M2/Peulák/M2.B – Somer-értékek a gyakorlatban – döntések, amelyek tanítanak.md"
B0,BATCH 0 — MOST GYÁRTHATÓ,nincs nyitott kapu,M2.F-MUNK-01,M2.F-MUNK-01,elsődleges,M2,M2.F,worksheet,,legyártandó,specifikáció kész,,fekete-fehér is elég,,Jegyzetlap az F-peulához – „1 gondolat / 1 kérdés leckénként”,"02 Tervezet/Modulok/M2/Peulák/M2.F – Felzárkóztató peula – Identitás, értékek, pillérek, személyes példamutatás (Study Lab).md"
B0,BATCH 0 — MOST GYÁRTHATÓ,nincs nyitott kapu,M2.F-MUNK-01::PRINTPDF,M2.F-MUNK-01,nyomtatható PDF,M2,M2.F,worksheet,,legyártandó,specifikáció kész,,fekete-fehér is elég,,Jegyzetlap az F-peulához – „1 gondolat / 1 kérdés leckénként” — nyomtatható PDF,"02 Tervezet/Modulok/M2/Peulák/M2.F – Felzárkóztató peula – Identitás, értékek, pillérek, személyes példamutatás (Study Lab).md"
B0,BATCH 0 — MOST GYÁRTHATÓ,nincs nyitott kapu,M2.F-MUNK-02,M2.F-MUNK-02,elsődleges,M2,M2.F,worksheet,,legyártandó,specifikáció kész,,fekete-fehér is elég,,Képzői ellenőrző lista – Felzárkóztató peula (1 A4),"02 Tervezet/Modulok/M2/Peulák/M2.F – Felzárkóztató peula – Identitás, értékek, pillérek, személyes példamutatás (Study Lab).md"
B0,BATCH 0 — MOST GYÁRTHATÓ,nincs nyitott kapu,M2.F-MUNK-02::PRINTPDF,M2.F-MUNK-02,nyomtatható PDF,M2,M2.F,worksheet,,legyártandó,specifikáció kész,,fekete-fehér is elég,,Képzői ellenőrző lista – Felzárkóztató peula (1 A4) — nyomtatható PDF,"02 Tervezet/Modulok/M2/Peulák/M2.F – Felzárkóztató peula – Identitás, értékek, pillérek, személyes példamutatás (Study Lab).md"
B0,BATCH 0 — MOST GYÁRTHATÓ,nincs nyitott kapu,M2.F-POSZ-01,M2.F-POSZ-01,elsődleges,M2,M2.F,poster,,legyártandó,specifikáció kész,,nincs kimondva,,Tájékozódó tábla – M2 leckelista + név nélküli témakérések,"02 Tervezet/Modulok/M2/Peulák/M2.F – Felzárkóztató peula – Identitás, értékek, pillérek, személyes példamutatás (Study Lab).md"
B0,BATCH 0 — MOST GYÁRTHATÓ,nincs nyitott kapu,M2.F-POSZ-01::PRINTPDF,M2.F-POSZ-01,nyomtatható PDF,M2,M2.F,poster,,legyártandó,specifikáció kész,,nincs kimondva,,Tájékozódó tábla – M2 leckelista + név nélküli témakérések — nyomtatható PDF,"02 Tervezet/Modulok/M2/Peulák/M2.F – Felzárkóztató peula – Identitás, értékek, pillérek, személyes példamutatás (Study Lab).md"
B0,BATCH 0 — MOST GYÁRTHATÓ,nincs nyitott kapu,M2.F-POSZ-02,M2.F-POSZ-02,elsődleges,M2,M2.F,poster,,legyártandó,specifikáció kész,,nincs kimondva,,Fogalom-térkép flipchart-sablon – 4 buborék (identitás–értékek–pillérek–határok),"02 Tervezet/Modulok/M2/Peulák/M2.F – Felzárkóztató peula – Identitás, értékek, pillérek, személyes példamutatás (Study Lab).md"
B0,BATCH 0 — MOST GYÁRTHATÓ,nincs nyitott kapu,M2.F-POSZ-02::PRINTPDF,M2.F-POSZ-02,nyomtatható PDF,M2,M2.F,poster,,legyártandó,specifikáció kész,,nincs kimondva,,Fogalom-térkép flipchart-sablon – 4 buborék (identitás–értékek–pillérek–határok) — nyomtatható PDF,"02 Tervezet/Modulok/M2/Peulák/M2.F – Felzárkóztató peula – Identitás, értékek, pillérek, személyes példamutatás (Study Lab).md"
B0,BATCH 0 — MOST GYÁRTHATÓ,nincs nyitott kapu,M3.1-DIA-01,M3.1-DIA-01,elsődleges,M3,M3.1,diagram,,legyártandó,specifikáció kész,,nincs kimondva,,Tuckman-görbe animált diagram (5 szakasz),02 Tervezet/Modulok/M3/Online leckék/M3.1 – Történetek egy kvucáról – Tuckman-szakaszok felismerése.md
B0,BATCH 0 — MOST GYÁRTHATÓ,nincs nyitott kapu,M3.1-DIA-01::ALTTEXT,M3.1-DIA-01,alt-szöveg,M3,M3.1,diagram,,legyártandó,specifikáció kész,,nincs kimondva,,Tuckman-görbe animált diagram (5 szakasz) — alt-szöveg,02 Tervezet/Modulok/M3/Online leckék/M3.1 – Történetek egy kvucáról – Tuckman-szakaszok felismerése.md
B0,BATCH 0 — MOST GYÁRTHATÓ,nincs nyitott kapu,M3.1-IKO-01,M3.1-IKO-01,elsődleges,M3,M3.1,icon-set,,legyártandó,specifikáció kész,,nincs kimondva,,Reflexiós ikon – kvuca-kör / beszélgető figurák (dekoratív),02 Tervezet/Modulok/M3/Online leckék/M3.1 – Történetek egy kvucáról – Tuckman-szakaszok felismerése.md
B0,BATCH 0 — MOST GYÁRTHATÓ,nincs nyitott kapu,M3.1-ILL-01,M3.1-ILL-01,elsődleges,M3,M3.1,illustration,,legyártandó,specifikáció kész,,nincs kimondva,,Kvuca-jelenet – Forming (alakulás),02 Tervezet/Modulok/M3/Online leckék/M3.1 – Történetek egy kvucáról – Tuckman-szakaszok felismerése.md
B0,BATCH 0 — MOST GYÁRTHATÓ,nincs nyitott kapu,M3.1-ILL-01::ALTTEXT,M3.1-ILL-01,alt-szöveg,M3,M3.1,illustration,,legyártandó,specifikáció kész,,nincs kimondva,,Kvuca-jelenet – Forming (alakulás) — alt-szöveg,02 Tervezet/Modulok/M3/Online leckék/M3.1 – Történetek egy kvucáról – Tuckman-szakaszok felismerése.md
B0,BATCH 0 — MOST GYÁRTHATÓ,nincs nyitott kapu,M3.1-ILL-02,M3.1-ILL-02,elsődleges,M3,M3.1,illustration,,legyártandó,specifikáció kész,,nincs kimondva,,Kvuca-jelenet – Storming (balhék),02 Tervezet/Modulok/M3/Online leckék/M3.1 – Történetek egy kvucáról – Tuckman-szakaszok felismerése.md
B0,BATCH 0 — MOST GYÁRTHATÓ,nincs nyitott kapu,M3.1-ILL-02::ALTTEXT,M3.1-ILL-02,alt-szöveg,M3,M3.1,illustration,,legyártandó,specifikáció kész,,nincs kimondva,,Kvuca-jelenet – Storming (balhék) — alt-szöveg,02 Tervezet/Modulok/M3/Online leckék/M3.1 – Történetek egy kvucáról – Tuckman-szakaszok felismerése.md
B0,BATCH 0 — MOST GYÁRTHATÓ,nincs nyitott kapu,M3.1-ILL-03,M3.1-ILL-03,elsődleges,M3,M3.1,illustration,,legyártandó,specifikáció kész,,nincs kimondva,,Kvuca-jelenet – Norming (szabályok),02 Tervezet/Modulok/M3/Online leckék/M3.1 – Történetek egy kvucáról – Tuckman-szakaszok felismerése.md
B0,BATCH 0 — MOST GYÁRTHATÓ,nincs nyitott kapu,M3.1-ILL-03::ALTTEXT,M3.1-ILL-03,alt-szöveg,M3,M3.1,illustration,,legyártandó,specifikáció kész,,nincs kimondva,,Kvuca-jelenet – Norming (szabályok) — alt-szöveg,02 Tervezet/Modulok/M3/Online leckék/M3.1 – Történetek egy kvucáról – Tuckman-szakaszok felismerése.md
B0,BATCH 0 — MOST GYÁRTHATÓ,nincs nyitott kapu,M3.1-ILL-04,M3.1-ILL-04,elsődleges,M3,M3.1,illustration,,legyártandó,specifikáció kész,,nincs kimondva,,Kvuca-jelenet – Performing (működés),02 Tervezet/Modulok/M3/Online leckék/M3.1 – Történetek egy kvucáról – Tuckman-szakaszok felismerése.md
B0,BATCH 0 — MOST GYÁRTHATÓ,nincs nyitott kapu,M3.1-ILL-04::ALTTEXT,M3.1-ILL-04,alt-szöveg,M3,M3.1,illustration,,legyártandó,specifikáció kész,,nincs kimondva,,Kvuca-jelenet – Performing (működés) — alt-szöveg,02 Tervezet/Modulok/M3/Online leckék/M3.1 – Történetek egy kvucáról – Tuckman-szakaszok felismerése.md
B0,BATCH 0 — MOST GYÁRTHATÓ,nincs nyitott kapu,M3.2-DIA-01,M3.2-DIA-01,elsődleges,M3,M3.2,diagram,,legyártandó,specifikáció kész,,nincs kimondva,,Parparim & Kivsza – kétoszlopos profilkártya,"02 Tervezet/Modulok/M3/Online leckék/M3.2 – Parparim, Kivsza, Leviatán – 3 kvuca, 3 világ.md"
B0,BATCH 0 — MOST GYÁRTHATÓ,nincs nyitott kapu,M3.2-DIA-01::ALTTEXT,M3.2-DIA-01,alt-szöveg,M3,M3.2,diagram,,legyártandó,specifikáció kész,,nincs kimondva,,Parparim & Kivsza – kétoszlopos profilkártya — alt-szöveg,"02 Tervezet/Modulok/M3/Online leckék/M3.2 – Parparim, Kivsza, Leviatán – 3 kvuca, 3 világ.md"
B0,BATCH 0 — MOST GYÁRTHATÓ,nincs nyitott kapu,M3.2-DIA-02,M3.2-DIA-02,elsődleges,M3,M3.2,diagram,,legyártandó,specifikáció kész,,nincs kimondva,,Leviatán – profilkártya,"02 Tervezet/Modulok/M3/Online leckék/M3.2 – Parparim, Kivsza, Leviatán – 3 kvuca, 3 világ.md"
B0,BATCH 0 — MOST GYÁRTHATÓ,nincs nyitott kapu,M3.2-DIA-02::ALTTEXT,M3.2-DIA-02,alt-szöveg,M3,M3.2,diagram,,legyártandó,specifikáció kész,,nincs kimondva,,Leviatán – profilkártya — alt-szöveg,"02 Tervezet/Modulok/M3/Online leckék/M3.2 – Parparim, Kivsza, Leviatán – 3 kvuca, 3 világ.md"
B0,BATCH 0 — MOST GYÁRTHATÓ,nincs nyitott kapu,M3.2-DIA-03,M3.2-DIA-03,elsődleges,M3,M3.2,diagram,,legyártandó,specifikáció kész,,nincs kimondva,,3 kulcsszó-kártya,"02 Tervezet/Modulok/M3/Online leckék/M3.2 – Parparim, Kivsza, Leviatán – 3 kvuca, 3 világ.md"
B0,BATCH 0 — MOST GYÁRTHATÓ,nincs nyitott kapu,M3.2-DIA-03::ALTTEXT,M3.2-DIA-03,alt-szöveg,M3,M3.2,diagram,,legyártandó,specifikáció kész,,nincs kimondva,,3 kulcsszó-kártya — alt-szöveg,"02 Tervezet/Modulok/M3/Online leckék/M3.2 – Parparim, Kivsza, Leviatán – 3 kvuca, 3 világ.md"
B0,BATCH 0 — MOST GYÁRTHATÓ,nincs nyitott kapu,M3.2-DIA-04,M3.2-DIA-04,elsődleges,M3,M3.2,diagram,,legyártandó,specifikáció kész,,nincs kimondva,,Korosztály-térkép mini-táblázat (3 sor),"02 Tervezet/Modulok/M3/Online leckék/M3.2 – Parparim, Kivsza, Leviatán – 3 kvuca, 3 világ.md"
B0,BATCH 0 — MOST GYÁRTHATÓ,nincs nyitott kapu,M3.2-DIA-04::ALTTEXT,M3.2-DIA-04,alt-szöveg,M3,M3.2,diagram,,legyártandó,specifikáció kész,,nincs kimondva,,Korosztály-térkép mini-táblázat (3 sor) — alt-szöveg,"02 Tervezet/Modulok/M3/Online leckék/M3.2 – Parparim, Kivsza, Leviatán – 3 kvuca, 3 világ.md"
B0,BATCH 0 — MOST GYÁRTHATÓ,nincs nyitott kapu,M3.2-EGY-01,M3.2-EGY-01,elsődleges,M3,M3.2,other,h5p-interaction,legyártandó,specifikáció kész,,nincs kimondva,,"Párosító jelenet-feladat (koppintásos párosítás / H5P Drag and Drop, 7 jelenet + 3 kvuca-címke)","02 Tervezet/Modulok/M3/Online leckék/M3.2 – Parparim, Kivsza, Leviatán – 3 kvuca, 3 világ.md"
B0,BATCH 0 — MOST GYÁRTHATÓ,nincs nyitott kapu,M3.2-EGY-02,M3.2-EGY-02,elsődleges,M3,M3.2,other,h5p-interaction,legyártandó,specifikáció kész,,nincs kimondva,,Húzásmentes párosító alternatíva (Single Choice Set),"02 Tervezet/Modulok/M3/Online leckék/M3.2 – Parparim, Kivsza, Leviatán – 3 kvuca, 3 világ.md"
B0,BATCH 0 — MOST GYÁRTHATÓ,nincs nyitott kapu,M3.2-IKO-01,M3.2-IKO-01,elsődleges,M3,M3.2,icon-set,,legyártandó,specifikáció kész,,színfüggő,,3 kvuca ikon-készlet (🦋 🐑 🐋),"02 Tervezet/Modulok/M3/Online leckék/M3.2 – Parparim, Kivsza, Leviatán – 3 kvuca, 3 világ.md"
B0,BATCH 0 — MOST GYÁRTHATÓ,nincs nyitott kapu,M3.2-IKO-01::ALTTEXT,M3.2-IKO-01,alt-szöveg,M3,M3.2,icon-set,,legyártandó,specifikáció kész,,színfüggő,,3 kvuca ikon-készlet (🦋 🐑 🐋) — alt-szöveg,"02 Tervezet/Modulok/M3/Online leckék/M3.2 – Parparim, Kivsza, Leviatán – 3 kvuca, 3 világ.md"
B0,BATCH 0 — MOST GYÁRTHATÓ,nincs nyitott kapu,M3.3-IKO-01,M3.3-IKO-01,elsődleges,M3,M3.3,icon-set,,legyártandó,specifikáció kész,,nincs kimondva,,Ikon-készlet – az ötlépéses jelzési út,02 Tervezet/Modulok/M3/Online leckék/M3.3 – Gyermekvédelem 101 – red flag felismerése & első lépések.md
B0,BATCH 0 — MOST GYÁRTHATÓ,nincs nyitott kapu,M3.3-IKO-01::ALTTEXT,M3.3-IKO-01,alt-szöveg,M3,M3.3,icon-set,,legyártandó,specifikáció kész,,nincs kimondva,,Ikon-készlet – az ötlépéses jelzési út — alt-szöveg,02 Tervezet/Modulok/M3/Online leckék/M3.3 – Gyermekvédelem 101 – red flag felismerése & első lépések.md
B0,BATCH 0 — MOST GYÁRTHATÓ,nincs nyitott kapu,M3.3-IKO-02,M3.3-IKO-02,elsődleges,M3,M3.3,icon-set,,legyártandó,specifikáció kész,,nincs kimondva,,Piktogramok – Red flag példák,02 Tervezet/Modulok/M3/Online leckék/M3.3 – Gyermekvédelem 101 – red flag felismerése & első lépések.md
B0,BATCH 0 — MOST GYÁRTHATÓ,nincs nyitott kapu,M3.3-IKO-02::ALTTEXT,M3.3-IKO-02,alt-szöveg,M3,M3.3,icon-set,,legyártandó,specifikáció kész,,nincs kimondva,,Piktogramok – Red flag példák — alt-szöveg,02 Tervezet/Modulok/M3/Online leckék/M3.3 – Gyermekvédelem 101 – red flag felismerése & első lépések.md
B0,BATCH 0 — MOST GYÁRTHATÓ,nincs nyitott kapu,M3.3-IKO-03,M3.3-IKO-03,elsődleges,M3,M3.3,icon-set,,legyártandó,specifikáció kész,,nincs kimondva,,Védelem ikon – pajzs/szív (reflexió),02 Tervezet/Modulok/M3/Online leckék/M3.3 – Gyermekvédelem 101 – red flag felismerése & első lépések.md
B0,BATCH 0 — MOST GYÁRTHATÓ,nincs nyitott kapu,M3.3-IKO-03::ALTTEXT,M3.3-IKO-03,alt-szöveg,M3,M3.3,icon-set,,legyártandó,specifikáció kész,,nincs kimondva,,Védelem ikon – pajzs/szív (reflexió) — alt-szöveg,02 Tervezet/Modulok/M3/Online leckék/M3.3 – Gyermekvédelem 101 – red flag felismerése & első lépések.md
B0,BATCH 0 — MOST GYÁRTHATÓ,nincs nyitott kapu,M3.3-ILL-01,M3.3-ILL-01,elsődleges,M3,M3.3,illustration,,legyártandó,specifikáció kész,,nincs kimondva,,Jelenet – Branching 1: késő esti privát üzenet,02 Tervezet/Modulok/M3/Online leckék/M3.3 – Gyermekvédelem 101 – red flag felismerése & első lépések.md
B0,BATCH 0 — MOST GYÁRTHATÓ,nincs nyitott kapu,M3.3-ILL-01::ALTTEXT,M3.3-ILL-01,alt-szöveg,M3,M3.3,illustration,,legyártandó,specifikáció kész,,nincs kimondva,,Jelenet – Branching 1: késő esti privát üzenet — alt-szöveg,02 Tervezet/Modulok/M3/Online leckék/M3.3 – Gyermekvédelem 101 – red flag felismerése & első lépések.md
B0,BATCH 0 — MOST GYÁRTHATÓ,nincs nyitott kapu,M3.3-ILL-02,M3.3-ILL-02,elsődleges,M3,M3.3,illustration,,legyártandó,specifikáció kész,,nincs kimondva,illusztracio,Jelenet – Branching 2: sértő mém a csoportchatben,02 Tervezet/Modulok/M3/Online leckék/M3.3 – Gyermekvédelem 101 – red flag felismerése & első lépések.md
B0,BATCH 0 — MOST GYÁRTHATÓ,nincs nyitott kapu,M3.3-ILL-02::ALTTEXT,M3.3-ILL-02,alt-szöveg,M3,M3.3,illustration,,legyártandó,specifikáció kész,,nincs kimondva,illusztracio,Jelenet – Branching 2: sértő mém a csoportchatben — alt-szöveg,02 Tervezet/Modulok/M3/Online leckék/M3.3 – Gyermekvédelem 101 – red flag felismerése & első lépések.md
B0,BATCH 0 — MOST GYÁRTHATÓ,nincs nyitott kapu,M3.3-ILL-03,M3.3-ILL-03,elsődleges,M3,M3.3,illustration,,legyártandó,specifikáció kész,,nincs kimondva,,Jelenet – Branching 3: vágásnyomok táborban,02 Tervezet/Modulok/M3/Online leckék/M3.3 – Gyermekvédelem 101 – red flag felismerése & első lépések.md
B0,BATCH 0 — MOST GYÁRTHATÓ,nincs nyitott kapu,M3.3-ILL-03::ALTTEXT,M3.3-ILL-03,alt-szöveg,M3,M3.3,illustration,,legyártandó,specifikáció kész,,nincs kimondva,,Jelenet – Branching 3: vágásnyomok táborban — alt-szöveg,02 Tervezet/Modulok/M3/Online leckék/M3.3 – Gyermekvédelem 101 – red flag felismerése & első lépések.md
B0,BATCH 0 — MOST GYÁRTHATÓ,nincs nyitott kapu,M3.3-ILL-04,M3.3-ILL-04,elsődleges,M3,M3.3,illustration,,legyártandó,specifikáció kész,,nincs kimondva,,Jelenet – Branching 4: madrih–hanih kapcsolat gyanú,02 Tervezet/Modulok/M3/Online leckék/M3.3 – Gyermekvédelem 101 – red flag felismerése & első lépések.md
B0,BATCH 0 — MOST GYÁRTHATÓ,nincs nyitott kapu,M3.3-ILL-04::ALTTEXT,M3.3-ILL-04,alt-szöveg,M3,M3.3,illustration,,legyártandó,specifikáció kész,,nincs kimondva,,Jelenet – Branching 4: madrih–hanih kapcsolat gyanú — alt-szöveg,02 Tervezet/Modulok/M3/Online leckék/M3.3 – Gyermekvédelem 101 – red flag felismerése & első lépések.md
B0,BATCH 0 — MOST GYÁRTHATÓ,nincs nyitott kapu,M3.4-DIA-01,M3.4-DIA-01,elsődleges,M3,M3.4,diagram,,legyártandó,specifikáció kész,,színfüggő,,"„Mit tegyél / mit ne tegyél” – három témablokk, minibox-pár diagram (SLIDE 3)","02 Tervezet/Modulok/M3/Online leckék/M3.4 – Do és Don’t madrihként – határok, red flag-ek és modulproduktum.md"
B0,BATCH 0 — MOST GYÁRTHATÓ,nincs nyitott kapu,M3.4-DIA-01::ALTTEXT,M3.4-DIA-01,alt-szöveg,M3,M3.4,diagram,,legyártandó,specifikáció kész,,színfüggő,,"„Mit tegyél / mit ne tegyél” – három témablokk, minibox-pár diagram (SLIDE 3) — alt-szöveg","02 Tervezet/Modulok/M3/Online leckék/M3.4 – Do és Don’t madrihként – határok, red flag-ek és modulproduktum.md"
B0,BATCH 0 — MOST GYÁRTHATÓ,nincs nyitott kapu,M3.4-EGY-01,M3.4-EGY-01,elsődleges,M3,M3.4,other,h5p-interaction,legyártandó,specifikáció kész,,nincs kimondva,,Single Choice interakció – „Mennyire érzed fontosnak…” (SLIDE 1),"02 Tervezet/Modulok/M3/Online leckék/M3.4 – Do és Don’t madrihként – határok, red flag-ek és modulproduktum.md"
B0,BATCH 0 — MOST GYÁRTHATÓ,nincs nyitott kapu,M3.4-EGY-02,M3.4-EGY-02,elsődleges,M3,M3.4,other,h5p-interaction,legyártandó,specifikáció kész,,nincs kimondva,,Mini True/False interakció – szigorúbb határok (SLIDE 2),"02 Tervezet/Modulok/M3/Online leckék/M3.4 – Do és Don’t madrihként – határok, red flag-ek és modulproduktum.md"
B0,BATCH 0 — MOST GYÁRTHATÓ,nincs nyitott kapu,M3.4-EGY-03,M3.4-EGY-03,elsődleges,M3,M3.4,other,h5p-interaction,legyártandó,specifikáció kész,,nincs kimondva,,H5P Drag and Drop (két célzóna) – „OK / Nem OK madrihként” (SLIDE 4),"02 Tervezet/Modulok/M3/Online leckék/M3.4 – Do és Don’t madrihként – határok, red flag-ek és modulproduktum.md"
B0,BATCH 0 — MOST GYÁRTHATÓ,nincs nyitott kapu,M3.4-EGY-04,M3.4-EGY-04,elsődleges,M3,M3.4,other,h5p-interaction,legyártandó,specifikáció kész,,nincs kimondva,,Húzásmentes a11y-alternatíva – Single Choice Set (SLIDE 4),"02 Tervezet/Modulok/M3/Online leckék/M3.4 – Do és Don’t madrihként – határok, red flag-ek és modulproduktum.md"
B0,BATCH 0 — MOST GYÁRTHATÓ,nincs nyitott kapu,M3.4-EGY-05,M3.4-EGY-05,elsődleges,M3,M3.4,other,h5p-interaction,legyártandó,specifikáció kész,,nincs kimondva,,Mini-kvíz – 3 kérdés külön Course Presentation-elemként (SLIDE 6),"02 Tervezet/Modulok/M3/Online leckék/M3.4 – Do és Don’t madrihként – határok, red flag-ek és modulproduktum.md"
B0,BATCH 0 — MOST GYÁRTHATÓ,nincs nyitott kapu,M3.4-EGY-06,M3.4-EGY-06,elsődleges,M3,M3.4,other,h5p-interaction,legyártandó,specifikáció kész,,nincs kimondva,,"Szabad szöveges reflexiós mező – „Saját listám arról, mit teszek és mit nem” (SLIDE 5)","02 Tervezet/Modulok/M3/Online leckék/M3.4 – Do és Don’t madrihként – határok, red flag-ek és modulproduktum.md"
B0,BATCH 0 — MOST GYÁRTHATÓ,nincs nyitott kapu,M3.4-EGY-07,M3.4-EGY-07,elsődleges,M3,M3.4,other,moodle-activity,legyártandó,specifikáció kész,,nincs kimondva,,Moodle Assignment-sablon – „Helyzetleírás red flagekkel” (SLIDE 7 / modulproduktum),"02 Tervezet/Modulok/M3/Online leckék/M3.4 – Do és Don’t madrihként – határok, red flag-ek és modulproduktum.md"
B0,BATCH 0 — MOST GYÁRTHATÓ,nincs nyitott kapu,M3.4-EGY-08,M3.4-EGY-08,elsődleges,M3,M3.4,other,,legyártandó,specifikáció kész,,nincs kimondva,,Moodle intro Label/oldal – „0. lépés” a lecke előtt (lecke-keret),"02 Tervezet/Modulok/M3/Online leckék/M3.4 – Do és Don’t madrihként – határok, red flag-ek és modulproduktum.md"
B0,BATCH 0 — MOST GYÁRTHATÓ,nincs nyitott kapu,M3.4-IKO-01,M3.4-IKO-01,elsődleges,M3,M3.4,icon-set,,legyártandó,specifikáció kész,,nincs kimondva,,Ikon: madrih + kvuca stilizált „határvonallal” (SLIDE 2),"02 Tervezet/Modulok/M3/Online leckék/M3.4 – Do és Don’t madrihként – határok, red flag-ek és modulproduktum.md"
B0,BATCH 0 — MOST GYÁRTHATÓ,nincs nyitott kapu,M3.4-IKO-01::ALTTEXT,M3.4-IKO-01,alt-szöveg,M3,M3.4,icon-set,,legyártandó,specifikáció kész,,nincs kimondva,,Ikon: madrih + kvuca stilizált „határvonallal” (SLIDE 2) — alt-szöveg,"02 Tervezet/Modulok/M3/Online leckék/M3.4 – Do és Don’t madrihként – határok, red flag-ek és modulproduktum.md"
B0,BATCH 0 — MOST GYÁRTHATÓ,nincs nyitott kapu,M3.4-IKO-02,M3.4-IKO-02,elsődleges,M3,M3.4,icon-set,,legyártandó,specifikáció kész,,nincs kimondva,,Lista-ikon – a saját lista (mit teszek és mit nem) reflexiója (SLIDE 5),"02 Tervezet/Modulok/M3/Online leckék/M3.4 – Do és Don’t madrihként – határok, red flag-ek és modulproduktum.md"
B0,BATCH 0 — MOST GYÁRTHATÓ,nincs nyitott kapu,M3.4-IKO-02::ALTTEXT,M3.4-IKO-02,alt-szöveg,M3,M3.4,icon-set,,legyártandó,specifikáció kész,,nincs kimondva,,Lista-ikon – a saját lista (mit teszek és mit nem) reflexiója (SLIDE 5) — alt-szöveg,"02 Tervezet/Modulok/M3/Online leckék/M3.4 – Do és Don’t madrihként – határok, red flag-ek és modulproduktum.md"
B0,BATCH 0 — MOST GYÁRTHATÓ,nincs nyitott kapu,M3.A-IKO-01,M3.A-IKO-01,elsődleges,M3,M3.A,icon-set,,legyártandó,specifikáció kész,,nincs kimondva,,Tuckman-szakasz ikonok (4 db),"02 Tervezet/Modulok/M3/Peulák/M3.A – Találd ki, hol tart a kvuca! – Történetek Tuckman szemüvegén át.md"
B0,BATCH 0 — MOST GYÁRTHATÓ,nincs nyitott kapu,M3.A-IKO-01::ALTTEXT,M3.A-IKO-01,alt-szöveg,M3,M3.A,icon-set,,legyártandó,specifikáció kész,,nincs kimondva,,Tuckman-szakasz ikonok (4 db) — alt-szöveg,"02 Tervezet/Modulok/M3/Peulák/M3.A – Találd ki, hol tart a kvuca! – Történetek Tuckman szemüvegén át.md"
B0,BATCH 0 — MOST GYÁRTHATÓ,nincs nyitott kapu,M3.A-KART-01,M3.A-KART-01,elsődleges,M3,M3.A,card-set,,legyártandó,specifikáció kész,,nincs kimondva,,Tuckman-szakasz kártyaszett (4 db),"02 Tervezet/Modulok/M3/Peulák/M3.A – Találd ki, hol tart a kvuca! – Történetek Tuckman szemüvegén át.md"
B0,BATCH 0 — MOST GYÁRTHATÓ,nincs nyitott kapu,M3.A-KART-01::PRINTPDF,M3.A-KART-01,nyomtatható PDF,M3,M3.A,card-set,,legyártandó,specifikáció kész,,nincs kimondva,,Tuckman-szakasz kártyaszett (4 db) — nyomtatható PDF,"02 Tervezet/Modulok/M3/Peulák/M3.A – Találd ki, hol tart a kvuca! – Történetek Tuckman szemüvegén át.md"
B0,BATCH 0 — MOST GYÁRTHATÓ,nincs nyitott kapu,M3.A-KART-02,M3.A-KART-02,elsődleges,M3,M3.A,card-set,,legyártandó,specifikáció kész,,nincs kimondva,,Kvuca-sztori kártyaszett – fix 8 db nyomtatható szett,"02 Tervezet/Modulok/M3/Peulák/M3.A – Találd ki, hol tart a kvuca! – Történetek Tuckman szemüvegén át.md"
B0,BATCH 0 — MOST GYÁRTHATÓ,nincs nyitott kapu,M3.A-KART-02::PRINTPDF,M3.A-KART-02,nyomtatható PDF,M3,M3.A,card-set,,legyártandó,specifikáció kész,,nincs kimondva,,Kvuca-sztori kártyaszett – fix 8 db nyomtatható szett — nyomtatható PDF,"02 Tervezet/Modulok/M3/Peulák/M3.A – Találd ki, hol tart a kvuca! – Történetek Tuckman szemüvegén át.md"
B0,BATCH 0 — MOST GYÁRTHATÓ,nincs nyitott kapu,M3.A-MUNK-01,M3.A-MUNK-01,elsődleges,M3,M3.A,worksheet,,legyártandó,specifikáció kész,,nincs kimondva,,Megoldókulcs a képzőnek (kártya-hátlapok),"02 Tervezet/Modulok/M3/Peulák/M3.A – Találd ki, hol tart a kvuca! – Történetek Tuckman szemüvegén át.md"
B0,BATCH 0 — MOST GYÁRTHATÓ,nincs nyitott kapu,M3.A-MUNK-01::PRINTPDF,M3.A-MUNK-01,nyomtatható PDF,M3,M3.A,worksheet,,legyártandó,specifikáció kész,,nincs kimondva,,Megoldókulcs a képzőnek (kártya-hátlapok) — nyomtatható PDF,"02 Tervezet/Modulok/M3/Peulák/M3.A – Találd ki, hol tart a kvuca! – Történetek Tuckman szemüvegén át.md"
B0,BATCH 0 — MOST GYÁRTHATÓ,nincs nyitott kapu,M3.A-POSZ-01,M3.A-POSZ-01,elsődleges,M3,M3.A,poster,,legyártandó,specifikáció kész,,nincs kimondva,,Tuckman-idővonal flipchart-sablon ikonokkal,"02 Tervezet/Modulok/M3/Peulák/M3.A – Találd ki, hol tart a kvuca! – Történetek Tuckman szemüvegén át.md"
B0,BATCH 0 — MOST GYÁRTHATÓ,nincs nyitott kapu,M3.A-POSZ-01::PRINTPDF,M3.A-POSZ-01,nyomtatható PDF,M3,M3.A,poster,,legyártandó,specifikáció kész,,nincs kimondva,,Tuckman-idővonal flipchart-sablon ikonokkal — nyomtatható PDF,"02 Tervezet/Modulok/M3/Peulák/M3.A – Találd ki, hol tart a kvuca! – Történetek Tuckman szemüvegén át.md"
B0,BATCH 0 — MOST GYÁRTHATÓ,nincs nyitott kapu,M3.B-KART-01,M3.B-KART-01,elsődleges,M3,M3.B,card-set,,legyártandó,specifikáció kész,,nincs kimondva,,Esetkártyák (4 db red flag eset),02 Tervezet/Modulok/M3/Peulák/M3.B – Red flag vagy nem – Esetelemzés & lépéstérkép.md
B0,BATCH 0 — MOST GYÁRTHATÓ,nincs nyitott kapu,M3.B-KART-01::PRINTPDF,M3.B-KART-01,nyomtatható PDF,M3,M3.B,card-set,,legyártandó,specifikáció kész,,nincs kimondva,,Esetkártyák (4 db red flag eset) — nyomtatható PDF,02 Tervezet/Modulok/M3/Peulák/M3.B – Red flag vagy nem – Esetelemzés & lépéstérkép.md
B0,BATCH 0 — MOST GYÁRTHATÓ,nincs nyitott kapu,M3.B-KART-02,M3.B-KART-02,elsődleges,M3,M3.B,card-set,,legyártandó,specifikáció kész,,színfüggő,,Krízis- / segélyvonal referenciakártya (képzőnek),02 Tervezet/Modulok/M3/Peulák/M3.B – Red flag vagy nem – Esetelemzés & lépéstérkép.md
B0,BATCH 0 — MOST GYÁRTHATÓ,nincs nyitott kapu,M3.B-KART-02::PRINTPDF,M3.B-KART-02,nyomtatható PDF,M3,M3.B,card-set,,legyártandó,specifikáció kész,,színfüggő,,Krízis- / segélyvonal referenciakártya (képzőnek) — nyomtatható PDF,02 Tervezet/Modulok/M3/Peulák/M3.B – Red flag vagy nem – Esetelemzés & lépéstérkép.md
B0,BATCH 0 — MOST GYÁRTHATÓ,nincs nyitott kapu,M3.B-KART-03,M3.B-KART-03,elsődleges,M3,M3.B,card-set,,legyártandó,specifikáció kész,,nincs kimondva,,Képzői biztonsági gyorskártya,02 Tervezet/Modulok/M3/Peulák/M3.B – Red flag vagy nem – Esetelemzés & lépéstérkép.md
B0,BATCH 0 — MOST GYÁRTHATÓ,nincs nyitott kapu,M3.B-KART-03::PRINTPDF,M3.B-KART-03,nyomtatható PDF,M3,M3.B,card-set,,legyártandó,specifikáció kész,,nincs kimondva,,Képzői biztonsági gyorskártya — nyomtatható PDF,02 Tervezet/Modulok/M3/Peulák/M3.B – Red flag vagy nem – Esetelemzés & lépéstérkép.md
B0,BATCH 0 — MOST GYÁRTHATÓ,nincs nyitott kapu,M3.B-MUNK-01,M3.B-MUNK-01,elsődleges,M3,M3.B,worksheet,,legyártandó,specifikáció kész,,nincs kimondva,,Lépéstérkép flipchart-sablon (5 lépéses folyamatábra),02 Tervezet/Modulok/M3/Peulák/M3.B – Red flag vagy nem – Esetelemzés & lépéstérkép.md
B0,BATCH 0 — MOST GYÁRTHATÓ,nincs nyitott kapu,M3.B-MUNK-01::PRINTPDF,M3.B-MUNK-01,nyomtatható PDF,M3,M3.B,worksheet,,legyártandó,specifikáció kész,,nincs kimondva,,Lépéstérkép flipchart-sablon (5 lépéses folyamatábra) — nyomtatható PDF,02 Tervezet/Modulok/M3/Peulák/M3.B – Red flag vagy nem – Esetelemzés & lépéstérkép.md
B0,BATCH 0 — MOST GYÁRTHATÓ,nincs nyitott kapu,M3.B-MUNK-02,M3.B-MUNK-02,elsődleges,M3,M3.B,worksheet,,legyártandó,specifikáció kész,,színfüggő,,Helyi gyermekvédelmi útvonal lap (szerep + név + elérhetőség),02 Tervezet/Modulok/M3/Peulák/M3.B – Red flag vagy nem – Esetelemzés & lépéstérkép.md
B0,BATCH 0 — MOST GYÁRTHATÓ,nincs nyitott kapu,M3.B-MUNK-02::PRINTPDF,M3.B-MUNK-02,nyomtatható PDF,M3,M3.B,worksheet,,legyártandó,specifikáció kész,,színfüggő,,Helyi gyermekvédelmi útvonal lap (szerep + név + elérhetőség) — nyomtatható PDF,02 Tervezet/Modulok/M3/Peulák/M3.B – Red flag vagy nem – Esetelemzés & lépéstérkép.md
B0,BATCH 0 — MOST GYÁRTHATÓ,nincs nyitott kapu,M3.B-MUNK-03,M3.B-MUNK-03,elsődleges,M3,M3.B,worksheet,,legyártandó,specifikáció kész,,nincs kimondva,,Képzői megoldójegyzet kártyánként (4 soros referenciatáblázat),02 Tervezet/Modulok/M3/Peulák/M3.B – Red flag vagy nem – Esetelemzés & lépéstérkép.md
B0,BATCH 0 — MOST GYÁRTHATÓ,nincs nyitott kapu,M3.B-MUNK-03::PRINTPDF,M3.B-MUNK-03,nyomtatható PDF,M3,M3.B,worksheet,,legyártandó,specifikáció kész,,nincs kimondva,,Képzői megoldójegyzet kártyánként (4 soros referenciatáblázat) — nyomtatható PDF,02 Tervezet/Modulok/M3/Peulák/M3.B – Red flag vagy nem – Esetelemzés & lépéstérkép.md
B0,BATCH 0 — MOST GYÁRTHATÓ,nincs nyitott kapu,M3.F-EGY-01,M3.F-EGY-01,elsődleges,M3,M3.F,print,consumable,külső forrás,specifikáció kész,,nincs kimondva,,Cetli / post-it készlet a név nélküli témakérésekhez,02 Tervezet/Modulok/M3/Peulák/M3.F – Felzárkóztató peula – Kvucadinamika & gyermekvédelem (Study Lab).md
B0,BATCH 0 — MOST GYÁRTHATÓ,nincs nyitott kapu,M3.F-EGY-02,M3.F-EGY-02,elsődleges,M3,M3.F,print,consumable,külső forrás,specifikáció kész,,nincs kimondva,,Filcek a fogalomtérkép-táblához,02 Tervezet/Modulok/M3/Peulák/M3.F – Felzárkóztató peula – Kvucadinamika & gyermekvédelem (Study Lab).md
B0,BATCH 0 — MOST GYÁRTHATÓ,nincs nyitott kapu,M3.F-MUNK-01,M3.F-MUNK-01,elsődleges,M3,M3.F,worksheet,,legyártandó,specifikáció kész,,nincs kimondva,,Jegyzetlap – „1 gondolat / 1 kérdés leckénként”,02 Tervezet/Modulok/M3/Peulák/M3.F – Felzárkóztató peula – Kvucadinamika & gyermekvédelem (Study Lab).md
B0,BATCH 0 — MOST GYÁRTHATÓ,nincs nyitott kapu,M3.F-MUNK-01::PRINTPDF,M3.F-MUNK-01,nyomtatható PDF,M3,M3.F,worksheet,,legyártandó,specifikáció kész,,nincs kimondva,,Jegyzetlap – „1 gondolat / 1 kérdés leckénként” — nyomtatható PDF,02 Tervezet/Modulok/M3/Peulák/M3.F – Felzárkóztató peula – Kvucadinamika & gyermekvédelem (Study Lab).md
B0,BATCH 0 — MOST GYÁRTHATÓ,nincs nyitott kapu,M3.F-MUNK-02,M3.F-MUNK-02,elsődleges,M3,M3.F,worksheet,,legyártandó,specifikáció kész,,nincs kimondva,,Képzői ellenőrző lista – M3.F peula (1 A4),02 Tervezet/Modulok/M3/Peulák/M3.F – Felzárkóztató peula – Kvucadinamika & gyermekvédelem (Study Lab).md
B0,BATCH 0 — MOST GYÁRTHATÓ,nincs nyitott kapu,M3.F-MUNK-02::PRINTPDF,M3.F-MUNK-02,nyomtatható PDF,M3,M3.F,worksheet,,legyártandó,specifikáció kész,,nincs kimondva,,Képzői ellenőrző lista – M3.F peula (1 A4) — nyomtatható PDF,02 Tervezet/Modulok/M3/Peulák/M3.F – Felzárkóztató peula – Kvucadinamika & gyermekvédelem (Study Lab).md
B0,BATCH 0 — MOST GYÁRTHATÓ,nincs nyitott kapu,M3.F-POSZ-01,M3.F-POSZ-01,elsődleges,M3,M3.F,poster,,legyártandó,specifikáció kész,,nincs kimondva,,Tájékozódó tábla – M3 leckelista + név nélküli témakérések,02 Tervezet/Modulok/M3/Peulák/M3.F – Felzárkóztató peula – Kvucadinamika & gyermekvédelem (Study Lab).md
B0,BATCH 0 — MOST GYÁRTHATÓ,nincs nyitott kapu,M3.F-POSZ-01::PRINTPDF,M3.F-POSZ-01,nyomtatható PDF,M3,M3.F,poster,,legyártandó,specifikáció kész,,nincs kimondva,,Tájékozódó tábla – M3 leckelista + név nélküli témakérések — nyomtatható PDF,02 Tervezet/Modulok/M3/Peulák/M3.F – Felzárkóztató peula – Kvucadinamika & gyermekvédelem (Study Lab).md
B0,BATCH 0 — MOST GYÁRTHATÓ,nincs nyitott kapu,M3.F-POSZ-02,M3.F-POSZ-02,elsődleges,M3,M3.F,poster,,legyártandó,specifikáció kész,,nincs kimondva,,Fogalomtérkép-alaplap – 4–5 üres buborék,02 Tervezet/Modulok/M3/Peulák/M3.F – Felzárkóztató peula – Kvucadinamika & gyermekvédelem (Study Lab).md
B0,BATCH 0 — MOST GYÁRTHATÓ,nincs nyitott kapu,M3.F-POSZ-02::PRINTPDF,M3.F-POSZ-02,nyomtatható PDF,M3,M3.F,poster,,legyártandó,specifikáció kész,,nincs kimondva,,Fogalomtérkép-alaplap – 4–5 üres buborék — nyomtatható PDF,02 Tervezet/Modulok/M3/Peulák/M3.F – Felzárkóztató peula – Kvucadinamika & gyermekvédelem (Study Lab).md
B0,BATCH 0 — MOST GYÁRTHATÓ,nincs nyitott kapu,M4.1-DIA-01,M4.1-DIA-01,elsődleges,M4,M4.1,diagram,,legyártandó,specifikáció kész,,nincs kimondva,,3-ikonos „belevillanó” keret-grafika – Testtartás / Tekintet / Térfoglalás,02 Tervezet/Modulok/M4/Online leckék/M4.1 – Mit üzen a testem – Nonverbális kiállás.md
B0,BATCH 0 — MOST GYÁRTHATÓ,nincs nyitott kapu,M4.1-DIA-01::ALTTEXT,M4.1-DIA-01,alt-szöveg,M4,M4.1,diagram,,legyártandó,specifikáció kész,,nincs kimondva,,3-ikonos „belevillanó” keret-grafika – Testtartás / Tekintet / Térfoglalás — alt-szöveg,02 Tervezet/Modulok/M4/Online leckék/M4.1 – Mit üzen a testem – Nonverbális kiállás.md
B0,BATCH 0 — MOST GYÁRTHATÓ,nincs nyitott kapu,M4.1-IKO-01,M4.1-IKO-01,elsődleges,M4,M4.1,icon-set,,legyártandó,specifikáció kész,,nincs kimondva,,AI-eredet címke ikon/badge a Hook videóhoz,02 Tervezet/Modulok/M4/Online leckék/M4.1 – Mit üzen a testem – Nonverbális kiállás.md
B0,BATCH 0 — MOST GYÁRTHATÓ,nincs nyitott kapu,M4.1-IKO-01::ALTTEXT,M4.1-IKO-01,alt-szöveg,M4,M4.1,icon-set,,legyártandó,specifikáció kész,,nincs kimondva,,AI-eredet címke ikon/badge a Hook videóhoz — alt-szöveg,02 Tervezet/Modulok/M4/Online leckék/M4.1 – Mit üzen a testem – Nonverbális kiállás.md
B0,BATCH 0 — MOST GYÁRTHATÓ,nincs nyitott kapu,M4.1-IKO-02,M4.1-IKO-02,elsődleges,M4,M4.1,icon-set,,legyártandó,specifikáció kész,,nincs kimondva,,"3 fókusz-ikon: Testtartás, Tekintet, Térfoglalás",02 Tervezet/Modulok/M4/Online leckék/M4.1 – Mit üzen a testem – Nonverbális kiállás.md
B0,BATCH 0 — MOST GYÁRTHATÓ,nincs nyitott kapu,M4.1-IKO-02::ALTTEXT,M4.1-IKO-02,alt-szöveg,M4,M4.1,icon-set,,legyártandó,specifikáció kész,,nincs kimondva,,"3 fókusz-ikon: Testtartás, Tekintet, Térfoglalás — alt-szöveg",02 Tervezet/Modulok/M4/Online leckék/M4.1 – Mit üzen a testem – Nonverbális kiállás.md
B0,BATCH 0 — MOST GYÁRTHATÓ,nincs nyitott kapu,M4.2-EGY-01,M4.2-EGY-01,elsődleges,M4,M4.2,other,h5p-interaction,legyártandó,specifikáció kész,,nincs kimondva,,H5P Single Choice – „Mi lenne az első reakciód?” (helyzetfelmérés),02 Tervezet/Modulok/M4/Online leckék/M4.2 – Aktív hallgatás & visszatükrözés.md
B0,BATCH 0 — MOST GYÁRTHATÓ,nincs nyitott kapu,M4.2-EGY-02,M4.2-EGY-02,elsődleges,M4,M4.2,other,h5p-interaction,legyártandó,specifikáció kész,,nincs kimondva,,H5P Dialog Cards készlet – „Melyik segít jobban?”,02 Tervezet/Modulok/M4/Online leckék/M4.2 – Aktív hallgatás & visszatükrözés.md
B0,BATCH 0 — MOST GYÁRTHATÓ,nincs nyitott kapu,M4.2-EGY-03,M4.2-EGY-03,elsődleges,M4,M4.2,other,h5p-interaction,legyártandó,specifikáció kész,,nincs kimondva,,H5P Drag&Drop – „Lezáró vagy támogató?”,02 Tervezet/Modulok/M4/Online leckék/M4.2 – Aktív hallgatás & visszatükrözés.md
B0,BATCH 0 — MOST GYÁRTHATÓ,nincs nyitott kapu,M4.2-EGY-04,M4.2-EGY-04,elsődleges,M4,M4.2,other,h5p-interaction,legyártandó,specifikáció kész,,nincs kimondva,,H5P mini-quiz – 2 Single Choice kérdés (Check),02 Tervezet/Modulok/M4/Online leckék/M4.2 – Aktív hallgatás & visszatükrözés.md
B0,BATCH 0 — MOST GYÁRTHATÓ,nincs nyitott kapu,M4.2-EGY-05,M4.2-EGY-05,elsődleges,M4,M4.2,other,h5p-interaction,legyártandó,specifikáció kész,,nincs kimondva,,2× szabad szöveges mező – reflektív kérdések (visszatükröző mondat + elhagyandó mondat),02 Tervezet/Modulok/M4/Online leckék/M4.2 – Aktív hallgatás & visszatükrözés.md
B0,BATCH 0 — MOST GYÁRTHATÓ,nincs nyitott kapu,M4.2-IKO-01,M4.2-IKO-01,elsődleges,M4,M4.2,icon-set,,legyártandó,specifikáció kész,,nincs kimondva,,Fogalom-ikonok: fejhallgató (aktív hallgatás) & körkörös nyíl (visszatükrözés),02 Tervezet/Modulok/M4/Online leckék/M4.2 – Aktív hallgatás & visszatükrözés.md
B0,BATCH 0 — MOST GYÁRTHATÓ,nincs nyitott kapu,M4.2-ILL-01,M4.2-ILL-01,elsődleges,M4,M4.2,illustration,,legyártandó,specifikáció kész,,nincs kimondva,,Hook chat-buborék: ideges peula-mondat,02 Tervezet/Modulok/M4/Online leckék/M4.2 – Aktív hallgatás & visszatükrözés.md
B0,BATCH 0 — MOST GYÁRTHATÓ,nincs nyitott kapu,M4.2-ILL-01::ALTTEXT,M4.2-ILL-01,alt-szöveg,M4,M4.2,illustration,,legyártandó,specifikáció kész,,nincs kimondva,,Hook chat-buborék: ideges peula-mondat — alt-szöveg,02 Tervezet/Modulok/M4/Online leckék/M4.2 – Aktív hallgatás & visszatükrözés.md
B0,BATCH 0 — MOST GYÁRTHATÓ,nincs nyitott kapu,M4.2-ILL-02,M4.2-ILL-02,elsődleges,M4,M4.2,illustration,,legyártandó,specifikáció kész,,nincs kimondva,,Két fogalom-doboz: Aktív hallgatás & Visszatükrözés,02 Tervezet/Modulok/M4/Online leckék/M4.2 – Aktív hallgatás & visszatükrözés.md
B0,BATCH 0 — MOST GYÁRTHATÓ,nincs nyitott kapu,M4.2-ILL-02::ALTTEXT,M4.2-ILL-02,alt-szöveg,M4,M4.2,illustration,,legyártandó,specifikáció kész,,nincs kimondva,,Két fogalom-doboz: Aktív hallgatás & Visszatükrözés — alt-szöveg,02 Tervezet/Modulok/M4/Online leckék/M4.2 – Aktív hallgatás & visszatükrözés.md
B0,BATCH 0 — MOST GYÁRTHATÓ,nincs nyitott kapu,M4.2-ILL-03,M4.2-ILL-03,elsődleges,M4,M4.2,illustration,,legyártandó,specifikáció kész,,nincs kimondva,,Outro összegző checklist vizuál,02 Tervezet/Modulok/M4/Online leckék/M4.2 – Aktív hallgatás & visszatükrözés.md
B0,BATCH 0 — MOST GYÁRTHATÓ,nincs nyitott kapu,M4.2-ILL-03::ALTTEXT,M4.2-ILL-03,alt-szöveg,M4,M4.2,illustration,,legyártandó,specifikáció kész,,nincs kimondva,,Outro összegző checklist vizuál — alt-szöveg,02 Tervezet/Modulok/M4/Online leckék/M4.2 – Aktív hallgatás & visszatükrözés.md
B0,BATCH 0 — MOST GYÁRTHATÓ,nincs nyitott kapu,M4.3-DIA-01,M4.3-DIA-01,elsődleges,M4,M4.3,diagram,,legyártandó,specifikáció kész,,színfüggő,,Négy kérdéstípus – színkódolt doboz-diagram,"02 Tervezet/Modulok/M4/Online leckék/M4.3 – Kérdezési minták – nyitott, zárt, tisztázó, irányító kérdések.md"
B0,BATCH 0 — MOST GYÁRTHATÓ,nincs nyitott kapu,M4.3-DIA-01::ALTTEXT,M4.3-DIA-01,alt-szöveg,M4,M4.3,diagram,,legyártandó,specifikáció kész,,színfüggő,,Négy kérdéstípus – színkódolt doboz-diagram — alt-szöveg,"02 Tervezet/Modulok/M4/Online leckék/M4.3 – Kérdezési minták – nyitott, zárt, tisztázó, irányító kérdések.md"
B0,BATCH 0 — MOST GYÁRTHATÓ,nincs nyitott kapu,M4.3-IKO-01,M4.3-IKO-01,elsődleges,M4,M4.3,icon-set,,legyártandó,specifikáció kész,,színfüggő,,Kérdéstípus szín-ikon készlet (4 db),"02 Tervezet/Modulok/M4/Online leckék/M4.3 – Kérdezési minták – nyitott, zárt, tisztázó, irányító kérdések.md"
B0,BATCH 0 — MOST GYÁRTHATÓ,nincs nyitott kapu,M4.3-IKO-01::ALTTEXT,M4.3-IKO-01,alt-szöveg,M4,M4.3,icon-set,,legyártandó,specifikáció kész,,színfüggő,,Kérdéstípus szín-ikon készlet (4 db) — alt-szöveg,"02 Tervezet/Modulok/M4/Online leckék/M4.3 – Kérdezési minták – nyitott, zárt, tisztázó, irányító kérdések.md"
B0,BATCH 0 — MOST GYÁRTHATÓ,nincs nyitott kapu,M4.3-ILL-01,M4.3-ILL-01,elsődleges,M4,M4.3,illustration,,legyártandó,specifikáció kész,,nincs kimondva,,"„Na, értitek?” – síri csend storyboard","02 Tervezet/Modulok/M4/Online leckék/M4.3 – Kérdezési minták – nyitott, zárt, tisztázó, irányító kérdések.md"
B0,BATCH 0 — MOST GYÁRTHATÓ,nincs nyitott kapu,M4.3-ILL-01::ALTTEXT,M4.3-ILL-01,alt-szöveg,M4,M4.3,illustration,,legyártandó,specifikáció kész,,nincs kimondva,,"„Na, értitek?” – síri csend storyboard — alt-szöveg","02 Tervezet/Modulok/M4/Online leckék/M4.3 – Kérdezési minták – nyitott, zárt, tisztázó, irányító kérdések.md"
B0,BATCH 0 — MOST GYÁRTHATÓ,nincs nyitott kapu,M4.4-DIA-02,M4.4-DIA-02,elsődleges,M4,M4.4,diagram,,legyártandó,specifikáció kész,,nincs kimondva,,"Slide 2 definíciós bullet-vizuál: „Peulabemutató =""",02 Tervezet/Modulok/M4/Online leckék/M4.4 – 45 mp-es peulabemutató – vázlat egy konkrét kvucára.md
B0,BATCH 0 — MOST GYÁRTHATÓ,nincs nyitott kapu,M4.4-DIA-02::ALTTEXT,M4.4-DIA-02,alt-szöveg,M4,M4.4,diagram,,legyártandó,specifikáció kész,,nincs kimondva,,"Slide 2 definíciós bullet-vizuál: „Peulabemutató ="" — alt-szöveg",02 Tervezet/Modulok/M4/Online leckék/M4.4 – 45 mp-es peulabemutató – vázlat egy konkrét kvucára.md
B0,BATCH 0 — MOST GYÁRTHATÓ,nincs nyitott kapu,M4.4-DIA-03,M4.4-DIA-03,elsődleges,M4,M4.4,diagram,,legyártandó,specifikáció kész,,nincs kimondva,,Slide 3 sablon-vizuál: 5 kérdéses peulabemutató-sablon,02 Tervezet/Modulok/M4/Online leckék/M4.4 – 45 mp-es peulabemutató – vázlat egy konkrét kvucára.md
B0,BATCH 0 — MOST GYÁRTHATÓ,nincs nyitott kapu,M4.4-DIA-03::ALTTEXT,M4.4-DIA-03,alt-szöveg,M4,M4.4,diagram,,legyártandó,specifikáció kész,,nincs kimondva,,Slide 3 sablon-vizuál: 5 kérdéses peulabemutató-sablon — alt-szöveg,02 Tervezet/Modulok/M4/Online leckék/M4.4 – 45 mp-es peulabemutató – vázlat egy konkrét kvucára.md
B0,BATCH 0 — MOST GYÁRTHATÓ,nincs nyitott kapu,M4.4-DIA-05,M4.4-DIA-05,elsődleges,M4,M4.4,diagram,,legyártandó,specifikáció kész,,nincs kimondva,,Slide 5 sablon-vizuál + összefoglaló,02 Tervezet/Modulok/M4/Online leckék/M4.4 – 45 mp-es peulabemutató – vázlat egy konkrét kvucára.md
B0,BATCH 0 — MOST GYÁRTHATÓ,nincs nyitott kapu,M4.4-DIA-05::ALTTEXT,M4.4-DIA-05,alt-szöveg,M4,M4.4,diagram,,legyártandó,specifikáció kész,,nincs kimondva,,Slide 5 sablon-vizuál + összefoglaló — alt-szöveg,02 Tervezet/Modulok/M4/Online leckék/M4.4 – 45 mp-es peulabemutató – vázlat egy konkrét kvucára.md
B0,BATCH 0 — MOST GYÁRTHATÓ,nincs nyitott kapu,M4.4-ILL-01,M4.4-ILL-01,elsődleges,M4,M4.4,illustration,,legyártandó,specifikáció kész,,nincs kimondva,,"Hook-jelenet: madrih a kvuca előtt, 45 mp nyomás",02 Tervezet/Modulok/M4/Online leckék/M4.4 – 45 mp-es peulabemutató – vázlat egy konkrét kvucára.md
B0,BATCH 0 — MOST GYÁRTHATÓ,nincs nyitott kapu,M4.4-ILL-01::ALTTEXT,M4.4-ILL-01,alt-szöveg,M4,M4.4,illustration,,legyártandó,specifikáció kész,,nincs kimondva,,"Hook-jelenet: madrih a kvuca előtt, 45 mp nyomás — alt-szöveg",02 Tervezet/Modulok/M4/Online leckék/M4.4 – 45 mp-es peulabemutató – vázlat egy konkrét kvucára.md
B0,BATCH 0 — MOST GYÁRTHATÓ,nincs nyitott kapu,M4.A-KART-01,M4.A-KART-01,elsődleges,M4,M4.A,card-set,,legyártandó,specifikáció kész,,fekete-fehér is elég,,Kiállás-szobrok szerepcímke-szett,02 Tervezet/Modulok/M4/Peulák/M4.A – Állj oda! – Kiállás & jelenlét a térben.md
B0,BATCH 0 — MOST GYÁRTHATÓ,nincs nyitott kapu,M4.A-KART-01::PRINTPDF,M4.A-KART-01,nyomtatható PDF,M4,M4.A,card-set,,legyártandó,specifikáció kész,,fekete-fehér is elég,,Kiállás-szobrok szerepcímke-szett — nyomtatható PDF,02 Tervezet/Modulok/M4/Peulák/M4.A – Állj oda! – Kiállás & jelenlét a térben.md
B0,BATCH 0 — MOST GYÁRTHATÓ,nincs nyitott kapu,M4.A-MUNK-01,M4.A-MUNK-01,elsődleges,M4,M4.A,worksheet,,legyártandó,specifikáció kész,,fekete-fehér is elég,,Exit-mondat post-it / fókuszmondat cédula,02 Tervezet/Modulok/M4/Peulák/M4.A – Állj oda! – Kiállás & jelenlét a térben.md
B0,BATCH 0 — MOST GYÁRTHATÓ,nincs nyitott kapu,M4.A-MUNK-01::PRINTPDF,M4.A-MUNK-01,nyomtatható PDF,M4,M4.A,worksheet,,legyártandó,specifikáció kész,,fekete-fehér is elég,,Exit-mondat post-it / fókuszmondat cédula — nyomtatható PDF,02 Tervezet/Modulok/M4/Peulák/M4.A – Állj oda! – Kiállás & jelenlét a térben.md
B0,BATCH 0 — MOST GYÁRTHATÓ,nincs nyitott kapu,M4.A-MUNK-02,M4.A-MUNK-02,elsődleges,M4,M4.A,worksheet,,legyártandó,specifikáció kész,,fekete-fehér is elég,,Képzői checklist – „Állj oda!” (1 A4),02 Tervezet/Modulok/M4/Peulák/M4.A – Állj oda! – Kiállás & jelenlét a térben.md
B0,BATCH 0 — MOST GYÁRTHATÓ,nincs nyitott kapu,M4.A-MUNK-02::PRINTPDF,M4.A-MUNK-02,nyomtatható PDF,M4,M4.A,worksheet,,legyártandó,specifikáció kész,,fekete-fehér is elég,,Képzői checklist – „Állj oda!” (1 A4) — nyomtatható PDF,02 Tervezet/Modulok/M4/Peulák/M4.A – Állj oda! – Kiállás & jelenlét a térben.md
B0,BATCH 0 — MOST GYÁRTHATÓ,nincs nyitott kapu,M4.A-MUNK-03,M4.A-MUNK-03,elsődleges,M4,M4.A,worksheet,,legyártandó,specifikáció kész,,fekete-fehér is elég,,Flipchart-előkészítő sablon – kulcsmondatok & megfigyelés-kulcsszavak (opcionális),02 Tervezet/Modulok/M4/Peulák/M4.A – Állj oda! – Kiállás & jelenlét a térben.md
B0,BATCH 0 — MOST GYÁRTHATÓ,nincs nyitott kapu,M4.A-MUNK-03::PRINTPDF,M4.A-MUNK-03,nyomtatható PDF,M4,M4.A,worksheet,,legyártandó,specifikáció kész,,fekete-fehér is elég,,Flipchart-előkészítő sablon – kulcsmondatok & megfigyelés-kulcsszavak (opcionális) — nyomtatható PDF,02 Tervezet/Modulok/M4/Peulák/M4.A – Állj oda! – Kiállás & jelenlét a térben.md
B0,BATCH 0 — MOST GYÁRTHATÓ,nincs nyitott kapu,M4.A-POSZ-01,M4.A-POSZ-01,elsődleges,M4,M4.A,poster,,legyártandó,specifikáció kész,,fekete-fehér is elég,,„M4 – kiállás” gyűjtő-boríték / fal-címke,02 Tervezet/Modulok/M4/Peulák/M4.A – Állj oda! – Kiállás & jelenlét a térben.md
B0,BATCH 0 — MOST GYÁRTHATÓ,nincs nyitott kapu,M4.A-POSZ-01::PRINTPDF,M4.A-POSZ-01,nyomtatható PDF,M4,M4.A,poster,,legyártandó,specifikáció kész,,fekete-fehér is elég,,„M4 – kiállás” gyűjtő-boríték / fal-címke — nyomtatható PDF,02 Tervezet/Modulok/M4/Peulák/M4.A – Állj oda! – Kiállás & jelenlét a térben.md
B0,BATCH 0 — MOST GYÁRTHATÓ,nincs nyitott kapu,M4.B-MUNK-01,M4.B-MUNK-01,elsődleges,M4,M4.B,worksheet,,legyártandó,specifikáció kész,,nincs kimondva,,Kilépőkártya / öntapadós jegyzet sablon (2 kérdés),02 Tervezet/Modulok/M4/Peulák/M4.B – Mit és hogyan kérdezek – Kérdezés & peulabemutató gyakorlása.md
B0,BATCH 0 — MOST GYÁRTHATÓ,nincs nyitott kapu,M4.B-MUNK-01::PRINTPDF,M4.B-MUNK-01,nyomtatható PDF,M4,M4.B,worksheet,,legyártandó,specifikáció kész,,nincs kimondva,,Kilépőkártya / öntapadós jegyzet sablon (2 kérdés) — nyomtatható PDF,02 Tervezet/Modulok/M4/Peulák/M4.B – Mit és hogyan kérdezek – Kérdezés & peulabemutató gyakorlása.md
B0,BATCH 0 — MOST GYÁRTHATÓ,nincs nyitott kapu,M4.B-MUNK-02,M4.B-MUNK-02,elsődleges,M4,M4.B,worksheet,,legyártandó,specifikáció kész,,nincs kimondva,,Gyors peulabemutató-vázlat mini-sablon (B-terv munkalap),02 Tervezet/Modulok/M4/Peulák/M4.B – Mit és hogyan kérdezek – Kérdezés & peulabemutató gyakorlása.md
B0,BATCH 0 — MOST GYÁRTHATÓ,nincs nyitott kapu,M4.B-MUNK-02::PRINTPDF,M4.B-MUNK-02,nyomtatható PDF,M4,M4.B,worksheet,,legyártandó,specifikáció kész,,nincs kimondva,,Gyors peulabemutató-vázlat mini-sablon (B-terv munkalap) — nyomtatható PDF,02 Tervezet/Modulok/M4/Peulák/M4.B – Mit és hogyan kérdezek – Kérdezés & peulabemutató gyakorlása.md
B0,BATCH 0 — MOST GYÁRTHATÓ,nincs nyitott kapu,M4.B-MUNK-03,M4.B-MUNK-03,elsődleges,M4,M4.B,worksheet,,legyártandó,specifikáció kész,,nincs kimondva,,Képzői checklist (1 A4),02 Tervezet/Modulok/M4/Peulák/M4.B – Mit és hogyan kérdezek – Kérdezés & peulabemutató gyakorlása.md
B0,BATCH 0 — MOST GYÁRTHATÓ,nincs nyitott kapu,M4.B-MUNK-03::PRINTPDF,M4.B-MUNK-03,nyomtatható PDF,M4,M4.B,worksheet,,legyártandó,specifikáció kész,,nincs kimondva,,Képzői checklist (1 A4) — nyomtatható PDF,02 Tervezet/Modulok/M4/Peulák/M4.B – Mit és hogyan kérdezek – Kérdezés & peulabemutató gyakorlása.md
B0,BATCH 0 — MOST GYÁRTHATÓ,nincs nyitott kapu,M4.B-POSZ-01,M4.B-POSZ-01,elsődleges,M4,M4.B,poster,,legyártandó,specifikáció kész,,nincs kimondva,,Kérdéstípusok flipchart-/poszter-sablon (4 típus),02 Tervezet/Modulok/M4/Peulák/M4.B – Mit és hogyan kérdezek – Kérdezés & peulabemutató gyakorlása.md
B0,BATCH 0 — MOST GYÁRTHATÓ,nincs nyitott kapu,M4.B-POSZ-01::PRINTPDF,M4.B-POSZ-01,nyomtatható PDF,M4,M4.B,poster,,legyártandó,specifikáció kész,,nincs kimondva,,Kérdéstípusok flipchart-/poszter-sablon (4 típus) — nyomtatható PDF,02 Tervezet/Modulok/M4/Peulák/M4.B – Mit és hogyan kérdezek – Kérdezés & peulabemutató gyakorlása.md
B0,BATCH 0 — MOST GYÁRTHATÓ,nincs nyitott kapu,M4.F-EGY-01,M4.F-EGY-01,elsődleges,M4,M4.F,print,consumable,külső forrás,specifikáció kész,,nincs kimondva,,Cetli / post-it készlet a név nélküli témakérésekhez,"02 Tervezet/Modulok/M4/Peulák/M4.F – Felzárkóztató peula – Test, hang, kérdések & peulabemutató (Study Lab).md"
B0,BATCH 0 — MOST GYÁRTHATÓ,nincs nyitott kapu,M4.F-EGY-02,M4.F-EGY-02,elsődleges,M4,M4.F,print,consumable,külső forrás,specifikáció kész,,nincs kimondva,,Filc-/marker-készlet a fogalom-térkép táblához,"02 Tervezet/Modulok/M4/Peulák/M4.F – Felzárkóztató peula – Test, hang, kérdések & peulabemutató (Study Lab).md"
B0,BATCH 0 — MOST GYÁRTHATÓ,nincs nyitott kapu,M4.F-MUNK-01,M4.F-MUNK-01,elsődleges,M4,M4.F,worksheet,,legyártandó,specifikáció kész,,fekete-fehér is elég,,Jegyzetlap – 1 gondolat / 1 kérdés leckénként (L1–L4),"02 Tervezet/Modulok/M4/Peulák/M4.F – Felzárkóztató peula – Test, hang, kérdések & peulabemutató (Study Lab).md"
B0,BATCH 0 — MOST GYÁRTHATÓ,nincs nyitott kapu,M4.F-MUNK-01::PRINTPDF,M4.F-MUNK-01,nyomtatható PDF,M4,M4.F,worksheet,,legyártandó,specifikáció kész,,fekete-fehér is elég,,Jegyzetlap – 1 gondolat / 1 kérdés leckénként (L1–L4) — nyomtatható PDF,"02 Tervezet/Modulok/M4/Peulák/M4.F – Felzárkóztató peula – Test, hang, kérdések & peulabemutató (Study Lab).md"
B0,BATCH 0 — MOST GYÁRTHATÓ,nincs nyitott kapu,M4.F-MUNK-02,M4.F-MUNK-02,elsődleges,M4,M4.F,worksheet,,legyártandó,specifikáció kész,,fekete-fehér is elég,,45 mp-es peulabemutató-vázlat sablon (eszközmentes javító feladat),"02 Tervezet/Modulok/M4/Peulák/M4.F – Felzárkóztató peula – Test, hang, kérdések & peulabemutató (Study Lab).md"
B0,BATCH 0 — MOST GYÁRTHATÓ,nincs nyitott kapu,M4.F-MUNK-02::PRINTPDF,M4.F-MUNK-02,nyomtatható PDF,M4,M4.F,worksheet,,legyártandó,specifikáció kész,,fekete-fehér is elég,,45 mp-es peulabemutató-vázlat sablon (eszközmentes javító feladat) — nyomtatható PDF,"02 Tervezet/Modulok/M4/Peulák/M4.F – Felzárkóztató peula – Test, hang, kérdések & peulabemutató (Study Lab).md"
B0,BATCH 0 — MOST GYÁRTHATÓ,nincs nyitott kapu,M4.F-POSZ-01,M4.F-POSZ-01,elsődleges,M4,M4.F,poster,,legyártandó,specifikáció kész,,nincs kimondva,,Tájékozódó tábla – M4 leckelista + név nélküli témakérések,"02 Tervezet/Modulok/M4/Peulák/M4.F – Felzárkóztató peula – Test, hang, kérdések & peulabemutató (Study Lab).md"
B0,BATCH 0 — MOST GYÁRTHATÓ,nincs nyitott kapu,M4.F-POSZ-01::PRINTPDF,M4.F-POSZ-01,nyomtatható PDF,M4,M4.F,poster,,legyártandó,specifikáció kész,,nincs kimondva,,Tájékozódó tábla – M4 leckelista + név nélküli témakérések — nyomtatható PDF,"02 Tervezet/Modulok/M4/Peulák/M4.F – Felzárkóztató peula – Test, hang, kérdések & peulabemutató (Study Lab).md"
B0,BATCH 0 — MOST GYÁRTHATÓ,nincs nyitott kapu,M4.F-POSZ-02,M4.F-POSZ-02,elsődleges,M4,M4.F,poster,,legyártandó,specifikáció kész,,nincs kimondva,,Fogalom-térkép sablon – Test / Hang / Kérdések / Peulabemutató (4 buborék),"02 Tervezet/Modulok/M4/Peulák/M4.F – Felzárkóztató peula – Test, hang, kérdések & peulabemutató (Study Lab).md"
B0,BATCH 0 — MOST GYÁRTHATÓ,nincs nyitott kapu,M4.F-POSZ-02::PRINTPDF,M4.F-POSZ-02,nyomtatható PDF,M4,M4.F,poster,,legyártandó,specifikáció kész,,nincs kimondva,,Fogalom-térkép sablon – Test / Hang / Kérdések / Peulabemutató (4 buborék) — nyomtatható PDF,"02 Tervezet/Modulok/M4/Peulák/M4.F – Felzárkóztató peula – Test, hang, kérdések & peulabemutató (Study Lab).md"
B0,BATCH 0 — MOST GYÁRTHATÓ,nincs nyitott kapu,M5-HUB-EGY-01,M5-HUB-EGY-01,elsődleges,M5,M5-HUB,print,consumable,külső forrás,specifikáció kész,,nincs kimondva,beszerzes,Galériaséta reakció-eszközök (post-it / pötty-matrica),"02 Tervezet/Modulok/M5/M5 – Ez most játék vagy tanulás – Nonformális nevelés, módszerválasztás & tanulástan.md"
B0,BATCH 0 — MOST GYÁRTHATÓ,nincs nyitott kapu,M5.1-DIA-01,M5.1-DIA-01,elsődleges,M5,M5.1,diagram,,legyártandó,specifikáció kész,,nincs kimondva,,Háromoszlopos formális/nonformális/informális grafika,"02 Tervezet/Modulok/M5/Online leckék/M5.1 – Mi a nonformális nevelés – Suli, Somer, random.md"
B0,BATCH 0 — MOST GYÁRTHATÓ,nincs nyitott kapu,M5.1-DIA-01::ALTTEXT,M5.1-DIA-01,alt-szöveg,M5,M5.1,diagram,,legyártandó,specifikáció kész,,nincs kimondva,,Háromoszlopos formális/nonformális/informális grafika — alt-szöveg,"02 Tervezet/Modulok/M5/Online leckék/M5.1 – Mi a nonformális nevelés – Suli, Somer, random.md"
B0,BATCH 0 — MOST GYÁRTHATÓ,nincs nyitott kapu,M5.1-EGY-01,M5.1-EGY-01,elsődleges,M5,M5.1,other,ui-text,legyártandó,specifikáció kész,,nincs kimondva,,Provenance-címke – kanonikus AI-jelölés a videók alá,"02 Tervezet/Modulok/M5/Online leckék/M5.1 – Mi a nonformális nevelés – Suli, Somer, random.md"
B0,BATCH 0 — MOST GYÁRTHATÓ,nincs nyitott kapu,M5.1-IKO-01,M5.1-IKO-01,elsődleges,M5,M5.1,icon-set,,legyártandó,specifikáció kész,,nincs kimondva,,Három tanulástípus ikon-grafika,"02 Tervezet/Modulok/M5/Online leckék/M5.1 – Mi a nonformális nevelés – Suli, Somer, random.md"
B0,BATCH 0 — MOST GYÁRTHATÓ,nincs nyitott kapu,M5.2-DIA-01,M5.2-DIA-01,elsődleges,M5,M5.2,diagram,,legyártandó,specifikáció kész,,nincs kimondva,,Központi sorrend-folyamatábra: feladat → cél → kvuca → módszer,02 Tervezet/Modulok/M5/Online leckék/M5.2 – Feladat → módszer döntési fa – Mit választok először.md
B0,BATCH 0 — MOST GYÁRTHATÓ,nincs nyitott kapu,M5.2-DIA-01::ALTTEXT,M5.2-DIA-01,alt-szöveg,M5,M5.2,diagram,,legyártandó,specifikáció kész,,nincs kimondva,,Központi sorrend-folyamatábra: feladat → cél → kvuca → módszer — alt-szöveg,02 Tervezet/Modulok/M5/Online leckék/M5.2 – Feladat → módszer döntési fa – Mit választok először.md
B0,BATCH 0 — MOST GYÁRTHATÓ,nincs nyitott kapu,M5.2-DIA-02,M5.2-DIA-02,elsődleges,M5,M5.2,diagram,,legyártandó,specifikáció kész,,nincs kimondva,,Döntési fa térkép – 4 ág + közös visszacsatlakozás,02 Tervezet/Modulok/M5/Online leckék/M5.2 – Feladat → módszer döntési fa – Mit választok először.md
B0,BATCH 0 — MOST GYÁRTHATÓ,nincs nyitott kapu,M5.2-DIA-02::ALTTEXT,M5.2-DIA-02,alt-szöveg,M5,M5.2,diagram,,legyártandó,specifikáció kész,,nincs kimondva,,Döntési fa térkép – 4 ág + közös visszacsatlakozás — alt-szöveg,02 Tervezet/Modulok/M5/Online leckék/M5.2 – Feladat → módszer döntési fa – Mit választok először.md
B0,BATCH 0 — MOST GYÁRTHATÓ,nincs nyitott kapu,M5.2-IKO-01,M5.2-IKO-01,elsődleges,M5,M5.2,icon-set,,legyártandó,specifikáció kész,,nincs kimondva,,Ág-azonosító ikonkészlet (4 ikon),02 Tervezet/Modulok/M5/Online leckék/M5.2 – Feladat → módszer döntési fa – Mit választok először.md
B0,BATCH 0 — MOST GYÁRTHATÓ,nincs nyitott kapu,M5.2-IKO-01::ALTTEXT,M5.2-IKO-01,alt-szöveg,M5,M5.2,icon-set,,legyártandó,specifikáció kész,,nincs kimondva,,Ág-azonosító ikonkészlet (4 ikon) — alt-szöveg,02 Tervezet/Modulok/M5/Online leckék/M5.2 – Feladat → módszer döntési fa – Mit választok először.md
B0,BATCH 0 — MOST GYÁRTHATÓ,nincs nyitott kapu,M5.2-ILL-01,M5.2-ILL-01,elsődleges,M5,M5.2,illustration,,legyártandó,specifikáció kész,,nincs kimondva,,Bevezető jelenet-illusztráció: madrih a péntek esti felkérés előtt,02 Tervezet/Modulok/M5/Online leckék/M5.2 – Feladat → módszer döntési fa – Mit választok először.md
B0,BATCH 0 — MOST GYÁRTHATÓ,nincs nyitott kapu,M5.2-ILL-01::ALTTEXT,M5.2-ILL-01,alt-szöveg,M5,M5.2,illustration,,legyártandó,specifikáció kész,,nincs kimondva,,Bevezető jelenet-illusztráció: madrih a péntek esti felkérés előtt — alt-szöveg,02 Tervezet/Modulok/M5/Online leckék/M5.2 – Feladat → módszer döntési fa – Mit választok először.md
B0,BATCH 0 — MOST GYÁRTHATÓ,nincs nyitott kapu,M5.2-MUNK-01,M5.2-MUNK-01,elsődleges,M5,M5.2,worksheet,,legyártandó,specifikáció kész,,fekete-fehér is elég,,Feladat–cél–kvuca–módszer mondatbefejező munkalap,02 Tervezet/Modulok/M5/Online leckék/M5.2 – Feladat → módszer döntési fa – Mit választok először.md
B0,BATCH 0 — MOST GYÁRTHATÓ,nincs nyitott kapu,M5.2-MUNK-01::PRINTPDF,M5.2-MUNK-01,nyomtatható PDF,M5,M5.2,worksheet,,legyártandó,specifikáció kész,,fekete-fehér is elég,,Feladat–cél–kvuca–módszer mondatbefejező munkalap — nyomtatható PDF,02 Tervezet/Modulok/M5/Online leckék/M5.2 – Feladat → módszer döntési fa – Mit választok először.md
B0,BATCH 0 — MOST GYÁRTHATÓ,nincs nyitott kapu,M5.3-EGY-01,M5.3-EGY-01,elsődleges,M5,M5.3,other,h5p-interaction,legyártandó,specifikáció kész,,nincs kimondva,,Dialog Cards Leitner-pakli (Repetition mód) – akadálymentes interaktív elem,"02 Tervezet/Modulok/M5/Online leckék/M5.3 – Hogyan tanulunk tényleg – Gyakorlás, aktív felidézés, időben elosztott gyakorlás.md"
B0,BATCH 0 — MOST GYÁRTHATÓ,nincs nyitott kapu,M5.3-IKO-01,M5.3-IKO-01,elsődleges,M5,M5.3,icon-set,,legyártandó,specifikáció kész,,nincs kimondva,,"Három kulcsfogalom ikon-trió (gyakorlás, aktív felidézés, időben elosztott gyakorlás)","02 Tervezet/Modulok/M5/Online leckék/M5.3 – Hogyan tanulunk tényleg – Gyakorlás, aktív felidézés, időben elosztott gyakorlás.md"
B0,BATCH 0 — MOST GYÁRTHATÓ,nincs nyitott kapu,M5.3-IKO-01::ALTTEXT,M5.3-IKO-01,alt-szöveg,M5,M5.3,icon-set,,legyártandó,specifikáció kész,,nincs kimondva,,"Három kulcsfogalom ikon-trió (gyakorlás, aktív felidézés, időben elosztott gyakorlás) — alt-szöveg","02 Tervezet/Modulok/M5/Online leckék/M5.3 – Hogyan tanulunk tényleg – Gyakorlás, aktív felidézés, időben elosztott gyakorlás.md"
B0,BATCH 0 — MOST GYÁRTHATÓ,nincs nyitott kapu,M5.3-ILL-01,M5.3-ILL-01,elsődleges,M5,M5.3,illustration,,legyártandó,specifikáció kész,,nincs kimondva,,Két tanulási történet – A vs. B szembeállítás (Hook),"02 Tervezet/Modulok/M5/Online leckék/M5.3 – Hogyan tanulunk tényleg – Gyakorlás, aktív felidézés, időben elosztott gyakorlás.md"
B0,BATCH 0 — MOST GYÁRTHATÓ,nincs nyitott kapu,M5.3-ILL-01::ALTTEXT,M5.3-ILL-01,alt-szöveg,M5,M5.3,illustration,,legyártandó,specifikáció kész,,nincs kimondva,,Két tanulási történet – A vs. B szembeállítás (Hook) — alt-szöveg,"02 Tervezet/Modulok/M5/Online leckék/M5.3 – Hogyan tanulunk tényleg – Gyakorlás, aktív felidézés, időben elosztott gyakorlás.md"
B0,BATCH 0 — MOST GYÁRTHATÓ,nincs nyitott kapu,M5.3-ILL-02,M5.3-ILL-02,elsődleges,M5,M5.3,illustration,,legyártandó,specifikáció kész,,nincs kimondva,,Somer-példák a három fogalomra – három mini-jelenet,"02 Tervezet/Modulok/M5/Online leckék/M5.3 – Hogyan tanulunk tényleg – Gyakorlás, aktív felidézés, időben elosztott gyakorlás.md"
B0,BATCH 0 — MOST GYÁRTHATÓ,nincs nyitott kapu,M5.3-ILL-02::ALTTEXT,M5.3-ILL-02,alt-szöveg,M5,M5.3,illustration,,legyártandó,specifikáció kész,,nincs kimondva,,Somer-példák a három fogalomra – három mini-jelenet — alt-szöveg,"02 Tervezet/Modulok/M5/Online leckék/M5.3 – Hogyan tanulunk tényleg – Gyakorlás, aktív felidézés, időben elosztott gyakorlás.md"
B0,BATCH 0 — MOST GYÁRTHATÓ,nincs nyitott kapu,M5.4-ILL-01,M5.4-ILL-01,elsődleges,M5,M5.4,illustration,,legyártandó,specifikáció kész,,nincs kimondva,,Minta-táblázat kártya-nézet (mobilbarát) – 3 helyzet blokk,02 Tervezet/Modulok/M5/Online leckék/M5.4 – Cél–kvuca–módszer mini-táblázat – saját adatbázisod madrihként.md
B0,BATCH 0 — MOST GYÁRTHATÓ,nincs nyitott kapu,M5.4-ILL-01::ALTTEXT,M5.4-ILL-01,alt-szöveg,M5,M5.4,illustration,,legyártandó,specifikáció kész,,nincs kimondva,,Minta-táblázat kártya-nézet (mobilbarát) – 3 helyzet blokk — alt-szöveg,02 Tervezet/Modulok/M5/Online leckék/M5.4 – Cél–kvuca–módszer mini-táblázat – saját adatbázisod madrihként.md
B0,BATCH 0 — MOST GYÁRTHATÓ,nincs nyitott kapu,M5.4-MUNK-01,M5.4-MUNK-01,elsődleges,M5,M5.4,worksheet,,legyártandó,specifikáció kész,,nincs kimondva,,Letölthető „Feladat–kvuca–módszer + tanulástan” kitölthető sablon (doc / sheet),02 Tervezet/Modulok/M5/Online leckék/M5.4 – Cél–kvuca–módszer mini-táblázat – saját adatbázisod madrihként.md
B0,BATCH 0 — MOST GYÁRTHATÓ,nincs nyitott kapu,M5.4-MUNK-01::PRINTPDF,M5.4-MUNK-01,nyomtatható PDF,M5,M5.4,worksheet,,legyártandó,specifikáció kész,,nincs kimondva,,Letölthető „Feladat–kvuca–módszer + tanulástan” kitölthető sablon (doc / sheet) — nyomtatható PDF,02 Tervezet/Modulok/M5/Online leckék/M5.4 – Cél–kvuca–módszer mini-táblázat – saját adatbázisod madrihként.md
B0,BATCH 0 — MOST GYÁRTHATÓ,nincs nyitott kapu,M5.A-KART-01,M5.A-KART-01,elsődleges,M5,M5.A,card-set,,legyártandó,specifikáció kész,,nincs kimondva,,"12 helyzetkártya – kétoldalas szett (front: sztori, hátlap: címke)","02 Tervezet/Modulok/M5/Peulák/M5.A – Suli, Somer vagy random – Hol tanulunk és hogyan.md"
B0,BATCH 0 — MOST GYÁRTHATÓ,nincs nyitott kapu,M5.A-KART-01::PRINTPDF,M5.A-KART-01,nyomtatható PDF,M5,M5.A,card-set,,legyártandó,specifikáció kész,,nincs kimondva,,"12 helyzetkártya – kétoldalas szett (front: sztori, hátlap: címke) — nyomtatható PDF","02 Tervezet/Modulok/M5/Peulák/M5.A – Suli, Somer vagy random – Hol tanulunk és hogyan.md"
B0,BATCH 0 — MOST GYÁRTHATÓ,nincs nyitott kapu,M5.A-MUNK-01,M5.A-MUNK-01,elsődleges,M5,M5.A,worksheet,,legyártandó,specifikáció kész,,nincs kimondva,,Poszter-sablon: 4 mezős „átöltöztetés” mini-táblázat,"02 Tervezet/Modulok/M5/Peulák/M5.A – Suli, Somer vagy random – Hol tanulunk és hogyan.md"
B0,BATCH 0 — MOST GYÁRTHATÓ,nincs nyitott kapu,M5.A-MUNK-01::PRINTPDF,M5.A-MUNK-01,nyomtatható PDF,M5,M5.A,worksheet,,legyártandó,specifikáció kész,,nincs kimondva,,Poszter-sablon: 4 mezős „átöltöztetés” mini-táblázat — nyomtatható PDF,"02 Tervezet/Modulok/M5/Peulák/M5.A – Suli, Somer vagy random – Hol tanulunk és hogyan.md"
B0,BATCH 0 — MOST GYÁRTHATÓ,nincs nyitott kapu,M5.A-MUNK-02,M5.A-MUNK-02,elsődleges,M5,M5.A,worksheet,,legyártandó,specifikáció kész,,nincs kimondva,,Flipchart-sablon: „Feladat / Cél → Kvuca → Módszer” lánc,"02 Tervezet/Modulok/M5/Peulák/M5.A – Suli, Somer vagy random – Hol tanulunk és hogyan.md"
B0,BATCH 0 — MOST GYÁRTHATÓ,nincs nyitott kapu,M5.A-MUNK-02::PRINTPDF,M5.A-MUNK-02,nyomtatható PDF,M5,M5.A,worksheet,,legyártandó,specifikáció kész,,nincs kimondva,,Flipchart-sablon: „Feladat / Cél → Kvuca → Módszer” lánc — nyomtatható PDF,"02 Tervezet/Modulok/M5/Peulák/M5.A – Suli, Somer vagy random – Hol tanulunk és hogyan.md"
B0,BATCH 0 — MOST GYÁRTHATÓ,nincs nyitott kapu,M5.A-POSZ-01,M5.A-POSZ-01,elsődleges,M5,M5.A,poster,,legyártandó,specifikáció kész,,fekete-fehér is elég,,3 sarok-felirat: SULI / SOMER / HÉTKÖZNAPOK,"02 Tervezet/Modulok/M5/Peulák/M5.A – Suli, Somer vagy random – Hol tanulunk és hogyan.md"
B0,BATCH 0 — MOST GYÁRTHATÓ,nincs nyitott kapu,M5.A-POSZ-01::PRINTPDF,M5.A-POSZ-01,nyomtatható PDF,M5,M5.A,poster,,legyártandó,specifikáció kész,,fekete-fehér is elég,,3 sarok-felirat: SULI / SOMER / HÉTKÖZNAPOK — nyomtatható PDF,"02 Tervezet/Modulok/M5/Peulák/M5.A – Suli, Somer vagy random – Hol tanulunk és hogyan.md"
B0,BATCH 0 — MOST GYÁRTHATÓ,nincs nyitott kapu,M5.B-KART-01,M5.B-KART-01,elsődleges,M5,M5.B,card-set,,legyártandó,specifikáció kész,,nincs kimondva,poszter,Indítósor-kártyaszett (6-8 db kész táblázat-sor),02 Tervezet/Modulok/M5/Peulák/M5.B – Tervezek egy nonformális peula-részletet – hogy tényleg tanuljunk is.md
B0,BATCH 0 — MOST GYÁRTHATÓ,nincs nyitott kapu,M5.B-KART-01::PRINTPDF,M5.B-KART-01,nyomtatható PDF,M5,M5.B,card-set,,legyártandó,specifikáció kész,,nincs kimondva,poszter,Indítósor-kártyaszett (6-8 db kész táblázat-sor) — nyomtatható PDF,02 Tervezet/Modulok/M5/Peulák/M5.B – Tervezek egy nonformális peula-részletet – hogy tényleg tanuljunk is.md
B0,BATCH 0 — MOST GYÁRTHATÓ,nincs nyitott kapu,M5.B-KART-02,M5.B-KART-02,elsődleges,M5,M5.B,card-set,,legyártandó,specifikáció kész,,nincs kimondva,,Élő kvíz – képzői állítás-kártyák (5 db igaz/hamis + súgó),02 Tervezet/Modulok/M5/Peulák/M5.B – Tervezek egy nonformális peula-részletet – hogy tényleg tanuljunk is.md
B0,BATCH 0 — MOST GYÁRTHATÓ,nincs nyitott kapu,M5.B-KART-02::PRINTPDF,M5.B-KART-02,nyomtatható PDF,M5,M5.B,card-set,,legyártandó,specifikáció kész,,nincs kimondva,,Élő kvíz – képzői állítás-kártyák (5 db igaz/hamis + súgó) — nyomtatható PDF,02 Tervezet/Modulok/M5/Peulák/M5.B – Tervezek egy nonformális peula-részletet – hogy tényleg tanuljunk is.md
B0,BATCH 0 — MOST GYÁRTHATÓ,nincs nyitott kapu,M5.B-MUNK-01,M5.B-MUNK-01,elsődleges,M5,M5.B,worksheet,,legyártandó,specifikáció kész,,nincs kimondva,,A3 / flipchart üres vázlatlap (3-4 blokkos peula-részlet),02 Tervezet/Modulok/M5/Peulák/M5.B – Tervezek egy nonformális peula-részletet – hogy tényleg tanuljunk is.md
B0,BATCH 0 — MOST GYÁRTHATÓ,nincs nyitott kapu,M5.B-MUNK-01::PRINTPDF,M5.B-MUNK-01,nyomtatható PDF,M5,M5.B,worksheet,,legyártandó,specifikáció kész,,nincs kimondva,,A3 / flipchart üres vázlatlap (3-4 blokkos peula-részlet) — nyomtatható PDF,02 Tervezet/Modulok/M5/Peulák/M5.B – Tervezek egy nonformális peula-részletet – hogy tényleg tanuljunk is.md
B0,BATCH 0 — MOST GYÁRTHATÓ,nincs nyitott kapu,M5.B-MUNK-02,M5.B-MUNK-02,elsődleges,M5,M5.B,worksheet,,legyártandó,specifikáció kész,,nincs kimondva,,"Mintatáblázat – „Cél–kvuca–módszer"" (2-3 db tartalék)",02 Tervezet/Modulok/M5/Peulák/M5.B – Tervezek egy nonformális peula-részletet – hogy tényleg tanuljunk is.md
B0,BATCH 0 — MOST GYÁRTHATÓ,nincs nyitott kapu,M5.B-MUNK-02::PRINTPDF,M5.B-MUNK-02,nyomtatható PDF,M5,M5.B,worksheet,,legyártandó,specifikáció kész,,nincs kimondva,,"Mintatáblázat – „Cél–kvuca–módszer"" (2-3 db tartalék) — nyomtatható PDF",02 Tervezet/Modulok/M5/Peulák/M5.B – Tervezek egy nonformális peula-részletet – hogy tényleg tanuljunk is.md
B0,BATCH 0 — MOST GYÁRTHATÓ,nincs nyitott kapu,M5.B-MUNK-03,M5.B-MUNK-03,elsődleges,M5,M5.B,worksheet,,legyártandó,specifikáció kész,,nincs kimondva,,Tábla/flipchart sablonlap – kulcsszó-panel + javasolt tervezési struktúra,02 Tervezet/Modulok/M5/Peulák/M5.B – Tervezek egy nonformális peula-részletet – hogy tényleg tanuljunk is.md
B0,BATCH 0 — MOST GYÁRTHATÓ,nincs nyitott kapu,M5.B-MUNK-03::PRINTPDF,M5.B-MUNK-03,nyomtatható PDF,M5,M5.B,worksheet,,legyártandó,specifikáció kész,,nincs kimondva,,Tábla/flipchart sablonlap – kulcsszó-panel + javasolt tervezési struktúra — nyomtatható PDF,02 Tervezet/Modulok/M5/Peulák/M5.B – Tervezek egy nonformális peula-részletet – hogy tényleg tanuljunk is.md
B0,BATCH 0 — MOST GYÁRTHATÓ,nincs nyitott kapu,M5.F-MUNK-01,M5.F-MUNK-01,elsődleges,M5,M5.F,worksheet,,legyártandó,specifikáció kész,,nincs kimondva,,Jegyzetlap – „1 gondolat / 1 kérdés leckénként” (L1–L4),"02 Tervezet/Modulok/M5/Peulák/M5.F – Felzárkóztató peula – Suli, Somer & tanulástan (Study Lab).md"
B0,BATCH 0 — MOST GYÁRTHATÓ,nincs nyitott kapu,M5.F-MUNK-01::PRINTPDF,M5.F-MUNK-01,nyomtatható PDF,M5,M5.F,worksheet,,legyártandó,specifikáció kész,,nincs kimondva,,Jegyzetlap – „1 gondolat / 1 kérdés leckénként” (L1–L4) — nyomtatható PDF,"02 Tervezet/Modulok/M5/Peulák/M5.F – Felzárkóztató peula – Suli, Somer & tanulástan (Study Lab).md"
B0,BATCH 0 — MOST GYÁRTHATÓ,nincs nyitott kapu,M5.F-POSZ-01,M5.F-POSZ-01,elsődleges,M5,M5.F,poster,,legyártandó,specifikáció kész,,nincs kimondva,,Tájékozódó tábla – M5 leckelista + név nélküli témakérések,"02 Tervezet/Modulok/M5/Peulák/M5.F – Felzárkóztató peula – Suli, Somer & tanulástan (Study Lab).md"
B0,BATCH 0 — MOST GYÁRTHATÓ,nincs nyitott kapu,M5.F-POSZ-01::PRINTPDF,M5.F-POSZ-01,nyomtatható PDF,M5,M5.F,poster,,legyártandó,specifikáció kész,,nincs kimondva,,Tájékozódó tábla – M5 leckelista + név nélküli témakérések — nyomtatható PDF,"02 Tervezet/Modulok/M5/Peulák/M5.F – Felzárkóztató peula – Suli, Somer & tanulástan (Study Lab).md"
B0,BATCH 0 — MOST GYÁRTHATÓ,nincs nyitott kapu,M5.F-POSZ-02,M5.F-POSZ-02,elsődleges,M5,M5.F,poster,,legyártandó,specifikáció kész,,nincs kimondva,,Fogalom-térkép flipchart-sablon – 3 nagy rész + nyilak,"02 Tervezet/Modulok/M5/Peulák/M5.F – Felzárkóztató peula – Suli, Somer & tanulástan (Study Lab).md"
B0,BATCH 0 — MOST GYÁRTHATÓ,nincs nyitott kapu,M5.F-POSZ-02::PRINTPDF,M5.F-POSZ-02,nyomtatható PDF,M5,M5.F,poster,,legyártandó,specifikáció kész,,nincs kimondva,,Fogalom-térkép flipchart-sablon – 3 nagy rész + nyilak — nyomtatható PDF,"02 Tervezet/Modulok/M5/Peulák/M5.F – Felzárkóztató peula – Suli, Somer & tanulástan (Study Lab).md"
B0,BATCH 0 — MOST GYÁRTHATÓ,nincs nyitott kapu,M6.1-DIA-01,M6.1-DIA-01,elsődleges,M6,M6.1,diagram,,legyártandó,specifikáció kész,,nincs kimondva,,Korosztály-táblázat – 3 aktuális kvuca-korosztály (tartalmi ábra),02 Tervezet/Modulok/M6/Online leckék/M6.1 – Játék-kategóriák 3 aktuális kvucára.md
B0,BATCH 0 — MOST GYÁRTHATÓ,nincs nyitott kapu,M6.1-DIA-01::ALTTEXT,M6.1-DIA-01,alt-szöveg,M6,M6.1,diagram,,legyártandó,specifikáció kész,,nincs kimondva,,Korosztály-táblázat – 3 aktuális kvuca-korosztály (tartalmi ábra) — alt-szöveg,02 Tervezet/Modulok/M6/Online leckék/M6.1 – Játék-kategóriák 3 aktuális kvucára.md
B0,BATCH 0 — MOST GYÁRTHATÓ,nincs nyitott kapu,M6.1-EGY-01,M6.1-EGY-01,elsődleges,M6,M6.1,other,ui-text,legyártandó,specifikáció kész,,nincs kimondva,,AI-provenance ember-olvasható sor (lecke alján/dián),02 Tervezet/Modulok/M6/Online leckék/M6.1 – Játék-kategóriák 3 aktuális kvucára.md
B0,BATCH 0 — MOST GYÁRTHATÓ,nincs nyitott kapu,M6.1-EGY-02,M6.1-EGY-02,elsődleges,M6,M6.1,other,h5p-interaction,legyártandó,specifikáció kész,,nincs kimondva,h5p,Single Choice – önreflexió: „mi alapján döntesz?”,02 Tervezet/Modulok/M6/Online leckék/M6.1 – Játék-kategóriák 3 aktuális kvucára.md
B0,BATCH 0 — MOST GYÁRTHATÓ,nincs nyitott kapu,M6.1-EGY-03,M6.1-EGY-03,elsődleges,M6,M6.1,other,h5p-interaction,legyártandó,specifikáció kész,,nincs kimondva,,Single Choice – „Névkör labdával” korosztály,02 Tervezet/Modulok/M6/Online leckék/M6.1 – Játék-kategóriák 3 aktuális kvucára.md
B0,BATCH 0 — MOST GYÁRTHATÓ,nincs nyitott kapu,M6.1-EGY-04,M6.1-EGY-04,elsődleges,M6,M6.1,other,h5p-interaction,legyártandó,specifikáció kész,,nincs kimondva,,Single Choice – Kivsza (10–12) bizalomjáték forma,02 Tervezet/Modulok/M6/Online leckék/M6.1 – Játék-kategóriák 3 aktuális kvucára.md
B0,BATCH 0 — MOST GYÁRTHATÓ,nincs nyitott kapu,M6.1-EGY-05,M6.1-EGY-05,elsődleges,M6,M6.1,other,h5p-interaction,legyártandó,specifikáció kész,,nincs kimondva,,Szabad szöveges kérdés – kockázat bizalomjátékban,02 Tervezet/Modulok/M6/Online leckék/M6.1 – Játék-kategóriák 3 aktuális kvucára.md
B0,BATCH 0 — MOST GYÁRTHATÓ,nincs nyitott kapu,M6.1-EGY-06,M6.1-EGY-06,elsődleges,M6,M6.1,other,h5p-interaction,legyártandó,specifikáció kész,,nincs kimondva,,Single Choice – Parparim 6–9 reflexiós vs. mély,02 Tervezet/Modulok/M6/Online leckék/M6.1 – Játék-kategóriák 3 aktuális kvucára.md
B0,BATCH 0 — MOST GYÁRTHATÓ,nincs nyitott kapu,M6.1-EGY-07,M6.1-EGY-07,elsődleges,M6,M6.1,other,h5p-interaction,legyártandó,specifikáció kész,,nincs kimondva,,Single Choice – Szitu 1 korosztály-választás,02 Tervezet/Modulok/M6/Online leckék/M6.1 – Játék-kategóriák 3 aktuális kvucára.md
B0,BATCH 0 — MOST GYÁRTHATÓ,nincs nyitott kapu,M6.1-EGY-08,M6.1-EGY-08,elsődleges,M6,M6.1,other,h5p-interaction,legyártandó,specifikáció kész,,nincs kimondva,,Szabad szöveges kérdés – Szitu 2 futkosós energizer kockázata + biztonsági keret,02 Tervezet/Modulok/M6/Online leckék/M6.1 – Játék-kategóriák 3 aktuális kvucára.md
B0,BATCH 0 — MOST GYÁRTHATÓ,nincs nyitott kapu,M6.1-EGY-09,M6.1-EGY-09,elsődleges,M6,M6.1,other,h5p-interaction,legyártandó,specifikáció kész,,nincs kimondva,,Single Choice – miért hasznos kategóriákban gondolkodni,02 Tervezet/Modulok/M6/Online leckék/M6.1 – Játék-kategóriák 3 aktuális kvucára.md
B0,BATCH 0 — MOST GYÁRTHATÓ,nincs nyitott kapu,M6.1-EGY-10,M6.1-EGY-10,elsődleges,M6,M6.1,other,h5p-interaction,legyártandó,specifikáció kész,,nincs kimondva,,Single Choice – mikor ne hozz mély élményjátékot,02 Tervezet/Modulok/M6/Online leckék/M6.1 – Játék-kategóriák 3 aktuális kvucára.md
B0,BATCH 0 — MOST GYÁRTHATÓ,nincs nyitott kapu,M6.1-EGY-11,M6.1-EGY-11,elsődleges,M6,M6.1,other,h5p-interaction,legyártandó,specifikáció kész,,nincs kimondva,,Szabad szöveges mező – záró mini-reflexió (kedvenc játék + kockázat),02 Tervezet/Modulok/M6/Online leckék/M6.1 – Játék-kategóriák 3 aktuális kvucára.md
B0,BATCH 0 — MOST GYÁRTHATÓ,nincs nyitott kapu,M6.1-IKO-01,M6.1-IKO-01,elsődleges,M6,M6.1,icon-set,,legyártandó,specifikáció kész,,nincs kimondva,,Játék-kategória ikonok – 5 kategória,02 Tervezet/Modulok/M6/Online leckék/M6.1 – Játék-kategóriák 3 aktuális kvucára.md
B0,BATCH 0 — MOST GYÁRTHATÓ,nincs nyitott kapu,M6.1-IKO-01::ALTTEXT,M6.1-IKO-01,alt-szöveg,M6,M6.1,icon-set,,legyártandó,specifikáció kész,,nincs kimondva,,Játék-kategória ikonok – 5 kategória — alt-szöveg,02 Tervezet/Modulok/M6/Online leckék/M6.1 – Játék-kategóriák 3 aktuális kvucára.md
B0,BATCH 0 — MOST GYÁRTHATÓ,nincs nyitott kapu,M6.1-ILL-01,M6.1-ILL-01,elsődleges,M6,M6.1,illustration,,legyártandó,specifikáció kész,,nincs kimondva,,Kategória-kártyák 1 – ismerkedős + energizer (2 kártya),02 Tervezet/Modulok/M6/Online leckék/M6.1 – Játék-kategóriák 3 aktuális kvucára.md
B0,BATCH 0 — MOST GYÁRTHATÓ,nincs nyitott kapu,M6.1-ILL-01::ALTTEXT,M6.1-ILL-01,alt-szöveg,M6,M6.1,illustration,,legyártandó,specifikáció kész,,nincs kimondva,,Kategória-kártyák 1 – ismerkedős + energizer (2 kártya) — alt-szöveg,02 Tervezet/Modulok/M6/Online leckék/M6.1 – Játék-kategóriák 3 aktuális kvucára.md
B0,BATCH 0 — MOST GYÁRTHATÓ,nincs nyitott kapu,M6.1-ILL-02,M6.1-ILL-02,elsődleges,M6,M6.1,illustration,,legyártandó,specifikáció kész,,nincs kimondva,,Kategória-kártya 2 – bizalomjáték „Csukott szemű vezetés”,02 Tervezet/Modulok/M6/Online leckék/M6.1 – Játék-kategóriák 3 aktuális kvucára.md
B0,BATCH 0 — MOST GYÁRTHATÓ,nincs nyitott kapu,M6.1-ILL-02::ALTTEXT,M6.1-ILL-02,alt-szöveg,M6,M6.1,illustration,,legyártandó,specifikáció kész,,nincs kimondva,,Kategória-kártya 2 – bizalomjáték „Csukott szemű vezetés” — alt-szöveg,02 Tervezet/Modulok/M6/Online leckék/M6.1 – Játék-kategóriák 3 aktuális kvucára.md
B0,BATCH 0 — MOST GYÁRTHATÓ,nincs nyitott kapu,M6.1-ILL-03,M6.1-ILL-03,elsődleges,M6,M6.1,illustration,,legyártandó,specifikáció kész,,nincs kimondva,,Kategória-kártya 3 – reflexiós vs. mély élmény (2 minisztori),02 Tervezet/Modulok/M6/Online leckék/M6.1 – Játék-kategóriák 3 aktuális kvucára.md
B0,BATCH 0 — MOST GYÁRTHATÓ,nincs nyitott kapu,M6.1-ILL-03::ALTTEXT,M6.1-ILL-03,alt-szöveg,M6,M6.1,illustration,,legyártandó,specifikáció kész,,nincs kimondva,,Kategória-kártya 3 – reflexiós vs. mély élmény (2 minisztori) — alt-szöveg,02 Tervezet/Modulok/M6/Online leckék/M6.1 – Játék-kategóriák 3 aktuális kvucára.md
B0,BATCH 0 — MOST GYÁRTHATÓ,nincs nyitott kapu,M6.2-DIA-01,M6.2-DIA-01,elsődleges,M6,M6.2,diagram,,legyártandó,specifikáció kész,,nincs kimondva,,Kétoszlopos „Oké / Figyelj rá” táblázat-ábra,"02 Tervezet/Modulok/M6/Online leckék/M6.2 – Történet, mint tükör.md"
B0,BATCH 0 — MOST GYÁRTHATÓ,nincs nyitott kapu,M6.2-DIA-01::ALTTEXT,M6.2-DIA-01,alt-szöveg,M6,M6.2,diagram,,legyártandó,specifikáció kész,,nincs kimondva,,Kétoszlopos „Oké / Figyelj rá” táblázat-ábra — alt-szöveg,"02 Tervezet/Modulok/M6/Online leckék/M6.2 – Történet, mint tükör.md"
B0,BATCH 0 — MOST GYÁRTHATÓ,nincs nyitott kapu,M6.2-IKO-01,M6.2-IKO-01,elsődleges,M6,M6.2,icon-set,,legyártandó,specifikáció kész,,nincs kimondva,ikon,"Tartalmi ikonok – „Miért mesélünk?” (szív, tükör, kérdőjel)","02 Tervezet/Modulok/M6/Online leckék/M6.2 – Történet, mint tükör.md"
B0,BATCH 0 — MOST GYÁRTHATÓ,nincs nyitott kapu,M6.2-IKO-01::ALTTEXT,M6.2-IKO-01,alt-szöveg,M6,M6.2,icon-set,,legyártandó,specifikáció kész,,nincs kimondva,ikon,"Tartalmi ikonok – „Miért mesélünk?” (szív, tükör, kérdőjel) — alt-szöveg","02 Tervezet/Modulok/M6/Online leckék/M6.2 – Történet, mint tükör.md"
B0,BATCH 0 — MOST GYÁRTHATÓ,nincs nyitott kapu,M6.3-DIA-01,M6.3-DIA-01,elsődleges,M6,M6.3,diagram,,legyártandó,specifikáció kész,,nincs kimondva,,Három-kérdés keret – ikon/box diagram (Cél–Inkluzivitás–Variációk),"02 Tervezet/Modulok/M6/Online leckék/M6.3 – Kézműves, ami tanít is.md"
B0,BATCH 0 — MOST GYÁRTHATÓ,nincs nyitott kapu,M6.3-DIA-01::ALTTEXT,M6.3-DIA-01,alt-szöveg,M6,M6.3,diagram,,legyártandó,specifikáció kész,,nincs kimondva,,Három-kérdés keret – ikon/box diagram (Cél–Inkluzivitás–Variációk) — alt-szöveg,"02 Tervezet/Modulok/M6/Online leckék/M6.3 – Kézműves, ami tanít is.md"
B0,BATCH 0 — MOST GYÁRTHATÓ,nincs nyitott kapu,M6.3-FOTO-01,M6.3-FOTO-01,elsődleges,M6,M6.3,illustration,,legyártandó,specifikáció kész,,nincs kimondva,,HOOK – Unottan színezgető gyerekek (bal kép),"02 Tervezet/Modulok/M6/Online leckék/M6.3 – Kézműves, ami tanít is.md"
B0,BATCH 0 — MOST GYÁRTHATÓ,nincs nyitott kapu,M6.3-FOTO-01::ALTTEXT,M6.3-FOTO-01,alt-szöveg,M6,M6.3,illustration,,legyártandó,specifikáció kész,,nincs kimondva,,HOOK – Unottan színezgető gyerekek (bal kép) — alt-szöveg,"02 Tervezet/Modulok/M6/Online leckék/M6.3 – Kézműves, ami tanít is.md"
B0,BATCH 0 — MOST GYÁRTHATÓ,nincs nyitott kapu,M6.3-FOTO-03,M6.3-FOTO-03,elsődleges,M6,M6.3,illustration,,legyártandó,specifikáció kész,,nincs kimondva,,Közös kvuca-plakát – sok kéz dolgozik rajta,"02 Tervezet/Modulok/M6/Online leckék/M6.3 – Kézműves, ami tanít is.md"
B0,BATCH 0 — MOST GYÁRTHATÓ,nincs nyitott kapu,M6.3-FOTO-03::ALTTEXT,M6.3-FOTO-03,alt-szöveg,M6,M6.3,illustration,,legyártandó,specifikáció kész,,nincs kimondva,,Közös kvuca-plakát – sok kéz dolgozik rajta — alt-szöveg,"02 Tervezet/Modulok/M6/Online leckék/M6.3 – Kézműves, ami tanít is.md"
B0,BATCH 0 — MOST GYÁRTHATÓ,nincs nyitott kapu,M6.3-FOTO-04,M6.3-FOTO-04,elsődleges,M6,M6.3,illustration,,legyártandó,specifikáció kész,,nincs kimondva,,Személyes szimbólum-karkötő – gyöngyfűzés,"02 Tervezet/Modulok/M6/Online leckék/M6.3 – Kézműves, ami tanít is.md"
B0,BATCH 0 — MOST GYÁRTHATÓ,nincs nyitott kapu,M6.3-FOTO-04::ALTTEXT,M6.3-FOTO-04,alt-szöveg,M6,M6.3,illustration,,legyártandó,specifikáció kész,,nincs kimondva,,Személyes szimbólum-karkötő – gyöngyfűzés — alt-szöveg,"02 Tervezet/Modulok/M6/Online leckék/M6.3 – Kézműves, ami tanít is.md"
B0,BATCH 0 — MOST GYÁRTHATÓ,nincs nyitott kapu,M6.3-FOTO-05,M6.3-FOTO-05,elsődleges,M6,M6.3,illustration,,legyártandó,specifikáció kész,,nincs kimondva,,Kvuca-zászló – közös festés,"02 Tervezet/Modulok/M6/Online leckék/M6.3 – Kézműves, ami tanít is.md"
B0,BATCH 0 — MOST GYÁRTHATÓ,nincs nyitott kapu,M6.3-FOTO-05::ALTTEXT,M6.3-FOTO-05,alt-szöveg,M6,M6.3,illustration,,legyártandó,specifikáció kész,,nincs kimondva,,Kvuca-zászló – közös festés — alt-szöveg,"02 Tervezet/Modulok/M6/Online leckék/M6.3 – Kézműves, ami tanít is.md"
B0,BATCH 0 — MOST GYÁRTHATÓ,nincs nyitott kapu,M6.3-IKO-01,M6.3-IKO-01,elsődleges,M6,M6.3,icon-set,,legyártandó,specifikáció kész,,nincs kimondva,,Ikon-készlet – Cél / Inkluzivitás / Variációk,"02 Tervezet/Modulok/M6/Online leckék/M6.3 – Kézműves, ami tanít is.md"
B0,BATCH 0 — MOST GYÁRTHATÓ,nincs nyitott kapu,M6.4-IKO-01,M6.4-IKO-01,elsődleges,M6,M6.4,icon-set,,legyártandó,specifikáció kész,,színfüggő,,Szcenárió- és visszajelzés-szekció ikonkészlet (9 szemantikus jelölő),02 Tervezet/Modulok/M6/Online leckék/M6.4 – Döntési szcenáriók – mit választanál.md
B0,BATCH 0 — MOST GYÁRTHATÓ,nincs nyitott kapu,M6.4-IKO-01::ALTTEXT,M6.4-IKO-01,alt-szöveg,M6,M6.4,icon-set,,legyártandó,specifikáció kész,,színfüggő,,Szcenárió- és visszajelzés-szekció ikonkészlet (9 szemantikus jelölő) — alt-szöveg,02 Tervezet/Modulok/M6/Online leckék/M6.4 – Döntési szcenáriók – mit választanál.md
B0,BATCH 0 — MOST GYÁRTHATÓ,nincs nyitott kapu,M6.A-MUNK-01,M6.A-MUNK-01,elsődleges,M6,M6.A,worksheet,,legyártandó,specifikáció kész,,nincs kimondva,,"Kilépőkártya – „1 játék, amiről játéklapot készítenél”",02 Tervezet/Modulok/M6/Peulák/M6.A – Peula – Játék-labor 3 aktuális kvucára (45’).md
B0,BATCH 0 — MOST GYÁRTHATÓ,nincs nyitott kapu,M6.A-MUNK-01::PRINTPDF,M6.A-MUNK-01,nyomtatható PDF,M6,M6.A,worksheet,,legyártandó,specifikáció kész,,nincs kimondva,,"Kilépőkártya – „1 játék, amiről játéklapot készítenél” — nyomtatható PDF",02 Tervezet/Modulok/M6/Peulák/M6.A – Peula – Játék-labor 3 aktuális kvucára (45’).md
B0,BATCH 0 — MOST GYÁRTHATÓ,nincs nyitott kapu,M6.A-MUNK-02,M6.A-MUNK-02,elsődleges,M6,M6.A,worksheet,,legyártandó,specifikáció kész,,nincs kimondva,,Képzői ellenőrző lista – „Játék-labor 3 aktuális kvucára” (1 oldalas gyorssegédlet),02 Tervezet/Modulok/M6/Peulák/M6.A – Peula – Játék-labor 3 aktuális kvucára (45’).md
B0,BATCH 0 — MOST GYÁRTHATÓ,nincs nyitott kapu,M6.A-MUNK-02::PRINTPDF,M6.A-MUNK-02,nyomtatható PDF,M6,M6.A,worksheet,,legyártandó,specifikáció kész,,nincs kimondva,,Képzői ellenőrző lista – „Játék-labor 3 aktuális kvucára” (1 oldalas gyorssegédlet) — nyomtatható PDF,02 Tervezet/Modulok/M6/Peulák/M6.A – Peula – Játék-labor 3 aktuális kvucára (45’).md
B0,BATCH 0 — MOST GYÁRTHATÓ,nincs nyitott kapu,M6.A-POSZ-01,M6.A-POSZ-01,elsődleges,M6,M6.A,poster,,legyártandó,specifikáció kész,,nincs kimondva,,3 kvuca-sarok korosztály-lapok (szett),02 Tervezet/Modulok/M6/Peulák/M6.A – Peula – Játék-labor 3 aktuális kvucára (45’).md
B0,BATCH 0 — MOST GYÁRTHATÓ,nincs nyitott kapu,M6.A-POSZ-01::PRINTPDF,M6.A-POSZ-01,nyomtatható PDF,M6,M6.A,poster,,legyártandó,specifikáció kész,,nincs kimondva,,3 kvuca-sarok korosztály-lapok (szett) — nyomtatható PDF,02 Tervezet/Modulok/M6/Peulák/M6.A – Peula – Játék-labor 3 aktuális kvucára (45’).md
B0,BATCH 0 — MOST GYÁRTHATÓ,nincs nyitott kapu,M6.A-POSZ-02,M6.A-POSZ-02,elsődleges,M6,M6.A,poster,,legyártandó,specifikáció kész,,nincs kimondva,,CÉL–KVUCA–RIZIKÓ–VARIÁCIÓ mátrix flipchart-sablon,02 Tervezet/Modulok/M6/Peulák/M6.A – Peula – Játék-labor 3 aktuális kvucára (45’).md
B0,BATCH 0 — MOST GYÁRTHATÓ,nincs nyitott kapu,M6.A-POSZ-02::PRINTPDF,M6.A-POSZ-02,nyomtatható PDF,M6,M6.A,poster,,legyártandó,specifikáció kész,,nincs kimondva,,CÉL–KVUCA–RIZIKÓ–VARIÁCIÓ mátrix flipchart-sablon — nyomtatható PDF,02 Tervezet/Modulok/M6/Peulák/M6.A – Peula – Játék-labor 3 aktuális kvucára (45’).md
B0,BATCH 0 — MOST GYÁRTHATÓ,nincs nyitott kapu,M6.A-POSZ-03,M6.A-POSZ-03,elsődleges,M6,M6.A,poster,,legyártandó,specifikáció kész,,nincs kimondva,,Inkluzivitás-elemző tábla-sablon (4 oszlop),02 Tervezet/Modulok/M6/Peulák/M6.A – Peula – Játék-labor 3 aktuális kvucára (45’).md
B0,BATCH 0 — MOST GYÁRTHATÓ,nincs nyitott kapu,M6.A-POSZ-03::PRINTPDF,M6.A-POSZ-03,nyomtatható PDF,M6,M6.A,poster,,legyártandó,specifikáció kész,,nincs kimondva,,Inkluzivitás-elemző tábla-sablon (4 oszlop) — nyomtatható PDF,02 Tervezet/Modulok/M6/Peulák/M6.A – Peula – Játék-labor 3 aktuális kvucára (45’).md
B0,BATCH 0 — MOST GYÁRTHATÓ,nincs nyitott kapu,M6.B-MUNK-01,M6.B-MUNK-01,elsődleges,M6,M6.B,worksheet,,legyártandó,specifikáció kész,,fekete-fehér is elég,,Játéklap-sablon (üres kitölthető munkalap),02 Tervezet/Modulok/M6/Peulák/M6.B – Peula – Játéklap-műhely – saját eszköz tervezése (45’).md
B0,BATCH 0 — MOST GYÁRTHATÓ,nincs nyitott kapu,M6.B-MUNK-01::PRINTPDF,M6.B-MUNK-01,nyomtatható PDF,M6,M6.B,worksheet,,legyártandó,specifikáció kész,,fekete-fehér is elég,,Játéklap-sablon (üres kitölthető munkalap) — nyomtatható PDF,02 Tervezet/Modulok/M6/Peulák/M6.B – Peula – Játéklap-műhely – saját eszköz tervezése (45’).md
B0,BATCH 0 — MOST GYÁRTHATÓ,nincs nyitott kapu,M6.B-MUNK-01::EDITABLE,M6.B-MUNK-01,"szerkeszthető, kitölthető változat",M6,M6.B,worksheet,,legyártandó,specifikáció kész,,fekete-fehér is elég,,"Játéklap-sablon (üres kitölthető munkalap) — szerkeszthető, kitölthető változat",02 Tervezet/Modulok/M6/Peulák/M6.B – Peula – Játéklap-műhely – saját eszköz tervezése (45’).md
B0,BATCH 0 — MOST GYÁRTHATÓ,nincs nyitott kapu,M6.B-MUNK-02,M6.B-MUNK-02,elsődleges,M6,M6.B,worksheet,,legyártandó,specifikáció kész,,fekete-fehér is elég,,Rubrika / minimum-checklista (értékelő lap),02 Tervezet/Modulok/M6/Peulák/M6.B – Peula – Játéklap-műhely – saját eszköz tervezése (45’).md
B0,BATCH 0 — MOST GYÁRTHATÓ,nincs nyitott kapu,M6.B-MUNK-02::PRINTPDF,M6.B-MUNK-02,nyomtatható PDF,M6,M6.B,worksheet,,legyártandó,specifikáció kész,,fekete-fehér is elég,,Rubrika / minimum-checklista (értékelő lap) — nyomtatható PDF,02 Tervezet/Modulok/M6/Peulák/M6.B – Peula – Játéklap-műhely – saját eszköz tervezése (45’).md
B0,BATCH 0 — MOST GYÁRTHATÓ,nincs nyitott kapu,M6.B-MUNK-03,M6.B-MUNK-03,elsődleges,M6,M6.B,worksheet,,legyártandó,specifikáció kész,,fekete-fehér is elég,,Kész minta-játéklap – JÁTÉK példa (képzői mintalap),02 Tervezet/Modulok/M6/Peulák/M6.B – Peula – Játéklap-műhely – saját eszköz tervezése (45’).md
B0,BATCH 0 — MOST GYÁRTHATÓ,nincs nyitott kapu,M6.B-MUNK-03::PRINTPDF,M6.B-MUNK-03,nyomtatható PDF,M6,M6.B,worksheet,,legyártandó,specifikáció kész,,fekete-fehér is elég,,Kész minta-játéklap – JÁTÉK példa (képzői mintalap) — nyomtatható PDF,02 Tervezet/Modulok/M6/Peulák/M6.B – Peula – Játéklap-műhely – saját eszköz tervezése (45’).md
B0,BATCH 0 — MOST GYÁRTHATÓ,nincs nyitott kapu,M6.B-MUNK-04,M6.B-MUNK-04,elsődleges,M6,M6.B,worksheet,,legyártandó,specifikáció kész,,fekete-fehér is elég,,Kész minta-játéklap – TÖRTÉNET példa (képzői mintalap),02 Tervezet/Modulok/M6/Peulák/M6.B – Peula – Játéklap-műhely – saját eszköz tervezése (45’).md
B0,BATCH 0 — MOST GYÁRTHATÓ,nincs nyitott kapu,M6.B-MUNK-04::PRINTPDF,M6.B-MUNK-04,nyomtatható PDF,M6,M6.B,worksheet,,legyártandó,specifikáció kész,,fekete-fehér is elég,,Kész minta-játéklap – TÖRTÉNET példa (képzői mintalap) — nyomtatható PDF,02 Tervezet/Modulok/M6/Peulák/M6.B – Peula – Játéklap-műhely – saját eszköz tervezése (45’).md
B0,BATCH 0 — MOST GYÁRTHATÓ,nincs nyitott kapu,M6.B-MUNK-05,M6.B-MUNK-05,elsődleges,M6,M6.B,worksheet,,legyártandó,specifikáció kész,,fekete-fehér is elég,,Kész minta-játéklap – KÉZMŰVES példa (képzői mintalap),02 Tervezet/Modulok/M6/Peulák/M6.B – Peula – Játéklap-műhely – saját eszköz tervezése (45’).md
B0,BATCH 0 — MOST GYÁRTHATÓ,nincs nyitott kapu,M6.B-MUNK-05::PRINTPDF,M6.B-MUNK-05,nyomtatható PDF,M6,M6.B,worksheet,,legyártandó,specifikáció kész,,fekete-fehér is elég,,Kész minta-játéklap – KÉZMŰVES példa (képzői mintalap) — nyomtatható PDF,02 Tervezet/Modulok/M6/Peulák/M6.B – Peula – Játéklap-műhely – saját eszköz tervezése (45’).md
B0,BATCH 0 — MOST GYÁRTHATÓ,nincs nyitott kapu,M6.B-MUNK-06,M6.B-MUNK-06,elsődleges,M6,M6.B,worksheet,,legyártandó,specifikáció kész,,fekete-fehér is elég,,Képzői ellenőrző lista (1 A4 – peula előtt/közben),02 Tervezet/Modulok/M6/Peulák/M6.B – Peula – Játéklap-műhely – saját eszköz tervezése (45’).md
B0,BATCH 0 — MOST GYÁRTHATÓ,nincs nyitott kapu,M6.B-MUNK-06::PRINTPDF,M6.B-MUNK-06,nyomtatható PDF,M6,M6.B,worksheet,,legyártandó,specifikáció kész,,fekete-fehér is elég,,Képzői ellenőrző lista (1 A4 – peula előtt/közben) — nyomtatható PDF,02 Tervezet/Modulok/M6/Peulák/M6.B – Peula – Játéklap-műhely – saját eszköz tervezése (45’).md
B0,BATCH 0 — MOST GYÁRTHATÓ,nincs nyitott kapu,M6.B-POSZ-01,M6.B-POSZ-01,elsődleges,M6,M6.B,poster,,legyártandó,specifikáció kész,,nincs kimondva,,Produktum-visszajelzés flipchart-sablon (Megfigyelés → Hatás → Következő lépés),02 Tervezet/Modulok/M6/Peulák/M6.B – Peula – Játéklap-műhely – saját eszköz tervezése (45’).md
B0,BATCH 0 — MOST GYÁRTHATÓ,nincs nyitott kapu,M6.B-POSZ-01::PRINTPDF,M6.B-POSZ-01,nyomtatható PDF,M6,M6.B,poster,,legyártandó,specifikáció kész,,nincs kimondva,,Produktum-visszajelzés flipchart-sablon (Megfigyelés → Hatás → Következő lépés) — nyomtatható PDF,02 Tervezet/Modulok/M6/Peulák/M6.B – Peula – Játéklap-műhely – saját eszköz tervezése (45’).md
B0,BATCH 0 — MOST GYÁRTHATÓ,nincs nyitott kapu,M6.F-EGY-01,M6.F-EGY-01,elsődleges,M6,M6.F,print,consumable,külső forrás,specifikáció kész,,nincs kimondva,,Cetli / post-it készlet a név nélküli témakérésekhez (beszerzendő irodaszer),02 Tervezet/Modulok/M6/Peulák/M6.F – Felzárkóztató peula – Eszköztár & játéklap (Study Lab).md
B0,BATCH 0 — MOST GYÁRTHATÓ,nincs nyitott kapu,M6.F-MUNK-01,M6.F-MUNK-01,elsődleges,M6,M6.F,worksheet,,legyártandó,specifikáció kész,,nincs kimondva,,Jegyzetlap – „1 gondolat / 1 kérdés leckénként + játéklap”,02 Tervezet/Modulok/M6/Peulák/M6.F – Felzárkóztató peula – Eszköztár & játéklap (Study Lab).md
B0,BATCH 0 — MOST GYÁRTHATÓ,nincs nyitott kapu,M6.F-MUNK-01::PRINTPDF,M6.F-MUNK-01,nyomtatható PDF,M6,M6.F,worksheet,,legyártandó,specifikáció kész,,nincs kimondva,,Jegyzetlap – „1 gondolat / 1 kérdés leckénként + játéklap” — nyomtatható PDF,02 Tervezet/Modulok/M6/Peulák/M6.F – Felzárkóztató peula – Eszköztár & játéklap (Study Lab).md
B0,BATCH 0 — MOST GYÁRTHATÓ,nincs nyitott kapu,M6.F-MUNK-03,M6.F-MUNK-03,elsődleges,M6,M6.F,worksheet,,legyártandó,specifikáció kész,,nincs kimondva,,"Lecke-összefoglalók M6.1–M6.4 (offline B-terv, 1–1 oldal)",02 Tervezet/Modulok/M6/Peulák/M6.F – Felzárkóztató peula – Eszköztár & játéklap (Study Lab).md
B0,BATCH 0 — MOST GYÁRTHATÓ,nincs nyitott kapu,M6.F-MUNK-03::PRINTPDF,M6.F-MUNK-03,nyomtatható PDF,M6,M6.F,worksheet,,legyártandó,specifikáció kész,,nincs kimondva,,"Lecke-összefoglalók M6.1–M6.4 (offline B-terv, 1–1 oldal) — nyomtatható PDF",02 Tervezet/Modulok/M6/Peulák/M6.F – Felzárkóztató peula – Eszköztár & játéklap (Study Lab).md
B0,BATCH 0 — MOST GYÁRTHATÓ,nincs nyitott kapu,M6.F-MUNK-04,M6.F-MUNK-04,elsődleges,M6,M6.F,worksheet,,legyártandó,specifikáció kész,,nincs kimondva,,Képzői ellenőrző lista – 1 A4 (peula előtt/közben/után),02 Tervezet/Modulok/M6/Peulák/M6.F – Felzárkóztató peula – Eszköztár & játéklap (Study Lab).md
B0,BATCH 0 — MOST GYÁRTHATÓ,nincs nyitott kapu,M6.F-MUNK-04::PRINTPDF,M6.F-MUNK-04,nyomtatható PDF,M6,M6.F,worksheet,,legyártandó,specifikáció kész,,nincs kimondva,,Képzői ellenőrző lista – 1 A4 (peula előtt/közben/után) — nyomtatható PDF,02 Tervezet/Modulok/M6/Peulák/M6.F – Felzárkóztató peula – Eszköztár & játéklap (Study Lab).md
B0,BATCH 0 — MOST GYÁRTHATÓ,nincs nyitott kapu,M6.F-POSZ-01,M6.F-POSZ-01,elsődleges,M6,M6.F,poster,,legyártandó,specifikáció kész,,nincs kimondva,,Tájékozódó tábla – M6 leckelista + játéklap + név nélküli témakérések,02 Tervezet/Modulok/M6/Peulák/M6.F – Felzárkóztató peula – Eszköztár & játéklap (Study Lab).md
B0,BATCH 0 — MOST GYÁRTHATÓ,nincs nyitott kapu,M6.F-POSZ-01::PRINTPDF,M6.F-POSZ-01,nyomtatható PDF,M6,M6.F,poster,,legyártandó,specifikáció kész,,nincs kimondva,,Tájékozódó tábla – M6 leckelista + játéklap + név nélküli témakérések — nyomtatható PDF,02 Tervezet/Modulok/M6/Peulák/M6.F – Felzárkóztató peula – Eszköztár & játéklap (Study Lab).md
B0,BATCH 0 — MOST GYÁRTHATÓ,nincs nyitott kapu,M6.F-POSZ-02,M6.F-POSZ-02,elsődleges,M6,M6.F,poster,,legyártandó,specifikáció kész,,nincs kimondva,,Fogalom-térkép sablon – 5–6 buborék (az eszköztár nagy képe),02 Tervezet/Modulok/M6/Peulák/M6.F – Felzárkóztató peula – Eszköztár & játéklap (Study Lab).md
B0,BATCH 0 — MOST GYÁRTHATÓ,nincs nyitott kapu,M6.F-POSZ-02::PRINTPDF,M6.F-POSZ-02,nyomtatható PDF,M6,M6.F,poster,,legyártandó,specifikáció kész,,nincs kimondva,,Fogalom-térkép sablon – 5–6 buborék (az eszköztár nagy képe) — nyomtatható PDF,02 Tervezet/Modulok/M6/Peulák/M6.F – Felzárkóztató peula – Eszköztár & játéklap (Study Lab).md
B0,BATCH 0 — MOST GYÁRTHATÓ,nincs nyitott kapu,M7-HUB-DIA-01,M7-HUB-DIA-01,elsődleges,M7,M7-HUB,diagram,,legyártandó,specifikáció kész,,nincs kimondva,,Modul-fogalomtérkép: SMART – Peula 11 pont – Zmán Kvucá – Peula v2,"02 Tervezet/Modulok/M7/M7 – Peula a papírtól a valóságig – Programírás, Zmán Kvucá & AI-támogatott tervezés.md"
B0,BATCH 0 — MOST GYÁRTHATÓ,nincs nyitott kapu,M7-HUB-DIA-01::ALTTEXT,M7-HUB-DIA-01,alt-szöveg,M7,M7-HUB,diagram,,legyártandó,specifikáció kész,,nincs kimondva,,Modul-fogalomtérkép: SMART – Peula 11 pont – Zmán Kvucá – Peula v2 — alt-szöveg,"02 Tervezet/Modulok/M7/M7 – Peula a papírtól a valóságig – Programírás, Zmán Kvucá & AI-támogatott tervezés.md"
B0,BATCH 0 — MOST GYÁRTHATÓ,nincs nyitott kapu,M7-HUB-DIA-02,M7-HUB-DIA-02,elsődleges,M7,M7-HUB,diagram,,legyártandó,specifikáció kész,,nincs kimondva,,Kétlépcsős félévzáró idővonal: v1 első vázlat → köztes fejlesztés → v2 teljesítési kapu,"02 Tervezet/Modulok/M7/M7 – Peula a papírtól a valóságig – Programírás, Zmán Kvucá & AI-támogatott tervezés.md"
B0,BATCH 0 — MOST GYÁRTHATÓ,nincs nyitott kapu,M7-HUB-DIA-02::ALTTEXT,M7-HUB-DIA-02,alt-szöveg,M7,M7-HUB,diagram,,legyártandó,specifikáció kész,,nincs kimondva,,Kétlépcsős félévzáró idővonal: v1 első vázlat → köztes fejlesztés → v2 teljesítési kapu — alt-szöveg,"02 Tervezet/Modulok/M7/M7 – Peula a papírtól a valóságig – Programírás, Zmán Kvucá & AI-támogatott tervezés.md"
B0,BATCH 0 — MOST GYÁRTHATÓ,nincs nyitott kapu,M7-HUB-DIA-03,M7-HUB-DIA-03,elsődleges,M7,M7-HUB,diagram,,legyártandó,specifikáció kész,,nincs kimondva,,Portfólió-átkötés / félévzáró összegzés: M1 SBI … M6 játéklap → 1 Peula v2,"02 Tervezet/Modulok/M7/M7 – Peula a papírtól a valóságig – Programírás, Zmán Kvucá & AI-támogatott tervezés.md"
B0,BATCH 0 — MOST GYÁRTHATÓ,nincs nyitott kapu,M7-HUB-DIA-03::ALTTEXT,M7-HUB-DIA-03,alt-szöveg,M7,M7-HUB,diagram,,legyártandó,specifikáció kész,,nincs kimondva,,Portfólió-átkötés / félévzáró összegzés: M1 SBI … M6 játéklap → 1 Peula v2 — alt-szöveg,"02 Tervezet/Modulok/M7/M7 – Peula a papírtól a valóságig – Programírás, Zmán Kvucá & AI-támogatott tervezés.md"
B0,BATCH 0 — MOST GYÁRTHATÓ,nincs nyitott kapu,M7-HUB-MUNK-01,M7-HUB-MUNK-01,elsődleges,M7,M7-HUB,worksheet,,legyártandó,specifikáció kész,,nincs kimondva,,1 perces kilépőkártya-munkalap (M7.A/M7.B/M7.F utáni offline visszajelzés),"02 Tervezet/Modulok/M7/M7 – Peula a papírtól a valóságig – Programírás, Zmán Kvucá & AI-támogatott tervezés.md"
B0,BATCH 0 — MOST GYÁRTHATÓ,nincs nyitott kapu,M7-HUB-MUNK-01::PRINTPDF,M7-HUB-MUNK-01,nyomtatható PDF,M7,M7-HUB,worksheet,,legyártandó,specifikáció kész,,nincs kimondva,,1 perces kilépőkártya-munkalap (M7.A/M7.B/M7.F utáni offline visszajelzés) — nyomtatható PDF,"02 Tervezet/Modulok/M7/M7 – Peula a papírtól a valóságig – Programírás, Zmán Kvucá & AI-támogatott tervezés.md"
B0,BATCH 0 — MOST GYÁRTHATÓ,nincs nyitott kapu,M7.1-IKO-01,M7.1-IKO-01,elsődleges,M7,M7.1,icon-set,,legyártandó,specifikáció kész,,nincs kimondva,,SMART 5 elem ikon-készlet (S-M-A-R-T),"02 Tervezet/Modulok/M7/Online leckék/M7.1 – Ez még csak vágy, nem cél – SMART nevelési cél someres módra.md"
B0,BATCH 0 — MOST GYÁRTHATÓ,nincs nyitott kapu,M7.1-IKO-01::ALTTEXT,M7.1-IKO-01,alt-szöveg,M7,M7.1,icon-set,,legyártandó,specifikáció kész,,nincs kimondva,,SMART 5 elem ikon-készlet (S-M-A-R-T) — alt-szöveg,"02 Tervezet/Modulok/M7/Online leckék/M7.1 – Ez még csak vágy, nem cél – SMART nevelési cél someres módra.md"
B0,BATCH 0 — MOST GYÁRTHATÓ,nincs nyitott kapu,M7.1-ILL-01,M7.1-ILL-01,elsődleges,M7,M7.1,illustration,,legyártandó,specifikáció kész,,nincs kimondva,,Hook – 3 vágy-mondat kártya,"02 Tervezet/Modulok/M7/Online leckék/M7.1 – Ez még csak vágy, nem cél – SMART nevelési cél someres módra.md"
B0,BATCH 0 — MOST GYÁRTHATÓ,nincs nyitott kapu,M7.1-ILL-01::ALTTEXT,M7.1-ILL-01,alt-szöveg,M7,M7.1,illustration,,legyártandó,specifikáció kész,,nincs kimondva,,Hook – 3 vágy-mondat kártya — alt-szöveg,"02 Tervezet/Modulok/M7/Online leckék/M7.1 – Ez még csak vágy, nem cél – SMART nevelési cél someres módra.md"
B0,BATCH 0 — MOST GYÁRTHATÓ,nincs nyitott kapu,M7.1-ILL-02,M7.1-ILL-02,elsődleges,M7,M7.1,illustration,,legyártandó,specifikáció kész,,nincs kimondva,,Someres SMART példa – 2 kártya (szolidaritás / biztonság),"02 Tervezet/Modulok/M7/Online leckék/M7.1 – Ez még csak vágy, nem cél – SMART nevelési cél someres módra.md"
B0,BATCH 0 — MOST GYÁRTHATÓ,nincs nyitott kapu,M7.1-ILL-02::ALTTEXT,M7.1-ILL-02,alt-szöveg,M7,M7.1,illustration,,legyártandó,specifikáció kész,,nincs kimondva,,Someres SMART példa – 2 kártya (szolidaritás / biztonság) — alt-szöveg,"02 Tervezet/Modulok/M7/Online leckék/M7.1 – Ez még csak vágy, nem cél – SMART nevelési cél someres módra.md"
B0,BATCH 0 — MOST GYÁRTHATÓ,nincs nyitott kapu,M7.1-ILL-03,M7.1-ILL-03,elsődleges,M7,M7.1,illustration,,legyártandó,specifikáció kész,,nincs kimondva,,Példa prompt-kártya (AI-blokk),"02 Tervezet/Modulok/M7/Online leckék/M7.1 – Ez még csak vágy, nem cél – SMART nevelési cél someres módra.md"
B0,BATCH 0 — MOST GYÁRTHATÓ,nincs nyitott kapu,M7.1-ILL-03::ALTTEXT,M7.1-ILL-03,alt-szöveg,M7,M7.1,illustration,,legyártandó,specifikáció kész,,nincs kimondva,,Példa prompt-kártya (AI-blokk) — alt-szöveg,"02 Tervezet/Modulok/M7/Online leckék/M7.1 – Ez még csak vágy, nem cél – SMART nevelési cél someres módra.md"
B0,BATCH 0 — MOST GYÁRTHATÓ,nincs nyitott kapu,M7.2-DIA-01,M7.2-DIA-01,elsődleges,M7,M7.2,diagram,,legyártandó,specifikáció kész,,nincs kimondva,,Peula 11 pontja – 3 fázisú térkép diagram,"02 Tervezet/Modulok/M7/Online leckék/M7.2 – Nemcsak játék, hanem peula – 11 tervezési pont & AI-támogatás.md"
B0,BATCH 0 — MOST GYÁRTHATÓ,nincs nyitott kapu,M7.2-DIA-01::ALTTEXT,M7.2-DIA-01,alt-szöveg,M7,M7.2,diagram,,legyártandó,specifikáció kész,,nincs kimondva,,Peula 11 pontja – 3 fázisú térkép diagram — alt-szöveg,"02 Tervezet/Modulok/M7/Online leckék/M7.2 – Nemcsak játék, hanem peula – 11 tervezési pont & AI-támogatás.md"
B0,BATCH 0 — MOST GYÁRTHATÓ,nincs nyitott kapu,M7.2-IKO-01,M7.2-IKO-01,elsődleges,M7,M7.2,icon-set,,legyártandó,specifikáció kész,,nincs kimondva,,"Ikon-készlet – Megírás 4 pontja (játék, idővonal, óra, doboz)","02 Tervezet/Modulok/M7/Online leckék/M7.2 – Nemcsak játék, hanem peula – 11 tervezési pont & AI-támogatás.md"
B0,BATCH 0 — MOST GYÁRTHATÓ,nincs nyitott kapu,M7.2-IKO-01::ALTTEXT,M7.2-IKO-01,alt-szöveg,M7,M7.2,icon-set,,legyártandó,specifikáció kész,,nincs kimondva,,"Ikon-készlet – Megírás 4 pontja (játék, idővonal, óra, doboz) — alt-szöveg","02 Tervezet/Modulok/M7/Online leckék/M7.2 – Nemcsak játék, hanem peula – 11 tervezési pont & AI-támogatás.md"
B0,BATCH 0 — MOST GYÁRTHATÓ,nincs nyitott kapu,M7.2-ILL-01,M7.2-ILL-01,elsődleges,M7,M7.2,illustration,,legyártandó,specifikáció kész,,nincs kimondva,,Illusztráció – madrih tervez (laptopnál/jegyzetfüzettel),"02 Tervezet/Modulok/M7/Online leckék/M7.2 – Nemcsak játék, hanem peula – 11 tervezési pont & AI-támogatás.md"
B0,BATCH 0 — MOST GYÁRTHATÓ,nincs nyitott kapu,M7.2-ILL-01::ALTTEXT,M7.2-ILL-01,alt-szöveg,M7,M7.2,illustration,,legyártandó,specifikáció kész,,nincs kimondva,,Illusztráció – madrih tervez (laptopnál/jegyzetfüzettel) — alt-szöveg,"02 Tervezet/Modulok/M7/Online leckék/M7.2 – Nemcsak játék, hanem peula – 11 tervezési pont & AI-támogatás.md"
B0,BATCH 0 — MOST GYÁRTHATÓ,nincs nyitott kapu,M7.3-DIA-01,M7.3-DIA-01,elsődleges,M7,M7.3,diagram,,legyártandó,specifikáció kész,,nincs kimondva,,Zmán Kvucá-checklist 5 fő terület – kattintható diagram/kártyaszett,"02 Tervezet/Modulok/M7/Online leckék/M7.3 – Zmán Kvucá-checklist – idő, tér, felelősség.md"
B0,BATCH 0 — MOST GYÁRTHATÓ,nincs nyitott kapu,M7.3-DIA-01::ALTTEXT,M7.3-DIA-01,alt-szöveg,M7,M7.3,diagram,,legyártandó,specifikáció kész,,nincs kimondva,,Zmán Kvucá-checklist 5 fő terület – kattintható diagram/kártyaszett — alt-szöveg,"02 Tervezet/Modulok/M7/Online leckék/M7.3 – Zmán Kvucá-checklist – idő, tér, felelősség.md"
B0,BATCH 0 — MOST GYÁRTHATÓ,nincs nyitott kapu,M7.3-IKO-01,M7.3-IKO-01,elsődleges,M7,M7.3,icon-set,,legyártandó,specifikáció kész,,nincs kimondva,,Ikon-készlet – Zmán Kvucá 5 területe,"02 Tervezet/Modulok/M7/Online leckék/M7.3 – Zmán Kvucá-checklist – idő, tér, felelősség.md"
B0,BATCH 0 — MOST GYÁRTHATÓ,nincs nyitott kapu,M7.3-IKO-01::ALTTEXT,M7.3-IKO-01,alt-szöveg,M7,M7.3,icon-set,,legyártandó,specifikáció kész,,nincs kimondva,,Ikon-készlet – Zmán Kvucá 5 területe — alt-szöveg,"02 Tervezet/Modulok/M7/Online leckék/M7.3 – Zmán Kvucá-checklist – idő, tér, felelősség.md"
B0,BATCH 0 — MOST GYÁRTHATÓ,nincs nyitott kapu,M7.3-ILL-01,M7.3-ILL-01,elsődleges,M7,M7.3,illustration,,legyártandó,specifikáció kész,,nincs kimondva,,Kéthasábos kontraszt-vizuál: „Csak játékban” vs. „Zmán Kvucában gondolkozunk”,"02 Tervezet/Modulok/M7/Online leckék/M7.3 – Zmán Kvucá-checklist – idő, tér, felelősség.md"
B0,BATCH 0 — MOST GYÁRTHATÓ,nincs nyitott kapu,M7.3-ILL-01::ALTTEXT,M7.3-ILL-01,alt-szöveg,M7,M7.3,illustration,,legyártandó,specifikáció kész,,nincs kimondva,,Kéthasábos kontraszt-vizuál: „Csak játékban” vs. „Zmán Kvucában gondolkozunk” — alt-szöveg,"02 Tervezet/Modulok/M7/Online leckék/M7.3 – Zmán Kvucá-checklist – idő, tér, felelősség.md"
B0,BATCH 0 — MOST GYÁRTHATÓ,nincs nyitott kapu,M7.3-ILL-02,M7.3-ILL-02,elsődleges,M7,M7.3,illustration,,legyártandó,specifikáció kész,,nincs kimondva,,Illusztrált mintaprogram-kártya: „Péntek esti Zmán Kvucá a kenben”,"02 Tervezet/Modulok/M7/Online leckék/M7.3 – Zmán Kvucá-checklist – idő, tér, felelősség.md"
B0,BATCH 0 — MOST GYÁRTHATÓ,nincs nyitott kapu,M7.3-ILL-02::ALTTEXT,M7.3-ILL-02,alt-szöveg,M7,M7.3,illustration,,legyártandó,specifikáció kész,,nincs kimondva,,Illusztrált mintaprogram-kártya: „Péntek esti Zmán Kvucá a kenben” — alt-szöveg,"02 Tervezet/Modulok/M7/Online leckék/M7.3 – Zmán Kvucá-checklist – idő, tér, felelősség.md"
B0,BATCH 0 — MOST GYÁRTHATÓ,nincs nyitott kapu,M7.4-DIA-01,M7.4-DIA-01,elsődleges,M7,M7.4,diagram,,legyártandó,specifikáció kész,,nincs kimondva,,3 építőkocka diagram – SMART cél / Peula 11 pontja / Zmán Kvucá,02 Tervezet/Modulok/M7/Online leckék/M7.4 – Peula v1 + AI – első modulproduktum-vázlat.md
B0,BATCH 0 — MOST GYÁRTHATÓ,nincs nyitott kapu,M7.4-DIA-01::ALTTEXT,M7.4-DIA-01,alt-szöveg,M7,M7.4,diagram,,legyártandó,specifikáció kész,,nincs kimondva,,3 építőkocka diagram – SMART cél / Peula 11 pontja / Zmán Kvucá — alt-szöveg,02 Tervezet/Modulok/M7/Online leckék/M7.4 – Peula v1 + AI – első modulproduktum-vázlat.md
B0,BATCH 0 — MOST GYÁRTHATÓ,nincs nyitott kapu,M7.A-KART-01,M7.A-KART-01,elsődleges,M7,M7.A,card-set,,legyártandó,specifikáció kész,,nincs kimondva,,„Szétfolyó cél” kártyaszett a sarok-játékhoz,02 Tervezet/Modulok/M7/Peulák/M7.A – Célból peula – SMART & 11 pont élőben.md
B0,BATCH 0 — MOST GYÁRTHATÓ,nincs nyitott kapu,M7.A-KART-01::PRINTPDF,M7.A-KART-01,nyomtatható PDF,M7,M7.A,card-set,,legyártandó,specifikáció kész,,nincs kimondva,,„Szétfolyó cél” kártyaszett a sarok-játékhoz — nyomtatható PDF,02 Tervezet/Modulok/M7/Peulák/M7.A – Célból peula – SMART & 11 pont élőben.md
B0,BATCH 0 — MOST GYÁRTHATÓ,nincs nyitott kapu,M7.A-KART-02,M7.A-KART-02,elsődleges,M7,M7.A,card-set,,legyártandó,specifikáció kész,,nincs kimondva,,"Minta-peula-ötlet kártyák (tartalék, ha valaki elakad)",02 Tervezet/Modulok/M7/Peulák/M7.A – Célból peula – SMART & 11 pont élőben.md
B0,BATCH 0 — MOST GYÁRTHATÓ,nincs nyitott kapu,M7.A-KART-02::PRINTPDF,M7.A-KART-02,nyomtatható PDF,M7,M7.A,card-set,,legyártandó,specifikáció kész,,nincs kimondva,,"Minta-peula-ötlet kártyák (tartalék, ha valaki elakad) — nyomtatható PDF",02 Tervezet/Modulok/M7/Peulák/M7.A – Célból peula – SMART & 11 pont élőben.md
B0,BATCH 0 — MOST GYÁRTHATÓ,nincs nyitott kapu,M7.A-MUNK-01,M7.A-MUNK-01,elsődleges,M7,M7.A,worksheet,,legyártandó,specifikáció kész,,nincs kimondva,,Képzői ellenőrző lista (1 A4) – peula előtti átfutó,02 Tervezet/Modulok/M7/Peulák/M7.A – Célból peula – SMART & 11 pont élőben.md
B0,BATCH 0 — MOST GYÁRTHATÓ,nincs nyitott kapu,M7.A-MUNK-01::PRINTPDF,M7.A-MUNK-01,nyomtatható PDF,M7,M7.A,worksheet,,legyártandó,specifikáció kész,,nincs kimondva,,Képzői ellenőrző lista (1 A4) – peula előtti átfutó — nyomtatható PDF,02 Tervezet/Modulok/M7/Peulák/M7.A – Célból peula – SMART & 11 pont élőben.md
B0,BATCH 0 — MOST GYÁRTHATÓ,nincs nyitott kapu,M7.A-MUNK-02,M7.A-MUNK-02,elsődleges,M7,M7.A,worksheet,,legyártandó,specifikáció kész,,nincs kimondva,,Képzői felolvasó-kulcs a sarok-játékhoz (besorolás + indok),02 Tervezet/Modulok/M7/Peulák/M7.A – Célból peula – SMART & 11 pont élőben.md
B0,BATCH 0 — MOST GYÁRTHATÓ,nincs nyitott kapu,M7.A-MUNK-02::PRINTPDF,M7.A-MUNK-02,nyomtatható PDF,M7,M7.A,worksheet,,legyártandó,specifikáció kész,,nincs kimondva,,Képzői felolvasó-kulcs a sarok-játékhoz (besorolás + indok) — nyomtatható PDF,02 Tervezet/Modulok/M7/Peulák/M7.A – Célból peula – SMART & 11 pont élőben.md
B0,BATCH 0 — MOST GYÁRTHATÓ,nincs nyitott kapu,M7.A-POSZ-01,M7.A-POSZ-01,elsődleges,M7,M7.A,poster,,legyártandó,specifikáció kész,,nincs kimondva,,„Peula 11 pontja” flipchart / poszter – kanonikus pont-lista,02 Tervezet/Modulok/M7/Peulák/M7.A – Célból peula – SMART & 11 pont élőben.md
B0,BATCH 0 — MOST GYÁRTHATÓ,nincs nyitott kapu,M7.A-POSZ-01::PRINTPDF,M7.A-POSZ-01,nyomtatható PDF,M7,M7.A,poster,,legyártandó,specifikáció kész,,nincs kimondva,,„Peula 11 pontja” flipchart / poszter – kanonikus pont-lista — nyomtatható PDF,02 Tervezet/Modulok/M7/Peulák/M7.A – Célból peula – SMART & 11 pont élőben.md
B0,BATCH 0 — MOST GYÁRTHATÓ,nincs nyitott kapu,M7.A-POSZ-02,M7.A-POSZ-02,elsődleges,M7,M7.A,poster,,legyártandó,specifikáció kész,,nincs kimondva,,Tábla / flipchart-sablon – kulcsszavak és SMART irányító-kérdések,02 Tervezet/Modulok/M7/Peulák/M7.A – Célból peula – SMART & 11 pont élőben.md
B0,BATCH 0 — MOST GYÁRTHATÓ,nincs nyitott kapu,M7.A-POSZ-02::PRINTPDF,M7.A-POSZ-02,nyomtatható PDF,M7,M7.A,poster,,legyártandó,specifikáció kész,,nincs kimondva,,Tábla / flipchart-sablon – kulcsszavak és SMART irányító-kérdések — nyomtatható PDF,02 Tervezet/Modulok/M7/Peulák/M7.A – Célból peula – SMART & 11 pont élőben.md
B0,BATCH 0 — MOST GYÁRTHATÓ,nincs nyitott kapu,M7.A-POSZ-03,M7.A-POSZ-03,elsődleges,M7,M7.A,poster,,legyártandó,specifikáció kész,,nincs kimondva,,Társas visszajelzés – két mondatkezdő tábla / flipchart-sablon,02 Tervezet/Modulok/M7/Peulák/M7.A – Célból peula – SMART & 11 pont élőben.md
B0,BATCH 0 — MOST GYÁRTHATÓ,nincs nyitott kapu,M7.A-POSZ-03::PRINTPDF,M7.A-POSZ-03,nyomtatható PDF,M7,M7.A,poster,,legyártandó,specifikáció kész,,nincs kimondva,,Társas visszajelzés – két mondatkezdő tábla / flipchart-sablon — nyomtatható PDF,02 Tervezet/Modulok/M7/Peulák/M7.A – Célból peula – SMART & 11 pont élőben.md
B0,BATCH 0 — MOST GYÁRTHATÓ,nincs nyitott kapu,M7.B-EGY-01,M7.B-EGY-01,elsődleges,M7,M7.B,card-set,,legyártandó,specifikáció kész,,nincs kimondva,,A/B sarok-kvíz 5 állítása (felolvasandó kártyaszett / képzői segédlap),02 Tervezet/Modulok/M7/Peulák/M7.B – Peula v2 & Zmán Kvucá – amikor a papír találkozik a valósággal.md
B0,BATCH 0 — MOST GYÁRTHATÓ,nincs nyitott kapu,M7.B-EGY-01::PRINTPDF,M7.B-EGY-01,nyomtatható PDF,M7,M7.B,card-set,,legyártandó,specifikáció kész,,nincs kimondva,,A/B sarok-kvíz 5 állítása (felolvasandó kártyaszett / képzői segédlap) — nyomtatható PDF,02 Tervezet/Modulok/M7/Peulák/M7.B – Peula v2 & Zmán Kvucá – amikor a papír találkozik a valósággal.md
B0,BATCH 0 — MOST GYÁRTHATÓ,nincs nyitott kapu,M7.B-MUNK-01,M7.B-MUNK-01,elsődleges,M7,M7.B,worksheet,,legyártandó,specifikáció kész,,színfüggő,,Zmán Kvucá-mini-checklist (kiscsoportos munkalap),02 Tervezet/Modulok/M7/Peulák/M7.B – Peula v2 & Zmán Kvucá – amikor a papír találkozik a valósággal.md
B0,BATCH 0 — MOST GYÁRTHATÓ,nincs nyitott kapu,M7.B-MUNK-01::PRINTPDF,M7.B-MUNK-01,nyomtatható PDF,M7,M7.B,worksheet,,legyártandó,specifikáció kész,,színfüggő,,Zmán Kvucá-mini-checklist (kiscsoportos munkalap) — nyomtatható PDF,02 Tervezet/Modulok/M7/Peulák/M7.B – Peula v2 & Zmán Kvucá – amikor a papír találkozik a valósággal.md
B0,BATCH 0 — MOST GYÁRTHATÓ,nincs nyitott kapu,M7.B-MUNK-02,M7.B-MUNK-02,elsődleges,M7,M7.B,worksheet,,legyártandó,specifikáció kész,,nincs kimondva,,"""Előtte–utána""-lap (galériaséta artefaktum-sablon)",02 Tervezet/Modulok/M7/Peulák/M7.B – Peula v2 & Zmán Kvucá – amikor a papír találkozik a valósággal.md
B0,BATCH 0 — MOST GYÁRTHATÓ,nincs nyitott kapu,M7.B-MUNK-02::PRINTPDF,M7.B-MUNK-02,nyomtatható PDF,M7,M7.B,worksheet,,legyártandó,specifikáció kész,,nincs kimondva,,"""Előtte–utána""-lap (galériaséta artefaktum-sablon) — nyomtatható PDF",02 Tervezet/Modulok/M7/Peulák/M7.B – Peula v2 & Zmán Kvucá – amikor a papír találkozik a valósággal.md
B0,BATCH 0 — MOST GYÁRTHATÓ,nincs nyitott kapu,M7.B-MUNK-03,M7.B-MUNK-03,elsődleges,M7,M7.B,worksheet,,legyártandó,specifikáció kész,,nincs kimondva,,Minta-Peula v1 (B-terv tartalék vázlat),02 Tervezet/Modulok/M7/Peulák/M7.B – Peula v2 & Zmán Kvucá – amikor a papír találkozik a valósággal.md
B0,BATCH 0 — MOST GYÁRTHATÓ,nincs nyitott kapu,M7.B-MUNK-03::PRINTPDF,M7.B-MUNK-03,nyomtatható PDF,M7,M7.B,worksheet,,legyártandó,specifikáció kész,,nincs kimondva,,Minta-Peula v1 (B-terv tartalék vázlat) — nyomtatható PDF,02 Tervezet/Modulok/M7/Peulák/M7.B – Peula v2 & Zmán Kvucá – amikor a papír találkozik a valósággal.md
B0,BATCH 0 — MOST GYÁRTHATÓ,nincs nyitott kapu,M7.B-MUNK-04,M7.B-MUNK-04,elsődleges,M7,M7.B,worksheet,,legyártandó,specifikáció kész,,nincs kimondva,,Kilépőkártya – mini visszajelző cetli,02 Tervezet/Modulok/M7/Peulák/M7.B – Peula v2 & Zmán Kvucá – amikor a papír találkozik a valósággal.md
B0,BATCH 0 — MOST GYÁRTHATÓ,nincs nyitott kapu,M7.B-MUNK-04::PRINTPDF,M7.B-MUNK-04,nyomtatható PDF,M7,M7.B,worksheet,,legyártandó,specifikáció kész,,nincs kimondva,,Kilépőkártya – mini visszajelző cetli — nyomtatható PDF,02 Tervezet/Modulok/M7/Peulák/M7.B – Peula v2 & Zmán Kvucá – amikor a papír találkozik a valósággal.md
B0,BATCH 0 — MOST GYÁRTHATÓ,nincs nyitott kapu,M7.B-MUNK-05,M7.B-MUNK-05,elsődleges,M7,M7.B,worksheet,,legyártandó,specifikáció kész,,nincs kimondva,,Kipróbálási kötelezettségvállalás – ha–akkor mini sablon (3 sor),02 Tervezet/Modulok/M7/Peulák/M7.B – Peula v2 & Zmán Kvucá – amikor a papír találkozik a valósággal.md
B0,BATCH 0 — MOST GYÁRTHATÓ,nincs nyitott kapu,M7.B-MUNK-05::PRINTPDF,M7.B-MUNK-05,nyomtatható PDF,M7,M7.B,worksheet,,legyártandó,specifikáció kész,,nincs kimondva,,Kipróbálási kötelezettségvállalás – ha–akkor mini sablon (3 sor) — nyomtatható PDF,02 Tervezet/Modulok/M7/Peulák/M7.B – Peula v2 & Zmán Kvucá – amikor a papír találkozik a valósággal.md
B0,BATCH 0 — MOST GYÁRTHATÓ,nincs nyitott kapu,M7.B-MUNK-06,M7.B-MUNK-06,elsődleges,M7,M7.B,worksheet,,legyártandó,specifikáció kész,,nincs kimondva,,Képzői ellenőrző lista (1 A4 – gyors átfutásra),02 Tervezet/Modulok/M7/Peulák/M7.B – Peula v2 & Zmán Kvucá – amikor a papír találkozik a valósággal.md
B0,BATCH 0 — MOST GYÁRTHATÓ,nincs nyitott kapu,M7.B-MUNK-06::PRINTPDF,M7.B-MUNK-06,nyomtatható PDF,M7,M7.B,worksheet,,legyártandó,specifikáció kész,,nincs kimondva,,Képzői ellenőrző lista (1 A4 – gyors átfutásra) — nyomtatható PDF,02 Tervezet/Modulok/M7/Peulák/M7.B – Peula v2 & Zmán Kvucá – amikor a papír találkozik a valósággal.md
B0,BATCH 0 — MOST GYÁRTHATÓ,nincs nyitott kapu,M7.B-POSZ-01,M7.B-POSZ-01,elsődleges,M7,M7.B,poster,,legyártandó,specifikáció kész,,nincs kimondva,,"Flipchart-poszter: ""Zmán Kvucá = …"" definíció + ""AI-határok""",02 Tervezet/Modulok/M7/Peulák/M7.B – Peula v2 & Zmán Kvucá – amikor a papír találkozik a valósággal.md
B0,BATCH 0 — MOST GYÁRTHATÓ,nincs nyitott kapu,M7.B-POSZ-01::PRINTPDF,M7.B-POSZ-01,nyomtatható PDF,M7,M7.B,poster,,legyártandó,specifikáció kész,,nincs kimondva,,"Flipchart-poszter: ""Zmán Kvucá = …"" definíció + ""AI-határok"" — nyomtatható PDF",02 Tervezet/Modulok/M7/Peulák/M7.B – Peula v2 & Zmán Kvucá – amikor a papír találkozik a valósággal.md
B0,BATCH 0 — MOST GYÁRTHATÓ,nincs nyitott kapu,M7.B-POSZ-02,M7.B-POSZ-02,elsődleges,M7,M7.B,poster,,legyártandó,specifikáció kész,,nincs kimondva,,Falra kifüggesztett poszter: a Zmán Kvucá-checklist 5 területe nagyban,02 Tervezet/Modulok/M7/Peulák/M7.B – Peula v2 & Zmán Kvucá – amikor a papír találkozik a valósággal.md
B0,BATCH 0 — MOST GYÁRTHATÓ,nincs nyitott kapu,M7.B-POSZ-02::PRINTPDF,M7.B-POSZ-02,nyomtatható PDF,M7,M7.B,poster,,legyártandó,specifikáció kész,,nincs kimondva,,Falra kifüggesztett poszter: a Zmán Kvucá-checklist 5 területe nagyban — nyomtatható PDF,02 Tervezet/Modulok/M7/Peulák/M7.B – Peula v2 & Zmán Kvucá – amikor a papír találkozik a valósággal.md
B0,BATCH 0 — MOST GYÁRTHATÓ,nincs nyitott kapu,M7.F-MUNK-01,M7.F-MUNK-01,elsődleges,M7,M7.F,worksheet,,legyártandó,specifikáció kész,,nincs kimondva,,Jegyzetlap – '1 gondolat / 1 kérdés leckénként' (L1–L4) + opcionális javítási terv,02 Tervezet/Modulok/M7/Peulák/M7.F – Felzárkóztató peula – Peula & Zmán Kvucá (Study Lab).md
B0,BATCH 0 — MOST GYÁRTHATÓ,nincs nyitott kapu,M7.F-MUNK-01::PRINTPDF,M7.F-MUNK-01,nyomtatható PDF,M7,M7.F,worksheet,,legyártandó,specifikáció kész,,nincs kimondva,,Jegyzetlap – '1 gondolat / 1 kérdés leckénként' (L1–L4) + opcionális javítási terv — nyomtatható PDF,02 Tervezet/Modulok/M7/Peulák/M7.F – Felzárkóztató peula – Peula & Zmán Kvucá (Study Lab).md
B0,BATCH 0 — MOST GYÁRTHATÓ,nincs nyitott kapu,M7.F-MUNK-01::EDITABLE,M7.F-MUNK-01,"szerkeszthető, kitölthető változat",M7,M7.F,worksheet,,legyártandó,specifikáció kész,,nincs kimondva,,"Jegyzetlap – '1 gondolat / 1 kérdés leckénként' (L1–L4) + opcionális javítási terv — szerkeszthető, kitölthető változat",02 Tervezet/Modulok/M7/Peulák/M7.F – Felzárkóztató peula – Peula & Zmán Kvucá (Study Lab).md
B0,BATCH 0 — MOST GYÁRTHATÓ,nincs nyitott kapu,M7.F-MUNK-02,M7.F-MUNK-02,elsődleges,M7,M7.F,worksheet,,legyártandó,specifikáció kész,,nincs kimondva,,Képzői ellenőrző lista (1 A4) – peula előtt/közben/után,02 Tervezet/Modulok/M7/Peulák/M7.F – Felzárkóztató peula – Peula & Zmán Kvucá (Study Lab).md
B0,BATCH 0 — MOST GYÁRTHATÓ,nincs nyitott kapu,M7.F-MUNK-02::PRINTPDF,M7.F-MUNK-02,nyomtatható PDF,M7,M7.F,worksheet,,legyártandó,specifikáció kész,,nincs kimondva,,Képzői ellenőrző lista (1 A4) – peula előtt/közben/után — nyomtatható PDF,02 Tervezet/Modulok/M7/Peulák/M7.F – Felzárkóztató peula – Peula & Zmán Kvucá (Study Lab).md
B0,BATCH 0 — MOST GYÁRTHATÓ,nincs nyitott kapu,M7.F-POSZ-01,M7.F-POSZ-01,elsődleges,M7,M7.F,poster,,legyártandó,specifikáció kész,,nincs kimondva,,Tájékozódó tábla – M7 leckelista + név nélküli témakérések,02 Tervezet/Modulok/M7/Peulák/M7.F – Felzárkóztató peula – Peula & Zmán Kvucá (Study Lab).md
B0,BATCH 0 — MOST GYÁRTHATÓ,nincs nyitott kapu,M7.F-POSZ-01::PRINTPDF,M7.F-POSZ-01,nyomtatható PDF,M7,M7.F,poster,,legyártandó,specifikáció kész,,nincs kimondva,,Tájékozódó tábla – M7 leckelista + név nélküli témakérések — nyomtatható PDF,02 Tervezet/Modulok/M7/Peulák/M7.F – Felzárkóztató peula – Peula & Zmán Kvucá (Study Lab).md
B0,BATCH 0 — MOST GYÁRTHATÓ,nincs nyitott kapu,M7.F-POSZ-02,M7.F-POSZ-02,elsődleges,M7,M7.F,poster,,legyártandó,specifikáció kész,,nincs kimondva,,"Fogalomtérkép-sablon – 4 buborék (SMART, 11 pont, Zmán Kvucá, Peula v1/v2 & AI)",02 Tervezet/Modulok/M7/Peulák/M7.F – Felzárkóztató peula – Peula & Zmán Kvucá (Study Lab).md
B0,BATCH 0 — MOST GYÁRTHATÓ,nincs nyitott kapu,M7.F-POSZ-02::PRINTPDF,M7.F-POSZ-02,nyomtatható PDF,M7,M7.F,poster,,legyártandó,specifikáció kész,,nincs kimondva,,"Fogalomtérkép-sablon – 4 buborék (SMART, 11 pont, Zmán Kvucá, Peula v1/v2 & AI) — nyomtatható PDF",02 Tervezet/Modulok/M7/Peulák/M7.F – Felzárkóztató peula – Peula & Zmán Kvucá (Study Lab).md
B0,BATCH 0 — MOST GYÁRTHATÓ,nincs nyitott kapu,Z.1-DIA-01,Z.1-DIA-01,elsődleges,Z,Z.1,diagram,,legyártandó,specifikáció kész,,nincs kimondva,,Vízszintes féléves idővonal M0→M7,02 Tervezet/Modulok/Z/Online leckék/Z.1 – Visszanéző tükör – M0–M7 idővonal.md
B0,BATCH 0 — MOST GYÁRTHATÓ,nincs nyitott kapu,Z.1-DIA-01::ALTTEXT,Z.1-DIA-01,alt-szöveg,Z,Z.1,diagram,,legyártandó,specifikáció kész,,nincs kimondva,,Vízszintes féléves idővonal M0→M7 — alt-szöveg,02 Tervezet/Modulok/Z/Online leckék/Z.1 – Visszanéző tükör – M0–M7 idővonal.md
B0,BATCH 0 — MOST GYÁRTHATÓ,nincs nyitott kapu,Z.1-IKO-01,Z.1-IKO-01,elsődleges,Z,Z.1,icon-set,,legyártandó,specifikáció kész,,nincs kimondva,,Napló-ikon a highlight-esszéhez,02 Tervezet/Modulok/Z/Online leckék/Z.1 – Visszanéző tükör – M0–M7 idővonal.md
B0,BATCH 0 — MOST GYÁRTHATÓ,nincs nyitott kapu,Z.1-IKO-01::ALTTEXT,Z.1-IKO-01,alt-szöveg,Z,Z.1,icon-set,,legyártandó,specifikáció kész,,nincs kimondva,,Napló-ikon a highlight-esszéhez — alt-szöveg,02 Tervezet/Modulok/Z/Online leckék/Z.1 – Visszanéző tükör – M0–M7 idővonal.md
B0,BATCH 0 — MOST GYÁRTHATÓ,nincs nyitott kapu,Z.1-ILL-01,Z.1-ILL-01,elsődleges,Z,Z.1,illustration,,legyártandó,specifikáció kész,,nincs kimondva,,Sorozatplakát-ikon M0–M7 epizódokkal,02 Tervezet/Modulok/Z/Online leckék/Z.1 – Visszanéző tükör – M0–M7 idővonal.md
B0,BATCH 0 — MOST GYÁRTHATÓ,nincs nyitott kapu,Z.1-ILL-01::ALTTEXT,Z.1-ILL-01,alt-szöveg,Z,Z.1,illustration,,legyártandó,specifikáció kész,,nincs kimondva,,Sorozatplakát-ikon M0–M7 epizódokkal — alt-szöveg,02 Tervezet/Modulok/Z/Online leckék/Z.1 – Visszanéző tükör – M0–M7 idővonal.md
B0,BATCH 0 — MOST GYÁRTHATÓ,nincs nyitott kapu,Z.2-ILL-01,Z.2-ILL-01,elsődleges,Z,Z.2,illustration,,legyártandó,specifikáció kész,,nincs kimondva,,Hook-illusztráció: gondolkodó figura villanykörtével,02 Tervezet/Modulok/Z/Online leckék/Z.2 – Tanultam valamit! – saját tanulási pillanataim.md
B0,BATCH 0 — MOST GYÁRTHATÓ,nincs nyitott kapu,Z.2-ILL-01::ALTTEXT,Z.2-ILL-01,alt-szöveg,Z,Z.2,illustration,,legyártandó,specifikáció kész,,nincs kimondva,,Hook-illusztráció: gondolkodó figura villanykörtével — alt-szöveg,02 Tervezet/Modulok/Z/Online leckék/Z.2 – Tanultam valamit! – saját tanulási pillanataim.md
B0,BATCH 0 — MOST GYÁRTHATÓ,nincs nyitott kapu,Z.3-IKO-01,Z.3-IKO-01,elsődleges,Z,Z.3,icon-set,,legyártandó,specifikáció kész,,nincs kimondva,,Óriáslépés vs. apró lépések ikonpár,02 Tervezet/Modulok/Z/Online leckék/Z.3 – Híd a terepre – következő lépések.md
B0,BATCH 0 — MOST GYÁRTHATÓ,nincs nyitott kapu,Z.3-IKO-01::ALTTEXT,Z.3-IKO-01,alt-szöveg,Z,Z.3,icon-set,,legyártandó,specifikáció kész,,nincs kimondva,,Óriáslépés vs. apró lépések ikonpár — alt-szöveg,02 Tervezet/Modulok/Z/Online leckék/Z.3 – Híd a terepre – következő lépések.md
B0,BATCH 0 — MOST GYÁRTHATÓ,nincs nyitott kapu,Z.A-KART-01,Z.A-KART-01,elsődleges,Z,Z.A,card-set,,legyártandó,specifikáció kész,,fekete-fehér is elég,,Előhívó kérdések kártya – „üres kézzel” érkezőknek,02 Tervezet/Modulok/Z/Peulák/Z.A – Mit viszek magammal – Záró kvuca-peula.md
B0,BATCH 0 — MOST GYÁRTHATÓ,nincs nyitott kapu,Z.A-KART-01::PRINTPDF,Z.A-KART-01,nyomtatható PDF,Z,Z.A,card-set,,legyártandó,specifikáció kész,,fekete-fehér is elég,,Előhívó kérdések kártya – „üres kézzel” érkezőknek — nyomtatható PDF,02 Tervezet/Modulok/Z/Peulák/Z.A – Mit viszek magammal – Záró kvuca-peula.md
B0,BATCH 0 — MOST GYÁRTHATÓ,nincs nyitott kapu,Z.A-KART-02,Z.A-KART-02,elsődleges,Z,Z.A,card-set,,legyártandó,specifikáció kész,,fekete-fehér is elég,,Poszter seed-példák kártya – ha egy csoport megakad,02 Tervezet/Modulok/Z/Peulák/Z.A – Mit viszek magammal – Záró kvuca-peula.md
B0,BATCH 0 — MOST GYÁRTHATÓ,nincs nyitott kapu,Z.A-KART-02::PRINTPDF,Z.A-KART-02,nyomtatható PDF,Z,Z.A,card-set,,legyártandó,specifikáció kész,,fekete-fehér is elég,,Poszter seed-példák kártya – ha egy csoport megakad — nyomtatható PDF,02 Tervezet/Modulok/Z/Peulák/Z.A – Mit viszek magammal – Záró kvuca-peula.md
B0,BATCH 0 — MOST GYÁRTHATÓ,nincs nyitott kapu,Z.A-KART-03,Z.A-KART-03,elsődleges,Z,Z.A,card-set,,legyártandó,specifikáció kész,,fekete-fehér is elég,,SBI-elismerés mintamondat kártya – párcseréhez,02 Tervezet/Modulok/Z/Peulák/Z.A – Mit viszek magammal – Záró kvuca-peula.md
B0,BATCH 0 — MOST GYÁRTHATÓ,nincs nyitott kapu,Z.A-KART-03::PRINTPDF,Z.A-KART-03,nyomtatható PDF,Z,Z.A,card-set,,legyártandó,specifikáció kész,,fekete-fehér is elég,,SBI-elismerés mintamondat kártya – párcseréhez — nyomtatható PDF,02 Tervezet/Modulok/Z/Peulák/Z.A – Mit viszek magammal – Záró kvuca-peula.md
B0,BATCH 0 — MOST GYÁRTHATÓ,nincs nyitott kapu,Z.A-MUNK-01,Z.A-MUNK-01,elsődleges,Z,Z.A,worksheet,,legyártandó,specifikáció kész,,fekete-fehér is elég,munkalap,Híd a terepre – kétoszlopos poszter-sablon,02 Tervezet/Modulok/Z/Peulák/Z.A – Mit viszek magammal – Záró kvuca-peula.md
B0,BATCH 0 — MOST GYÁRTHATÓ,nincs nyitott kapu,Z.A-MUNK-01::PRINTPDF,Z.A-MUNK-01,nyomtatható PDF,Z,Z.A,worksheet,,legyártandó,specifikáció kész,,fekete-fehér is elég,munkalap,Híd a terepre – kétoszlopos poszter-sablon — nyomtatható PDF,02 Tervezet/Modulok/Z/Peulák/Z.A – Mit viszek magammal – Záró kvuca-peula.md
B0,BATCH 0 — MOST GYÁRTHATÓ,nincs nyitott kapu,Z.A-MUNK-02,Z.A-MUNK-02,elsődleges,Z,Z.A,worksheet,,legyártandó,specifikáció kész,,fekete-fehér is elég,,"Képzői ellenőrző lista – 1 oldalas, a peula előtti előkészülethez",02 Tervezet/Modulok/Z/Peulák/Z.A – Mit viszek magammal – Záró kvuca-peula.md
B0,BATCH 0 — MOST GYÁRTHATÓ,nincs nyitott kapu,Z.A-MUNK-02::PRINTPDF,Z.A-MUNK-02,nyomtatható PDF,Z,Z.A,worksheet,,legyártandó,specifikáció kész,,fekete-fehér is elég,,"Képzői ellenőrző lista – 1 oldalas, a peula előtti előkészülethez — nyomtatható PDF",02 Tervezet/Modulok/Z/Peulák/Z.A – Mit viszek magammal – Záró kvuca-peula.md
B0,BATCH 0 — MOST GYÁRTHATÓ,nincs nyitott kapu,Z.A-POSZ-01,Z.A-POSZ-01,elsődleges,Z,Z.A,poster,,legyártandó,specifikáció kész,,nincs kimondva,,„Mit viszek magammal?” – szófelhő fejléc-poszter,02 Tervezet/Modulok/Z/Peulák/Z.A – Mit viszek magammal – Záró kvuca-peula.md
B0,BATCH 0 — MOST GYÁRTHATÓ,nincs nyitott kapu,Z.A-POSZ-01::PRINTPDF,Z.A-POSZ-01,nyomtatható PDF,Z,Z.A,poster,,legyártandó,specifikáció kész,,nincs kimondva,,„Mit viszek magammal?” – szófelhő fejléc-poszter — nyomtatható PDF,02 Tervezet/Modulok/Z/Peulák/Z.A – Mit viszek magammal – Záró kvuca-peula.md
B3,"BATCH 3 — AI-AVATAR, KARAKTERVIDEÓ ÉS SZINTETIKUS HANG","R2 + R3 — avatar- és hang-jogtisztaság, hang-lock",M1.1-NAR-02,M1.1-NAR-02,elsődleges,M1,M1.1,voiceover,narration,legyártandó,jogtisztázás alatt,"R2, R3",nincs kimondva,,Narráció – Biztonság / érzelmi ráhangolódás,02 Tervezet/Modulok/M1/Online leckék/M1.1 – Johari-ablak – vakfoltjaim felismerése.md
B3,"BATCH 3 — AI-AVATAR, KARAKTERVIDEÓ ÉS SZINTETIKUS HANG","R2 + R3 — avatar- és hang-jogtisztaság, hang-lock",M1.1-NAR-02::CAPTIONS,M1.1-NAR-02,felirat,M1,M1.1,voiceover,narration,legyártandó,jogtisztázás alatt,"R2, R3",nincs kimondva,,Narráció – Biztonság / érzelmi ráhangolódás — felirat,02 Tervezet/Modulok/M1/Online leckék/M1.1 – Johari-ablak – vakfoltjaim felismerése.md
B3,"BATCH 3 — AI-AVATAR, KARAKTERVIDEÓ ÉS SZINTETIKUS HANG","R2 + R3 — avatar- és hang-jogtisztaság, hang-lock",M1.1-NAR-02::TRANSCRIPT,M1.1-NAR-02,leirat,M1,M1.1,voiceover,narration,legyártandó,jogtisztázás alatt,"R2, R3",nincs kimondva,,Narráció – Biztonság / érzelmi ráhangolódás — leirat,02 Tervezet/Modulok/M1/Online leckék/M1.1 – Johari-ablak – vakfoltjaim felismerése.md
B3,"BATCH 3 — AI-AVATAR, KARAKTERVIDEÓ ÉS SZINTETIKUS HANG","R2 + R3 — avatar- és hang-jogtisztaság, hang-lock",M1.1-NAR-03,M1.1-NAR-03,elsődleges,M1,M1.1,voiceover,narration,legyártandó,jogtisztázás alatt,"R2, R3",nincs kimondva,,Narráció – „Mi az a Johari-ablak?” (4 mező),02 Tervezet/Modulok/M1/Online leckék/M1.1 – Johari-ablak – vakfoltjaim felismerése.md
B3,"BATCH 3 — AI-AVATAR, KARAKTERVIDEÓ ÉS SZINTETIKUS HANG","R2 + R3 — avatar- és hang-jogtisztaság, hang-lock",M1.1-NAR-03::CAPTIONS,M1.1-NAR-03,felirat,M1,M1.1,voiceover,narration,legyártandó,jogtisztázás alatt,"R2, R3",nincs kimondva,,Narráció – „Mi az a Johari-ablak?” (4 mező) — felirat,02 Tervezet/Modulok/M1/Online leckék/M1.1 – Johari-ablak – vakfoltjaim felismerése.md
B3,"BATCH 3 — AI-AVATAR, KARAKTERVIDEÓ ÉS SZINTETIKUS HANG","R2 + R3 — avatar- és hang-jogtisztaság, hang-lock",M1.1-NAR-03::TRANSCRIPT,M1.1-NAR-03,leirat,M1,M1.1,voiceover,narration,legyártandó,jogtisztázás alatt,"R2, R3",nincs kimondva,,Narráció – „Mi az a Johari-ablak?” (4 mező) — leirat,02 Tervezet/Modulok/M1/Online leckék/M1.1 – Johari-ablak – vakfoltjaim felismerése.md
B3,"BATCH 3 — AI-AVATAR, KARAKTERVIDEÓ ÉS SZINTETIKUS HANG","R2 + R3 — avatar- és hang-jogtisztaság, hang-lock",M1.1-NAR-04,M1.1-NAR-04,elsődleges,M1,M1.1,voiceover,narration,legyártandó,jogtisztázás alatt,"R2, R3",nincs kimondva,,Narráció – Példák a 4 mezőre,02 Tervezet/Modulok/M1/Online leckék/M1.1 – Johari-ablak – vakfoltjaim felismerése.md
B3,"BATCH 3 — AI-AVATAR, KARAKTERVIDEÓ ÉS SZINTETIKUS HANG","R2 + R3 — avatar- és hang-jogtisztaság, hang-lock",M1.1-NAR-04::CAPTIONS,M1.1-NAR-04,felirat,M1,M1.1,voiceover,narration,legyártandó,jogtisztázás alatt,"R2, R3",nincs kimondva,,Narráció – Példák a 4 mezőre — felirat,02 Tervezet/Modulok/M1/Online leckék/M1.1 – Johari-ablak – vakfoltjaim felismerése.md
B3,"BATCH 3 — AI-AVATAR, KARAKTERVIDEÓ ÉS SZINTETIKUS HANG","R2 + R3 — avatar- és hang-jogtisztaság, hang-lock",M1.1-NAR-04::TRANSCRIPT,M1.1-NAR-04,leirat,M1,M1.1,voiceover,narration,legyártandó,jogtisztázás alatt,"R2, R3",nincs kimondva,,Narráció – Példák a 4 mezőre — leirat,02 Tervezet/Modulok/M1/Online leckék/M1.1 – Johari-ablak – vakfoltjaim felismerése.md
B3,"BATCH 3 — AI-AVATAR, KARAKTERVIDEÓ ÉS SZINTETIKUS HANG","R2 + R3 — avatar- és hang-jogtisztaság, hang-lock",M1.1-NAR-05,M1.1-NAR-05,elsődleges,M1,M1.1,voiceover,narration,legyártandó,jogtisztázás alatt,"R2, R3",nincs kimondva,,Narráció – Önreflexió bevezető (opcionális),02 Tervezet/Modulok/M1/Online leckék/M1.1 – Johari-ablak – vakfoltjaim felismerése.md
B3,"BATCH 3 — AI-AVATAR, KARAKTERVIDEÓ ÉS SZINTETIKUS HANG","R2 + R3 — avatar- és hang-jogtisztaság, hang-lock",M1.1-NAR-05::CAPTIONS,M1.1-NAR-05,felirat,M1,M1.1,voiceover,narration,legyártandó,jogtisztázás alatt,"R2, R3",nincs kimondva,,Narráció – Önreflexió bevezető (opcionális) — felirat,02 Tervezet/Modulok/M1/Online leckék/M1.1 – Johari-ablak – vakfoltjaim felismerése.md
B3,"BATCH 3 — AI-AVATAR, KARAKTERVIDEÓ ÉS SZINTETIKUS HANG","R2 + R3 — avatar- és hang-jogtisztaság, hang-lock",M1.1-NAR-05::TRANSCRIPT,M1.1-NAR-05,leirat,M1,M1.1,voiceover,narration,legyártandó,jogtisztázás alatt,"R2, R3",nincs kimondva,,Narráció – Önreflexió bevezető (opcionális) — leirat,02 Tervezet/Modulok/M1/Online leckék/M1.1 – Johari-ablak – vakfoltjaim felismerése.md
B3,"BATCH 3 — AI-AVATAR, KARAKTERVIDEÓ ÉS SZINTETIKUS HANG","R2 + R3 — avatar- és hang-jogtisztaság, hang-lock",M1.1-NAR-06,M1.1-NAR-06,elsődleges,M1,M1.1,voiceover,narration,legyártandó,jogtisztázás alatt,"R2, R3",nincs kimondva,,Záró narráció – outro + átvezetés M1.2-re,02 Tervezet/Modulok/M1/Online leckék/M1.1 – Johari-ablak – vakfoltjaim felismerése.md
B3,"BATCH 3 — AI-AVATAR, KARAKTERVIDEÓ ÉS SZINTETIKUS HANG","R2 + R3 — avatar- és hang-jogtisztaság, hang-lock",M1.1-NAR-06::CAPTIONS,M1.1-NAR-06,felirat,M1,M1.1,voiceover,narration,legyártandó,jogtisztázás alatt,"R2, R3",nincs kimondva,,Záró narráció – outro + átvezetés M1.2-re — felirat,02 Tervezet/Modulok/M1/Online leckék/M1.1 – Johari-ablak – vakfoltjaim felismerése.md
B3,"BATCH 3 — AI-AVATAR, KARAKTERVIDEÓ ÉS SZINTETIKUS HANG","R2 + R3 — avatar- és hang-jogtisztaság, hang-lock",M1.1-NAR-06::TRANSCRIPT,M1.1-NAR-06,leirat,M1,M1.1,voiceover,narration,legyártandó,jogtisztázás alatt,"R2, R3",nincs kimondva,,Záró narráció – outro + átvezetés M1.2-re — leirat,02 Tervezet/Modulok/M1/Online leckék/M1.1 – Johari-ablak – vakfoltjaim felismerése.md
B3,"BATCH 3 — AI-AVATAR, KARAKTERVIDEÓ ÉS SZINTETIKUS HANG","R2 + R3 — avatar- és hang-jogtisztaság, hang-lock",M1.1-VID-01,M1.1-VID-01,elsődleges,M1,M1.1,video,ai-talking-head,legyártandó,jogtisztázás alatt,"R2, R3",nincs kimondva,,HOOK AI beszélő fej – „Mondtak már rólad mást?”,02 Tervezet/Modulok/M1/Online leckék/M1.1 – Johari-ablak – vakfoltjaim felismerése.md
B3,"BATCH 3 — AI-AVATAR, KARAKTERVIDEÓ ÉS SZINTETIKUS HANG","R2 + R3 — avatar- és hang-jogtisztaság, hang-lock",M1.1-VID-01::VOICEOVER,M1.1-VID-01,felmondott hang,M1,M1.1,video,ai-talking-head,legyártandó,jogtisztázás alatt,"R2, R3",nincs kimondva,,HOOK AI beszélő fej – „Mondtak már rólad mást?” — felmondott hang,02 Tervezet/Modulok/M1/Online leckék/M1.1 – Johari-ablak – vakfoltjaim felismerése.md
B3,"BATCH 3 — AI-AVATAR, KARAKTERVIDEÓ ÉS SZINTETIKUS HANG","R2 + R3 — avatar- és hang-jogtisztaság, hang-lock",M1.1-VID-01::CAPTIONS,M1.1-VID-01,felirat,M1,M1.1,video,ai-talking-head,legyártandó,jogtisztázás alatt,"R2, R3",nincs kimondva,,HOOK AI beszélő fej – „Mondtak már rólad mást?” — felirat,02 Tervezet/Modulok/M1/Online leckék/M1.1 – Johari-ablak – vakfoltjaim felismerése.md
B3,"BATCH 3 — AI-AVATAR, KARAKTERVIDEÓ ÉS SZINTETIKUS HANG","R2 + R3 — avatar- és hang-jogtisztaság, hang-lock",M1.1-VID-01::TRANSCRIPT,M1.1-VID-01,leirat,M1,M1.1,video,ai-talking-head,legyártandó,jogtisztázás alatt,"R2, R3",nincs kimondva,,HOOK AI beszélő fej – „Mondtak már rólad mást?” — leirat,02 Tervezet/Modulok/M1/Online leckék/M1.1 – Johari-ablak – vakfoltjaim felismerése.md
B3,"BATCH 3 — AI-AVATAR, KARAKTERVIDEÓ ÉS SZINTETIKUS HANG","R2 + R3 — avatar- és hang-jogtisztaság, hang-lock",M1.1-VID-02,M1.1-VID-02,elsődleges,M1,M1.1,video,explainer,legyártandó,jogtisztázás alatt,"R2, R3",nincs kimondva,,Mini storyboard / B-roll – kvuca-szituk a példákhoz,02 Tervezet/Modulok/M1/Online leckék/M1.1 – Johari-ablak – vakfoltjaim felismerése.md
B3,"BATCH 3 — AI-AVATAR, KARAKTERVIDEÓ ÉS SZINTETIKUS HANG","R2 + R3 — avatar- és hang-jogtisztaság, hang-lock",M1.1-VID-02::ALTTEXT,M1.1-VID-02,alt-szöveg,M1,M1.1,video,explainer,legyártandó,jogtisztázás alatt,"R2, R3",nincs kimondva,,Mini storyboard / B-roll – kvuca-szituk a példákhoz — alt-szöveg,02 Tervezet/Modulok/M1/Online leckék/M1.1 – Johari-ablak – vakfoltjaim felismerése.md
B3,"BATCH 3 — AI-AVATAR, KARAKTERVIDEÓ ÉS SZINTETIKUS HANG","R2 + R3 — avatar- és hang-jogtisztaság, hang-lock",M1.2-NAR-02,M1.2-NAR-02,elsődleges,M1,M1.2,voiceover,narration,legyártandó,jogtisztázás alatt,"R2, R3",nincs kimondva,,INPUT narráció – definíciók (kamera-teszt),02 Tervezet/Modulok/M1/Online leckék/M1.2 – Megfigyelés ≠ értelmezés.md
B3,"BATCH 3 — AI-AVATAR, KARAKTERVIDEÓ ÉS SZINTETIKUS HANG","R2 + R3 — avatar- és hang-jogtisztaság, hang-lock",M1.2-NAR-02::CAPTIONS,M1.2-NAR-02,felirat,M1,M1.2,voiceover,narration,legyártandó,jogtisztázás alatt,"R2, R3",nincs kimondva,,INPUT narráció – definíciók (kamera-teszt) — felirat,02 Tervezet/Modulok/M1/Online leckék/M1.2 – Megfigyelés ≠ értelmezés.md
B3,"BATCH 3 — AI-AVATAR, KARAKTERVIDEÓ ÉS SZINTETIKUS HANG","R2 + R3 — avatar- és hang-jogtisztaság, hang-lock",M1.2-NAR-02::TRANSCRIPT,M1.2-NAR-02,leirat,M1,M1.2,voiceover,narration,legyártandó,jogtisztázás alatt,"R2, R3",nincs kimondva,,INPUT narráció – definíciók (kamera-teszt) — leirat,02 Tervezet/Modulok/M1/Online leckék/M1.2 – Megfigyelés ≠ értelmezés.md
B3,"BATCH 3 — AI-AVATAR, KARAKTERVIDEÓ ÉS SZINTETIKUS HANG","R2 + R3 — avatar- és hang-jogtisztaság, hang-lock",M1.2-NAR-03,M1.2-NAR-03,elsődleges,M1,M1.2,voiceover,narration,legyártandó,jogtisztázás alatt,"R2, R3",nincs kimondva,,INPUT 2 narráció – hétköznapi példák (suli/ken/otthon),02 Tervezet/Modulok/M1/Online leckék/M1.2 – Megfigyelés ≠ értelmezés.md
B3,"BATCH 3 — AI-AVATAR, KARAKTERVIDEÓ ÉS SZINTETIKUS HANG","R2 + R3 — avatar- és hang-jogtisztaság, hang-lock",M1.2-NAR-03::CAPTIONS,M1.2-NAR-03,felirat,M1,M1.2,voiceover,narration,legyártandó,jogtisztázás alatt,"R2, R3",nincs kimondva,,INPUT 2 narráció – hétköznapi példák (suli/ken/otthon) — felirat,02 Tervezet/Modulok/M1/Online leckék/M1.2 – Megfigyelés ≠ értelmezés.md
B3,"BATCH 3 — AI-AVATAR, KARAKTERVIDEÓ ÉS SZINTETIKUS HANG","R2 + R3 — avatar- és hang-jogtisztaság, hang-lock",M1.2-NAR-03::TRANSCRIPT,M1.2-NAR-03,leirat,M1,M1.2,voiceover,narration,legyártandó,jogtisztázás alatt,"R2, R3",nincs kimondva,,INPUT 2 narráció – hétköznapi példák (suli/ken/otthon) — leirat,02 Tervezet/Modulok/M1/Online leckék/M1.2 – Megfigyelés ≠ értelmezés.md
B3,"BATCH 3 — AI-AVATAR, KARAKTERVIDEÓ ÉS SZINTETIKUS HANG","R2 + R3 — avatar- és hang-jogtisztaság, hang-lock",M1.2-NAR-04,M1.2-NAR-04,elsődleges,M1,M1.2,voiceover,narration,legyártandó,jogtisztázás alatt,"R2, R3",nincs kimondva,,Mark the Words instrukció-narráció (opcionális),02 Tervezet/Modulok/M1/Online leckék/M1.2 – Megfigyelés ≠ értelmezés.md
B3,"BATCH 3 — AI-AVATAR, KARAKTERVIDEÓ ÉS SZINTETIKUS HANG","R2 + R3 — avatar- és hang-jogtisztaság, hang-lock",M1.2-NAR-04::CAPTIONS,M1.2-NAR-04,felirat,M1,M1.2,voiceover,narration,legyártandó,jogtisztázás alatt,"R2, R3",nincs kimondva,,Mark the Words instrukció-narráció (opcionális) — felirat,02 Tervezet/Modulok/M1/Online leckék/M1.2 – Megfigyelés ≠ értelmezés.md
B3,"BATCH 3 — AI-AVATAR, KARAKTERVIDEÓ ÉS SZINTETIKUS HANG","R2 + R3 — avatar- és hang-jogtisztaság, hang-lock",M1.2-NAR-04::TRANSCRIPT,M1.2-NAR-04,leirat,M1,M1.2,voiceover,narration,legyártandó,jogtisztázás alatt,"R2, R3",nincs kimondva,,Mark the Words instrukció-narráció (opcionális) — leirat,02 Tervezet/Modulok/M1/Online leckék/M1.2 – Megfigyelés ≠ értelmezés.md
B3,"BATCH 3 — AI-AVATAR, KARAKTERVIDEÓ ÉS SZINTETIKUS HANG","R2 + R3 — avatar- és hang-jogtisztaság, hang-lock",M1.2-NAR-05,M1.2-NAR-05,elsődleges,M1,M1.2,voiceover,narration,legyártandó,jogtisztázás alatt,"R2, R3",nincs kimondva,,Drag & Drop instrukció-narráció (opcionális),02 Tervezet/Modulok/M1/Online leckék/M1.2 – Megfigyelés ≠ értelmezés.md
B3,"BATCH 3 — AI-AVATAR, KARAKTERVIDEÓ ÉS SZINTETIKUS HANG","R2 + R3 — avatar- és hang-jogtisztaság, hang-lock",M1.2-NAR-05::CAPTIONS,M1.2-NAR-05,felirat,M1,M1.2,voiceover,narration,legyártandó,jogtisztázás alatt,"R2, R3",nincs kimondva,,Drag & Drop instrukció-narráció (opcionális) — felirat,02 Tervezet/Modulok/M1/Online leckék/M1.2 – Megfigyelés ≠ értelmezés.md
B3,"BATCH 3 — AI-AVATAR, KARAKTERVIDEÓ ÉS SZINTETIKUS HANG","R2 + R3 — avatar- és hang-jogtisztaság, hang-lock",M1.2-NAR-05::TRANSCRIPT,M1.2-NAR-05,leirat,M1,M1.2,voiceover,narration,legyártandó,jogtisztázás alatt,"R2, R3",nincs kimondva,,Drag & Drop instrukció-narráció (opcionális) — leirat,02 Tervezet/Modulok/M1/Online leckék/M1.2 – Megfigyelés ≠ értelmezés.md
B3,"BATCH 3 — AI-AVATAR, KARAKTERVIDEÓ ÉS SZINTETIKUS HANG","R2 + R3 — avatar- és hang-jogtisztaság, hang-lock",M1.2-NAR-06,M1.2-NAR-06,elsődleges,M1,M1.2,voiceover,narration,legyártandó,jogtisztázás alatt,"R2, R3",nincs kimondva,,OUTRO záró narráció – híd az SBI-hez,02 Tervezet/Modulok/M1/Online leckék/M1.2 – Megfigyelés ≠ értelmezés.md
B3,"BATCH 3 — AI-AVATAR, KARAKTERVIDEÓ ÉS SZINTETIKUS HANG","R2 + R3 — avatar- és hang-jogtisztaság, hang-lock",M1.2-NAR-06::CAPTIONS,M1.2-NAR-06,felirat,M1,M1.2,voiceover,narration,legyártandó,jogtisztázás alatt,"R2, R3",nincs kimondva,,OUTRO záró narráció – híd az SBI-hez — felirat,02 Tervezet/Modulok/M1/Online leckék/M1.2 – Megfigyelés ≠ értelmezés.md
B3,"BATCH 3 — AI-AVATAR, KARAKTERVIDEÓ ÉS SZINTETIKUS HANG","R2 + R3 — avatar- és hang-jogtisztaság, hang-lock",M1.2-NAR-06::TRANSCRIPT,M1.2-NAR-06,leirat,M1,M1.2,voiceover,narration,legyártandó,jogtisztázás alatt,"R2, R3",nincs kimondva,,OUTRO záró narráció – híd az SBI-hez — leirat,02 Tervezet/Modulok/M1/Online leckék/M1.2 – Megfigyelés ≠ értelmezés.md
B3,"BATCH 3 — AI-AVATAR, KARAKTERVIDEÓ ÉS SZINTETIKUS HANG","R2 + R3 — avatar- és hang-jogtisztaság, hang-lock",M1.2-VID-01,M1.2-VID-01,elsődleges,M1,M1.2,video,ai-talking-head,legyártandó,jogtisztázás alatt,"R2, R3",nincs kimondva,,"HOOK beszélő fej – ""Bunkó voltál"" vs. ""Háromszor közbevágtál""",02 Tervezet/Modulok/M1/Online leckék/M1.2 – Megfigyelés ≠ értelmezés.md
B3,"BATCH 3 — AI-AVATAR, KARAKTERVIDEÓ ÉS SZINTETIKUS HANG","R2 + R3 — avatar- és hang-jogtisztaság, hang-lock",M1.2-VID-01::VOICEOVER,M1.2-VID-01,felmondott hang,M1,M1.2,video,ai-talking-head,legyártandó,jogtisztázás alatt,"R2, R3",nincs kimondva,,"HOOK beszélő fej – ""Bunkó voltál"" vs. ""Háromszor közbevágtál"" — felmondott hang",02 Tervezet/Modulok/M1/Online leckék/M1.2 – Megfigyelés ≠ értelmezés.md
B3,"BATCH 3 — AI-AVATAR, KARAKTERVIDEÓ ÉS SZINTETIKUS HANG","R2 + R3 — avatar- és hang-jogtisztaság, hang-lock",M1.2-VID-01::CAPTIONS,M1.2-VID-01,felirat,M1,M1.2,video,ai-talking-head,legyártandó,jogtisztázás alatt,"R2, R3",nincs kimondva,,"HOOK beszélő fej – ""Bunkó voltál"" vs. ""Háromszor közbevágtál"" — felirat",02 Tervezet/Modulok/M1/Online leckék/M1.2 – Megfigyelés ≠ értelmezés.md
B3,"BATCH 3 — AI-AVATAR, KARAKTERVIDEÓ ÉS SZINTETIKUS HANG","R2 + R3 — avatar- és hang-jogtisztaság, hang-lock",M1.2-VID-01::TRANSCRIPT,M1.2-VID-01,leirat,M1,M1.2,video,ai-talking-head,legyártandó,jogtisztázás alatt,"R2, R3",nincs kimondva,,"HOOK beszélő fej – ""Bunkó voltál"" vs. ""Háromszor közbevágtál"" — leirat",02 Tervezet/Modulok/M1/Online leckék/M1.2 – Megfigyelés ≠ értelmezés.md
B3,"BATCH 3 — AI-AVATAR, KARAKTERVIDEÓ ÉS SZINTETIKUS HANG","R2 + R3 — avatar- és hang-jogtisztaság, hang-lock",M1.3-NAR-01,M1.3-NAR-01,elsődleges,M1,M1.3,voiceover,narration,legyártandó,jogtisztázás alatt,"R2, R3",nincs kimondva,,S = Situation narráció (20–30 mp),02 Tervezet/Modulok/M1/Online leckék/M1.3 – SBI-modell – hogyan adjak korrekt visszajelzést.md
B3,"BATCH 3 — AI-AVATAR, KARAKTERVIDEÓ ÉS SZINTETIKUS HANG","R2 + R3 — avatar- és hang-jogtisztaság, hang-lock",M1.3-NAR-01::CAPTIONS,M1.3-NAR-01,felirat,M1,M1.3,voiceover,narration,legyártandó,jogtisztázás alatt,"R2, R3",nincs kimondva,,S = Situation narráció (20–30 mp) — felirat,02 Tervezet/Modulok/M1/Online leckék/M1.3 – SBI-modell – hogyan adjak korrekt visszajelzést.md
B3,"BATCH 3 — AI-AVATAR, KARAKTERVIDEÓ ÉS SZINTETIKUS HANG","R2 + R3 — avatar- és hang-jogtisztaság, hang-lock",M1.3-NAR-01::TRANSCRIPT,M1.3-NAR-01,leirat,M1,M1.3,voiceover,narration,legyártandó,jogtisztázás alatt,"R2, R3",nincs kimondva,,S = Situation narráció (20–30 mp) — leirat,02 Tervezet/Modulok/M1/Online leckék/M1.3 – SBI-modell – hogyan adjak korrekt visszajelzést.md
B3,"BATCH 3 — AI-AVATAR, KARAKTERVIDEÓ ÉS SZINTETIKUS HANG","R2 + R3 — avatar- és hang-jogtisztaság, hang-lock",M1.3-NAR-02,M1.3-NAR-02,elsődleges,M1,M1.3,voiceover,narration,legyártandó,jogtisztázás alatt,"R2, R3",nincs kimondva,,B = Behavior narráció (20–30 mp),02 Tervezet/Modulok/M1/Online leckék/M1.3 – SBI-modell – hogyan adjak korrekt visszajelzést.md
B3,"BATCH 3 — AI-AVATAR, KARAKTERVIDEÓ ÉS SZINTETIKUS HANG","R2 + R3 — avatar- és hang-jogtisztaság, hang-lock",M1.3-NAR-02::CAPTIONS,M1.3-NAR-02,felirat,M1,M1.3,voiceover,narration,legyártandó,jogtisztázás alatt,"R2, R3",nincs kimondva,,B = Behavior narráció (20–30 mp) — felirat,02 Tervezet/Modulok/M1/Online leckék/M1.3 – SBI-modell – hogyan adjak korrekt visszajelzést.md
B3,"BATCH 3 — AI-AVATAR, KARAKTERVIDEÓ ÉS SZINTETIKUS HANG","R2 + R3 — avatar- és hang-jogtisztaság, hang-lock",M1.3-NAR-02::TRANSCRIPT,M1.3-NAR-02,leirat,M1,M1.3,voiceover,narration,legyártandó,jogtisztázás alatt,"R2, R3",nincs kimondva,,B = Behavior narráció (20–30 mp) — leirat,02 Tervezet/Modulok/M1/Online leckék/M1.3 – SBI-modell – hogyan adjak korrekt visszajelzést.md
B3,"BATCH 3 — AI-AVATAR, KARAKTERVIDEÓ ÉS SZINTETIKUS HANG","R2 + R3 — avatar- és hang-jogtisztaság, hang-lock",M1.3-NAR-03,M1.3-NAR-03,elsődleges,M1,M1.3,voiceover,narration,legyártandó,jogtisztázás alatt,"R2, R3",nincs kimondva,,I = Impact narráció (20–30 mp),02 Tervezet/Modulok/M1/Online leckék/M1.3 – SBI-modell – hogyan adjak korrekt visszajelzést.md
B3,"BATCH 3 — AI-AVATAR, KARAKTERVIDEÓ ÉS SZINTETIKUS HANG","R2 + R3 — avatar- és hang-jogtisztaság, hang-lock",M1.3-NAR-03::CAPTIONS,M1.3-NAR-03,felirat,M1,M1.3,voiceover,narration,legyártandó,jogtisztázás alatt,"R2, R3",nincs kimondva,,I = Impact narráció (20–30 mp) — felirat,02 Tervezet/Modulok/M1/Online leckék/M1.3 – SBI-modell – hogyan adjak korrekt visszajelzést.md
B3,"BATCH 3 — AI-AVATAR, KARAKTERVIDEÓ ÉS SZINTETIKUS HANG","R2 + R3 — avatar- és hang-jogtisztaság, hang-lock",M1.3-NAR-03::TRANSCRIPT,M1.3-NAR-03,leirat,M1,M1.3,voiceover,narration,legyártandó,jogtisztázás alatt,"R2, R3",nincs kimondva,,I = Impact narráció (20–30 mp) — leirat,02 Tervezet/Modulok/M1/Online leckék/M1.3 – SBI-modell – hogyan adjak korrekt visszajelzést.md
B3,"BATCH 3 — AI-AVATAR, KARAKTERVIDEÓ ÉS SZINTETIKUS HANG","R2 + R3 — avatar- és hang-jogtisztaság, hang-lock",M1.3-NAR-04,M1.3-NAR-04,elsődleges,M1,M1.3,voiceover,narration,legyártandó,jogtisztázás alatt,"R2, R3",nincs kimondva,,Activity 1 (vezetett SBI) narráció (15–20 mp),02 Tervezet/Modulok/M1/Online leckék/M1.3 – SBI-modell – hogyan adjak korrekt visszajelzést.md
B3,"BATCH 3 — AI-AVATAR, KARAKTERVIDEÓ ÉS SZINTETIKUS HANG","R2 + R3 — avatar- és hang-jogtisztaság, hang-lock",M1.3-NAR-04::CAPTIONS,M1.3-NAR-04,felirat,M1,M1.3,voiceover,narration,legyártandó,jogtisztázás alatt,"R2, R3",nincs kimondva,,Activity 1 (vezetett SBI) narráció (15–20 mp) — felirat,02 Tervezet/Modulok/M1/Online leckék/M1.3 – SBI-modell – hogyan adjak korrekt visszajelzést.md
B3,"BATCH 3 — AI-AVATAR, KARAKTERVIDEÓ ÉS SZINTETIKUS HANG","R2 + R3 — avatar- és hang-jogtisztaság, hang-lock",M1.3-NAR-04::TRANSCRIPT,M1.3-NAR-04,leirat,M1,M1.3,voiceover,narration,legyártandó,jogtisztázás alatt,"R2, R3",nincs kimondva,,Activity 1 (vezetett SBI) narráció (15–20 mp) — leirat,02 Tervezet/Modulok/M1/Online leckék/M1.3 – SBI-modell – hogyan adjak korrekt visszajelzést.md
B3,"BATCH 3 — AI-AVATAR, KARAKTERVIDEÓ ÉS SZINTETIKUS HANG","R2 + R3 — avatar- és hang-jogtisztaság, hang-lock",M1.3-NAR-05,M1.3-NAR-05,elsődleges,M1,M1.3,voiceover,narration,legyártandó,jogtisztázás alatt,"R2, R3",nincs kimondva,,Activity 2 (saját mini-SBI) narráció (20–30 mp),02 Tervezet/Modulok/M1/Online leckék/M1.3 – SBI-modell – hogyan adjak korrekt visszajelzést.md
B3,"BATCH 3 — AI-AVATAR, KARAKTERVIDEÓ ÉS SZINTETIKUS HANG","R2 + R3 — avatar- és hang-jogtisztaság, hang-lock",M1.3-NAR-05::CAPTIONS,M1.3-NAR-05,felirat,M1,M1.3,voiceover,narration,legyártandó,jogtisztázás alatt,"R2, R3",nincs kimondva,,Activity 2 (saját mini-SBI) narráció (20–30 mp) — felirat,02 Tervezet/Modulok/M1/Online leckék/M1.3 – SBI-modell – hogyan adjak korrekt visszajelzést.md
B3,"BATCH 3 — AI-AVATAR, KARAKTERVIDEÓ ÉS SZINTETIKUS HANG","R2 + R3 — avatar- és hang-jogtisztaság, hang-lock",M1.3-NAR-05::TRANSCRIPT,M1.3-NAR-05,leirat,M1,M1.3,voiceover,narration,legyártandó,jogtisztázás alatt,"R2, R3",nincs kimondva,,Activity 2 (saját mini-SBI) narráció (20–30 mp) — leirat,02 Tervezet/Modulok/M1/Online leckék/M1.3 – SBI-modell – hogyan adjak korrekt visszajelzést.md
B3,"BATCH 3 — AI-AVATAR, KARAKTERVIDEÓ ÉS SZINTETIKUS HANG","R2 + R3 — avatar- és hang-jogtisztaság, hang-lock",M1.3-NAR-06,M1.3-NAR-06,elsődleges,M1,M1.3,voiceover,narration,legyártandó,jogtisztázás alatt,"R2, R3",nincs kimondva,,Önellenőrző narráció (10–15 mp),02 Tervezet/Modulok/M1/Online leckék/M1.3 – SBI-modell – hogyan adjak korrekt visszajelzést.md
B3,"BATCH 3 — AI-AVATAR, KARAKTERVIDEÓ ÉS SZINTETIKUS HANG","R2 + R3 — avatar- és hang-jogtisztaság, hang-lock",M1.3-NAR-06::CAPTIONS,M1.3-NAR-06,felirat,M1,M1.3,voiceover,narration,legyártandó,jogtisztázás alatt,"R2, R3",nincs kimondva,,Önellenőrző narráció (10–15 mp) — felirat,02 Tervezet/Modulok/M1/Online leckék/M1.3 – SBI-modell – hogyan adjak korrekt visszajelzést.md
B3,"BATCH 3 — AI-AVATAR, KARAKTERVIDEÓ ÉS SZINTETIKUS HANG","R2 + R3 — avatar- és hang-jogtisztaság, hang-lock",M1.3-NAR-06::TRANSCRIPT,M1.3-NAR-06,leirat,M1,M1.3,voiceover,narration,legyártandó,jogtisztázás alatt,"R2, R3",nincs kimondva,,Önellenőrző narráció (10–15 mp) — leirat,02 Tervezet/Modulok/M1/Online leckék/M1.3 – SBI-modell – hogyan adjak korrekt visszajelzést.md
B3,"BATCH 3 — AI-AVATAR, KARAKTERVIDEÓ ÉS SZINTETIKUS HANG","R2 + R3 — avatar- és hang-jogtisztaság, hang-lock",M1.3-NAR-07,M1.3-NAR-07,elsődleges,M1,M1.3,voiceover,narration,legyártandó,jogtisztázás alatt,"R2, R3",nincs kimondva,,Zárószöveg narráció (10–15 mp),02 Tervezet/Modulok/M1/Online leckék/M1.3 – SBI-modell – hogyan adjak korrekt visszajelzést.md
B3,"BATCH 3 — AI-AVATAR, KARAKTERVIDEÓ ÉS SZINTETIKUS HANG","R2 + R3 — avatar- és hang-jogtisztaság, hang-lock",M1.3-NAR-07::CAPTIONS,M1.3-NAR-07,felirat,M1,M1.3,voiceover,narration,legyártandó,jogtisztázás alatt,"R2, R3",nincs kimondva,,Zárószöveg narráció (10–15 mp) — felirat,02 Tervezet/Modulok/M1/Online leckék/M1.3 – SBI-modell – hogyan adjak korrekt visszajelzést.md
B3,"BATCH 3 — AI-AVATAR, KARAKTERVIDEÓ ÉS SZINTETIKUS HANG","R2 + R3 — avatar- és hang-jogtisztaság, hang-lock",M1.3-NAR-07::TRANSCRIPT,M1.3-NAR-07,leirat,M1,M1.3,voiceover,narration,legyártandó,jogtisztázás alatt,"R2, R3",nincs kimondva,,Zárószöveg narráció (10–15 mp) — leirat,02 Tervezet/Modulok/M1/Online leckék/M1.3 – SBI-modell – hogyan adjak korrekt visszajelzést.md
B3,"BATCH 3 — AI-AVATAR, KARAKTERVIDEÓ ÉS SZINTETIKUS HANG","R2 + R3 — avatar- és hang-jogtisztaság, hang-lock",M1.4-NAR-01,M1.4-NAR-01,elsődleges,M1,M1.4,voiceover,narration,legyártandó,jogtisztázás alatt,"R2, R3",nincs kimondva,,Slide 1 Hook-narráció – 3 helyzet bemutatása,02 Tervezet/Modulok/M1/Online leckék/M1.4 – Miniszituációk – Mondd el SBI-ben.md
B3,"BATCH 3 — AI-AVATAR, KARAKTERVIDEÓ ÉS SZINTETIKUS HANG","R2 + R3 — avatar- és hang-jogtisztaság, hang-lock",M1.4-NAR-01::CAPTIONS,M1.4-NAR-01,felirat,M1,M1.4,voiceover,narration,legyártandó,jogtisztázás alatt,"R2, R3",nincs kimondva,,Slide 1 Hook-narráció – 3 helyzet bemutatása — felirat,02 Tervezet/Modulok/M1/Online leckék/M1.4 – Miniszituációk – Mondd el SBI-ben.md
B3,"BATCH 3 — AI-AVATAR, KARAKTERVIDEÓ ÉS SZINTETIKUS HANG","R2 + R3 — avatar- és hang-jogtisztaság, hang-lock",M1.4-NAR-01::TRANSCRIPT,M1.4-NAR-01,leirat,M1,M1.4,voiceover,narration,legyártandó,jogtisztázás alatt,"R2, R3",nincs kimondva,,Slide 1 Hook-narráció – 3 helyzet bemutatása — leirat,02 Tervezet/Modulok/M1/Online leckék/M1.4 – Miniszituációk – Mondd el SBI-ben.md
B3,"BATCH 3 — AI-AVATAR, KARAKTERVIDEÓ ÉS SZINTETIKUS HANG","R2 + R3 — avatar- és hang-jogtisztaság, hang-lock",M1.4-NAR-02,M1.4-NAR-02,elsődleges,M1,M1.4,voiceover,narration,legyártandó,jogtisztázás alatt,"R2, R3",nincs kimondva,,Slide 2 narráció – SBI emlékeztető,02 Tervezet/Modulok/M1/Online leckék/M1.4 – Miniszituációk – Mondd el SBI-ben.md
B3,"BATCH 3 — AI-AVATAR, KARAKTERVIDEÓ ÉS SZINTETIKUS HANG","R2 + R3 — avatar- és hang-jogtisztaság, hang-lock",M1.4-NAR-02::CAPTIONS,M1.4-NAR-02,felirat,M1,M1.4,voiceover,narration,legyártandó,jogtisztázás alatt,"R2, R3",nincs kimondva,,Slide 2 narráció – SBI emlékeztető — felirat,02 Tervezet/Modulok/M1/Online leckék/M1.4 – Miniszituációk – Mondd el SBI-ben.md
B3,"BATCH 3 — AI-AVATAR, KARAKTERVIDEÓ ÉS SZINTETIKUS HANG","R2 + R3 — avatar- és hang-jogtisztaság, hang-lock",M1.4-NAR-02::TRANSCRIPT,M1.4-NAR-02,leirat,M1,M1.4,voiceover,narration,legyártandó,jogtisztázás alatt,"R2, R3",nincs kimondva,,Slide 2 narráció – SBI emlékeztető — leirat,02 Tervezet/Modulok/M1/Online leckék/M1.4 – Miniszituációk – Mondd el SBI-ben.md
B3,"BATCH 3 — AI-AVATAR, KARAKTERVIDEÓ ÉS SZINTETIKUS HANG","R2 + R3 — avatar- és hang-jogtisztaság, hang-lock",M1.4-NAR-03,M1.4-NAR-03,elsődleges,M1,M1.4,voiceover,narration,legyártandó,jogtisztázás alatt,"R2, R3",nincs kimondva,,Slide 6 átvezető narráció – beadandóra hívás,02 Tervezet/Modulok/M1/Online leckék/M1.4 – Miniszituációk – Mondd el SBI-ben.md
B3,"BATCH 3 — AI-AVATAR, KARAKTERVIDEÓ ÉS SZINTETIKUS HANG","R2 + R3 — avatar- és hang-jogtisztaság, hang-lock",M1.4-NAR-03::CAPTIONS,M1.4-NAR-03,felirat,M1,M1.4,voiceover,narration,legyártandó,jogtisztázás alatt,"R2, R3",nincs kimondva,,Slide 6 átvezető narráció – beadandóra hívás — felirat,02 Tervezet/Modulok/M1/Online leckék/M1.4 – Miniszituációk – Mondd el SBI-ben.md
B3,"BATCH 3 — AI-AVATAR, KARAKTERVIDEÓ ÉS SZINTETIKUS HANG","R2 + R3 — avatar- és hang-jogtisztaság, hang-lock",M1.4-NAR-03::TRANSCRIPT,M1.4-NAR-03,leirat,M1,M1.4,voiceover,narration,legyártandó,jogtisztázás alatt,"R2, R3",nincs kimondva,,Slide 6 átvezető narráció – beadandóra hívás — leirat,02 Tervezet/Modulok/M1/Online leckék/M1.4 – Miniszituációk – Mondd el SBI-ben.md
B3,"BATCH 3 — AI-AVATAR, KARAKTERVIDEÓ ÉS SZINTETIKUS HANG","R2 + R3 — avatar- és hang-jogtisztaság, hang-lock",M2.1-NAR-02,M2.1-NAR-02,elsődleges,M2,M2.1,voiceover,narration,legyártandó,jogtisztázás alatt,"R2, R3",nincs kimondva,,Narráció – identitás-körök bevezetés (SLIDE 2),02 Tervezet/Modulok/M2/Online leckék/M2.1 – Ki vagyok én madrihként – identitás-körök.md
B3,"BATCH 3 — AI-AVATAR, KARAKTERVIDEÓ ÉS SZINTETIKUS HANG","R2 + R3 — avatar- és hang-jogtisztaság, hang-lock",M2.1-NAR-02::CAPTIONS,M2.1-NAR-02,felirat,M2,M2.1,voiceover,narration,legyártandó,jogtisztázás alatt,"R2, R3",nincs kimondva,,Narráció – identitás-körök bevezetés (SLIDE 2) — felirat,02 Tervezet/Modulok/M2/Online leckék/M2.1 – Ki vagyok én madrihként – identitás-körök.md
B3,"BATCH 3 — AI-AVATAR, KARAKTERVIDEÓ ÉS SZINTETIKUS HANG","R2 + R3 — avatar- és hang-jogtisztaság, hang-lock",M2.1-NAR-02::TRANSCRIPT,M2.1-NAR-02,leirat,M2,M2.1,voiceover,narration,legyártandó,jogtisztázás alatt,"R2, R3",nincs kimondva,,Narráció – identitás-körök bevezetés (SLIDE 2) — leirat,02 Tervezet/Modulok/M2/Online leckék/M2.1 – Ki vagyok én madrihként – identitás-körök.md
B3,"BATCH 3 — AI-AVATAR, KARAKTERVIDEÓ ÉS SZINTETIKUS HANG","R2 + R3 — avatar- és hang-jogtisztaság, hang-lock",M2.1-NAR-03,M2.1-NAR-03,elsődleges,M2,M2.1,voiceover,narration,legyártandó,jogtisztázás alatt,"R2, R3",nincs kimondva,,Narráció – helyzetek és körök (SLIDE 3),02 Tervezet/Modulok/M2/Online leckék/M2.1 – Ki vagyok én madrihként – identitás-körök.md
B3,"BATCH 3 — AI-AVATAR, KARAKTERVIDEÓ ÉS SZINTETIKUS HANG","R2 + R3 — avatar- és hang-jogtisztaság, hang-lock",M2.1-NAR-03::CAPTIONS,M2.1-NAR-03,felirat,M2,M2.1,voiceover,narration,legyártandó,jogtisztázás alatt,"R2, R3",nincs kimondva,,Narráció – helyzetek és körök (SLIDE 3) — felirat,02 Tervezet/Modulok/M2/Online leckék/M2.1 – Ki vagyok én madrihként – identitás-körök.md
B3,"BATCH 3 — AI-AVATAR, KARAKTERVIDEÓ ÉS SZINTETIKUS HANG","R2 + R3 — avatar- és hang-jogtisztaság, hang-lock",M2.1-NAR-03::TRANSCRIPT,M2.1-NAR-03,leirat,M2,M2.1,voiceover,narration,legyártandó,jogtisztázás alatt,"R2, R3",nincs kimondva,,Narráció – helyzetek és körök (SLIDE 3) — leirat,02 Tervezet/Modulok/M2/Online leckék/M2.1 – Ki vagyok én madrihként – identitás-körök.md
B3,"BATCH 3 — AI-AVATAR, KARAKTERVIDEÓ ÉS SZINTETIKUS HANG","R2 + R3 — avatar- és hang-jogtisztaság, hang-lock",M2.1-NAR-04,M2.1-NAR-04,elsődleges,M2,M2.1,voiceover,narration,legyártandó,jogtisztázás alatt,"R2, R3",nincs kimondva,,Outro narráció – lezárás + híd M2.2-re,02 Tervezet/Modulok/M2/Online leckék/M2.1 – Ki vagyok én madrihként – identitás-körök.md
B3,"BATCH 3 — AI-AVATAR, KARAKTERVIDEÓ ÉS SZINTETIKUS HANG","R2 + R3 — avatar- és hang-jogtisztaság, hang-lock",M2.1-NAR-04::CAPTIONS,M2.1-NAR-04,felirat,M2,M2.1,voiceover,narration,legyártandó,jogtisztázás alatt,"R2, R3",nincs kimondva,,Outro narráció – lezárás + híd M2.2-re — felirat,02 Tervezet/Modulok/M2/Online leckék/M2.1 – Ki vagyok én madrihként – identitás-körök.md
B3,"BATCH 3 — AI-AVATAR, KARAKTERVIDEÓ ÉS SZINTETIKUS HANG","R2 + R3 — avatar- és hang-jogtisztaság, hang-lock",M2.1-NAR-04::TRANSCRIPT,M2.1-NAR-04,leirat,M2,M2.1,voiceover,narration,legyártandó,jogtisztázás alatt,"R2, R3",nincs kimondva,,Outro narráció – lezárás + híd M2.2-re — leirat,02 Tervezet/Modulok/M2/Online leckék/M2.1 – Ki vagyok én madrihként – identitás-körök.md
B3,"BATCH 3 — AI-AVATAR, KARAKTERVIDEÓ ÉS SZINTETIKUS HANG","R2 + R3 — avatar- és hang-jogtisztaság, hang-lock",M2.1-VID-01,M2.1-VID-01,elsődleges,M2,M2.1,video,ai-talking-head,legyártandó,jogtisztázás alatt,"R2, R3",nincs kimondva,,Hook beszélő fej – „Te mitől vagy someres?”,02 Tervezet/Modulok/M2/Online leckék/M2.1 – Ki vagyok én madrihként – identitás-körök.md
B3,"BATCH 3 — AI-AVATAR, KARAKTERVIDEÓ ÉS SZINTETIKUS HANG","R2 + R3 — avatar- és hang-jogtisztaság, hang-lock",M2.1-VID-01::VOICEOVER,M2.1-VID-01,felmondott hang,M2,M2.1,video,ai-talking-head,legyártandó,jogtisztázás alatt,"R2, R3",nincs kimondva,,Hook beszélő fej – „Te mitől vagy someres?” — felmondott hang,02 Tervezet/Modulok/M2/Online leckék/M2.1 – Ki vagyok én madrihként – identitás-körök.md
B3,"BATCH 3 — AI-AVATAR, KARAKTERVIDEÓ ÉS SZINTETIKUS HANG","R2 + R3 — avatar- és hang-jogtisztaság, hang-lock",M2.1-VID-01::CAPTIONS,M2.1-VID-01,felirat,M2,M2.1,video,ai-talking-head,legyártandó,jogtisztázás alatt,"R2, R3",nincs kimondva,,Hook beszélő fej – „Te mitől vagy someres?” — felirat,02 Tervezet/Modulok/M2/Online leckék/M2.1 – Ki vagyok én madrihként – identitás-körök.md
B3,"BATCH 3 — AI-AVATAR, KARAKTERVIDEÓ ÉS SZINTETIKUS HANG","R2 + R3 — avatar- és hang-jogtisztaság, hang-lock",M2.1-VID-01::TRANSCRIPT,M2.1-VID-01,leirat,M2,M2.1,video,ai-talking-head,legyártandó,jogtisztázás alatt,"R2, R3",nincs kimondva,,Hook beszélő fej – „Te mitől vagy someres?” — leirat,02 Tervezet/Modulok/M2/Online leckék/M2.1 – Ki vagyok én madrihként – identitás-körök.md
B3,"BATCH 3 — AI-AVATAR, KARAKTERVIDEÓ ÉS SZINTETIKUS HANG","R2 + R3 — avatar- és hang-jogtisztaság, hang-lock",M2.2-NAR-02,M2.2-NAR-02,elsődleges,M2,M2.2,voiceover,narration,legyártandó,jogtisztázás alatt,"R2, R3",nincs kimondva,,"Narráció – „Mi az, hogy érték?” (Slide 2)",02 Tervezet/Modulok/M2/Online leckék/M2.2 – Értékeim mint iránytű.md
B3,"BATCH 3 — AI-AVATAR, KARAKTERVIDEÓ ÉS SZINTETIKUS HANG","R2 + R3 — avatar- és hang-jogtisztaság, hang-lock",M2.2-NAR-02::CAPTIONS,M2.2-NAR-02,felirat,M2,M2.2,voiceover,narration,legyártandó,jogtisztázás alatt,"R2, R3",nincs kimondva,,"Narráció – „Mi az, hogy érték?” (Slide 2) — felirat",02 Tervezet/Modulok/M2/Online leckék/M2.2 – Értékeim mint iránytű.md
B3,"BATCH 3 — AI-AVATAR, KARAKTERVIDEÓ ÉS SZINTETIKUS HANG","R2 + R3 — avatar- és hang-jogtisztaság, hang-lock",M2.2-NAR-02::TRANSCRIPT,M2.2-NAR-02,leirat,M2,M2.2,voiceover,narration,legyártandó,jogtisztázás alatt,"R2, R3",nincs kimondva,,"Narráció – „Mi az, hogy érték?” (Slide 2) — leirat",02 Tervezet/Modulok/M2/Online leckék/M2.2 – Értékeim mint iránytű.md
B3,"BATCH 3 — AI-AVATAR, KARAKTERVIDEÓ ÉS SZINTETIKUS HANG","R2 + R3 — avatar- és hang-jogtisztaság, hang-lock",M2.2-NAR-03,M2.2-NAR-03,elsődleges,M2,M2.2,voiceover,narration,legyártandó,jogtisztázás alatt,"R2, R3",nincs kimondva,,Narráció – szófelhő (Slide 3),02 Tervezet/Modulok/M2/Online leckék/M2.2 – Értékeim mint iránytű.md
B3,"BATCH 3 — AI-AVATAR, KARAKTERVIDEÓ ÉS SZINTETIKUS HANG","R2 + R3 — avatar- és hang-jogtisztaság, hang-lock",M2.2-NAR-03::CAPTIONS,M2.2-NAR-03,felirat,M2,M2.2,voiceover,narration,legyártandó,jogtisztázás alatt,"R2, R3",nincs kimondva,,Narráció – szófelhő (Slide 3) — felirat,02 Tervezet/Modulok/M2/Online leckék/M2.2 – Értékeim mint iránytű.md
B3,"BATCH 3 — AI-AVATAR, KARAKTERVIDEÓ ÉS SZINTETIKUS HANG","R2 + R3 — avatar- és hang-jogtisztaság, hang-lock",M2.2-NAR-03::TRANSCRIPT,M2.2-NAR-03,leirat,M2,M2.2,voiceover,narration,legyártandó,jogtisztázás alatt,"R2, R3",nincs kimondva,,Narráció – szófelhő (Slide 3) — leirat,02 Tervezet/Modulok/M2/Online leckék/M2.2 – Értékeim mint iránytű.md
B3,"BATCH 3 — AI-AVATAR, KARAKTERVIDEÓ ÉS SZINTETIKUS HANG","R2 + R3 — avatar- és hang-jogtisztaság, hang-lock",M2.2-VID-01,M2.2-VID-01,elsődleges,M2,M2.2,video,ai-talking-head,legyártandó,jogtisztázás alatt,"R2, R3",nincs kimondva,beszelofej,Hook-videó: „A kvucád 15 percet késik…”,02 Tervezet/Modulok/M2/Online leckék/M2.2 – Értékeim mint iránytű.md
B3,"BATCH 3 — AI-AVATAR, KARAKTERVIDEÓ ÉS SZINTETIKUS HANG","R2 + R3 — avatar- és hang-jogtisztaság, hang-lock",M2.2-VID-01::VOICEOVER,M2.2-VID-01,felmondott hang,M2,M2.2,video,ai-talking-head,legyártandó,jogtisztázás alatt,"R2, R3",nincs kimondva,beszelofej,Hook-videó: „A kvucád 15 percet késik…” — felmondott hang,02 Tervezet/Modulok/M2/Online leckék/M2.2 – Értékeim mint iránytű.md
B3,"BATCH 3 — AI-AVATAR, KARAKTERVIDEÓ ÉS SZINTETIKUS HANG","R2 + R3 — avatar- és hang-jogtisztaság, hang-lock",M2.2-VID-01::CAPTIONS,M2.2-VID-01,felirat,M2,M2.2,video,ai-talking-head,legyártandó,jogtisztázás alatt,"R2, R3",nincs kimondva,beszelofej,Hook-videó: „A kvucád 15 percet késik…” — felirat,02 Tervezet/Modulok/M2/Online leckék/M2.2 – Értékeim mint iránytű.md
B3,"BATCH 3 — AI-AVATAR, KARAKTERVIDEÓ ÉS SZINTETIKUS HANG","R2 + R3 — avatar- és hang-jogtisztaság, hang-lock",M2.2-VID-01::TRANSCRIPT,M2.2-VID-01,leirat,M2,M2.2,video,ai-talking-head,legyártandó,jogtisztázás alatt,"R2, R3",nincs kimondva,beszelofej,Hook-videó: „A kvucád 15 percet késik…” — leirat,02 Tervezet/Modulok/M2/Online leckék/M2.2 – Értékeim mint iránytű.md
B3,"BATCH 3 — AI-AVATAR, KARAKTERVIDEÓ ÉS SZINTETIKUS HANG","R2 + R3 — avatar- és hang-jogtisztaság, hang-lock",M2.2-VID-02,M2.2-VID-02,elsődleges,M2,M2.2,video,ai-talking-head,legyártandó,jogtisztázás alatt,"R2, R3",nincs kimondva,,Outro – beszélő fej / köszönőkártya (Slide 8),02 Tervezet/Modulok/M2/Online leckék/M2.2 – Értékeim mint iránytű.md
B3,"BATCH 3 — AI-AVATAR, KARAKTERVIDEÓ ÉS SZINTETIKUS HANG","R2 + R3 — avatar- és hang-jogtisztaság, hang-lock",M2.2-VID-02::VOICEOVER,M2.2-VID-02,felmondott hang,M2,M2.2,video,ai-talking-head,legyártandó,jogtisztázás alatt,"R2, R3",nincs kimondva,,Outro – beszélő fej / köszönőkártya (Slide 8) — felmondott hang,02 Tervezet/Modulok/M2/Online leckék/M2.2 – Értékeim mint iránytű.md
B3,"BATCH 3 — AI-AVATAR, KARAKTERVIDEÓ ÉS SZINTETIKUS HANG","R2 + R3 — avatar- és hang-jogtisztaság, hang-lock",M2.2-VID-02::CAPTIONS,M2.2-VID-02,felirat,M2,M2.2,video,ai-talking-head,legyártandó,jogtisztázás alatt,"R2, R3",nincs kimondva,,Outro – beszélő fej / köszönőkártya (Slide 8) — felirat,02 Tervezet/Modulok/M2/Online leckék/M2.2 – Értékeim mint iránytű.md
B3,"BATCH 3 — AI-AVATAR, KARAKTERVIDEÓ ÉS SZINTETIKUS HANG","R2 + R3 — avatar- és hang-jogtisztaság, hang-lock",M2.2-VID-02::TRANSCRIPT,M2.2-VID-02,leirat,M2,M2.2,video,ai-talking-head,legyártandó,jogtisztázás alatt,"R2, R3",nincs kimondva,,Outro – beszélő fej / köszönőkártya (Slide 8) — leirat,02 Tervezet/Modulok/M2/Online leckék/M2.2 – Értékeim mint iránytű.md
B3,"BATCH 3 — AI-AVATAR, KARAKTERVIDEÓ ÉS SZINTETIKUS HANG","R2 + R3 — avatar- és hang-jogtisztaság, hang-lock",M2.3-NAR-02,M2.3-NAR-02,elsődleges,M2,M2.3,voiceover,narration,legyártandó,jogtisztázás alatt,"R2, R3",nincs kimondva,,"KERET narráció – ""Ez a három pillér sokkal több, mint három szó""",02 Tervezet/Modulok/M2/Online leckék/M2.3 – Somer 3 pillére – mini-kapszula.md
B3,"BATCH 3 — AI-AVATAR, KARAKTERVIDEÓ ÉS SZINTETIKUS HANG","R2 + R3 — avatar- és hang-jogtisztaság, hang-lock",M2.3-NAR-02::CAPTIONS,M2.3-NAR-02,felirat,M2,M2.3,voiceover,narration,legyártandó,jogtisztázás alatt,"R2, R3",nincs kimondva,,"KERET narráció – ""Ez a három pillér sokkal több, mint három szó"" — felirat",02 Tervezet/Modulok/M2/Online leckék/M2.3 – Somer 3 pillére – mini-kapszula.md
B3,"BATCH 3 — AI-AVATAR, KARAKTERVIDEÓ ÉS SZINTETIKUS HANG","R2 + R3 — avatar- és hang-jogtisztaság, hang-lock",M2.3-NAR-02::TRANSCRIPT,M2.3-NAR-02,leirat,M2,M2.3,voiceover,narration,legyártandó,jogtisztázás alatt,"R2, R3",nincs kimondva,,"KERET narráció – ""Ez a három pillér sokkal több, mint három szó"" — leirat",02 Tervezet/Modulok/M2/Online leckék/M2.3 – Somer 3 pillére – mini-kapszula.md
B3,"BATCH 3 — AI-AVATAR, KARAKTERVIDEÓ ÉS SZINTETIKUS HANG","R2 + R3 — avatar- és hang-jogtisztaság, hang-lock",M2.3-VID-01,M2.3-VID-01,elsődleges,M2,M2.3,video,ai-talking-head,legyártandó,jogtisztázás alatt,"R2, R3",nincs kimondva,,Hook AI beszélő-fej videó – 3 pillér felvezetés,02 Tervezet/Modulok/M2/Online leckék/M2.3 – Somer 3 pillére – mini-kapszula.md
B3,"BATCH 3 — AI-AVATAR, KARAKTERVIDEÓ ÉS SZINTETIKUS HANG","R2 + R3 — avatar- és hang-jogtisztaság, hang-lock",M2.3-VID-01::VOICEOVER,M2.3-VID-01,felmondott hang,M2,M2.3,video,ai-talking-head,legyártandó,jogtisztázás alatt,"R2, R3",nincs kimondva,,Hook AI beszélő-fej videó – 3 pillér felvezetés — felmondott hang,02 Tervezet/Modulok/M2/Online leckék/M2.3 – Somer 3 pillére – mini-kapszula.md
B3,"BATCH 3 — AI-AVATAR, KARAKTERVIDEÓ ÉS SZINTETIKUS HANG","R2 + R3 — avatar- és hang-jogtisztaság, hang-lock",M2.3-VID-01::CAPTIONS,M2.3-VID-01,felirat,M2,M2.3,video,ai-talking-head,legyártandó,jogtisztázás alatt,"R2, R3",nincs kimondva,,Hook AI beszélő-fej videó – 3 pillér felvezetés — felirat,02 Tervezet/Modulok/M2/Online leckék/M2.3 – Somer 3 pillére – mini-kapszula.md
B3,"BATCH 3 — AI-AVATAR, KARAKTERVIDEÓ ÉS SZINTETIKUS HANG","R2 + R3 — avatar- és hang-jogtisztaság, hang-lock",M2.3-VID-01::TRANSCRIPT,M2.3-VID-01,leirat,M2,M2.3,video,ai-talking-head,legyártandó,jogtisztázás alatt,"R2, R3",nincs kimondva,,Hook AI beszélő-fej videó – 3 pillér felvezetés — leirat,02 Tervezet/Modulok/M2/Online leckék/M2.3 – Somer 3 pillére – mini-kapszula.md
B3,"BATCH 3 — AI-AVATAR, KARAKTERVIDEÓ ÉS SZINTETIKUS HANG","R2 + R3 — avatar- és hang-jogtisztaság, hang-lock",M2.3-VID-02,M2.3-VID-02,elsődleges,M2,M2.3,video,ai-talking-head,legyártandó,jogtisztázás alatt,"R2, R3",nincs kimondva,,"Outro AI beszélő-fej videó (opcionális, INFERÁLT forma) – záró keret + híd az M2.B-re",02 Tervezet/Modulok/M2/Online leckék/M2.3 – Somer 3 pillére – mini-kapszula.md
B3,"BATCH 3 — AI-AVATAR, KARAKTERVIDEÓ ÉS SZINTETIKUS HANG","R2 + R3 — avatar- és hang-jogtisztaság, hang-lock",M2.3-VID-02::VOICEOVER,M2.3-VID-02,felmondott hang,M2,M2.3,video,ai-talking-head,legyártandó,jogtisztázás alatt,"R2, R3",nincs kimondva,,"Outro AI beszélő-fej videó (opcionális, INFERÁLT forma) – záró keret + híd az M2.B-re — felmondott hang",02 Tervezet/Modulok/M2/Online leckék/M2.3 – Somer 3 pillére – mini-kapszula.md
B3,"BATCH 3 — AI-AVATAR, KARAKTERVIDEÓ ÉS SZINTETIKUS HANG","R2 + R3 — avatar- és hang-jogtisztaság, hang-lock",M2.3-VID-02::CAPTIONS,M2.3-VID-02,felirat,M2,M2.3,video,ai-talking-head,legyártandó,jogtisztázás alatt,"R2, R3",nincs kimondva,,"Outro AI beszélő-fej videó (opcionális, INFERÁLT forma) – záró keret + híd az M2.B-re — felirat",02 Tervezet/Modulok/M2/Online leckék/M2.3 – Somer 3 pillére – mini-kapszula.md
B3,"BATCH 3 — AI-AVATAR, KARAKTERVIDEÓ ÉS SZINTETIKUS HANG","R2 + R3 — avatar- és hang-jogtisztaság, hang-lock",M2.3-VID-02::TRANSCRIPT,M2.3-VID-02,leirat,M2,M2.3,video,ai-talking-head,legyártandó,jogtisztázás alatt,"R2, R3",nincs kimondva,,"Outro AI beszélő-fej videó (opcionális, INFERÁLT forma) – záró keret + híd az M2.B-re — leirat",02 Tervezet/Modulok/M2/Online leckék/M2.3 – Somer 3 pillére – mini-kapszula.md
B3,"BATCH 3 — AI-AVATAR, KARAKTERVIDEÓ ÉS SZINTETIKUS HANG","R2 + R3 — avatar- és hang-jogtisztaság, hang-lock",M2.4-NAR-02,M2.4-NAR-02,elsődleges,M2,M2.4,voiceover,narration,legyártandó,jogtisztázás alatt,"R2, R3",nincs kimondva,,Safety & keret narráció (opcionális),02 Tervezet/Modulok/M2/Online leckék/M2.4 – Reflektív napló & határok – A dugma isit nem terapeuta.md
B3,"BATCH 3 — AI-AVATAR, KARAKTERVIDEÓ ÉS SZINTETIKUS HANG","R2 + R3 — avatar- és hang-jogtisztaság, hang-lock",M2.4-NAR-02::CAPTIONS,M2.4-NAR-02,felirat,M2,M2.4,voiceover,narration,legyártandó,jogtisztázás alatt,"R2, R3",nincs kimondva,,Safety & keret narráció (opcionális) — felirat,02 Tervezet/Modulok/M2/Online leckék/M2.4 – Reflektív napló & határok – A dugma isit nem terapeuta.md
B3,"BATCH 3 — AI-AVATAR, KARAKTERVIDEÓ ÉS SZINTETIKUS HANG","R2 + R3 — avatar- és hang-jogtisztaság, hang-lock",M2.4-NAR-02::TRANSCRIPT,M2.4-NAR-02,leirat,M2,M2.4,voiceover,narration,legyártandó,jogtisztázás alatt,"R2, R3",nincs kimondva,,Safety & keret narráció (opcionális) — leirat,02 Tervezet/Modulok/M2/Online leckék/M2.4 – Reflektív napló & határok – A dugma isit nem terapeuta.md
B3,"BATCH 3 — AI-AVATAR, KARAKTERVIDEÓ ÉS SZINTETIKUS HANG","R2 + R3 — avatar- és hang-jogtisztaság, hang-lock",M2.4-NAR-03,M2.4-NAR-03,elsődleges,M2,M2.4,voiceover,narration,legyártandó,jogtisztázás alatt,"R2, R3",nincs kimondva,,Privát–személyes–szakmai narráció,02 Tervezet/Modulok/M2/Online leckék/M2.4 – Reflektív napló & határok – A dugma isit nem terapeuta.md
B3,"BATCH 3 — AI-AVATAR, KARAKTERVIDEÓ ÉS SZINTETIKUS HANG","R2 + R3 — avatar- és hang-jogtisztaság, hang-lock",M2.4-NAR-03::CAPTIONS,M2.4-NAR-03,felirat,M2,M2.4,voiceover,narration,legyártandó,jogtisztázás alatt,"R2, R3",nincs kimondva,,Privát–személyes–szakmai narráció — felirat,02 Tervezet/Modulok/M2/Online leckék/M2.4 – Reflektív napló & határok – A dugma isit nem terapeuta.md
B3,"BATCH 3 — AI-AVATAR, KARAKTERVIDEÓ ÉS SZINTETIKUS HANG","R2 + R3 — avatar- és hang-jogtisztaság, hang-lock",M2.4-NAR-03::TRANSCRIPT,M2.4-NAR-03,leirat,M2,M2.4,voiceover,narration,legyártandó,jogtisztázás alatt,"R2, R3",nincs kimondva,,Privát–személyes–szakmai narráció — leirat,02 Tervezet/Modulok/M2/Online leckék/M2.4 – Reflektív napló & határok – A dugma isit nem terapeuta.md
B3,"BATCH 3 — AI-AVATAR, KARAKTERVIDEÓ ÉS SZINTETIKUS HANG","R2 + R3 — avatar- és hang-jogtisztaság, hang-lock",M2.4-NAR-04,M2.4-NAR-04,elsődleges,M2,M2.4,voiceover,narration,legyártandó,jogtisztázás alatt,"R2, R3",nincs kimondva,,Záró narráció (Check & Outro),02 Tervezet/Modulok/M2/Online leckék/M2.4 – Reflektív napló & határok – A dugma isit nem terapeuta.md
B3,"BATCH 3 — AI-AVATAR, KARAKTERVIDEÓ ÉS SZINTETIKUS HANG","R2 + R3 — avatar- és hang-jogtisztaság, hang-lock",M2.4-NAR-04::CAPTIONS,M2.4-NAR-04,felirat,M2,M2.4,voiceover,narration,legyártandó,jogtisztázás alatt,"R2, R3",nincs kimondva,,Záró narráció (Check & Outro) — felirat,02 Tervezet/Modulok/M2/Online leckék/M2.4 – Reflektív napló & határok – A dugma isit nem terapeuta.md
B3,"BATCH 3 — AI-AVATAR, KARAKTERVIDEÓ ÉS SZINTETIKUS HANG","R2 + R3 — avatar- és hang-jogtisztaság, hang-lock",M2.4-NAR-04::TRANSCRIPT,M2.4-NAR-04,leirat,M2,M2.4,voiceover,narration,legyártandó,jogtisztázás alatt,"R2, R3",nincs kimondva,,Záró narráció (Check & Outro) — leirat,02 Tervezet/Modulok/M2/Online leckék/M2.4 – Reflektív napló & határok – A dugma isit nem terapeuta.md
B3,"BATCH 3 — AI-AVATAR, KARAKTERVIDEÓ ÉS SZINTETIKUS HANG","R2 + R3 — avatar- és hang-jogtisztaság, hang-lock",M2.4-VID-01,M2.4-VID-01,elsődleges,M2,M2.4,video,explainer,legyártandó,jogtisztázás alatt,"R2, R3",színfüggő,,Hook – késő esti krízisüzenet (hangalámondás + kinetikus tipográfia),02 Tervezet/Modulok/M2/Online leckék/M2.4 – Reflektív napló & határok – A dugma isit nem terapeuta.md
B3,"BATCH 3 — AI-AVATAR, KARAKTERVIDEÓ ÉS SZINTETIKUS HANG","R2 + R3 — avatar- és hang-jogtisztaság, hang-lock",M2.4-VID-01::VOICEOVER,M2.4-VID-01,felmondott hang,M2,M2.4,video,explainer,legyártandó,jogtisztázás alatt,"R2, R3",színfüggő,,Hook – késő esti krízisüzenet (hangalámondás + kinetikus tipográfia) — felmondott hang,02 Tervezet/Modulok/M2/Online leckék/M2.4 – Reflektív napló & határok – A dugma isit nem terapeuta.md
B3,"BATCH 3 — AI-AVATAR, KARAKTERVIDEÓ ÉS SZINTETIKUS HANG","R2 + R3 — avatar- és hang-jogtisztaság, hang-lock",M2.4-VID-01::CAPTIONS,M2.4-VID-01,felirat,M2,M2.4,video,explainer,legyártandó,jogtisztázás alatt,"R2, R3",színfüggő,,Hook – késő esti krízisüzenet (hangalámondás + kinetikus tipográfia) — felirat,02 Tervezet/Modulok/M2/Online leckék/M2.4 – Reflektív napló & határok – A dugma isit nem terapeuta.md
B3,"BATCH 3 — AI-AVATAR, KARAKTERVIDEÓ ÉS SZINTETIKUS HANG","R2 + R3 — avatar- és hang-jogtisztaság, hang-lock",M2.4-VID-01::TRANSCRIPT,M2.4-VID-01,leirat,M2,M2.4,video,explainer,legyártandó,jogtisztázás alatt,"R2, R3",színfüggő,,Hook – késő esti krízisüzenet (hangalámondás + kinetikus tipográfia) — leirat,02 Tervezet/Modulok/M2/Online leckék/M2.4 – Reflektív napló & határok – A dugma isit nem terapeuta.md
B3,"BATCH 3 — AI-AVATAR, KARAKTERVIDEÓ ÉS SZINTETIKUS HANG","R2 + R3 — avatar- és hang-jogtisztaság, hang-lock",M2.4-VID-01::ALTTEXT,M2.4-VID-01,alt-szöveg,M2,M2.4,video,explainer,legyártandó,jogtisztázás alatt,"R2, R3",színfüggő,,Hook – késő esti krízisüzenet (hangalámondás + kinetikus tipográfia) — alt-szöveg,02 Tervezet/Modulok/M2/Online leckék/M2.4 – Reflektív napló & határok – A dugma isit nem terapeuta.md
B3,"BATCH 3 — AI-AVATAR, KARAKTERVIDEÓ ÉS SZINTETIKUS HANG","R2 + R3 — avatar- és hang-jogtisztaság, hang-lock",M3.1-NAR-02,M3.1-NAR-02,elsődleges,M3,M3.1,voiceover,narration,legyártandó,jogtisztázás alatt,"R2, R3",nincs kimondva,,INPUT 1 narráció – Tuckman 4+1 szakasz,02 Tervezet/Modulok/M3/Online leckék/M3.1 – Történetek egy kvucáról – Tuckman-szakaszok felismerése.md
B3,"BATCH 3 — AI-AVATAR, KARAKTERVIDEÓ ÉS SZINTETIKUS HANG","R2 + R3 — avatar- és hang-jogtisztaság, hang-lock",M3.1-NAR-02::CAPTIONS,M3.1-NAR-02,felirat,M3,M3.1,voiceover,narration,legyártandó,jogtisztázás alatt,"R2, R3",nincs kimondva,,INPUT 1 narráció – Tuckman 4+1 szakasz — felirat,02 Tervezet/Modulok/M3/Online leckék/M3.1 – Történetek egy kvucáról – Tuckman-szakaszok felismerése.md
B3,"BATCH 3 — AI-AVATAR, KARAKTERVIDEÓ ÉS SZINTETIKUS HANG","R2 + R3 — avatar- és hang-jogtisztaság, hang-lock",M3.1-NAR-02::TRANSCRIPT,M3.1-NAR-02,leirat,M3,M3.1,voiceover,narration,legyártandó,jogtisztázás alatt,"R2, R3",nincs kimondva,,INPUT 1 narráció – Tuckman 4+1 szakasz — leirat,02 Tervezet/Modulok/M3/Online leckék/M3.1 – Történetek egy kvucáról – Tuckman-szakaszok felismerése.md
B3,"BATCH 3 — AI-AVATAR, KARAKTERVIDEÓ ÉS SZINTETIKUS HANG","R2 + R3 — avatar- és hang-jogtisztaság, hang-lock",M3.1-NAR-03,M3.1-NAR-03,elsődleges,M3,M3.1,voiceover,narration,legyártandó,jogtisztázás alatt,"R2, R3",nincs kimondva,,INPUT 2 narráció – „Milyen érzés benne lenni?”,02 Tervezet/Modulok/M3/Online leckék/M3.1 – Történetek egy kvucáról – Tuckman-szakaszok felismerése.md
B3,"BATCH 3 — AI-AVATAR, KARAKTERVIDEÓ ÉS SZINTETIKUS HANG","R2 + R3 — avatar- és hang-jogtisztaság, hang-lock",M3.1-NAR-03::CAPTIONS,M3.1-NAR-03,felirat,M3,M3.1,voiceover,narration,legyártandó,jogtisztázás alatt,"R2, R3",nincs kimondva,,INPUT 2 narráció – „Milyen érzés benne lenni?” — felirat,02 Tervezet/Modulok/M3/Online leckék/M3.1 – Történetek egy kvucáról – Tuckman-szakaszok felismerése.md
B3,"BATCH 3 — AI-AVATAR, KARAKTERVIDEÓ ÉS SZINTETIKUS HANG","R2 + R3 — avatar- és hang-jogtisztaság, hang-lock",M3.1-NAR-03::TRANSCRIPT,M3.1-NAR-03,leirat,M3,M3.1,voiceover,narration,legyártandó,jogtisztázás alatt,"R2, R3",nincs kimondva,,INPUT 2 narráció – „Milyen érzés benne lenni?” — leirat,02 Tervezet/Modulok/M3/Online leckék/M3.1 – Történetek egy kvucáról – Tuckman-szakaszok felismerése.md
B3,"BATCH 3 — AI-AVATAR, KARAKTERVIDEÓ ÉS SZINTETIKUS HANG","R2 + R3 — avatar- és hang-jogtisztaság, hang-lock",M3.1-NAR-04,M3.1-NAR-04,elsődleges,M3,M3.1,voiceover,narration,legyártandó,jogtisztázás alatt,"R2, R3",nincs kimondva,,Reflexió narráció (opcionális),02 Tervezet/Modulok/M3/Online leckék/M3.1 – Történetek egy kvucáról – Tuckman-szakaszok felismerése.md
B3,"BATCH 3 — AI-AVATAR, KARAKTERVIDEÓ ÉS SZINTETIKUS HANG","R2 + R3 — avatar- és hang-jogtisztaság, hang-lock",M3.1-NAR-04::CAPTIONS,M3.1-NAR-04,felirat,M3,M3.1,voiceover,narration,legyártandó,jogtisztázás alatt,"R2, R3",nincs kimondva,,Reflexió narráció (opcionális) — felirat,02 Tervezet/Modulok/M3/Online leckék/M3.1 – Történetek egy kvucáról – Tuckman-szakaszok felismerése.md
B3,"BATCH 3 — AI-AVATAR, KARAKTERVIDEÓ ÉS SZINTETIKUS HANG","R2 + R3 — avatar- és hang-jogtisztaság, hang-lock",M3.1-NAR-04::TRANSCRIPT,M3.1-NAR-04,leirat,M3,M3.1,voiceover,narration,legyártandó,jogtisztázás alatt,"R2, R3",nincs kimondva,,Reflexió narráció (opcionális) — leirat,02 Tervezet/Modulok/M3/Online leckék/M3.1 – Történetek egy kvucáról – Tuckman-szakaszok felismerése.md
B3,"BATCH 3 — AI-AVATAR, KARAKTERVIDEÓ ÉS SZINTETIKUS HANG","R2 + R3 — avatar- és hang-jogtisztaság, hang-lock",M3.1-NAR-05,M3.1-NAR-05,elsődleges,M3,M3.1,voiceover,narration,legyártandó,jogtisztázás alatt,"R2, R3",nincs kimondva,,Outro narráció – átvezetés M3.2-re,02 Tervezet/Modulok/M3/Online leckék/M3.1 – Történetek egy kvucáról – Tuckman-szakaszok felismerése.md
B3,"BATCH 3 — AI-AVATAR, KARAKTERVIDEÓ ÉS SZINTETIKUS HANG","R2 + R3 — avatar- és hang-jogtisztaság, hang-lock",M3.1-NAR-05::CAPTIONS,M3.1-NAR-05,felirat,M3,M3.1,voiceover,narration,legyártandó,jogtisztázás alatt,"R2, R3",nincs kimondva,,Outro narráció – átvezetés M3.2-re — felirat,02 Tervezet/Modulok/M3/Online leckék/M3.1 – Történetek egy kvucáról – Tuckman-szakaszok felismerése.md
B3,"BATCH 3 — AI-AVATAR, KARAKTERVIDEÓ ÉS SZINTETIKUS HANG","R2 + R3 — avatar- és hang-jogtisztaság, hang-lock",M3.1-NAR-05::TRANSCRIPT,M3.1-NAR-05,leirat,M3,M3.1,voiceover,narration,legyártandó,jogtisztázás alatt,"R2, R3",nincs kimondva,,Outro narráció – átvezetés M3.2-re — leirat,02 Tervezet/Modulok/M3/Online leckék/M3.1 – Történetek egy kvucáról – Tuckman-szakaszok felismerése.md
B3,"BATCH 3 — AI-AVATAR, KARAKTERVIDEÓ ÉS SZINTETIKUS HANG","R2 + R3 — avatar- és hang-jogtisztaság, hang-lock",M3.1-VID-01,M3.1-VID-01,elsődleges,M3,M3.1,video,ai-talking-head,legyártandó,jogtisztázás alatt,"R2, R3",nincs kimondva,,HOOK beszélő fej – három kvuca-sztori,02 Tervezet/Modulok/M3/Online leckék/M3.1 – Történetek egy kvucáról – Tuckman-szakaszok felismerése.md
B3,"BATCH 3 — AI-AVATAR, KARAKTERVIDEÓ ÉS SZINTETIKUS HANG","R2 + R3 — avatar- és hang-jogtisztaság, hang-lock",M3.1-VID-01::VOICEOVER,M3.1-VID-01,felmondott hang,M3,M3.1,video,ai-talking-head,legyártandó,jogtisztázás alatt,"R2, R3",nincs kimondva,,HOOK beszélő fej – három kvuca-sztori — felmondott hang,02 Tervezet/Modulok/M3/Online leckék/M3.1 – Történetek egy kvucáról – Tuckman-szakaszok felismerése.md
B3,"BATCH 3 — AI-AVATAR, KARAKTERVIDEÓ ÉS SZINTETIKUS HANG","R2 + R3 — avatar- és hang-jogtisztaság, hang-lock",M3.1-VID-01::CAPTIONS,M3.1-VID-01,felirat,M3,M3.1,video,ai-talking-head,legyártandó,jogtisztázás alatt,"R2, R3",nincs kimondva,,HOOK beszélő fej – három kvuca-sztori — felirat,02 Tervezet/Modulok/M3/Online leckék/M3.1 – Történetek egy kvucáról – Tuckman-szakaszok felismerése.md
B3,"BATCH 3 — AI-AVATAR, KARAKTERVIDEÓ ÉS SZINTETIKUS HANG","R2 + R3 — avatar- és hang-jogtisztaság, hang-lock",M3.1-VID-01::TRANSCRIPT,M3.1-VID-01,leirat,M3,M3.1,video,ai-talking-head,legyártandó,jogtisztázás alatt,"R2, R3",nincs kimondva,,HOOK beszélő fej – három kvuca-sztori — leirat,02 Tervezet/Modulok/M3/Online leckék/M3.1 – Történetek egy kvucáról – Tuckman-szakaszok felismerése.md
B3,"BATCH 3 — AI-AVATAR, KARAKTERVIDEÓ ÉS SZINTETIKUS HANG","R2 + R3 — avatar- és hang-jogtisztaság, hang-lock",M3.2-NAR-03,M3.2-NAR-03,elsődleges,M3,M3.2,voiceover,narration,legyártandó,jogtisztázás alatt,"R2, R3",nincs kimondva,,Parparim & Kivsza opcionális narráció,"02 Tervezet/Modulok/M3/Online leckék/M3.2 – Parparim, Kivsza, Leviatán – 3 kvuca, 3 világ.md"
B3,"BATCH 3 — AI-AVATAR, KARAKTERVIDEÓ ÉS SZINTETIKUS HANG","R2 + R3 — avatar- és hang-jogtisztaság, hang-lock",M3.2-NAR-03::CAPTIONS,M3.2-NAR-03,felirat,M3,M3.2,voiceover,narration,legyártandó,jogtisztázás alatt,"R2, R3",nincs kimondva,,Parparim & Kivsza opcionális narráció — felirat,"02 Tervezet/Modulok/M3/Online leckék/M3.2 – Parparim, Kivsza, Leviatán – 3 kvuca, 3 világ.md"
B3,"BATCH 3 — AI-AVATAR, KARAKTERVIDEÓ ÉS SZINTETIKUS HANG","R2 + R3 — avatar- és hang-jogtisztaság, hang-lock",M3.2-NAR-03::TRANSCRIPT,M3.2-NAR-03,leirat,M3,M3.2,voiceover,narration,legyártandó,jogtisztázás alatt,"R2, R3",nincs kimondva,,Parparim & Kivsza opcionális narráció — leirat,"02 Tervezet/Modulok/M3/Online leckék/M3.2 – Parparim, Kivsza, Leviatán – 3 kvuca, 3 világ.md"
B3,"BATCH 3 — AI-AVATAR, KARAKTERVIDEÓ ÉS SZINTETIKUS HANG","R2 + R3 — avatar- és hang-jogtisztaság, hang-lock",M3.2-NAR-04,M3.2-NAR-04,elsődleges,M3,M3.2,voiceover,narration,legyártandó,jogtisztázás alatt,"R2, R3",nincs kimondva,,Leviatán opcionális narráció,"02 Tervezet/Modulok/M3/Online leckék/M3.2 – Parparim, Kivsza, Leviatán – 3 kvuca, 3 világ.md"
B3,"BATCH 3 — AI-AVATAR, KARAKTERVIDEÓ ÉS SZINTETIKUS HANG","R2 + R3 — avatar- és hang-jogtisztaság, hang-lock",M3.2-NAR-04::CAPTIONS,M3.2-NAR-04,felirat,M3,M3.2,voiceover,narration,legyártandó,jogtisztázás alatt,"R2, R3",nincs kimondva,,Leviatán opcionális narráció — felirat,"02 Tervezet/Modulok/M3/Online leckék/M3.2 – Parparim, Kivsza, Leviatán – 3 kvuca, 3 világ.md"
B3,"BATCH 3 — AI-AVATAR, KARAKTERVIDEÓ ÉS SZINTETIKUS HANG","R2 + R3 — avatar- és hang-jogtisztaság, hang-lock",M3.2-NAR-04::TRANSCRIPT,M3.2-NAR-04,leirat,M3,M3.2,voiceover,narration,legyártandó,jogtisztázás alatt,"R2, R3",nincs kimondva,,Leviatán opcionális narráció — leirat,"02 Tervezet/Modulok/M3/Online leckék/M3.2 – Parparim, Kivsza, Leviatán – 3 kvuca, 3 világ.md"
B3,"BATCH 3 — AI-AVATAR, KARAKTERVIDEÓ ÉS SZINTETIKUS HANG","R2 + R3 — avatar- és hang-jogtisztaság, hang-lock",M3.2-NAR-05,M3.2-NAR-05,elsődleges,M3,M3.2,voiceover,narration,legyártandó,jogtisztázás alatt,"R2, R3",nincs kimondva,narracio,Outro narráció hangsáv,"02 Tervezet/Modulok/M3/Online leckék/M3.2 – Parparim, Kivsza, Leviatán – 3 kvuca, 3 világ.md"
B3,"BATCH 3 — AI-AVATAR, KARAKTERVIDEÓ ÉS SZINTETIKUS HANG","R2 + R3 — avatar- és hang-jogtisztaság, hang-lock",M3.2-NAR-05::CAPTIONS,M3.2-NAR-05,felirat,M3,M3.2,voiceover,narration,legyártandó,jogtisztázás alatt,"R2, R3",nincs kimondva,narracio,Outro narráció hangsáv — felirat,"02 Tervezet/Modulok/M3/Online leckék/M3.2 – Parparim, Kivsza, Leviatán – 3 kvuca, 3 világ.md"
B3,"BATCH 3 — AI-AVATAR, KARAKTERVIDEÓ ÉS SZINTETIKUS HANG","R2 + R3 — avatar- és hang-jogtisztaság, hang-lock",M3.2-NAR-05::TRANSCRIPT,M3.2-NAR-05,leirat,M3,M3.2,voiceover,narration,legyártandó,jogtisztázás alatt,"R2, R3",nincs kimondva,narracio,Outro narráció hangsáv — leirat,"02 Tervezet/Modulok/M3/Online leckék/M3.2 – Parparim, Kivsza, Leviatán – 3 kvuca, 3 világ.md"
B3,"BATCH 3 — AI-AVATAR, KARAKTERVIDEÓ ÉS SZINTETIKUS HANG","R2 + R3 — avatar- és hang-jogtisztaság, hang-lock",M3.2-VID-01,M3.2-VID-01,elsődleges,M3,M3.2,video,ai-talking-head,legyártandó,jogtisztázás alatt,"R2, R3",nincs kimondva,,"Hook beszélő fej – 3 kvuca, 3 hangulat","02 Tervezet/Modulok/M3/Online leckék/M3.2 – Parparim, Kivsza, Leviatán – 3 kvuca, 3 világ.md"
B3,"BATCH 3 — AI-AVATAR, KARAKTERVIDEÓ ÉS SZINTETIKUS HANG","R2 + R3 — avatar- és hang-jogtisztaság, hang-lock",M3.2-VID-01::VOICEOVER,M3.2-VID-01,felmondott hang,M3,M3.2,video,ai-talking-head,legyártandó,jogtisztázás alatt,"R2, R3",nincs kimondva,,"Hook beszélő fej – 3 kvuca, 3 hangulat — felmondott hang","02 Tervezet/Modulok/M3/Online leckék/M3.2 – Parparim, Kivsza, Leviatán – 3 kvuca, 3 világ.md"
B3,"BATCH 3 — AI-AVATAR, KARAKTERVIDEÓ ÉS SZINTETIKUS HANG","R2 + R3 — avatar- és hang-jogtisztaság, hang-lock",M3.2-VID-01::CAPTIONS,M3.2-VID-01,felirat,M3,M3.2,video,ai-talking-head,legyártandó,jogtisztázás alatt,"R2, R3",nincs kimondva,,"Hook beszélő fej – 3 kvuca, 3 hangulat — felirat","02 Tervezet/Modulok/M3/Online leckék/M3.2 – Parparim, Kivsza, Leviatán – 3 kvuca, 3 világ.md"
B3,"BATCH 3 — AI-AVATAR, KARAKTERVIDEÓ ÉS SZINTETIKUS HANG","R2 + R3 — avatar- és hang-jogtisztaság, hang-lock",M3.2-VID-01::TRANSCRIPT,M3.2-VID-01,leirat,M3,M3.2,video,ai-talking-head,legyártandó,jogtisztázás alatt,"R2, R3",nincs kimondva,,"Hook beszélő fej – 3 kvuca, 3 hangulat — leirat","02 Tervezet/Modulok/M3/Online leckék/M3.2 – Parparim, Kivsza, Leviatán – 3 kvuca, 3 világ.md"
B3,"BATCH 3 — AI-AVATAR, KARAKTERVIDEÓ ÉS SZINTETIKUS HANG","R2 + R3 — avatar- és hang-jogtisztaság, hang-lock",M3.3-NAR-01,M3.3-NAR-01,elsődleges,M3,M3.3,voiceover,narration,legyártandó,jogtisztázás alatt,"R2, R3",nincs kimondva,,Narráció – „Mi az a gyermekvédelem?” (öt lépés),02 Tervezet/Modulok/M3/Online leckék/M3.3 – Gyermekvédelem 101 – red flag felismerése & első lépések.md
B3,"BATCH 3 — AI-AVATAR, KARAKTERVIDEÓ ÉS SZINTETIKUS HANG","R2 + R3 — avatar- és hang-jogtisztaság, hang-lock",M3.3-NAR-01::TRANSCRIPT,M3.3-NAR-01,leirat,M3,M3.3,voiceover,narration,legyártandó,jogtisztázás alatt,"R2, R3",nincs kimondva,,Narráció – „Mi az a gyermekvédelem?” (öt lépés) — leirat,02 Tervezet/Modulok/M3/Online leckék/M3.3 – Gyermekvédelem 101 – red flag felismerése & első lépések.md
B3,"BATCH 3 — AI-AVATAR, KARAKTERVIDEÓ ÉS SZINTETIKUS HANG","R2 + R3 — avatar- és hang-jogtisztaság, hang-lock",M3.3-NAR-02,M3.3-NAR-02,elsődleges,M3,M3.3,voiceover,narration,legyártandó,jogtisztázás alatt,"R2, R3",nincs kimondva,,Narráció – Reflexió bevezető (opcionális),02 Tervezet/Modulok/M3/Online leckék/M3.3 – Gyermekvédelem 101 – red flag felismerése & első lépések.md
B3,"BATCH 3 — AI-AVATAR, KARAKTERVIDEÓ ÉS SZINTETIKUS HANG","R2 + R3 — avatar- és hang-jogtisztaság, hang-lock",M3.3-NAR-02::TRANSCRIPT,M3.3-NAR-02,leirat,M3,M3.3,voiceover,narration,legyártandó,jogtisztázás alatt,"R2, R3",nincs kimondva,,Narráció – Reflexió bevezető (opcionális) — leirat,02 Tervezet/Modulok/M3/Online leckék/M3.3 – Gyermekvédelem 101 – red flag felismerése & első lépések.md
B3,"BATCH 3 — AI-AVATAR, KARAKTERVIDEÓ ÉS SZINTETIKUS HANG","R2 + R3 — avatar- és hang-jogtisztaság, hang-lock",M3.3-NAR-03,M3.3-NAR-03,elsődleges,M3,M3.3,voiceover,narration,legyártandó,jogtisztázás alatt,"R2, R3",nincs kimondva,,Narráció – Outro / lecke lezárás,02 Tervezet/Modulok/M3/Online leckék/M3.3 – Gyermekvédelem 101 – red flag felismerése & első lépések.md
B3,"BATCH 3 — AI-AVATAR, KARAKTERVIDEÓ ÉS SZINTETIKUS HANG","R2 + R3 — avatar- és hang-jogtisztaság, hang-lock",M3.3-NAR-03::TRANSCRIPT,M3.3-NAR-03,leirat,M3,M3.3,voiceover,narration,legyártandó,jogtisztázás alatt,"R2, R3",nincs kimondva,,Narráció – Outro / lecke lezárás — leirat,02 Tervezet/Modulok/M3/Online leckék/M3.3 – Gyermekvédelem 101 – red flag felismerése & első lépések.md
B3,"BATCH 3 — AI-AVATAR, KARAKTERVIDEÓ ÉS SZINTETIKUS HANG","R2 + R3 — avatar- és hang-jogtisztaság, hang-lock",M3.3-VID-01,M3.3-VID-01,elsődleges,M3,M3.3,video,explainer,legyártandó,jogtisztázás alatt,"R2, R3",nincs kimondva,,Hook magyarázó videó (hangalámondás + kinetikus tipográfia) – „Mit ígérhetek egy hanihnak?”,02 Tervezet/Modulok/M3/Online leckék/M3.3 – Gyermekvédelem 101 – red flag felismerése & első lépések.md
B3,"BATCH 3 — AI-AVATAR, KARAKTERVIDEÓ ÉS SZINTETIKUS HANG","R2 + R3 — avatar- és hang-jogtisztaság, hang-lock",M3.3-VID-01::VOICEOVER,M3.3-VID-01,felmondott hang,M3,M3.3,video,explainer,legyártandó,jogtisztázás alatt,"R2, R3",nincs kimondva,,Hook magyarázó videó (hangalámondás + kinetikus tipográfia) – „Mit ígérhetek egy hanihnak?” — felmondott hang,02 Tervezet/Modulok/M3/Online leckék/M3.3 – Gyermekvédelem 101 – red flag felismerése & első lépések.md
B3,"BATCH 3 — AI-AVATAR, KARAKTERVIDEÓ ÉS SZINTETIKUS HANG","R2 + R3 — avatar- és hang-jogtisztaság, hang-lock",M3.3-VID-01::CAPTIONS,M3.3-VID-01,felirat,M3,M3.3,video,explainer,legyártandó,jogtisztázás alatt,"R2, R3",nincs kimondva,,Hook magyarázó videó (hangalámondás + kinetikus tipográfia) – „Mit ígérhetek egy hanihnak?” — felirat,02 Tervezet/Modulok/M3/Online leckék/M3.3 – Gyermekvédelem 101 – red flag felismerése & első lépések.md
B3,"BATCH 3 — AI-AVATAR, KARAKTERVIDEÓ ÉS SZINTETIKUS HANG","R2 + R3 — avatar- és hang-jogtisztaság, hang-lock",M3.3-VID-01::TRANSCRIPT,M3.3-VID-01,leirat,M3,M3.3,video,explainer,legyártandó,jogtisztázás alatt,"R2, R3",nincs kimondva,,Hook magyarázó videó (hangalámondás + kinetikus tipográfia) – „Mit ígérhetek egy hanihnak?” — leirat,02 Tervezet/Modulok/M3/Online leckék/M3.3 – Gyermekvédelem 101 – red flag felismerése & első lépések.md
B3,"BATCH 3 — AI-AVATAR, KARAKTERVIDEÓ ÉS SZINTETIKUS HANG","R2 + R3 — avatar- és hang-jogtisztaság, hang-lock",M3.3-VID-01::ALTTEXT,M3.3-VID-01,alt-szöveg,M3,M3.3,video,explainer,legyártandó,jogtisztázás alatt,"R2, R3",nincs kimondva,,Hook magyarázó videó (hangalámondás + kinetikus tipográfia) – „Mit ígérhetek egy hanihnak?” — alt-szöveg,02 Tervezet/Modulok/M3/Online leckék/M3.3 – Gyermekvédelem 101 – red flag felismerése & első lépések.md
B3,"BATCH 3 — AI-AVATAR, KARAKTERVIDEÓ ÉS SZINTETIKUS HANG","R2 + R3 — avatar- és hang-jogtisztaság, hang-lock",M3.4-NAR-02,M3.4-NAR-02,elsődleges,M3,M3.4,voiceover,narration,legyártandó,jogtisztázás alatt,"R2, R3",nincs kimondva,,Outro narráció (opcionális) – SLIDE 7,"02 Tervezet/Modulok/M3/Online leckék/M3.4 – Do és Don’t madrihként – határok, red flag-ek és modulproduktum.md"
B3,"BATCH 3 — AI-AVATAR, KARAKTERVIDEÓ ÉS SZINTETIKUS HANG","R2 + R3 — avatar- és hang-jogtisztaság, hang-lock",M3.4-NAR-02::CAPTIONS,M3.4-NAR-02,felirat,M3,M3.4,voiceover,narration,legyártandó,jogtisztázás alatt,"R2, R3",nincs kimondva,,Outro narráció (opcionális) – SLIDE 7 — felirat,"02 Tervezet/Modulok/M3/Online leckék/M3.4 – Do és Don’t madrihként – határok, red flag-ek és modulproduktum.md"
B3,"BATCH 3 — AI-AVATAR, KARAKTERVIDEÓ ÉS SZINTETIKUS HANG","R2 + R3 — avatar- és hang-jogtisztaság, hang-lock",M3.4-NAR-02::TRANSCRIPT,M3.4-NAR-02,leirat,M3,M3.4,voiceover,narration,legyártandó,jogtisztázás alatt,"R2, R3",nincs kimondva,,Outro narráció (opcionális) – SLIDE 7 — leirat,"02 Tervezet/Modulok/M3/Online leckék/M3.4 – Do és Don’t madrihként – határok, red flag-ek és modulproduktum.md"
B3,"BATCH 3 — AI-AVATAR, KARAKTERVIDEÓ ÉS SZINTETIKUS HANG","R2 + R3 — avatar- és hang-jogtisztaság, hang-lock",M3.4-VID-01,M3.4-VID-01,elsődleges,M3,M3.4,video,explainer,legyártandó,jogtisztázás alatt,"R2, R3",nincs kimondva,,Hook magyarázó videó (hangalámondás + kinetikus tipográfia) – „Meddig mehetek el madrihként?”,"02 Tervezet/Modulok/M3/Online leckék/M3.4 – Do és Don’t madrihként – határok, red flag-ek és modulproduktum.md"
B3,"BATCH 3 — AI-AVATAR, KARAKTERVIDEÓ ÉS SZINTETIKUS HANG","R2 + R3 — avatar- és hang-jogtisztaság, hang-lock",M3.4-VID-01::VOICEOVER,M3.4-VID-01,felmondott hang,M3,M3.4,video,explainer,legyártandó,jogtisztázás alatt,"R2, R3",nincs kimondva,,Hook magyarázó videó (hangalámondás + kinetikus tipográfia) – „Meddig mehetek el madrihként?” — felmondott hang,"02 Tervezet/Modulok/M3/Online leckék/M3.4 – Do és Don’t madrihként – határok, red flag-ek és modulproduktum.md"
B3,"BATCH 3 — AI-AVATAR, KARAKTERVIDEÓ ÉS SZINTETIKUS HANG","R2 + R3 — avatar- és hang-jogtisztaság, hang-lock",M3.4-VID-01::CAPTIONS,M3.4-VID-01,felirat,M3,M3.4,video,explainer,legyártandó,jogtisztázás alatt,"R2, R3",nincs kimondva,,Hook magyarázó videó (hangalámondás + kinetikus tipográfia) – „Meddig mehetek el madrihként?” — felirat,"02 Tervezet/Modulok/M3/Online leckék/M3.4 – Do és Don’t madrihként – határok, red flag-ek és modulproduktum.md"
B3,"BATCH 3 — AI-AVATAR, KARAKTERVIDEÓ ÉS SZINTETIKUS HANG","R2 + R3 — avatar- és hang-jogtisztaság, hang-lock",M3.4-VID-01::TRANSCRIPT,M3.4-VID-01,leirat,M3,M3.4,video,explainer,legyártandó,jogtisztázás alatt,"R2, R3",nincs kimondva,,Hook magyarázó videó (hangalámondás + kinetikus tipográfia) – „Meddig mehetek el madrihként?” — leirat,"02 Tervezet/Modulok/M3/Online leckék/M3.4 – Do és Don’t madrihként – határok, red flag-ek és modulproduktum.md"
B3,"BATCH 3 — AI-AVATAR, KARAKTERVIDEÓ ÉS SZINTETIKUS HANG","R2 + R3 — avatar- és hang-jogtisztaság, hang-lock",M3.4-VID-01::ALTTEXT,M3.4-VID-01,alt-szöveg,M3,M3.4,video,explainer,legyártandó,jogtisztázás alatt,"R2, R3",nincs kimondva,,Hook magyarázó videó (hangalámondás + kinetikus tipográfia) – „Meddig mehetek el madrihként?” — alt-szöveg,"02 Tervezet/Modulok/M3/Online leckék/M3.4 – Do és Don’t madrihként – határok, red flag-ek és modulproduktum.md"
B3,"BATCH 3 — AI-AVATAR, KARAKTERVIDEÓ ÉS SZINTETIKUS HANG","R2 + R3 — avatar- és hang-jogtisztaság, hang-lock",M4.1-FOTO-01,M4.1-FOTO-01,elsődleges,M4,M4.1,photo,,legyártandó,jogtisztázás alatt,R2,nincs kimondva,,Képpár 1 freeze-frame – karba tett kéz vs. nyitott kéz,02 Tervezet/Modulok/M4/Online leckék/M4.1 – Mit üzen a testem – Nonverbális kiállás.md
B3,"BATCH 3 — AI-AVATAR, KARAKTERVIDEÓ ÉS SZINTETIKUS HANG","R2 + R3 — avatar- és hang-jogtisztaság, hang-lock",M4.1-FOTO-01::ALTTEXT,M4.1-FOTO-01,alt-szöveg,M4,M4.1,photo,,legyártandó,jogtisztázás alatt,R2,nincs kimondva,,Képpár 1 freeze-frame – karba tett kéz vs. nyitott kéz — alt-szöveg,02 Tervezet/Modulok/M4/Online leckék/M4.1 – Mit üzen a testem – Nonverbális kiállás.md
B3,"BATCH 3 — AI-AVATAR, KARAKTERVIDEÓ ÉS SZINTETIKUS HANG","R2 + R3 — avatar- és hang-jogtisztaság, hang-lock",M4.1-FOTO-02,M4.1-FOTO-02,elsődleges,M4,M4.1,photo,,legyártandó,jogtisztázás alatt,R2,nincs kimondva,,Képpár 2 freeze-frame – földre nézés vs. körre nézés,02 Tervezet/Modulok/M4/Online leckék/M4.1 – Mit üzen a testem – Nonverbális kiállás.md
B3,"BATCH 3 — AI-AVATAR, KARAKTERVIDEÓ ÉS SZINTETIKUS HANG","R2 + R3 — avatar- és hang-jogtisztaság, hang-lock",M4.1-FOTO-02::ALTTEXT,M4.1-FOTO-02,alt-szöveg,M4,M4.1,photo,,legyártandó,jogtisztázás alatt,R2,nincs kimondva,,Képpár 2 freeze-frame – földre nézés vs. körre nézés — alt-szöveg,02 Tervezet/Modulok/M4/Online leckék/M4.1 – Mit üzen a testem – Nonverbális kiállás.md
B3,"BATCH 3 — AI-AVATAR, KARAKTERVIDEÓ ÉS SZINTETIKUS HANG","R2 + R3 — avatar- és hang-jogtisztaság, hang-lock",M4.1-NAR-02,M4.1-NAR-02,elsődleges,M4,M4.1,voiceover,narration,legyártandó,jogtisztázás alatt,"R2, R3",nincs kimondva,,"SLIDE 2 narráció – „3 dolog, ami azonnal látszik rajtad”",02 Tervezet/Modulok/M4/Online leckék/M4.1 – Mit üzen a testem – Nonverbális kiállás.md
B3,"BATCH 3 — AI-AVATAR, KARAKTERVIDEÓ ÉS SZINTETIKUS HANG","R2 + R3 — avatar- és hang-jogtisztaság, hang-lock",M4.1-NAR-02::CAPTIONS,M4.1-NAR-02,felirat,M4,M4.1,voiceover,narration,legyártandó,jogtisztázás alatt,"R2, R3",nincs kimondva,,"SLIDE 2 narráció – „3 dolog, ami azonnal látszik rajtad” — felirat",02 Tervezet/Modulok/M4/Online leckék/M4.1 – Mit üzen a testem – Nonverbális kiállás.md
B3,"BATCH 3 — AI-AVATAR, KARAKTERVIDEÓ ÉS SZINTETIKUS HANG","R2 + R3 — avatar- és hang-jogtisztaság, hang-lock",M4.1-NAR-02::TRANSCRIPT,M4.1-NAR-02,leirat,M4,M4.1,voiceover,narration,legyártandó,jogtisztázás alatt,"R2, R3",nincs kimondva,,"SLIDE 2 narráció – „3 dolog, ami azonnal látszik rajtad” — leirat",02 Tervezet/Modulok/M4/Online leckék/M4.1 – Mit üzen a testem – Nonverbális kiállás.md
B3,"BATCH 3 — AI-AVATAR, KARAKTERVIDEÓ ÉS SZINTETIKUS HANG","R2 + R3 — avatar- és hang-jogtisztaság, hang-lock",M4.1-NAR-03,M4.1-NAR-03,elsődleges,M4,M4.1,voiceover,narration,legyártandó,jogtisztázás alatt,"R2, R3",nincs kimondva,,Jelenet 1 narráció – „Jegyzetbe bújó madrih”,02 Tervezet/Modulok/M4/Online leckék/M4.1 – Mit üzen a testem – Nonverbális kiállás.md
B3,"BATCH 3 — AI-AVATAR, KARAKTERVIDEÓ ÉS SZINTETIKUS HANG","R2 + R3 — avatar- és hang-jogtisztaság, hang-lock",M4.1-NAR-03::CAPTIONS,M4.1-NAR-03,felirat,M4,M4.1,voiceover,narration,legyártandó,jogtisztázás alatt,"R2, R3",nincs kimondva,,Jelenet 1 narráció – „Jegyzetbe bújó madrih” — felirat,02 Tervezet/Modulok/M4/Online leckék/M4.1 – Mit üzen a testem – Nonverbális kiállás.md
B3,"BATCH 3 — AI-AVATAR, KARAKTERVIDEÓ ÉS SZINTETIKUS HANG","R2 + R3 — avatar- és hang-jogtisztaság, hang-lock",M4.1-NAR-03::TRANSCRIPT,M4.1-NAR-03,leirat,M4,M4.1,voiceover,narration,legyártandó,jogtisztázás alatt,"R2, R3",nincs kimondva,,Jelenet 1 narráció – „Jegyzetbe bújó madrih” — leirat,02 Tervezet/Modulok/M4/Online leckék/M4.1 – Mit üzen a testem – Nonverbális kiállás.md
B3,"BATCH 3 — AI-AVATAR, KARAKTERVIDEÓ ÉS SZINTETIKUS HANG","R2 + R3 — avatar- és hang-jogtisztaság, hang-lock",M4.1-NAR-04,M4.1-NAR-04,elsődleges,M4,M4.1,voiceover,narration,legyártandó,jogtisztázás alatt,"R2, R3",nincs kimondva,,Jelenet 2 narráció – „Ideges topogó madrih”,02 Tervezet/Modulok/M4/Online leckék/M4.1 – Mit üzen a testem – Nonverbális kiállás.md
B3,"BATCH 3 — AI-AVATAR, KARAKTERVIDEÓ ÉS SZINTETIKUS HANG","R2 + R3 — avatar- és hang-jogtisztaság, hang-lock",M4.1-NAR-04::CAPTIONS,M4.1-NAR-04,felirat,M4,M4.1,voiceover,narration,legyártandó,jogtisztázás alatt,"R2, R3",nincs kimondva,,Jelenet 2 narráció – „Ideges topogó madrih” — felirat,02 Tervezet/Modulok/M4/Online leckék/M4.1 – Mit üzen a testem – Nonverbális kiállás.md
B3,"BATCH 3 — AI-AVATAR, KARAKTERVIDEÓ ÉS SZINTETIKUS HANG","R2 + R3 — avatar- és hang-jogtisztaság, hang-lock",M4.1-NAR-04::TRANSCRIPT,M4.1-NAR-04,leirat,M4,M4.1,voiceover,narration,legyártandó,jogtisztázás alatt,"R2, R3",nincs kimondva,,Jelenet 2 narráció – „Ideges topogó madrih” — leirat,02 Tervezet/Modulok/M4/Online leckék/M4.1 – Mit üzen a testem – Nonverbális kiállás.md
B3,"BATCH 3 — AI-AVATAR, KARAKTERVIDEÓ ÉS SZINTETIKUS HANG","R2 + R3 — avatar- és hang-jogtisztaság, hang-lock",M4.1-NAR-05,M4.1-NAR-05,elsődleges,M4,M4.1,voiceover,narration,legyártandó,jogtisztázás alatt,"R2, R3",nincs kimondva,,"Jelenet 3 narráció – „Nyitott, stabil madrih”",02 Tervezet/Modulok/M4/Online leckék/M4.1 – Mit üzen a testem – Nonverbális kiállás.md
B3,"BATCH 3 — AI-AVATAR, KARAKTERVIDEÓ ÉS SZINTETIKUS HANG","R2 + R3 — avatar- és hang-jogtisztaság, hang-lock",M4.1-NAR-05::CAPTIONS,M4.1-NAR-05,felirat,M4,M4.1,voiceover,narration,legyártandó,jogtisztázás alatt,"R2, R3",nincs kimondva,,"Jelenet 3 narráció – „Nyitott, stabil madrih” — felirat",02 Tervezet/Modulok/M4/Online leckék/M4.1 – Mit üzen a testem – Nonverbális kiállás.md
B3,"BATCH 3 — AI-AVATAR, KARAKTERVIDEÓ ÉS SZINTETIKUS HANG","R2 + R3 — avatar- és hang-jogtisztaság, hang-lock",M4.1-NAR-05::TRANSCRIPT,M4.1-NAR-05,leirat,M4,M4.1,voiceover,narration,legyártandó,jogtisztázás alatt,"R2, R3",nincs kimondva,,"Jelenet 3 narráció – „Nyitott, stabil madrih” — leirat",02 Tervezet/Modulok/M4/Online leckék/M4.1 – Mit üzen a testem – Nonverbális kiállás.md
B3,"BATCH 3 — AI-AVATAR, KARAKTERVIDEÓ ÉS SZINTETIKUS HANG","R2 + R3 — avatar- és hang-jogtisztaság, hang-lock",M4.1-NAR-06,M4.1-NAR-06,elsődleges,M4,M4.1,voiceover,narration,legyártandó,jogtisztázás alatt,"R2, R3",nincs kimondva,,SLIDE 4 közös bevezető narráció – „Mi a különbség?”,02 Tervezet/Modulok/M4/Online leckék/M4.1 – Mit üzen a testem – Nonverbális kiállás.md
B3,"BATCH 3 — AI-AVATAR, KARAKTERVIDEÓ ÉS SZINTETIKUS HANG","R2 + R3 — avatar- és hang-jogtisztaság, hang-lock",M4.1-NAR-06::CAPTIONS,M4.1-NAR-06,felirat,M4,M4.1,voiceover,narration,legyártandó,jogtisztázás alatt,"R2, R3",nincs kimondva,,SLIDE 4 közös bevezető narráció – „Mi a különbség?” — felirat,02 Tervezet/Modulok/M4/Online leckék/M4.1 – Mit üzen a testem – Nonverbális kiállás.md
B3,"BATCH 3 — AI-AVATAR, KARAKTERVIDEÓ ÉS SZINTETIKUS HANG","R2 + R3 — avatar- és hang-jogtisztaság, hang-lock",M4.1-NAR-06::TRANSCRIPT,M4.1-NAR-06,leirat,M4,M4.1,voiceover,narration,legyártandó,jogtisztázás alatt,"R2, R3",nincs kimondva,,SLIDE 4 közös bevezető narráció – „Mi a különbség?” — leirat,02 Tervezet/Modulok/M4/Online leckék/M4.1 – Mit üzen a testem – Nonverbális kiállás.md
B3,"BATCH 3 — AI-AVATAR, KARAKTERVIDEÓ ÉS SZINTETIKUS HANG","R2 + R3 — avatar- és hang-jogtisztaság, hang-lock",M4.1-NAR-07,M4.1-NAR-07,elsődleges,M4,M4.1,voiceover,narration,legyártandó,jogtisztázás alatt,"R2, R3",nincs kimondva,,SLIDE 6 outro narráció – „Mire figyelek legközelebb?”,02 Tervezet/Modulok/M4/Online leckék/M4.1 – Mit üzen a testem – Nonverbális kiállás.md
B3,"BATCH 3 — AI-AVATAR, KARAKTERVIDEÓ ÉS SZINTETIKUS HANG","R2 + R3 — avatar- és hang-jogtisztaság, hang-lock",M4.1-NAR-07::CAPTIONS,M4.1-NAR-07,felirat,M4,M4.1,voiceover,narration,legyártandó,jogtisztázás alatt,"R2, R3",nincs kimondva,,SLIDE 6 outro narráció – „Mire figyelek legközelebb?” — felirat,02 Tervezet/Modulok/M4/Online leckék/M4.1 – Mit üzen a testem – Nonverbális kiállás.md
B3,"BATCH 3 — AI-AVATAR, KARAKTERVIDEÓ ÉS SZINTETIKUS HANG","R2 + R3 — avatar- és hang-jogtisztaság, hang-lock",M4.1-NAR-07::TRANSCRIPT,M4.1-NAR-07,leirat,M4,M4.1,voiceover,narration,legyártandó,jogtisztázás alatt,"R2, R3",nincs kimondva,,SLIDE 6 outro narráció – „Mire figyelek legközelebb?” — leirat,02 Tervezet/Modulok/M4/Online leckék/M4.1 – Mit üzen a testem – Nonverbális kiállás.md
B3,"BATCH 3 — AI-AVATAR, KARAKTERVIDEÓ ÉS SZINTETIKUS HANG","R2 + R3 — avatar- és hang-jogtisztaság, hang-lock",M4.1-VID-01,M4.1-VID-01,elsődleges,M4,M4.1,video,ai-talking-head,legyártandó,jogtisztázás alatt,"R2, R3",nincs kimondva,,Hook beszélőfej-videó – „Mit gondolnak rólad az első 5 másodpercben?”,02 Tervezet/Modulok/M4/Online leckék/M4.1 – Mit üzen a testem – Nonverbális kiállás.md
B3,"BATCH 3 — AI-AVATAR, KARAKTERVIDEÓ ÉS SZINTETIKUS HANG","R2 + R3 — avatar- és hang-jogtisztaság, hang-lock",M4.1-VID-01::VOICEOVER,M4.1-VID-01,felmondott hang,M4,M4.1,video,ai-talking-head,legyártandó,jogtisztázás alatt,"R2, R3",nincs kimondva,,Hook beszélőfej-videó – „Mit gondolnak rólad az első 5 másodpercben?” — felmondott hang,02 Tervezet/Modulok/M4/Online leckék/M4.1 – Mit üzen a testem – Nonverbális kiállás.md
B3,"BATCH 3 — AI-AVATAR, KARAKTERVIDEÓ ÉS SZINTETIKUS HANG","R2 + R3 — avatar- és hang-jogtisztaság, hang-lock",M4.1-VID-01::CAPTIONS,M4.1-VID-01,felirat,M4,M4.1,video,ai-talking-head,legyártandó,jogtisztázás alatt,"R2, R3",nincs kimondva,,Hook beszélőfej-videó – „Mit gondolnak rólad az első 5 másodpercben?” — felirat,02 Tervezet/Modulok/M4/Online leckék/M4.1 – Mit üzen a testem – Nonverbális kiállás.md
B3,"BATCH 3 — AI-AVATAR, KARAKTERVIDEÓ ÉS SZINTETIKUS HANG","R2 + R3 — avatar- és hang-jogtisztaság, hang-lock",M4.1-VID-01::TRANSCRIPT,M4.1-VID-01,leirat,M4,M4.1,video,ai-talking-head,legyártandó,jogtisztázás alatt,"R2, R3",nincs kimondva,,Hook beszélőfej-videó – „Mit gondolnak rólad az első 5 másodpercben?” — leirat,02 Tervezet/Modulok/M4/Online leckék/M4.1 – Mit üzen a testem – Nonverbális kiállás.md
B3,"BATCH 3 — AI-AVATAR, KARAKTERVIDEÓ ÉS SZINTETIKUS HANG","R2 + R3 — avatar- és hang-jogtisztaság, hang-lock",M4.1-VID-02,M4.1-VID-02,elsődleges,M4,M4.1,video,interactive,legyártandó,jogtisztázás alatt,"R2, R3",nincs kimondva,,Interactive Video – 3 madrih-kiállás mini-jelenettel + beágyazott kérdések,02 Tervezet/Modulok/M4/Online leckék/M4.1 – Mit üzen a testem – Nonverbális kiállás.md
B3,"BATCH 3 — AI-AVATAR, KARAKTERVIDEÓ ÉS SZINTETIKUS HANG","R2 + R3 — avatar- és hang-jogtisztaság, hang-lock",M4.1-VID-02::CAPTIONS,M4.1-VID-02,felirat,M4,M4.1,video,interactive,legyártandó,jogtisztázás alatt,"R2, R3",nincs kimondva,,Interactive Video – 3 madrih-kiállás mini-jelenettel + beágyazott kérdések — felirat,02 Tervezet/Modulok/M4/Online leckék/M4.1 – Mit üzen a testem – Nonverbális kiállás.md
B3,"BATCH 3 — AI-AVATAR, KARAKTERVIDEÓ ÉS SZINTETIKUS HANG","R2 + R3 — avatar- és hang-jogtisztaság, hang-lock",M4.1-VID-02::TRANSCRIPT,M4.1-VID-02,leirat,M4,M4.1,video,interactive,legyártandó,jogtisztázás alatt,"R2, R3",nincs kimondva,,Interactive Video – 3 madrih-kiállás mini-jelenettel + beágyazott kérdések — leirat,02 Tervezet/Modulok/M4/Online leckék/M4.1 – Mit üzen a testem – Nonverbális kiállás.md
B3,"BATCH 3 — AI-AVATAR, KARAKTERVIDEÓ ÉS SZINTETIKUS HANG","R2 + R3 — avatar- és hang-jogtisztaság, hang-lock",M4.1-VID-02::ALTTEXT,M4.1-VID-02,alt-szöveg,M4,M4.1,video,interactive,legyártandó,jogtisztázás alatt,"R2, R3",nincs kimondva,,Interactive Video – 3 madrih-kiállás mini-jelenettel + beágyazott kérdések — alt-szöveg,02 Tervezet/Modulok/M4/Online leckék/M4.1 – Mit üzen a testem – Nonverbális kiállás.md
B3,"BATCH 3 — AI-AVATAR, KARAKTERVIDEÓ ÉS SZINTETIKUS HANG","R2 + R3 — avatar- és hang-jogtisztaság, hang-lock",M4.1-VID-03,M4.1-VID-03,elsődleges,M4,M4.1,video,explainer,legyártandó,jogtisztázás alatt,"R2, R3",nincs kimondva,,Jelenet 1 karaktervideó – „Jegyzetbe bújó madrih”,02 Tervezet/Modulok/M4/Online leckék/M4.1 – Mit üzen a testem – Nonverbális kiállás.md
B3,"BATCH 3 — AI-AVATAR, KARAKTERVIDEÓ ÉS SZINTETIKUS HANG","R2 + R3 — avatar- és hang-jogtisztaság, hang-lock",M4.1-VID-03::ALTTEXT,M4.1-VID-03,alt-szöveg,M4,M4.1,video,explainer,legyártandó,jogtisztázás alatt,"R2, R3",nincs kimondva,,Jelenet 1 karaktervideó – „Jegyzetbe bújó madrih” — alt-szöveg,02 Tervezet/Modulok/M4/Online leckék/M4.1 – Mit üzen a testem – Nonverbális kiállás.md
B3,"BATCH 3 — AI-AVATAR, KARAKTERVIDEÓ ÉS SZINTETIKUS HANG","R2 + R3 — avatar- és hang-jogtisztaság, hang-lock",M4.1-VID-04,M4.1-VID-04,elsődleges,M4,M4.1,video,explainer,legyártandó,jogtisztázás alatt,"R2, R3",nincs kimondva,,Jelenet 2 karaktervideó – „Ideges topogó madrih”,02 Tervezet/Modulok/M4/Online leckék/M4.1 – Mit üzen a testem – Nonverbális kiállás.md
B3,"BATCH 3 — AI-AVATAR, KARAKTERVIDEÓ ÉS SZINTETIKUS HANG","R2 + R3 — avatar- és hang-jogtisztaság, hang-lock",M4.1-VID-04::ALTTEXT,M4.1-VID-04,alt-szöveg,M4,M4.1,video,explainer,legyártandó,jogtisztázás alatt,"R2, R3",nincs kimondva,,Jelenet 2 karaktervideó – „Ideges topogó madrih” — alt-szöveg,02 Tervezet/Modulok/M4/Online leckék/M4.1 – Mit üzen a testem – Nonverbális kiállás.md
B3,"BATCH 3 — AI-AVATAR, KARAKTERVIDEÓ ÉS SZINTETIKUS HANG","R2 + R3 — avatar- és hang-jogtisztaság, hang-lock",M4.1-VID-05,M4.1-VID-05,elsődleges,M4,M4.1,video,explainer,legyártandó,jogtisztázás alatt,"R2, R3",nincs kimondva,karaktervideo,"Jelenet 3 karaktervideó – „Nyitott, stabil madrih”",02 Tervezet/Modulok/M4/Online leckék/M4.1 – Mit üzen a testem – Nonverbális kiállás.md
B3,"BATCH 3 — AI-AVATAR, KARAKTERVIDEÓ ÉS SZINTETIKUS HANG","R2 + R3 — avatar- és hang-jogtisztaság, hang-lock",M4.1-VID-05::ALTTEXT,M4.1-VID-05,alt-szöveg,M4,M4.1,video,explainer,legyártandó,jogtisztázás alatt,"R2, R3",nincs kimondva,karaktervideo,"Jelenet 3 karaktervideó – „Nyitott, stabil madrih” — alt-szöveg",02 Tervezet/Modulok/M4/Online leckék/M4.1 – Mit üzen a testem – Nonverbális kiállás.md
B3,"BATCH 3 — AI-AVATAR, KARAKTERVIDEÓ ÉS SZINTETIKUS HANG","R2 + R3 — avatar- és hang-jogtisztaság, hang-lock",M4.2-NAR-01,M4.2-NAR-01,elsődleges,M4,M4.2,voiceover,narration,legyártandó,jogtisztázás alatt,"R2, R3",nincs kimondva,,Slide 1 narráció – „Mit mondanál elsőre?”,02 Tervezet/Modulok/M4/Online leckék/M4.2 – Aktív hallgatás & visszatükrözés.md
B3,"BATCH 3 — AI-AVATAR, KARAKTERVIDEÓ ÉS SZINTETIKUS HANG","R2 + R3 — avatar- és hang-jogtisztaság, hang-lock",M4.2-NAR-01::CAPTIONS,M4.2-NAR-01,felirat,M4,M4.2,voiceover,narration,legyártandó,jogtisztázás alatt,"R2, R3",nincs kimondva,,Slide 1 narráció – „Mit mondanál elsőre?” — felirat,02 Tervezet/Modulok/M4/Online leckék/M4.2 – Aktív hallgatás & visszatükrözés.md
B3,"BATCH 3 — AI-AVATAR, KARAKTERVIDEÓ ÉS SZINTETIKUS HANG","R2 + R3 — avatar- és hang-jogtisztaság, hang-lock",M4.2-NAR-01::TRANSCRIPT,M4.2-NAR-01,leirat,M4,M4.2,voiceover,narration,legyártandó,jogtisztázás alatt,"R2, R3",nincs kimondva,,Slide 1 narráció – „Mit mondanál elsőre?” — leirat,02 Tervezet/Modulok/M4/Online leckék/M4.2 – Aktív hallgatás & visszatükrözés.md
B3,"BATCH 3 — AI-AVATAR, KARAKTERVIDEÓ ÉS SZINTETIKUS HANG","R2 + R3 — avatar- és hang-jogtisztaság, hang-lock",M4.2-NAR-02,M4.2-NAR-02,elsődleges,M4,M4.2,voiceover,narration,legyártandó,jogtisztázás alatt,"R2, R3",nincs kimondva,,Slide 2 narráció – aktív hallgatás és visszatükrözés definíciója,02 Tervezet/Modulok/M4/Online leckék/M4.2 – Aktív hallgatás & visszatükrözés.md
B3,"BATCH 3 — AI-AVATAR, KARAKTERVIDEÓ ÉS SZINTETIKUS HANG","R2 + R3 — avatar- és hang-jogtisztaság, hang-lock",M4.2-NAR-02::CAPTIONS,M4.2-NAR-02,felirat,M4,M4.2,voiceover,narration,legyártandó,jogtisztázás alatt,"R2, R3",nincs kimondva,,Slide 2 narráció – aktív hallgatás és visszatükrözés definíciója — felirat,02 Tervezet/Modulok/M4/Online leckék/M4.2 – Aktív hallgatás & visszatükrözés.md
B3,"BATCH 3 — AI-AVATAR, KARAKTERVIDEÓ ÉS SZINTETIKUS HANG","R2 + R3 — avatar- és hang-jogtisztaság, hang-lock",M4.2-NAR-02::TRANSCRIPT,M4.2-NAR-02,leirat,M4,M4.2,voiceover,narration,legyártandó,jogtisztázás alatt,"R2, R3",nincs kimondva,,Slide 2 narráció – aktív hallgatás és visszatükrözés definíciója — leirat,02 Tervezet/Modulok/M4/Online leckék/M4.2 – Aktív hallgatás & visszatükrözés.md
B3,"BATCH 3 — AI-AVATAR, KARAKTERVIDEÓ ÉS SZINTETIKUS HANG","R2 + R3 — avatar- és hang-jogtisztaság, hang-lock",M4.2-NAR-03,M4.2-NAR-03,elsődleges,M4,M4.2,voiceover,narration,legyártandó,jogtisztázás alatt,"R2, R3",nincs kimondva,,Slide 3 narráció – Dialog Cards felvezetés,02 Tervezet/Modulok/M4/Online leckék/M4.2 – Aktív hallgatás & visszatükrözés.md
B3,"BATCH 3 — AI-AVATAR, KARAKTERVIDEÓ ÉS SZINTETIKUS HANG","R2 + R3 — avatar- és hang-jogtisztaság, hang-lock",M4.2-NAR-03::CAPTIONS,M4.2-NAR-03,felirat,M4,M4.2,voiceover,narration,legyártandó,jogtisztázás alatt,"R2, R3",nincs kimondva,,Slide 3 narráció – Dialog Cards felvezetés — felirat,02 Tervezet/Modulok/M4/Online leckék/M4.2 – Aktív hallgatás & visszatükrözés.md
B3,"BATCH 3 — AI-AVATAR, KARAKTERVIDEÓ ÉS SZINTETIKUS HANG","R2 + R3 — avatar- és hang-jogtisztaság, hang-lock",M4.2-NAR-03::TRANSCRIPT,M4.2-NAR-03,leirat,M4,M4.2,voiceover,narration,legyártandó,jogtisztázás alatt,"R2, R3",nincs kimondva,,Slide 3 narráció – Dialog Cards felvezetés — leirat,02 Tervezet/Modulok/M4/Online leckék/M4.2 – Aktív hallgatás & visszatükrözés.md
B3,"BATCH 3 — AI-AVATAR, KARAKTERVIDEÓ ÉS SZINTETIKUS HANG","R2 + R3 — avatar- és hang-jogtisztaság, hang-lock",M4.2-NAR-04,M4.2-NAR-04,elsődleges,M4,M4.2,voiceover,narration,legyártandó,jogtisztázás alatt,"R2, R3",nincs kimondva,,Slide 6 narráció – Outro „Mit mondok legközelebb?”,02 Tervezet/Modulok/M4/Online leckék/M4.2 – Aktív hallgatás & visszatükrözés.md
B3,"BATCH 3 — AI-AVATAR, KARAKTERVIDEÓ ÉS SZINTETIKUS HANG","R2 + R3 — avatar- és hang-jogtisztaság, hang-lock",M4.2-NAR-04::CAPTIONS,M4.2-NAR-04,felirat,M4,M4.2,voiceover,narration,legyártandó,jogtisztázás alatt,"R2, R3",nincs kimondva,,Slide 6 narráció – Outro „Mit mondok legközelebb?” — felirat,02 Tervezet/Modulok/M4/Online leckék/M4.2 – Aktív hallgatás & visszatükrözés.md
B3,"BATCH 3 — AI-AVATAR, KARAKTERVIDEÓ ÉS SZINTETIKUS HANG","R2 + R3 — avatar- és hang-jogtisztaság, hang-lock",M4.2-NAR-04::TRANSCRIPT,M4.2-NAR-04,leirat,M4,M4.2,voiceover,narration,legyártandó,jogtisztázás alatt,"R2, R3",nincs kimondva,,Slide 6 narráció – Outro „Mit mondok legközelebb?” — leirat,02 Tervezet/Modulok/M4/Online leckék/M4.2 – Aktív hallgatás & visszatükrözés.md
B3,"BATCH 3 — AI-AVATAR, KARAKTERVIDEÓ ÉS SZINTETIKUS HANG","R2 + R3 — avatar- és hang-jogtisztaság, hang-lock",M4.3-NAR-01,M4.3-NAR-01,elsődleges,M4,M4.3,voiceover,narration,legyártandó,jogtisztázás alatt,"R2, R3",nincs kimondva,,SLIDE 1 narráció – Hook,"02 Tervezet/Modulok/M4/Online leckék/M4.3 – Kérdezési minták – nyitott, zárt, tisztázó, irányító kérdések.md"
B3,"BATCH 3 — AI-AVATAR, KARAKTERVIDEÓ ÉS SZINTETIKUS HANG","R2 + R3 — avatar- és hang-jogtisztaság, hang-lock",M4.3-NAR-01::CAPTIONS,M4.3-NAR-01,felirat,M4,M4.3,voiceover,narration,legyártandó,jogtisztázás alatt,"R2, R3",nincs kimondva,,SLIDE 1 narráció – Hook — felirat,"02 Tervezet/Modulok/M4/Online leckék/M4.3 – Kérdezési minták – nyitott, zárt, tisztázó, irányító kérdések.md"
B3,"BATCH 3 — AI-AVATAR, KARAKTERVIDEÓ ÉS SZINTETIKUS HANG","R2 + R3 — avatar- és hang-jogtisztaság, hang-lock",M4.3-NAR-01::TRANSCRIPT,M4.3-NAR-01,leirat,M4,M4.3,voiceover,narration,legyártandó,jogtisztázás alatt,"R2, R3",nincs kimondva,,SLIDE 1 narráció – Hook — leirat,"02 Tervezet/Modulok/M4/Online leckék/M4.3 – Kérdezési minták – nyitott, zárt, tisztázó, irányító kérdések.md"
B3,"BATCH 3 — AI-AVATAR, KARAKTERVIDEÓ ÉS SZINTETIKUS HANG","R2 + R3 — avatar- és hang-jogtisztaság, hang-lock",M4.3-NAR-02,M4.3-NAR-02,elsődleges,M4,M4.3,voiceover,narration,legyártandó,jogtisztázás alatt,"R2, R3",nincs kimondva,,SLIDE 2 narráció – Négy kérdéstípus,"02 Tervezet/Modulok/M4/Online leckék/M4.3 – Kérdezési minták – nyitott, zárt, tisztázó, irányító kérdések.md"
B3,"BATCH 3 — AI-AVATAR, KARAKTERVIDEÓ ÉS SZINTETIKUS HANG","R2 + R3 — avatar- és hang-jogtisztaság, hang-lock",M4.3-NAR-02::CAPTIONS,M4.3-NAR-02,felirat,M4,M4.3,voiceover,narration,legyártandó,jogtisztázás alatt,"R2, R3",nincs kimondva,,SLIDE 2 narráció – Négy kérdéstípus — felirat,"02 Tervezet/Modulok/M4/Online leckék/M4.3 – Kérdezési minták – nyitott, zárt, tisztázó, irányító kérdések.md"
B3,"BATCH 3 — AI-AVATAR, KARAKTERVIDEÓ ÉS SZINTETIKUS HANG","R2 + R3 — avatar- és hang-jogtisztaság, hang-lock",M4.3-NAR-02::TRANSCRIPT,M4.3-NAR-02,leirat,M4,M4.3,voiceover,narration,legyártandó,jogtisztázás alatt,"R2, R3",nincs kimondva,,SLIDE 2 narráció – Négy kérdéstípus — leirat,"02 Tervezet/Modulok/M4/Online leckék/M4.3 – Kérdezési minták – nyitott, zárt, tisztázó, irányító kérdések.md"
B3,"BATCH 3 — AI-AVATAR, KARAKTERVIDEÓ ÉS SZINTETIKUS HANG","R2 + R3 — avatar- és hang-jogtisztaság, hang-lock",M4.3-NAR-03,M4.3-NAR-03,elsődleges,M4,M4.3,voiceover,narration,legyártandó,jogtisztázás alatt,"R2, R3",nincs kimondva,,SLIDE 6 narráció – Outro/reflexió,"02 Tervezet/Modulok/M4/Online leckék/M4.3 – Kérdezési minták – nyitott, zárt, tisztázó, irányító kérdések.md"
B3,"BATCH 3 — AI-AVATAR, KARAKTERVIDEÓ ÉS SZINTETIKUS HANG","R2 + R3 — avatar- és hang-jogtisztaság, hang-lock",M4.3-NAR-03::CAPTIONS,M4.3-NAR-03,felirat,M4,M4.3,voiceover,narration,legyártandó,jogtisztázás alatt,"R2, R3",nincs kimondva,,SLIDE 6 narráció – Outro/reflexió — felirat,"02 Tervezet/Modulok/M4/Online leckék/M4.3 – Kérdezési minták – nyitott, zárt, tisztázó, irányító kérdések.md"
B3,"BATCH 3 — AI-AVATAR, KARAKTERVIDEÓ ÉS SZINTETIKUS HANG","R2 + R3 — avatar- és hang-jogtisztaság, hang-lock",M4.3-NAR-03::TRANSCRIPT,M4.3-NAR-03,leirat,M4,M4.3,voiceover,narration,legyártandó,jogtisztázás alatt,"R2, R3",nincs kimondva,,SLIDE 6 narráció – Outro/reflexió — leirat,"02 Tervezet/Modulok/M4/Online leckék/M4.3 – Kérdezési minták – nyitott, zárt, tisztázó, irányító kérdések.md"
B3,"BATCH 3 — AI-AVATAR, KARAKTERVIDEÓ ÉS SZINTETIKUS HANG","R2 + R3 — avatar- és hang-jogtisztaság, hang-lock",M4.4-NAR-01,M4.4-NAR-01,elsődleges,M4,M4.4,voiceover,narration,legyártandó,jogtisztázás alatt,"R2, R3",nincs kimondva,,"Slide 1 narráció – „45 mp-ed van… Mit mondasz?""",02 Tervezet/Modulok/M4/Online leckék/M4.4 – 45 mp-es peulabemutató – vázlat egy konkrét kvucára.md
B3,"BATCH 3 — AI-AVATAR, KARAKTERVIDEÓ ÉS SZINTETIKUS HANG","R2 + R3 — avatar- és hang-jogtisztaság, hang-lock",M4.4-NAR-01::CAPTIONS,M4.4-NAR-01,felirat,M4,M4.4,voiceover,narration,legyártandó,jogtisztázás alatt,"R2, R3",nincs kimondva,,"Slide 1 narráció – „45 mp-ed van… Mit mondasz?"" — felirat",02 Tervezet/Modulok/M4/Online leckék/M4.4 – 45 mp-es peulabemutató – vázlat egy konkrét kvucára.md
B3,"BATCH 3 — AI-AVATAR, KARAKTERVIDEÓ ÉS SZINTETIKUS HANG","R2 + R3 — avatar- és hang-jogtisztaság, hang-lock",M4.4-NAR-01::TRANSCRIPT,M4.4-NAR-01,leirat,M4,M4.4,voiceover,narration,legyártandó,jogtisztázás alatt,"R2, R3",nincs kimondva,,"Slide 1 narráció – „45 mp-ed van… Mit mondasz?"" — leirat",02 Tervezet/Modulok/M4/Online leckék/M4.4 – 45 mp-es peulabemutató – vázlat egy konkrét kvucára.md
B3,"BATCH 3 — AI-AVATAR, KARAKTERVIDEÓ ÉS SZINTETIKUS HANG","R2 + R3 — avatar- és hang-jogtisztaság, hang-lock",M4.4-NAR-02,M4.4-NAR-02,elsődleges,M4,M4.4,voiceover,narration,legyártandó,jogtisztázás alatt,"R2, R3",nincs kimondva,,"Slide 2 narráció – „Mi az a rövid peulabemutató?""",02 Tervezet/Modulok/M4/Online leckék/M4.4 – 45 mp-es peulabemutató – vázlat egy konkrét kvucára.md
B3,"BATCH 3 — AI-AVATAR, KARAKTERVIDEÓ ÉS SZINTETIKUS HANG","R2 + R3 — avatar- és hang-jogtisztaság, hang-lock",M4.4-NAR-02::CAPTIONS,M4.4-NAR-02,felirat,M4,M4.4,voiceover,narration,legyártandó,jogtisztázás alatt,"R2, R3",nincs kimondva,,"Slide 2 narráció – „Mi az a rövid peulabemutató?"" — felirat",02 Tervezet/Modulok/M4/Online leckék/M4.4 – 45 mp-es peulabemutató – vázlat egy konkrét kvucára.md
B3,"BATCH 3 — AI-AVATAR, KARAKTERVIDEÓ ÉS SZINTETIKUS HANG","R2 + R3 — avatar- és hang-jogtisztaság, hang-lock",M4.4-NAR-02::TRANSCRIPT,M4.4-NAR-02,leirat,M4,M4.4,voiceover,narration,legyártandó,jogtisztázás alatt,"R2, R3",nincs kimondva,,"Slide 2 narráció – „Mi az a rövid peulabemutató?"" — leirat",02 Tervezet/Modulok/M4/Online leckék/M4.4 – 45 mp-es peulabemutató – vázlat egy konkrét kvucára.md
B3,"BATCH 3 — AI-AVATAR, KARAKTERVIDEÓ ÉS SZINTETIKUS HANG","R2 + R3 — avatar- és hang-jogtisztaság, hang-lock",M4.4-NAR-03,M4.4-NAR-03,elsődleges,M4,M4.4,voiceover,narration,legyártandó,jogtisztázás alatt,"R2, R3",nincs kimondva,,Slide 3 narráció – Az 5 kérdéses peulabemutató-sablon,02 Tervezet/Modulok/M4/Online leckék/M4.4 – 45 mp-es peulabemutató – vázlat egy konkrét kvucára.md
B3,"BATCH 3 — AI-AVATAR, KARAKTERVIDEÓ ÉS SZINTETIKUS HANG","R2 + R3 — avatar- és hang-jogtisztaság, hang-lock",M4.4-NAR-03::CAPTIONS,M4.4-NAR-03,felirat,M4,M4.4,voiceover,narration,legyártandó,jogtisztázás alatt,"R2, R3",nincs kimondva,,Slide 3 narráció – Az 5 kérdéses peulabemutató-sablon — felirat,02 Tervezet/Modulok/M4/Online leckék/M4.4 – 45 mp-es peulabemutató – vázlat egy konkrét kvucára.md
B3,"BATCH 3 — AI-AVATAR, KARAKTERVIDEÓ ÉS SZINTETIKUS HANG","R2 + R3 — avatar- és hang-jogtisztaság, hang-lock",M4.4-NAR-03::TRANSCRIPT,M4.4-NAR-03,leirat,M4,M4.4,voiceover,narration,legyártandó,jogtisztázás alatt,"R2, R3",nincs kimondva,,Slide 3 narráció – Az 5 kérdéses peulabemutató-sablon — leirat,02 Tervezet/Modulok/M4/Online leckék/M4.4 – 45 mp-es peulabemutató – vázlat egy konkrét kvucára.md
B3,"BATCH 3 — AI-AVATAR, KARAKTERVIDEÓ ÉS SZINTETIKUS HANG","R2 + R3 — avatar- és hang-jogtisztaság, hang-lock",M4.4-NAR-05,M4.4-NAR-05,elsődleges,M4,M4.4,voiceover,narration,legyártandó,jogtisztázás alatt,"R2, R3",nincs kimondva,,"Slide 5 narráció – „Írd meg a saját 45 mp-es peulabemutató-vázlatod""",02 Tervezet/Modulok/M4/Online leckék/M4.4 – 45 mp-es peulabemutató – vázlat egy konkrét kvucára.md
B3,"BATCH 3 — AI-AVATAR, KARAKTERVIDEÓ ÉS SZINTETIKUS HANG","R2 + R3 — avatar- és hang-jogtisztaság, hang-lock",M4.4-NAR-05::CAPTIONS,M4.4-NAR-05,felirat,M4,M4.4,voiceover,narration,legyártandó,jogtisztázás alatt,"R2, R3",nincs kimondva,,"Slide 5 narráció – „Írd meg a saját 45 mp-es peulabemutató-vázlatod"" — felirat",02 Tervezet/Modulok/M4/Online leckék/M4.4 – 45 mp-es peulabemutató – vázlat egy konkrét kvucára.md
B3,"BATCH 3 — AI-AVATAR, KARAKTERVIDEÓ ÉS SZINTETIKUS HANG","R2 + R3 — avatar- és hang-jogtisztaság, hang-lock",M4.4-NAR-05::TRANSCRIPT,M4.4-NAR-05,leirat,M4,M4.4,voiceover,narration,legyártandó,jogtisztázás alatt,"R2, R3",nincs kimondva,,"Slide 5 narráció – „Írd meg a saját 45 mp-es peulabemutató-vázlatod"" — leirat",02 Tervezet/Modulok/M4/Online leckék/M4.4 – 45 mp-es peulabemutató – vázlat egy konkrét kvucára.md
B3,"BATCH 3 — AI-AVATAR, KARAKTERVIDEÓ ÉS SZINTETIKUS HANG","R2 + R3 — avatar- és hang-jogtisztaság, hang-lock",M5.1-NAR-02,M5.1-NAR-02,elsődleges,M5,M5.1,voiceover,narration,legyártandó,jogtisztázás alatt,"R2, R3",nincs kimondva,,INPUT 2 narráció – három fogalom definíciója,"02 Tervezet/Modulok/M5/Online leckék/M5.1 – Mi a nonformális nevelés – Suli, Somer, random.md"
B3,"BATCH 3 — AI-AVATAR, KARAKTERVIDEÓ ÉS SZINTETIKUS HANG","R2 + R3 — avatar- és hang-jogtisztaság, hang-lock",M5.1-NAR-02::CAPTIONS,M5.1-NAR-02,felirat,M5,M5.1,voiceover,narration,legyártandó,jogtisztázás alatt,"R2, R3",nincs kimondva,,INPUT 2 narráció – három fogalom definíciója — felirat,"02 Tervezet/Modulok/M5/Online leckék/M5.1 – Mi a nonformális nevelés – Suli, Somer, random.md"
B3,"BATCH 3 — AI-AVATAR, KARAKTERVIDEÓ ÉS SZINTETIKUS HANG","R2 + R3 — avatar- és hang-jogtisztaság, hang-lock",M5.1-NAR-02::TRANSCRIPT,M5.1-NAR-02,leirat,M5,M5.1,voiceover,narration,legyártandó,jogtisztázás alatt,"R2, R3",nincs kimondva,,INPUT 2 narráció – három fogalom definíciója — leirat,"02 Tervezet/Modulok/M5/Online leckék/M5.1 – Mi a nonformális nevelés – Suli, Somer, random.md"
B3,"BATCH 3 — AI-AVATAR, KARAKTERVIDEÓ ÉS SZINTETIKUS HANG","R2 + R3 — avatar- és hang-jogtisztaság, hang-lock",M5.1-VID-01,M5.1-VID-01,elsődleges,M5,M5.1,video,ai-talking-head,legyártandó,jogtisztázás alatt,"R2, R3",nincs kimondva,,nyitó beszélő fej – suli / Somer / hétköznapok,"02 Tervezet/Modulok/M5/Online leckék/M5.1 – Mi a nonformális nevelés – Suli, Somer, random.md"
B3,"BATCH 3 — AI-AVATAR, KARAKTERVIDEÓ ÉS SZINTETIKUS HANG","R2 + R3 — avatar- és hang-jogtisztaság, hang-lock",M5.1-VID-01::VOICEOVER,M5.1-VID-01,felmondott hang,M5,M5.1,video,ai-talking-head,legyártandó,jogtisztázás alatt,"R2, R3",nincs kimondva,,nyitó beszélő fej – suli / Somer / hétköznapok — felmondott hang,"02 Tervezet/Modulok/M5/Online leckék/M5.1 – Mi a nonformális nevelés – Suli, Somer, random.md"
B3,"BATCH 3 — AI-AVATAR, KARAKTERVIDEÓ ÉS SZINTETIKUS HANG","R2 + R3 — avatar- és hang-jogtisztaság, hang-lock",M5.1-VID-01::CAPTIONS,M5.1-VID-01,felirat,M5,M5.1,video,ai-talking-head,legyártandó,jogtisztázás alatt,"R2, R3",nincs kimondva,,nyitó beszélő fej – suli / Somer / hétköznapok — felirat,"02 Tervezet/Modulok/M5/Online leckék/M5.1 – Mi a nonformális nevelés – Suli, Somer, random.md"
B3,"BATCH 3 — AI-AVATAR, KARAKTERVIDEÓ ÉS SZINTETIKUS HANG","R2 + R3 — avatar- és hang-jogtisztaság, hang-lock",M5.1-VID-01::TRANSCRIPT,M5.1-VID-01,leirat,M5,M5.1,video,ai-talking-head,legyártandó,jogtisztázás alatt,"R2, R3",nincs kimondva,,nyitó beszélő fej – suli / Somer / hétköznapok — leirat,"02 Tervezet/Modulok/M5/Online leckék/M5.1 – Mi a nonformális nevelés – Suli, Somer, random.md"
B3,"BATCH 3 — AI-AVATAR, KARAKTERVIDEÓ ÉS SZINTETIKUS HANG","R2 + R3 — avatar- és hang-jogtisztaság, hang-lock",M5.1-VID-02,M5.1-VID-02,elsődleges,M5,M5.1,video,ai-talking-head,legyártandó,jogtisztázás alatt,"R2, R3",nincs kimondva,,OUTRO beszélő fej thumbnail (opcionális),"02 Tervezet/Modulok/M5/Online leckék/M5.1 – Mi a nonformális nevelés – Suli, Somer, random.md"
B3,"BATCH 3 — AI-AVATAR, KARAKTERVIDEÓ ÉS SZINTETIKUS HANG","R2 + R3 — avatar- és hang-jogtisztaság, hang-lock",M5.1-VID-02::VOICEOVER,M5.1-VID-02,felmondott hang,M5,M5.1,video,ai-talking-head,legyártandó,jogtisztázás alatt,"R2, R3",nincs kimondva,,OUTRO beszélő fej thumbnail (opcionális) — felmondott hang,"02 Tervezet/Modulok/M5/Online leckék/M5.1 – Mi a nonformális nevelés – Suli, Somer, random.md"
B3,"BATCH 3 — AI-AVATAR, KARAKTERVIDEÓ ÉS SZINTETIKUS HANG","R2 + R3 — avatar- és hang-jogtisztaság, hang-lock",M5.1-VID-02::CAPTIONS,M5.1-VID-02,felirat,M5,M5.1,video,ai-talking-head,legyártandó,jogtisztázás alatt,"R2, R3",nincs kimondva,,OUTRO beszélő fej thumbnail (opcionális) — felirat,"02 Tervezet/Modulok/M5/Online leckék/M5.1 – Mi a nonformális nevelés – Suli, Somer, random.md"
B3,"BATCH 3 — AI-AVATAR, KARAKTERVIDEÓ ÉS SZINTETIKUS HANG","R2 + R3 — avatar- és hang-jogtisztaság, hang-lock",M5.1-VID-02::TRANSCRIPT,M5.1-VID-02,leirat,M5,M5.1,video,ai-talking-head,legyártandó,jogtisztázás alatt,"R2, R3",nincs kimondva,,OUTRO beszélő fej thumbnail (opcionális) — leirat,"02 Tervezet/Modulok/M5/Online leckék/M5.1 – Mi a nonformális nevelés – Suli, Somer, random.md"
B3,"BATCH 3 — AI-AVATAR, KARAKTERVIDEÓ ÉS SZINTETIKUS HANG","R2 + R3 — avatar- és hang-jogtisztaság, hang-lock",M5.3-NAR-01,M5.3-NAR-01,elsődleges,M5,M5.3,voiceover,narration,legyártandó,jogtisztázás alatt,"R2, R3",nincs kimondva,,Opcionális narráció – három kulcsfogalom (20-30 mp),"02 Tervezet/Modulok/M5/Online leckék/M5.3 – Hogyan tanulunk tényleg – Gyakorlás, aktív felidézés, időben elosztott gyakorlás.md"
B3,"BATCH 3 — AI-AVATAR, KARAKTERVIDEÓ ÉS SZINTETIKUS HANG","R2 + R3 — avatar- és hang-jogtisztaság, hang-lock",M5.3-NAR-01::CAPTIONS,M5.3-NAR-01,felirat,M5,M5.3,voiceover,narration,legyártandó,jogtisztázás alatt,"R2, R3",nincs kimondva,,Opcionális narráció – három kulcsfogalom (20-30 mp) — felirat,"02 Tervezet/Modulok/M5/Online leckék/M5.3 – Hogyan tanulunk tényleg – Gyakorlás, aktív felidézés, időben elosztott gyakorlás.md"
B3,"BATCH 3 — AI-AVATAR, KARAKTERVIDEÓ ÉS SZINTETIKUS HANG","R2 + R3 — avatar- és hang-jogtisztaság, hang-lock",M5.3-NAR-01::TRANSCRIPT,M5.3-NAR-01,leirat,M5,M5.3,voiceover,narration,legyártandó,jogtisztázás alatt,"R2, R3",nincs kimondva,,Opcionális narráció – három kulcsfogalom (20-30 mp) — leirat,"02 Tervezet/Modulok/M5/Online leckék/M5.3 – Hogyan tanulunk tényleg – Gyakorlás, aktív felidézés, időben elosztott gyakorlás.md"
B3,"BATCH 3 — AI-AVATAR, KARAKTERVIDEÓ ÉS SZINTETIKUS HANG","R2 + R3 — avatar- és hang-jogtisztaság, hang-lock",M6.1-NAR-02,M6.1-NAR-02,elsődleges,M6,M6.1,voiceover,narration,legyártandó,jogtisztázás alatt,"R2, R3",nincs kimondva,,Narráció – SLIDE 2: 3 aktuális korosztály bemutatása,02 Tervezet/Modulok/M6/Online leckék/M6.1 – Játék-kategóriák 3 aktuális kvucára.md
B3,"BATCH 3 — AI-AVATAR, KARAKTERVIDEÓ ÉS SZINTETIKUS HANG","R2 + R3 — avatar- és hang-jogtisztaság, hang-lock",M6.1-NAR-02::CAPTIONS,M6.1-NAR-02,felirat,M6,M6.1,voiceover,narration,legyártandó,jogtisztázás alatt,"R2, R3",nincs kimondva,,Narráció – SLIDE 2: 3 aktuális korosztály bemutatása — felirat,02 Tervezet/Modulok/M6/Online leckék/M6.1 – Játék-kategóriák 3 aktuális kvucára.md
B3,"BATCH 3 — AI-AVATAR, KARAKTERVIDEÓ ÉS SZINTETIKUS HANG","R2 + R3 — avatar- és hang-jogtisztaság, hang-lock",M6.1-NAR-02::TRANSCRIPT,M6.1-NAR-02,leirat,M6,M6.1,voiceover,narration,legyártandó,jogtisztázás alatt,"R2, R3",nincs kimondva,,Narráció – SLIDE 2: 3 aktuális korosztály bemutatása — leirat,02 Tervezet/Modulok/M6/Online leckék/M6.1 – Játék-kategóriák 3 aktuális kvucára.md
B3,"BATCH 3 — AI-AVATAR, KARAKTERVIDEÓ ÉS SZINTETIKUS HANG","R2 + R3 — avatar- és hang-jogtisztaság, hang-lock",M6.1-NAR-03,M6.1-NAR-03,elsődleges,M6,M6.1,voiceover,narration,legyártandó,jogtisztázás alatt,"R2, R3",nincs kimondva,,Narráció – SLIDE 3: 5 játék-kategória,02 Tervezet/Modulok/M6/Online leckék/M6.1 – Játék-kategóriák 3 aktuális kvucára.md
B3,"BATCH 3 — AI-AVATAR, KARAKTERVIDEÓ ÉS SZINTETIKUS HANG","R2 + R3 — avatar- és hang-jogtisztaság, hang-lock",M6.1-NAR-03::CAPTIONS,M6.1-NAR-03,felirat,M6,M6.1,voiceover,narration,legyártandó,jogtisztázás alatt,"R2, R3",nincs kimondva,,Narráció – SLIDE 3: 5 játék-kategória — felirat,02 Tervezet/Modulok/M6/Online leckék/M6.1 – Játék-kategóriák 3 aktuális kvucára.md
B3,"BATCH 3 — AI-AVATAR, KARAKTERVIDEÓ ÉS SZINTETIKUS HANG","R2 + R3 — avatar- és hang-jogtisztaság, hang-lock",M6.1-NAR-03::TRANSCRIPT,M6.1-NAR-03,leirat,M6,M6.1,voiceover,narration,legyártandó,jogtisztázás alatt,"R2, R3",nincs kimondva,,Narráció – SLIDE 3: 5 játék-kategória — leirat,02 Tervezet/Modulok/M6/Online leckék/M6.1 – Játék-kategóriák 3 aktuális kvucára.md
B3,"BATCH 3 — AI-AVATAR, KARAKTERVIDEÓ ÉS SZINTETIKUS HANG","R2 + R3 — avatar- és hang-jogtisztaság, hang-lock",M6.1-NAR-04,M6.1-NAR-04,elsődleges,M6,M6.1,voiceover,narration,legyártandó,jogtisztázás alatt,"R2, R3",nincs kimondva,,Narráció – SLIDE 4: ismerkedős + energizer,02 Tervezet/Modulok/M6/Online leckék/M6.1 – Játék-kategóriák 3 aktuális kvucára.md
B3,"BATCH 3 — AI-AVATAR, KARAKTERVIDEÓ ÉS SZINTETIKUS HANG","R2 + R3 — avatar- és hang-jogtisztaság, hang-lock",M6.1-NAR-04::CAPTIONS,M6.1-NAR-04,felirat,M6,M6.1,voiceover,narration,legyártandó,jogtisztázás alatt,"R2, R3",nincs kimondva,,Narráció – SLIDE 4: ismerkedős + energizer — felirat,02 Tervezet/Modulok/M6/Online leckék/M6.1 – Játék-kategóriák 3 aktuális kvucára.md
B3,"BATCH 3 — AI-AVATAR, KARAKTERVIDEÓ ÉS SZINTETIKUS HANG","R2 + R3 — avatar- és hang-jogtisztaság, hang-lock",M6.1-NAR-04::TRANSCRIPT,M6.1-NAR-04,leirat,M6,M6.1,voiceover,narration,legyártandó,jogtisztázás alatt,"R2, R3",nincs kimondva,,Narráció – SLIDE 4: ismerkedős + energizer — leirat,02 Tervezet/Modulok/M6/Online leckék/M6.1 – Játék-kategóriák 3 aktuális kvucára.md
B3,"BATCH 3 — AI-AVATAR, KARAKTERVIDEÓ ÉS SZINTETIKUS HANG","R2 + R3 — avatar- és hang-jogtisztaság, hang-lock",M6.1-NAR-05,M6.1-NAR-05,elsődleges,M6,M6.1,voiceover,narration,legyártandó,jogtisztázás alatt,"R2, R3",nincs kimondva,,Narráció – SLIDE 5: bizalom-/kontakt-játék + kockázat,02 Tervezet/Modulok/M6/Online leckék/M6.1 – Játék-kategóriák 3 aktuális kvucára.md
B3,"BATCH 3 — AI-AVATAR, KARAKTERVIDEÓ ÉS SZINTETIKUS HANG","R2 + R3 — avatar- és hang-jogtisztaság, hang-lock",M6.1-NAR-05::CAPTIONS,M6.1-NAR-05,felirat,M6,M6.1,voiceover,narration,legyártandó,jogtisztázás alatt,"R2, R3",nincs kimondva,,Narráció – SLIDE 5: bizalom-/kontakt-játék + kockázat — felirat,02 Tervezet/Modulok/M6/Online leckék/M6.1 – Játék-kategóriák 3 aktuális kvucára.md
B3,"BATCH 3 — AI-AVATAR, KARAKTERVIDEÓ ÉS SZINTETIKUS HANG","R2 + R3 — avatar- és hang-jogtisztaság, hang-lock",M6.1-NAR-05::TRANSCRIPT,M6.1-NAR-05,leirat,M6,M6.1,voiceover,narration,legyártandó,jogtisztázás alatt,"R2, R3",nincs kimondva,,Narráció – SLIDE 5: bizalom-/kontakt-játék + kockázat — leirat,02 Tervezet/Modulok/M6/Online leckék/M6.1 – Játék-kategóriák 3 aktuális kvucára.md
B3,"BATCH 3 — AI-AVATAR, KARAKTERVIDEÓ ÉS SZINTETIKUS HANG","R2 + R3 — avatar- és hang-jogtisztaság, hang-lock",M6.1-NAR-06,M6.1-NAR-06,elsődleges,M6,M6.1,voiceover,narration,legyártandó,jogtisztázás alatt,"R2, R3",nincs kimondva,,Narráció – SLIDE 6: reflexiós vs. mély élmény,02 Tervezet/Modulok/M6/Online leckék/M6.1 – Játék-kategóriák 3 aktuális kvucára.md
B3,"BATCH 3 — AI-AVATAR, KARAKTERVIDEÓ ÉS SZINTETIKUS HANG","R2 + R3 — avatar- és hang-jogtisztaság, hang-lock",M6.1-NAR-06::CAPTIONS,M6.1-NAR-06,felirat,M6,M6.1,voiceover,narration,legyártandó,jogtisztázás alatt,"R2, R3",nincs kimondva,,Narráció – SLIDE 6: reflexiós vs. mély élmény — felirat,02 Tervezet/Modulok/M6/Online leckék/M6.1 – Játék-kategóriák 3 aktuális kvucára.md
B3,"BATCH 3 — AI-AVATAR, KARAKTERVIDEÓ ÉS SZINTETIKUS HANG","R2 + R3 — avatar- és hang-jogtisztaság, hang-lock",M6.1-NAR-06::TRANSCRIPT,M6.1-NAR-06,leirat,M6,M6.1,voiceover,narration,legyártandó,jogtisztázás alatt,"R2, R3",nincs kimondva,,Narráció – SLIDE 6: reflexiós vs. mély élmény — leirat,02 Tervezet/Modulok/M6/Online leckék/M6.1 – Játék-kategóriák 3 aktuális kvucára.md
B3,"BATCH 3 — AI-AVATAR, KARAKTERVIDEÓ ÉS SZINTETIKUS HANG","R2 + R3 — avatar- és hang-jogtisztaság, hang-lock",M6.1-NAR-07,M6.1-NAR-07,elsődleges,M6,M6.1,voiceover,narration,legyártandó,jogtisztázás alatt,"R2, R3",nincs kimondva,,Narráció – SLIDE 8 outro (opcionális rövid videóhoz),02 Tervezet/Modulok/M6/Online leckék/M6.1 – Játék-kategóriák 3 aktuális kvucára.md
B3,"BATCH 3 — AI-AVATAR, KARAKTERVIDEÓ ÉS SZINTETIKUS HANG","R2 + R3 — avatar- és hang-jogtisztaság, hang-lock",M6.1-NAR-07::CAPTIONS,M6.1-NAR-07,felirat,M6,M6.1,voiceover,narration,legyártandó,jogtisztázás alatt,"R2, R3",nincs kimondva,,Narráció – SLIDE 8 outro (opcionális rövid videóhoz) — felirat,02 Tervezet/Modulok/M6/Online leckék/M6.1 – Játék-kategóriák 3 aktuális kvucára.md
B3,"BATCH 3 — AI-AVATAR, KARAKTERVIDEÓ ÉS SZINTETIKUS HANG","R2 + R3 — avatar- és hang-jogtisztaság, hang-lock",M6.1-NAR-07::TRANSCRIPT,M6.1-NAR-07,leirat,M6,M6.1,voiceover,narration,legyártandó,jogtisztázás alatt,"R2, R3",nincs kimondva,,Narráció – SLIDE 8 outro (opcionális rövid videóhoz) — leirat,02 Tervezet/Modulok/M6/Online leckék/M6.1 – Játék-kategóriák 3 aktuális kvucára.md
B3,"BATCH 3 — AI-AVATAR, KARAKTERVIDEÓ ÉS SZINTETIKUS HANG","R2 + R3 — avatar- és hang-jogtisztaság, hang-lock",M6.1-VID-01,M6.1-VID-01,elsődleges,M6,M6.1,video,ai-talking-head,legyártandó,jogtisztázás alatt,"R2, R3",nincs kimondva,,"Hook beszélőfej-videó – „Volt már olyan, hogy nem ült a játék?”",02 Tervezet/Modulok/M6/Online leckék/M6.1 – Játék-kategóriák 3 aktuális kvucára.md
B3,"BATCH 3 — AI-AVATAR, KARAKTERVIDEÓ ÉS SZINTETIKUS HANG","R2 + R3 — avatar- és hang-jogtisztaság, hang-lock",M6.1-VID-01::VOICEOVER,M6.1-VID-01,felmondott hang,M6,M6.1,video,ai-talking-head,legyártandó,jogtisztázás alatt,"R2, R3",nincs kimondva,,"Hook beszélőfej-videó – „Volt már olyan, hogy nem ült a játék?” — felmondott hang",02 Tervezet/Modulok/M6/Online leckék/M6.1 – Játék-kategóriák 3 aktuális kvucára.md
B3,"BATCH 3 — AI-AVATAR, KARAKTERVIDEÓ ÉS SZINTETIKUS HANG","R2 + R3 — avatar- és hang-jogtisztaság, hang-lock",M6.1-VID-01::CAPTIONS,M6.1-VID-01,felirat,M6,M6.1,video,ai-talking-head,legyártandó,jogtisztázás alatt,"R2, R3",nincs kimondva,,"Hook beszélőfej-videó – „Volt már olyan, hogy nem ült a játék?” — felirat",02 Tervezet/Modulok/M6/Online leckék/M6.1 – Játék-kategóriák 3 aktuális kvucára.md
B3,"BATCH 3 — AI-AVATAR, KARAKTERVIDEÓ ÉS SZINTETIKUS HANG","R2 + R3 — avatar- és hang-jogtisztaság, hang-lock",M6.1-VID-01::TRANSCRIPT,M6.1-VID-01,leirat,M6,M6.1,video,ai-talking-head,legyártandó,jogtisztázás alatt,"R2, R3",nincs kimondva,,"Hook beszélőfej-videó – „Volt már olyan, hogy nem ült a játék?” — leirat",02 Tervezet/Modulok/M6/Online leckék/M6.1 – Játék-kategóriák 3 aktuális kvucára.md
B3,"BATCH 3 — AI-AVATAR, KARAKTERVIDEÓ ÉS SZINTETIKUS HANG","R2 + R3 — avatar- és hang-jogtisztaság, hang-lock",M6.2-NAR-02,M6.2-NAR-02,elsődleges,M6,M6.2,voiceover,narration,legyártandó,jogtisztázás alatt,"R2, R3",nincs kimondva,,Narráció – SLIDE 2 „Miért mesélünk történeteket?” (40–50 mp),"02 Tervezet/Modulok/M6/Online leckék/M6.2 – Történet, mint tükör.md"
B3,"BATCH 3 — AI-AVATAR, KARAKTERVIDEÓ ÉS SZINTETIKUS HANG","R2 + R3 — avatar- és hang-jogtisztaság, hang-lock",M6.2-NAR-02::CAPTIONS,M6.2-NAR-02,felirat,M6,M6.2,voiceover,narration,legyártandó,jogtisztázás alatt,"R2, R3",nincs kimondva,,Narráció – SLIDE 2 „Miért mesélünk történeteket?” (40–50 mp) — felirat,"02 Tervezet/Modulok/M6/Online leckék/M6.2 – Történet, mint tükör.md"
B3,"BATCH 3 — AI-AVATAR, KARAKTERVIDEÓ ÉS SZINTETIKUS HANG","R2 + R3 — avatar- és hang-jogtisztaság, hang-lock",M6.2-NAR-02::TRANSCRIPT,M6.2-NAR-02,leirat,M6,M6.2,voiceover,narration,legyártandó,jogtisztázás alatt,"R2, R3",nincs kimondva,,Narráció – SLIDE 2 „Miért mesélünk történeteket?” (40–50 mp) — leirat,"02 Tervezet/Modulok/M6/Online leckék/M6.2 – Történet, mint tükör.md"
B3,"BATCH 3 — AI-AVATAR, KARAKTERVIDEÓ ÉS SZINTETIKUS HANG","R2 + R3 — avatar- és hang-jogtisztaság, hang-lock",M6.2-NAR-04,M6.2-NAR-04,elsődleges,M6,M6.2,voiceover,narration,legyártandó,jogtisztázás alatt,"R2, R3",nincs kimondva,,Narráció – SLIDE 4 történet 2. rész (40–50 mp),"02 Tervezet/Modulok/M6/Online leckék/M6.2 – Történet, mint tükör.md"
B3,"BATCH 3 — AI-AVATAR, KARAKTERVIDEÓ ÉS SZINTETIKUS HANG","R2 + R3 — avatar- és hang-jogtisztaság, hang-lock",M6.2-NAR-04::CAPTIONS,M6.2-NAR-04,felirat,M6,M6.2,voiceover,narration,legyártandó,jogtisztázás alatt,"R2, R3",nincs kimondva,,Narráció – SLIDE 4 történet 2. rész (40–50 mp) — felirat,"02 Tervezet/Modulok/M6/Online leckék/M6.2 – Történet, mint tükör.md"
B3,"BATCH 3 — AI-AVATAR, KARAKTERVIDEÓ ÉS SZINTETIKUS HANG","R2 + R3 — avatar- és hang-jogtisztaság, hang-lock",M6.2-NAR-04::TRANSCRIPT,M6.2-NAR-04,leirat,M6,M6.2,voiceover,narration,legyártandó,jogtisztázás alatt,"R2, R3",nincs kimondva,,Narráció – SLIDE 4 történet 2. rész (40–50 mp) — leirat,"02 Tervezet/Modulok/M6/Online leckék/M6.2 – Történet, mint tükör.md"
B3,"BATCH 3 — AI-AVATAR, KARAKTERVIDEÓ ÉS SZINTETIKUS HANG","R2 + R3 — avatar- és hang-jogtisztaság, hang-lock",M6.2-NAR-05,M6.2-NAR-05,elsődleges,M6,M6.2,voiceover,narration,legyártandó,jogtisztázás alatt,"R2, R3",nincs kimondva,,"Narráció – SLIDE 5 „Történet, mint tükör – kérdések” (45–60 mp)","02 Tervezet/Modulok/M6/Online leckék/M6.2 – Történet, mint tükör.md"
B3,"BATCH 3 — AI-AVATAR, KARAKTERVIDEÓ ÉS SZINTETIKUS HANG","R2 + R3 — avatar- és hang-jogtisztaság, hang-lock",M6.2-NAR-05::CAPTIONS,M6.2-NAR-05,felirat,M6,M6.2,voiceover,narration,legyártandó,jogtisztázás alatt,"R2, R3",nincs kimondva,,"Narráció – SLIDE 5 „Történet, mint tükör – kérdések” (45–60 mp) — felirat","02 Tervezet/Modulok/M6/Online leckék/M6.2 – Történet, mint tükör.md"
B3,"BATCH 3 — AI-AVATAR, KARAKTERVIDEÓ ÉS SZINTETIKUS HANG","R2 + R3 — avatar- és hang-jogtisztaság, hang-lock",M6.2-NAR-05::TRANSCRIPT,M6.2-NAR-05,leirat,M6,M6.2,voiceover,narration,legyártandó,jogtisztázás alatt,"R2, R3",nincs kimondva,,"Narráció – SLIDE 5 „Történet, mint tükör – kérdések” (45–60 mp) — leirat","02 Tervezet/Modulok/M6/Online leckék/M6.2 – Történet, mint tükör.md"
B3,"BATCH 3 — AI-AVATAR, KARAKTERVIDEÓ ÉS SZINTETIKUS HANG","R2 + R3 — avatar- és hang-jogtisztaság, hang-lock",M6.2-NAR-06,M6.2-NAR-06,elsődleges,M6,M6.2,voiceover,narration,legyártandó,jogtisztázás alatt,"R2, R3",nincs kimondva,,Narráció – SLIDE 6 „Nem minden téma/nyelv jó” (45–60 mp),"02 Tervezet/Modulok/M6/Online leckék/M6.2 – Történet, mint tükör.md"
B3,"BATCH 3 — AI-AVATAR, KARAKTERVIDEÓ ÉS SZINTETIKUS HANG","R2 + R3 — avatar- és hang-jogtisztaság, hang-lock",M6.2-NAR-06::CAPTIONS,M6.2-NAR-06,felirat,M6,M6.2,voiceover,narration,legyártandó,jogtisztázás alatt,"R2, R3",nincs kimondva,,Narráció – SLIDE 6 „Nem minden téma/nyelv jó” (45–60 mp) — felirat,"02 Tervezet/Modulok/M6/Online leckék/M6.2 – Történet, mint tükör.md"
B3,"BATCH 3 — AI-AVATAR, KARAKTERVIDEÓ ÉS SZINTETIKUS HANG","R2 + R3 — avatar- és hang-jogtisztaság, hang-lock",M6.2-NAR-06::TRANSCRIPT,M6.2-NAR-06,leirat,M6,M6.2,voiceover,narration,legyártandó,jogtisztázás alatt,"R2, R3",nincs kimondva,,Narráció – SLIDE 6 „Nem minden téma/nyelv jó” (45–60 mp) — leirat,"02 Tervezet/Modulok/M6/Online leckék/M6.2 – Történet, mint tükör.md"
B3,"BATCH 3 — AI-AVATAR, KARAKTERVIDEÓ ÉS SZINTETIKUS HANG","R2 + R3 — avatar- és hang-jogtisztaság, hang-lock",M6.2-NAR-07,M6.2-NAR-07,elsődleges,M6,M6.2,voiceover,narration,legyártandó,jogtisztázás alatt,"R2, R3",nincs kimondva,,Narráció – SLIDE 7 Activity „Te hogyan tennéd tükörré?” (30–40 mp),"02 Tervezet/Modulok/M6/Online leckék/M6.2 – Történet, mint tükör.md"
B3,"BATCH 3 — AI-AVATAR, KARAKTERVIDEÓ ÉS SZINTETIKUS HANG","R2 + R3 — avatar- és hang-jogtisztaság, hang-lock",M6.2-NAR-07::CAPTIONS,M6.2-NAR-07,felirat,M6,M6.2,voiceover,narration,legyártandó,jogtisztázás alatt,"R2, R3",nincs kimondva,,Narráció – SLIDE 7 Activity „Te hogyan tennéd tükörré?” (30–40 mp) — felirat,"02 Tervezet/Modulok/M6/Online leckék/M6.2 – Történet, mint tükör.md"
B3,"BATCH 3 — AI-AVATAR, KARAKTERVIDEÓ ÉS SZINTETIKUS HANG","R2 + R3 — avatar- és hang-jogtisztaság, hang-lock",M6.2-NAR-07::TRANSCRIPT,M6.2-NAR-07,leirat,M6,M6.2,voiceover,narration,legyártandó,jogtisztázás alatt,"R2, R3",nincs kimondva,,Narráció – SLIDE 7 Activity „Te hogyan tennéd tükörré?” (30–40 mp) — leirat,"02 Tervezet/Modulok/M6/Online leckék/M6.2 – Történet, mint tükör.md"
B3,"BATCH 3 — AI-AVATAR, KARAKTERVIDEÓ ÉS SZINTETIKUS HANG","R2 + R3 — avatar- és hang-jogtisztaság, hang-lock",M6.2-VID-01,M6.2-VID-01,elsődleges,M6,M6.2,video,ai-talking-head,legyártandó,jogtisztázás alatt,"R2, R3",nincs kimondva,,Hook – AI beszélő fej: „fagyott csend lett a sztoritól?”,"02 Tervezet/Modulok/M6/Online leckék/M6.2 – Történet, mint tükör.md"
B3,"BATCH 3 — AI-AVATAR, KARAKTERVIDEÓ ÉS SZINTETIKUS HANG","R2 + R3 — avatar- és hang-jogtisztaság, hang-lock",M6.2-VID-01::VOICEOVER,M6.2-VID-01,felmondott hang,M6,M6.2,video,ai-talking-head,legyártandó,jogtisztázás alatt,"R2, R3",nincs kimondva,,Hook – AI beszélő fej: „fagyott csend lett a sztoritól?” — felmondott hang,"02 Tervezet/Modulok/M6/Online leckék/M6.2 – Történet, mint tükör.md"
B3,"BATCH 3 — AI-AVATAR, KARAKTERVIDEÓ ÉS SZINTETIKUS HANG","R2 + R3 — avatar- és hang-jogtisztaság, hang-lock",M6.2-VID-01::CAPTIONS,M6.2-VID-01,felirat,M6,M6.2,video,ai-talking-head,legyártandó,jogtisztázás alatt,"R2, R3",nincs kimondva,,Hook – AI beszélő fej: „fagyott csend lett a sztoritól?” — felirat,"02 Tervezet/Modulok/M6/Online leckék/M6.2 – Történet, mint tükör.md"
B3,"BATCH 3 — AI-AVATAR, KARAKTERVIDEÓ ÉS SZINTETIKUS HANG","R2 + R3 — avatar- és hang-jogtisztaság, hang-lock",M6.2-VID-01::TRANSCRIPT,M6.2-VID-01,leirat,M6,M6.2,video,ai-talking-head,legyártandó,jogtisztázás alatt,"R2, R3",nincs kimondva,,Hook – AI beszélő fej: „fagyott csend lett a sztoritól?” — leirat,"02 Tervezet/Modulok/M6/Online leckék/M6.2 – Történet, mint tükör.md"
B3,"BATCH 3 — AI-AVATAR, KARAKTERVIDEÓ ÉS SZINTETIKUS HANG","R2 + R3 — avatar- és hang-jogtisztaság, hang-lock",M6.2-VID-02,M6.2-VID-02,elsődleges,M6,M6.2,video,ai-talking-head,legyártandó,jogtisztázás alatt,"R2, R3",nincs kimondva,,Opcionális beszélő fej / narrációs videó – „Az új lány a körben” (1. rész),"02 Tervezet/Modulok/M6/Online leckék/M6.2 – Történet, mint tükör.md"
B3,"BATCH 3 — AI-AVATAR, KARAKTERVIDEÓ ÉS SZINTETIKUS HANG","R2 + R3 — avatar- és hang-jogtisztaság, hang-lock",M6.2-VID-02::VOICEOVER,M6.2-VID-02,felmondott hang,M6,M6.2,video,ai-talking-head,legyártandó,jogtisztázás alatt,"R2, R3",nincs kimondva,,Opcionális beszélő fej / narrációs videó – „Az új lány a körben” (1. rész) — felmondott hang,"02 Tervezet/Modulok/M6/Online leckék/M6.2 – Történet, mint tükör.md"
B3,"BATCH 3 — AI-AVATAR, KARAKTERVIDEÓ ÉS SZINTETIKUS HANG","R2 + R3 — avatar- és hang-jogtisztaság, hang-lock",M6.2-VID-02::CAPTIONS,M6.2-VID-02,felirat,M6,M6.2,video,ai-talking-head,legyártandó,jogtisztázás alatt,"R2, R3",nincs kimondva,,Opcionális beszélő fej / narrációs videó – „Az új lány a körben” (1. rész) — felirat,"02 Tervezet/Modulok/M6/Online leckék/M6.2 – Történet, mint tükör.md"
B3,"BATCH 3 — AI-AVATAR, KARAKTERVIDEÓ ÉS SZINTETIKUS HANG","R2 + R3 — avatar- és hang-jogtisztaság, hang-lock",M6.2-VID-02::TRANSCRIPT,M6.2-VID-02,leirat,M6,M6.2,video,ai-talking-head,legyártandó,jogtisztázás alatt,"R2, R3",nincs kimondva,,Opcionális beszélő fej / narrációs videó – „Az új lány a körben” (1. rész) — leirat,"02 Tervezet/Modulok/M6/Online leckék/M6.2 – Történet, mint tükör.md"
B3,"BATCH 3 — AI-AVATAR, KARAKTERVIDEÓ ÉS SZINTETIKUS HANG","R2 + R3 — avatar- és hang-jogtisztaság, hang-lock",M6.3-NAR-01,M6.3-NAR-01,elsődleges,M6,M6.3,voiceover,narration,legyártandó,jogtisztázás alatt,"R2, R3",nincs kimondva,,Narráció – SLIDE 1 HOOK (35–45 mp),"02 Tervezet/Modulok/M6/Online leckék/M6.3 – Kézműves, ami tanít is.md"
B3,"BATCH 3 — AI-AVATAR, KARAKTERVIDEÓ ÉS SZINTETIKUS HANG","R2 + R3 — avatar- és hang-jogtisztaság, hang-lock",M6.3-NAR-01::CAPTIONS,M6.3-NAR-01,felirat,M6,M6.3,voiceover,narration,legyártandó,jogtisztázás alatt,"R2, R3",nincs kimondva,,Narráció – SLIDE 1 HOOK (35–45 mp) — felirat,"02 Tervezet/Modulok/M6/Online leckék/M6.3 – Kézműves, ami tanít is.md"
B3,"BATCH 3 — AI-AVATAR, KARAKTERVIDEÓ ÉS SZINTETIKUS HANG","R2 + R3 — avatar- és hang-jogtisztaság, hang-lock",M6.3-NAR-01::TRANSCRIPT,M6.3-NAR-01,leirat,M6,M6.3,voiceover,narration,legyártandó,jogtisztázás alatt,"R2, R3",nincs kimondva,,Narráció – SLIDE 1 HOOK (35–45 mp) — leirat,"02 Tervezet/Modulok/M6/Online leckék/M6.3 – Kézműves, ami tanít is.md"
B3,"BATCH 3 — AI-AVATAR, KARAKTERVIDEÓ ÉS SZINTETIKUS HANG","R2 + R3 — avatar- és hang-jogtisztaság, hang-lock",M6.3-NAR-02,M6.3-NAR-02,elsődleges,M6,M6.3,voiceover,narration,legyártandó,jogtisztázás alatt,"R2, R3",nincs kimondva,,Narráció – SLIDE 2 INPUT 1 (45–55 mp),"02 Tervezet/Modulok/M6/Online leckék/M6.3 – Kézműves, ami tanít is.md"
B3,"BATCH 3 — AI-AVATAR, KARAKTERVIDEÓ ÉS SZINTETIKUS HANG","R2 + R3 — avatar- és hang-jogtisztaság, hang-lock",M6.3-NAR-02::CAPTIONS,M6.3-NAR-02,felirat,M6,M6.3,voiceover,narration,legyártandó,jogtisztázás alatt,"R2, R3",nincs kimondva,,Narráció – SLIDE 2 INPUT 1 (45–55 mp) — felirat,"02 Tervezet/Modulok/M6/Online leckék/M6.3 – Kézműves, ami tanít is.md"
B3,"BATCH 3 — AI-AVATAR, KARAKTERVIDEÓ ÉS SZINTETIKUS HANG","R2 + R3 — avatar- és hang-jogtisztaság, hang-lock",M6.3-NAR-02::TRANSCRIPT,M6.3-NAR-02,leirat,M6,M6.3,voiceover,narration,legyártandó,jogtisztázás alatt,"R2, R3",nincs kimondva,,Narráció – SLIDE 2 INPUT 1 (45–55 mp) — leirat,"02 Tervezet/Modulok/M6/Online leckék/M6.3 – Kézműves, ami tanít is.md"
B3,"BATCH 3 — AI-AVATAR, KARAKTERVIDEÓ ÉS SZINTETIKUS HANG","R2 + R3 — avatar- és hang-jogtisztaság, hang-lock",M6.3-NAR-03,M6.3-NAR-03,elsődleges,M6,M6.3,voiceover,narration,legyártandó,jogtisztázás alatt,"R2, R3",nincs kimondva,,Narráció – SLIDE 3 PÉLDA 1 Közös plakát (45–60 mp),"02 Tervezet/Modulok/M6/Online leckék/M6.3 – Kézműves, ami tanít is.md"
B3,"BATCH 3 — AI-AVATAR, KARAKTERVIDEÓ ÉS SZINTETIKUS HANG","R2 + R3 — avatar- és hang-jogtisztaság, hang-lock",M6.3-NAR-03::CAPTIONS,M6.3-NAR-03,felirat,M6,M6.3,voiceover,narration,legyártandó,jogtisztázás alatt,"R2, R3",nincs kimondva,,Narráció – SLIDE 3 PÉLDA 1 Közös plakát (45–60 mp) — felirat,"02 Tervezet/Modulok/M6/Online leckék/M6.3 – Kézműves, ami tanít is.md"
B3,"BATCH 3 — AI-AVATAR, KARAKTERVIDEÓ ÉS SZINTETIKUS HANG","R2 + R3 — avatar- és hang-jogtisztaság, hang-lock",M6.3-NAR-03::TRANSCRIPT,M6.3-NAR-03,leirat,M6,M6.3,voiceover,narration,legyártandó,jogtisztázás alatt,"R2, R3",nincs kimondva,,Narráció – SLIDE 3 PÉLDA 1 Közös plakát (45–60 mp) — leirat,"02 Tervezet/Modulok/M6/Online leckék/M6.3 – Kézműves, ami tanít is.md"
B3,"BATCH 3 — AI-AVATAR, KARAKTERVIDEÓ ÉS SZINTETIKUS HANG","R2 + R3 — avatar- és hang-jogtisztaság, hang-lock",M6.3-NAR-04,M6.3-NAR-04,elsődleges,M6,M6.3,voiceover,narration,legyártandó,jogtisztázás alatt,"R2, R3",nincs kimondva,,Narráció – SLIDE 4 PÉLDA 2 Karkötő (45–60 mp),"02 Tervezet/Modulok/M6/Online leckék/M6.3 – Kézműves, ami tanít is.md"
B3,"BATCH 3 — AI-AVATAR, KARAKTERVIDEÓ ÉS SZINTETIKUS HANG","R2 + R3 — avatar- és hang-jogtisztaság, hang-lock",M6.3-NAR-04::CAPTIONS,M6.3-NAR-04,felirat,M6,M6.3,voiceover,narration,legyártandó,jogtisztázás alatt,"R2, R3",nincs kimondva,,Narráció – SLIDE 4 PÉLDA 2 Karkötő (45–60 mp) — felirat,"02 Tervezet/Modulok/M6/Online leckék/M6.3 – Kézműves, ami tanít is.md"
B3,"BATCH 3 — AI-AVATAR, KARAKTERVIDEÓ ÉS SZINTETIKUS HANG","R2 + R3 — avatar- és hang-jogtisztaság, hang-lock",M6.3-NAR-04::TRANSCRIPT,M6.3-NAR-04,leirat,M6,M6.3,voiceover,narration,legyártandó,jogtisztázás alatt,"R2, R3",nincs kimondva,,Narráció – SLIDE 4 PÉLDA 2 Karkötő (45–60 mp) — leirat,"02 Tervezet/Modulok/M6/Online leckék/M6.3 – Kézműves, ami tanít is.md"
B3,"BATCH 3 — AI-AVATAR, KARAKTERVIDEÓ ÉS SZINTETIKUS HANG","R2 + R3 — avatar- és hang-jogtisztaság, hang-lock",M6.3-NAR-05,M6.3-NAR-05,elsődleges,M6,M6.3,voiceover,narration,legyártandó,jogtisztázás alatt,"R2, R3",nincs kimondva,,Narráció – SLIDE 5 PÉLDA 3 Kvuca-zászló (45–60 mp),"02 Tervezet/Modulok/M6/Online leckék/M6.3 – Kézműves, ami tanít is.md"
B3,"BATCH 3 — AI-AVATAR, KARAKTERVIDEÓ ÉS SZINTETIKUS HANG","R2 + R3 — avatar- és hang-jogtisztaság, hang-lock",M6.3-NAR-05::CAPTIONS,M6.3-NAR-05,felirat,M6,M6.3,voiceover,narration,legyártandó,jogtisztázás alatt,"R2, R3",nincs kimondva,,Narráció – SLIDE 5 PÉLDA 3 Kvuca-zászló (45–60 mp) — felirat,"02 Tervezet/Modulok/M6/Online leckék/M6.3 – Kézműves, ami tanít is.md"
B3,"BATCH 3 — AI-AVATAR, KARAKTERVIDEÓ ÉS SZINTETIKUS HANG","R2 + R3 — avatar- és hang-jogtisztaság, hang-lock",M6.3-NAR-05::TRANSCRIPT,M6.3-NAR-05,leirat,M6,M6.3,voiceover,narration,legyártandó,jogtisztázás alatt,"R2, R3",nincs kimondva,,Narráció – SLIDE 5 PÉLDA 3 Kvuca-zászló (45–60 mp) — leirat,"02 Tervezet/Modulok/M6/Online leckék/M6.3 – Kézműves, ami tanít is.md"
B3,"BATCH 3 — AI-AVATAR, KARAKTERVIDEÓ ÉS SZINTETIKUS HANG","R2 + R3 — avatar- és hang-jogtisztaság, hang-lock",M6.3-NAR-06,M6.3-NAR-06,elsődleges,M6,M6.3,voiceover,narration,legyártandó,jogtisztázás alatt,"R2, R3",nincs kimondva,,Narráció – SLIDE 6 ACTIVITY (30–40 mp),"02 Tervezet/Modulok/M6/Online leckék/M6.3 – Kézműves, ami tanít is.md"
B3,"BATCH 3 — AI-AVATAR, KARAKTERVIDEÓ ÉS SZINTETIKUS HANG","R2 + R3 — avatar- és hang-jogtisztaság, hang-lock",M6.3-NAR-06::CAPTIONS,M6.3-NAR-06,felirat,M6,M6.3,voiceover,narration,legyártandó,jogtisztázás alatt,"R2, R3",nincs kimondva,,Narráció – SLIDE 6 ACTIVITY (30–40 mp) — felirat,"02 Tervezet/Modulok/M6/Online leckék/M6.3 – Kézműves, ami tanít is.md"
B3,"BATCH 3 — AI-AVATAR, KARAKTERVIDEÓ ÉS SZINTETIKUS HANG","R2 + R3 — avatar- és hang-jogtisztaság, hang-lock",M6.3-NAR-06::TRANSCRIPT,M6.3-NAR-06,leirat,M6,M6.3,voiceover,narration,legyártandó,jogtisztázás alatt,"R2, R3",nincs kimondva,,Narráció – SLIDE 6 ACTIVITY (30–40 mp) — leirat,"02 Tervezet/Modulok/M6/Online leckék/M6.3 – Kézműves, ami tanít is.md"
B3,"BATCH 3 — AI-AVATAR, KARAKTERVIDEÓ ÉS SZINTETIKUS HANG","R2 + R3 — avatar- és hang-jogtisztaság, hang-lock",M7.1-NAR-01,M7.1-NAR-01,elsődleges,M7,M7.1,voiceover,narration,legyártandó,jogtisztázás alatt,"R2, R3",nincs kimondva,,Narráció – SMART madrih-nyelven (opcionális),"02 Tervezet/Modulok/M7/Online leckék/M7.1 – Ez még csak vágy, nem cél – SMART nevelési cél someres módra.md"
B3,"BATCH 3 — AI-AVATAR, KARAKTERVIDEÓ ÉS SZINTETIKUS HANG","R2 + R3 — avatar- és hang-jogtisztaság, hang-lock",M7.1-NAR-01::CAPTIONS,M7.1-NAR-01,felirat,M7,M7.1,voiceover,narration,legyártandó,jogtisztázás alatt,"R2, R3",nincs kimondva,,Narráció – SMART madrih-nyelven (opcionális) — felirat,"02 Tervezet/Modulok/M7/Online leckék/M7.1 – Ez még csak vágy, nem cél – SMART nevelési cél someres módra.md"
B3,"BATCH 3 — AI-AVATAR, KARAKTERVIDEÓ ÉS SZINTETIKUS HANG","R2 + R3 — avatar- és hang-jogtisztaság, hang-lock",M7.1-NAR-01::TRANSCRIPT,M7.1-NAR-01,leirat,M7,M7.1,voiceover,narration,legyártandó,jogtisztázás alatt,"R2, R3",nincs kimondva,,Narráció – SMART madrih-nyelven (opcionális) — leirat,"02 Tervezet/Modulok/M7/Online leckék/M7.1 – Ez még csak vágy, nem cél – SMART nevelési cél someres módra.md"
B3,"BATCH 3 — AI-AVATAR, KARAKTERVIDEÓ ÉS SZINTETIKUS HANG","R2 + R3 — avatar- és hang-jogtisztaság, hang-lock",M7.1-NAR-02,M7.1-NAR-02,elsődleges,M7,M7.1,voiceover,narration,legyártandó,jogtisztázás alatt,"R2, R3",nincs kimondva,,Narráció – záró feladat instrukció (opcionális),"02 Tervezet/Modulok/M7/Online leckék/M7.1 – Ez még csak vágy, nem cél – SMART nevelési cél someres módra.md"
B3,"BATCH 3 — AI-AVATAR, KARAKTERVIDEÓ ÉS SZINTETIKUS HANG","R2 + R3 — avatar- és hang-jogtisztaság, hang-lock",M7.1-NAR-02::CAPTIONS,M7.1-NAR-02,felirat,M7,M7.1,voiceover,narration,legyártandó,jogtisztázás alatt,"R2, R3",nincs kimondva,,Narráció – záró feladat instrukció (opcionális) — felirat,"02 Tervezet/Modulok/M7/Online leckék/M7.1 – Ez még csak vágy, nem cél – SMART nevelési cél someres módra.md"
B3,"BATCH 3 — AI-AVATAR, KARAKTERVIDEÓ ÉS SZINTETIKUS HANG","R2 + R3 — avatar- és hang-jogtisztaság, hang-lock",M7.1-NAR-02::TRANSCRIPT,M7.1-NAR-02,leirat,M7,M7.1,voiceover,narration,legyártandó,jogtisztázás alatt,"R2, R3",nincs kimondva,,Narráció – záró feladat instrukció (opcionális) — leirat,"02 Tervezet/Modulok/M7/Online leckék/M7.1 – Ez még csak vágy, nem cél – SMART nevelési cél someres módra.md"
B3,"BATCH 3 — AI-AVATAR, KARAKTERVIDEÓ ÉS SZINTETIKUS HANG","R2 + R3 — avatar- és hang-jogtisztaság, hang-lock",M7.2-NAR-02,M7.2-NAR-02,elsődleges,M7,M7.2,voiceover,narration,legyártandó,jogtisztázás alatt,"R2, R3",nincs kimondva,,SLIDE 2 narráció – „A Peula 11 pontjának térképe”,"02 Tervezet/Modulok/M7/Online leckék/M7.2 – Nemcsak játék, hanem peula – 11 tervezési pont & AI-támogatás.md"
B3,"BATCH 3 — AI-AVATAR, KARAKTERVIDEÓ ÉS SZINTETIKUS HANG","R2 + R3 — avatar- és hang-jogtisztaság, hang-lock",M7.2-NAR-02::CAPTIONS,M7.2-NAR-02,felirat,M7,M7.2,voiceover,narration,legyártandó,jogtisztázás alatt,"R2, R3",nincs kimondva,,SLIDE 2 narráció – „A Peula 11 pontjának térképe” — felirat,"02 Tervezet/Modulok/M7/Online leckék/M7.2 – Nemcsak játék, hanem peula – 11 tervezési pont & AI-támogatás.md"
B3,"BATCH 3 — AI-AVATAR, KARAKTERVIDEÓ ÉS SZINTETIKUS HANG","R2 + R3 — avatar- és hang-jogtisztaság, hang-lock",M7.2-NAR-02::TRANSCRIPT,M7.2-NAR-02,leirat,M7,M7.2,voiceover,narration,legyártandó,jogtisztázás alatt,"R2, R3",nincs kimondva,,SLIDE 2 narráció – „A Peula 11 pontjának térképe” — leirat,"02 Tervezet/Modulok/M7/Online leckék/M7.2 – Nemcsak játék, hanem peula – 11 tervezési pont & AI-támogatás.md"
B3,"BATCH 3 — AI-AVATAR, KARAKTERVIDEÓ ÉS SZINTETIKUS HANG","R2 + R3 — avatar- és hang-jogtisztaság, hang-lock",M7.2-NAR-03,M7.2-NAR-03,elsődleges,M7,M7.2,voiceover,narration,legyártandó,jogtisztázás alatt,"R2, R3",nincs kimondva,,SLIDE 3 narráció – Előkészítés (4 pont),"02 Tervezet/Modulok/M7/Online leckék/M7.2 – Nemcsak játék, hanem peula – 11 tervezési pont & AI-támogatás.md"
B3,"BATCH 3 — AI-AVATAR, KARAKTERVIDEÓ ÉS SZINTETIKUS HANG","R2 + R3 — avatar- és hang-jogtisztaság, hang-lock",M7.2-NAR-03::CAPTIONS,M7.2-NAR-03,felirat,M7,M7.2,voiceover,narration,legyártandó,jogtisztázás alatt,"R2, R3",nincs kimondva,,SLIDE 3 narráció – Előkészítés (4 pont) — felirat,"02 Tervezet/Modulok/M7/Online leckék/M7.2 – Nemcsak játék, hanem peula – 11 tervezési pont & AI-támogatás.md"
B3,"BATCH 3 — AI-AVATAR, KARAKTERVIDEÓ ÉS SZINTETIKUS HANG","R2 + R3 — avatar- és hang-jogtisztaság, hang-lock",M7.2-NAR-03::TRANSCRIPT,M7.2-NAR-03,leirat,M7,M7.2,voiceover,narration,legyártandó,jogtisztázás alatt,"R2, R3",nincs kimondva,,SLIDE 3 narráció – Előkészítés (4 pont) — leirat,"02 Tervezet/Modulok/M7/Online leckék/M7.2 – Nemcsak játék, hanem peula – 11 tervezési pont & AI-támogatás.md"
B3,"BATCH 3 — AI-AVATAR, KARAKTERVIDEÓ ÉS SZINTETIKUS HANG","R2 + R3 — avatar- és hang-jogtisztaság, hang-lock",M7.2-NAR-04,M7.2-NAR-04,elsődleges,M7,M7.2,voiceover,narration,legyártandó,jogtisztázás alatt,"R2, R3",nincs kimondva,,SLIDE 4 narráció – Megírás (4 pont) + 4 fázis,"02 Tervezet/Modulok/M7/Online leckék/M7.2 – Nemcsak játék, hanem peula – 11 tervezési pont & AI-támogatás.md"
B3,"BATCH 3 — AI-AVATAR, KARAKTERVIDEÓ ÉS SZINTETIKUS HANG","R2 + R3 — avatar- és hang-jogtisztaság, hang-lock",M7.2-NAR-04::CAPTIONS,M7.2-NAR-04,felirat,M7,M7.2,voiceover,narration,legyártandó,jogtisztázás alatt,"R2, R3",nincs kimondva,,SLIDE 4 narráció – Megírás (4 pont) + 4 fázis — felirat,"02 Tervezet/Modulok/M7/Online leckék/M7.2 – Nemcsak játék, hanem peula – 11 tervezési pont & AI-támogatás.md"
B3,"BATCH 3 — AI-AVATAR, KARAKTERVIDEÓ ÉS SZINTETIKUS HANG","R2 + R3 — avatar- és hang-jogtisztaság, hang-lock",M7.2-NAR-04::TRANSCRIPT,M7.2-NAR-04,leirat,M7,M7.2,voiceover,narration,legyártandó,jogtisztázás alatt,"R2, R3",nincs kimondva,,SLIDE 4 narráció – Megírás (4 pont) + 4 fázis — leirat,"02 Tervezet/Modulok/M7/Online leckék/M7.2 – Nemcsak játék, hanem peula – 11 tervezési pont & AI-támogatás.md"
B3,"BATCH 3 — AI-AVATAR, KARAKTERVIDEÓ ÉS SZINTETIKUS HANG","R2 + R3 — avatar- és hang-jogtisztaság, hang-lock",M7.2-NAR-05,M7.2-NAR-05,elsődleges,M7,M7.2,voiceover,narration,legyártandó,jogtisztázás alatt,"R2, R3",színfüggő,,SLIDE 5 narráció – Biztonság & továbbfejlesztés (3 pont),"02 Tervezet/Modulok/M7/Online leckék/M7.2 – Nemcsak játék, hanem peula – 11 tervezési pont & AI-támogatás.md"
B3,"BATCH 3 — AI-AVATAR, KARAKTERVIDEÓ ÉS SZINTETIKUS HANG","R2 + R3 — avatar- és hang-jogtisztaság, hang-lock",M7.2-NAR-05::CAPTIONS,M7.2-NAR-05,felirat,M7,M7.2,voiceover,narration,legyártandó,jogtisztázás alatt,"R2, R3",színfüggő,,SLIDE 5 narráció – Biztonság & továbbfejlesztés (3 pont) — felirat,"02 Tervezet/Modulok/M7/Online leckék/M7.2 – Nemcsak játék, hanem peula – 11 tervezési pont & AI-támogatás.md"
B3,"BATCH 3 — AI-AVATAR, KARAKTERVIDEÓ ÉS SZINTETIKUS HANG","R2 + R3 — avatar- és hang-jogtisztaság, hang-lock",M7.2-NAR-05::TRANSCRIPT,M7.2-NAR-05,leirat,M7,M7.2,voiceover,narration,legyártandó,jogtisztázás alatt,"R2, R3",színfüggő,,SLIDE 5 narráció – Biztonság & továbbfejlesztés (3 pont) — leirat,"02 Tervezet/Modulok/M7/Online leckék/M7.2 – Nemcsak játék, hanem peula – 11 tervezési pont & AI-támogatás.md"
B3,"BATCH 3 — AI-AVATAR, KARAKTERVIDEÓ ÉS SZINTETIKUS HANG","R2 + R3 — avatar- és hang-jogtisztaság, hang-lock",M7.2-VID-01,M7.2-VID-01,elsődleges,M7,M7.2,video,ai-talking-head,legyártandó,jogtisztázás alatt,"R2, R3",nincs kimondva,,HOOK – AI beszélő fej: „Csak játék maradt a peula?”,"02 Tervezet/Modulok/M7/Online leckék/M7.2 – Nemcsak játék, hanem peula – 11 tervezési pont & AI-támogatás.md"
B3,"BATCH 3 — AI-AVATAR, KARAKTERVIDEÓ ÉS SZINTETIKUS HANG","R2 + R3 — avatar- és hang-jogtisztaság, hang-lock",M7.2-VID-01::VOICEOVER,M7.2-VID-01,felmondott hang,M7,M7.2,video,ai-talking-head,legyártandó,jogtisztázás alatt,"R2, R3",nincs kimondva,,HOOK – AI beszélő fej: „Csak játék maradt a peula?” — felmondott hang,"02 Tervezet/Modulok/M7/Online leckék/M7.2 – Nemcsak játék, hanem peula – 11 tervezési pont & AI-támogatás.md"
B3,"BATCH 3 — AI-AVATAR, KARAKTERVIDEÓ ÉS SZINTETIKUS HANG","R2 + R3 — avatar- és hang-jogtisztaság, hang-lock",M7.2-VID-01::CAPTIONS,M7.2-VID-01,felirat,M7,M7.2,video,ai-talking-head,legyártandó,jogtisztázás alatt,"R2, R3",nincs kimondva,,HOOK – AI beszélő fej: „Csak játék maradt a peula?” — felirat,"02 Tervezet/Modulok/M7/Online leckék/M7.2 – Nemcsak játék, hanem peula – 11 tervezési pont & AI-támogatás.md"
B3,"BATCH 3 — AI-AVATAR, KARAKTERVIDEÓ ÉS SZINTETIKUS HANG","R2 + R3 — avatar- és hang-jogtisztaság, hang-lock",M7.2-VID-01::TRANSCRIPT,M7.2-VID-01,leirat,M7,M7.2,video,ai-talking-head,legyártandó,jogtisztázás alatt,"R2, R3",nincs kimondva,,HOOK – AI beszélő fej: „Csak játék maradt a peula?” — leirat,"02 Tervezet/Modulok/M7/Online leckék/M7.2 – Nemcsak játék, hanem peula – 11 tervezési pont & AI-támogatás.md"
B3,"BATCH 3 — AI-AVATAR, KARAKTERVIDEÓ ÉS SZINTETIKUS HANG","R2 + R3 — avatar- és hang-jogtisztaság, hang-lock",M7.3-NAR-02,M7.3-NAR-02,elsődleges,M7,M7.3,voiceover,narration,legyártandó,jogtisztázás alatt,"R2, R3",nincs kimondva,,INPUT 1 narráció (SLIDE 2),"02 Tervezet/Modulok/M7/Online leckék/M7.3 – Zmán Kvucá-checklist – idő, tér, felelősség.md"
B3,"BATCH 3 — AI-AVATAR, KARAKTERVIDEÓ ÉS SZINTETIKUS HANG","R2 + R3 — avatar- és hang-jogtisztaság, hang-lock",M7.3-NAR-02::CAPTIONS,M7.3-NAR-02,felirat,M7,M7.3,voiceover,narration,legyártandó,jogtisztázás alatt,"R2, R3",nincs kimondva,,INPUT 1 narráció (SLIDE 2) — felirat,"02 Tervezet/Modulok/M7/Online leckék/M7.3 – Zmán Kvucá-checklist – idő, tér, felelősség.md"
B3,"BATCH 3 — AI-AVATAR, KARAKTERVIDEÓ ÉS SZINTETIKUS HANG","R2 + R3 — avatar- és hang-jogtisztaság, hang-lock",M7.3-NAR-02::TRANSCRIPT,M7.3-NAR-02,leirat,M7,M7.3,voiceover,narration,legyártandó,jogtisztázás alatt,"R2, R3",nincs kimondva,,INPUT 1 narráció (SLIDE 2) — leirat,"02 Tervezet/Modulok/M7/Online leckék/M7.3 – Zmán Kvucá-checklist – idő, tér, felelősség.md"
B3,"BATCH 3 — AI-AVATAR, KARAKTERVIDEÓ ÉS SZINTETIKUS HANG","R2 + R3 — avatar- és hang-jogtisztaság, hang-lock",M7.3-NAR-03,M7.3-NAR-03,elsődleges,M7,M7.3,voiceover,narration,legyártandó,jogtisztázás alatt,"R2, R3",nincs kimondva,,INPUT 2 narráció – mintaprogram (SLIDE 3),"02 Tervezet/Modulok/M7/Online leckék/M7.3 – Zmán Kvucá-checklist – idő, tér, felelősség.md"
B3,"BATCH 3 — AI-AVATAR, KARAKTERVIDEÓ ÉS SZINTETIKUS HANG","R2 + R3 — avatar- és hang-jogtisztaság, hang-lock",M7.3-NAR-03::CAPTIONS,M7.3-NAR-03,felirat,M7,M7.3,voiceover,narration,legyártandó,jogtisztázás alatt,"R2, R3",nincs kimondva,,INPUT 2 narráció – mintaprogram (SLIDE 3) — felirat,"02 Tervezet/Modulok/M7/Online leckék/M7.3 – Zmán Kvucá-checklist – idő, tér, felelősség.md"
B3,"BATCH 3 — AI-AVATAR, KARAKTERVIDEÓ ÉS SZINTETIKUS HANG","R2 + R3 — avatar- és hang-jogtisztaság, hang-lock",M7.3-NAR-03::TRANSCRIPT,M7.3-NAR-03,leirat,M7,M7.3,voiceover,narration,legyártandó,jogtisztázás alatt,"R2, R3",nincs kimondva,,INPUT 2 narráció – mintaprogram (SLIDE 3) — leirat,"02 Tervezet/Modulok/M7/Online leckék/M7.3 – Zmán Kvucá-checklist – idő, tér, felelősség.md"
B3,"BATCH 3 — AI-AVATAR, KARAKTERVIDEÓ ÉS SZINTETIKUS HANG","R2 + R3 — avatar- és hang-jogtisztaság, hang-lock",M7.3-NAR-04,M7.3-NAR-04,elsődleges,M7,M7.3,voiceover,narration,legyártandó,jogtisztázás alatt,"R2, R3",nincs kimondva,,ACTIVITY narráció – 5 terület végigvétele (SLIDE 4),"02 Tervezet/Modulok/M7/Online leckék/M7.3 – Zmán Kvucá-checklist – idő, tér, felelősség.md"
B3,"BATCH 3 — AI-AVATAR, KARAKTERVIDEÓ ÉS SZINTETIKUS HANG","R2 + R3 — avatar- és hang-jogtisztaság, hang-lock",M7.3-NAR-04::CAPTIONS,M7.3-NAR-04,felirat,M7,M7.3,voiceover,narration,legyártandó,jogtisztázás alatt,"R2, R3",nincs kimondva,,ACTIVITY narráció – 5 terület végigvétele (SLIDE 4) — felirat,"02 Tervezet/Modulok/M7/Online leckék/M7.3 – Zmán Kvucá-checklist – idő, tér, felelősség.md"
B3,"BATCH 3 — AI-AVATAR, KARAKTERVIDEÓ ÉS SZINTETIKUS HANG","R2 + R3 — avatar- és hang-jogtisztaság, hang-lock",M7.3-NAR-04::TRANSCRIPT,M7.3-NAR-04,leirat,M7,M7.3,voiceover,narration,legyártandó,jogtisztázás alatt,"R2, R3",nincs kimondva,,ACTIVITY narráció – 5 terület végigvétele (SLIDE 4) — leirat,"02 Tervezet/Modulok/M7/Online leckék/M7.3 – Zmán Kvucá-checklist – idő, tér, felelősség.md"
B3,"BATCH 3 — AI-AVATAR, KARAKTERVIDEÓ ÉS SZINTETIKUS HANG","R2 + R3 — avatar- és hang-jogtisztaság, hang-lock",M7.3-NAR-05,M7.3-NAR-05,elsődleges,M7,M7.3,voiceover,narration,legyártandó,jogtisztázás alatt,"R2, R3",nincs kimondva,,"OUTRO narráció – híd a Moodle Checklistre (SLIDE 6, opcionális)","02 Tervezet/Modulok/M7/Online leckék/M7.3 – Zmán Kvucá-checklist – idő, tér, felelősség.md"
B3,"BATCH 3 — AI-AVATAR, KARAKTERVIDEÓ ÉS SZINTETIKUS HANG","R2 + R3 — avatar- és hang-jogtisztaság, hang-lock",M7.3-NAR-05::CAPTIONS,M7.3-NAR-05,felirat,M7,M7.3,voiceover,narration,legyártandó,jogtisztázás alatt,"R2, R3",nincs kimondva,,"OUTRO narráció – híd a Moodle Checklistre (SLIDE 6, opcionális) — felirat","02 Tervezet/Modulok/M7/Online leckék/M7.3 – Zmán Kvucá-checklist – idő, tér, felelősség.md"
B3,"BATCH 3 — AI-AVATAR, KARAKTERVIDEÓ ÉS SZINTETIKUS HANG","R2 + R3 — avatar- és hang-jogtisztaság, hang-lock",M7.3-NAR-05::TRANSCRIPT,M7.3-NAR-05,leirat,M7,M7.3,voiceover,narration,legyártandó,jogtisztázás alatt,"R2, R3",nincs kimondva,,"OUTRO narráció – híd a Moodle Checklistre (SLIDE 6, opcionális) — leirat","02 Tervezet/Modulok/M7/Online leckék/M7.3 – Zmán Kvucá-checklist – idő, tér, felelősség.md"
B3,"BATCH 3 — AI-AVATAR, KARAKTERVIDEÓ ÉS SZINTETIKUS HANG","R2 + R3 — avatar- és hang-jogtisztaság, hang-lock",M7.3-VID-01,M7.3-VID-01,elsődleges,M7,M7.3,video,ai-talking-head,legyártandó,jogtisztázás alatt,"R2, R3",nincs kimondva,,HOOK beszélő-fej: „Zmán Kvucá = csak programidő…?”,"02 Tervezet/Modulok/M7/Online leckék/M7.3 – Zmán Kvucá-checklist – idő, tér, felelősség.md"
B3,"BATCH 3 — AI-AVATAR, KARAKTERVIDEÓ ÉS SZINTETIKUS HANG","R2 + R3 — avatar- és hang-jogtisztaság, hang-lock",M7.3-VID-01::VOICEOVER,M7.3-VID-01,felmondott hang,M7,M7.3,video,ai-talking-head,legyártandó,jogtisztázás alatt,"R2, R3",nincs kimondva,,HOOK beszélő-fej: „Zmán Kvucá = csak programidő…?” — felmondott hang,"02 Tervezet/Modulok/M7/Online leckék/M7.3 – Zmán Kvucá-checklist – idő, tér, felelősség.md"
B3,"BATCH 3 — AI-AVATAR, KARAKTERVIDEÓ ÉS SZINTETIKUS HANG","R2 + R3 — avatar- és hang-jogtisztaság, hang-lock",M7.3-VID-01::CAPTIONS,M7.3-VID-01,felirat,M7,M7.3,video,ai-talking-head,legyártandó,jogtisztázás alatt,"R2, R3",nincs kimondva,,HOOK beszélő-fej: „Zmán Kvucá = csak programidő…?” — felirat,"02 Tervezet/Modulok/M7/Online leckék/M7.3 – Zmán Kvucá-checklist – idő, tér, felelősség.md"
B3,"BATCH 3 — AI-AVATAR, KARAKTERVIDEÓ ÉS SZINTETIKUS HANG","R2 + R3 — avatar- és hang-jogtisztaság, hang-lock",M7.3-VID-01::TRANSCRIPT,M7.3-VID-01,leirat,M7,M7.3,video,ai-talking-head,legyártandó,jogtisztázás alatt,"R2, R3",nincs kimondva,,HOOK beszélő-fej: „Zmán Kvucá = csak programidő…?” — leirat,"02 Tervezet/Modulok/M7/Online leckék/M7.3 – Zmán Kvucá-checklist – idő, tér, felelősség.md"
B3,"BATCH 3 — AI-AVATAR, KARAKTERVIDEÓ ÉS SZINTETIKUS HANG","R2 + R3 — avatar- és hang-jogtisztaság, hang-lock",M7.4-NAR-01,M7.4-NAR-01,elsődleges,M7,M7.4,voiceover,narration,legyártandó,jogtisztázás alatt,"R2, R3",nincs kimondva,,Opcionális narráció – GYAKORLAT 1 (kvuca-típus + meta + SMART cél),02 Tervezet/Modulok/M7/Online leckék/M7.4 – Peula v1 + AI – első modulproduktum-vázlat.md
B3,"BATCH 3 — AI-AVATAR, KARAKTERVIDEÓ ÉS SZINTETIKUS HANG","R2 + R3 — avatar- és hang-jogtisztaság, hang-lock",M7.4-NAR-01::CAPTIONS,M7.4-NAR-01,felirat,M7,M7.4,voiceover,narration,legyártandó,jogtisztázás alatt,"R2, R3",nincs kimondva,,Opcionális narráció – GYAKORLAT 1 (kvuca-típus + meta + SMART cél) — felirat,02 Tervezet/Modulok/M7/Online leckék/M7.4 – Peula v1 + AI – első modulproduktum-vázlat.md
B3,"BATCH 3 — AI-AVATAR, KARAKTERVIDEÓ ÉS SZINTETIKUS HANG","R2 + R3 — avatar- és hang-jogtisztaság, hang-lock",M7.4-NAR-01::TRANSCRIPT,M7.4-NAR-01,leirat,M7,M7.4,voiceover,narration,legyártandó,jogtisztázás alatt,"R2, R3",nincs kimondva,,Opcionális narráció – GYAKORLAT 1 (kvuca-típus + meta + SMART cél) — leirat,02 Tervezet/Modulok/M7/Online leckék/M7.4 – Peula v1 + AI – első modulproduktum-vázlat.md
B3,"BATCH 3 — AI-AVATAR, KARAKTERVIDEÓ ÉS SZINTETIKUS HANG","R2 + R3 — avatar- és hang-jogtisztaság, hang-lock",M7.4-NAR-02,M7.4-NAR-02,elsődleges,M7,M7.4,voiceover,narration,legyártandó,jogtisztázás alatt,"R2, R3",nincs kimondva,,Opcionális narráció – zárás (gratuláció + következő lépés),02 Tervezet/Modulok/M7/Online leckék/M7.4 – Peula v1 + AI – első modulproduktum-vázlat.md
B3,"BATCH 3 — AI-AVATAR, KARAKTERVIDEÓ ÉS SZINTETIKUS HANG","R2 + R3 — avatar- és hang-jogtisztaság, hang-lock",M7.4-NAR-02::CAPTIONS,M7.4-NAR-02,felirat,M7,M7.4,voiceover,narration,legyártandó,jogtisztázás alatt,"R2, R3",nincs kimondva,,Opcionális narráció – zárás (gratuláció + következő lépés) — felirat,02 Tervezet/Modulok/M7/Online leckék/M7.4 – Peula v1 + AI – első modulproduktum-vázlat.md
B3,"BATCH 3 — AI-AVATAR, KARAKTERVIDEÓ ÉS SZINTETIKUS HANG","R2 + R3 — avatar- és hang-jogtisztaság, hang-lock",M7.4-NAR-02::TRANSCRIPT,M7.4-NAR-02,leirat,M7,M7.4,voiceover,narration,legyártandó,jogtisztázás alatt,"R2, R3",nincs kimondva,,Opcionális narráció – zárás (gratuláció + következő lépés) — leirat,02 Tervezet/Modulok/M7/Online leckék/M7.4 – Peula v1 + AI – első modulproduktum-vázlat.md
B3,"BATCH 3 — AI-AVATAR, KARAKTERVIDEÓ ÉS SZINTETIKUS HANG","R2 + R3 — avatar- és hang-jogtisztaság, hang-lock",M7.4-VID-01,M7.4-VID-01,elsődleges,M7,M7.4,video,ai-talking-head,legyártandó,jogtisztázás alatt,"R2, R3",nincs kimondva,,HOOK – AI beszélő fej: papíron szép vs. vállalható peula,02 Tervezet/Modulok/M7/Online leckék/M7.4 – Peula v1 + AI – első modulproduktum-vázlat.md
B3,"BATCH 3 — AI-AVATAR, KARAKTERVIDEÓ ÉS SZINTETIKUS HANG","R2 + R3 — avatar- és hang-jogtisztaság, hang-lock",M7.4-VID-01::VOICEOVER,M7.4-VID-01,felmondott hang,M7,M7.4,video,ai-talking-head,legyártandó,jogtisztázás alatt,"R2, R3",nincs kimondva,,HOOK – AI beszélő fej: papíron szép vs. vállalható peula — felmondott hang,02 Tervezet/Modulok/M7/Online leckék/M7.4 – Peula v1 + AI – első modulproduktum-vázlat.md
B3,"BATCH 3 — AI-AVATAR, KARAKTERVIDEÓ ÉS SZINTETIKUS HANG","R2 + R3 — avatar- és hang-jogtisztaság, hang-lock",M7.4-VID-01::CAPTIONS,M7.4-VID-01,felirat,M7,M7.4,video,ai-talking-head,legyártandó,jogtisztázás alatt,"R2, R3",nincs kimondva,,HOOK – AI beszélő fej: papíron szép vs. vállalható peula — felirat,02 Tervezet/Modulok/M7/Online leckék/M7.4 – Peula v1 + AI – első modulproduktum-vázlat.md
B3,"BATCH 3 — AI-AVATAR, KARAKTERVIDEÓ ÉS SZINTETIKUS HANG","R2 + R3 — avatar- és hang-jogtisztaság, hang-lock",M7.4-VID-01::TRANSCRIPT,M7.4-VID-01,leirat,M7,M7.4,video,ai-talking-head,legyártandó,jogtisztázás alatt,"R2, R3",nincs kimondva,,HOOK – AI beszélő fej: papíron szép vs. vállalható peula — leirat,02 Tervezet/Modulok/M7/Online leckék/M7.4 – Peula v1 + AI – első modulproduktum-vázlat.md
B3,"BATCH 3 — AI-AVATAR, KARAKTERVIDEÓ ÉS SZINTETIKUS HANG","R2 + R3 — avatar- és hang-jogtisztaság, hang-lock",Z.1-NAR-01,Z.1-NAR-01,elsődleges,Z,Z.1,voiceover,narration,legyártandó,jogtisztázás alatt,"R2, R3",nincs kimondva,,Opcionális narráció – idővonal (30–40 mp),02 Tervezet/Modulok/Z/Online leckék/Z.1 – Visszanéző tükör – M0–M7 idővonal.md
B3,"BATCH 3 — AI-AVATAR, KARAKTERVIDEÓ ÉS SZINTETIKUS HANG","R2 + R3 — avatar- és hang-jogtisztaság, hang-lock",Z.1-NAR-01::CAPTIONS,Z.1-NAR-01,felirat,Z,Z.1,voiceover,narration,legyártandó,jogtisztázás alatt,"R2, R3",nincs kimondva,,Opcionális narráció – idővonal (30–40 mp) — felirat,02 Tervezet/Modulok/Z/Online leckék/Z.1 – Visszanéző tükör – M0–M7 idővonal.md
B3,"BATCH 3 — AI-AVATAR, KARAKTERVIDEÓ ÉS SZINTETIKUS HANG","R2 + R3 — avatar- és hang-jogtisztaság, hang-lock",Z.1-NAR-01::TRANSCRIPT,Z.1-NAR-01,leirat,Z,Z.1,voiceover,narration,legyártandó,jogtisztázás alatt,"R2, R3",nincs kimondva,,Opcionális narráció – idővonal (30–40 mp) — leirat,02 Tervezet/Modulok/Z/Online leckék/Z.1 – Visszanéző tükör – M0–M7 idővonal.md
B3,"BATCH 3 — AI-AVATAR, KARAKTERVIDEÓ ÉS SZINTETIKUS HANG","R2 + R3 — avatar- és hang-jogtisztaság, hang-lock",Z.1-NAR-02,Z.1-NAR-02,elsődleges,Z,Z.1,voiceover,narration,legyártandó,jogtisztázás alatt,"R2, R3",nincs kimondva,,Opcionális záró narráció – outro (20–30 mp),02 Tervezet/Modulok/Z/Online leckék/Z.1 – Visszanéző tükör – M0–M7 idővonal.md
B3,"BATCH 3 — AI-AVATAR, KARAKTERVIDEÓ ÉS SZINTETIKUS HANG","R2 + R3 — avatar- és hang-jogtisztaság, hang-lock",Z.1-NAR-02::CAPTIONS,Z.1-NAR-02,felirat,Z,Z.1,voiceover,narration,legyártandó,jogtisztázás alatt,"R2, R3",nincs kimondva,,Opcionális záró narráció – outro (20–30 mp) — felirat,02 Tervezet/Modulok/Z/Online leckék/Z.1 – Visszanéző tükör – M0–M7 idővonal.md
B3,"BATCH 3 — AI-AVATAR, KARAKTERVIDEÓ ÉS SZINTETIKUS HANG","R2 + R3 — avatar- és hang-jogtisztaság, hang-lock",Z.1-NAR-02::TRANSCRIPT,Z.1-NAR-02,leirat,Z,Z.1,voiceover,narration,legyártandó,jogtisztázás alatt,"R2, R3",nincs kimondva,,Opcionális záró narráció – outro (20–30 mp) — leirat,02 Tervezet/Modulok/Z/Online leckék/Z.1 – Visszanéző tükör – M0–M7 idővonal.md
B5,BATCH 5 — RUNTIME-KÉPERNYŐKÉP,R7 (+ R8) — éles Moodle-felület,M0.3-FOTO-01,M0.3-FOTO-01,elsődleges,M0,M0.3,photo,,legyártandó,jogtisztázás alatt,"R7, R8",nincs kimondva,,Moodle-kurzus főoldal screenshot (modul-lista),"02 Tervezet/Modulok/M0/Online leckék/M0.3 – Hogyan működik a Moodle, H5P és a kapu.md"
B5,BATCH 5 — RUNTIME-KÉPERNYŐKÉP,R7 (+ R8) — éles Moodle-felület,M0.3-FOTO-01::ALTTEXT,M0.3-FOTO-01,alt-szöveg,M0,M0.3,photo,,legyártandó,jogtisztázás alatt,"R7, R8",nincs kimondva,,Moodle-kurzus főoldal screenshot (modul-lista) — alt-szöveg,"02 Tervezet/Modulok/M0/Online leckék/M0.3 – Hogyan működik a Moodle, H5P és a kapu.md"
B6,BATCH 6 — EMBERI DÖNTÉS / SZKRIPT-ZÁR,szerzői/szakmai döntés vagy jóváhagyott szkript,M1.3-VID-01,M1.3-VID-01,elsődleges,M1,M1.3,video,interactive,legyártandó,emberi döntésre vár,"OPEN_DECISION, R2, R3",nincs kimondva,,HOOK Interactive Video – ugyanaz a helyzet kétféle visszajelzéssel,02 Tervezet/Modulok/M1/Online leckék/M1.3 – SBI-modell – hogyan adjak korrekt visszajelzést.md
B6,BATCH 6 — EMBERI DÖNTÉS / SZKRIPT-ZÁR,szerzői/szakmai döntés vagy jóváhagyott szkript,M1.3-VID-01::CAPTIONS,M1.3-VID-01,felirat,M1,M1.3,video,interactive,legyártandó,emberi döntésre vár,"OPEN_DECISION, R2, R3",nincs kimondva,,HOOK Interactive Video – ugyanaz a helyzet kétféle visszajelzéssel — felirat,02 Tervezet/Modulok/M1/Online leckék/M1.3 – SBI-modell – hogyan adjak korrekt visszajelzést.md
B6,BATCH 6 — EMBERI DÖNTÉS / SZKRIPT-ZÁR,szerzői/szakmai döntés vagy jóváhagyott szkript,M1.3-VID-01::TRANSCRIPT,M1.3-VID-01,leirat,M1,M1.3,video,interactive,legyártandó,emberi döntésre vár,"OPEN_DECISION, R2, R3",nincs kimondva,,HOOK Interactive Video – ugyanaz a helyzet kétféle visszajelzéssel — leirat,02 Tervezet/Modulok/M1/Online leckék/M1.3 – SBI-modell – hogyan adjak korrekt visszajelzést.md
B6,BATCH 6 — EMBERI DÖNTÉS / SZKRIPT-ZÁR,szerzői/szakmai döntés vagy jóváhagyott szkript,M1.3-VID-01::ALTTEXT,M1.3-VID-01,alt-szöveg,M1,M1.3,video,interactive,legyártandó,emberi döntésre vár,"OPEN_DECISION, R2, R3",nincs kimondva,,HOOK Interactive Video – ugyanaz a helyzet kétféle visszajelzéssel — alt-szöveg,02 Tervezet/Modulok/M1/Online leckék/M1.3 – SBI-modell – hogyan adjak korrekt visszajelzést.md
BRT,ÉLŐ / RUNTIME DELIVERABLE — A KÉPZŐ HOZZA LÉTRE A PEULÁN,magára a peulára — előre nem gyártható,M0.A-EGY-01,M0.A-EGY-01,elsődleges,M0,M0.A,other,,legyártandó,specifikáció kész,,nincs kimondva,,Zárókör induló-szavainak rögzítése (képzői jegyzet a Z.A-hoz),02 Tervezet/Modulok/M0/Peulák/M0.A – Kickoff & ismerkedés + közös keret.md
BRT,ÉLŐ / RUNTIME DELIVERABLE — A KÉPZŐ HOZZA LÉTRE A PEULÁN,magára a peulára — előre nem gyártható,M0.A-FOTO-01,M0.A-FOTO-01,elsődleges,M0,M0.A,photo,,legyártandó,jogtisztázás alatt,R8,nincs kimondva,,Kvuca-plakátok archív fotói (Z.A modulhoz),02 Tervezet/Modulok/M0/Peulák/M0.A – Kickoff & ismerkedés + közös keret.md
BRT,ÉLŐ / RUNTIME DELIVERABLE — A KÉPZŐ HOZZA LÉTRE A PEULÁN,magára a peulára — előre nem gyártható,M0.A-FOTO-01::ALTTEXT,M0.A-FOTO-01,alt-szöveg,M0,M0.A,photo,,legyártandó,jogtisztázás alatt,R8,nincs kimondva,,Kvuca-plakátok archív fotói (Z.A modulhoz) — alt-szöveg,02 Tervezet/Modulok/M0/Peulák/M0.A – Kickoff & ismerkedés + közös keret.md
BRT,ÉLŐ / RUNTIME DELIVERABLE — A KÉPZŐ HOZZA LÉTRE A PEULÁN,magára a peulára — előre nem gyártható,Z.A-KART-04,Z.A-KART-04,elsődleges,Z,Z.A,card-set,,legyártandó,specifikáció kész,,nincs kimondva,,M0-tükör név nélküli idézet-kártyák (M0.A kickoff visszakötés),02 Tervezet/Modulok/Z/Peulák/Z.A – Mit viszek magammal – Záró kvuca-peula.md
BRT,ÉLŐ / RUNTIME DELIVERABLE — A KÉPZŐ HOZZA LÉTRE A PEULÁN,magára a peulára — előre nem gyártható,Z.A-KART-04::PRINTPDF,Z.A-KART-04,nyomtatható PDF,Z,Z.A,card-set,,legyártandó,specifikáció kész,,nincs kimondva,,M0-tükör név nélküli idézet-kártyák (M0.A kickoff visszakötés) — nyomtatható PDF,02 Tervezet/Modulok/Z/Peulák/Z.A – Mit viszek magammal – Záró kvuca-peula.md
